gene,full_meta_log2FC,full_meta_p,removed_study,loo_meta_log2FC,loo_meta_p,loo_k,direction_preserved,full_meta_FDR,significance_preserved
DDX1,0.31012077004134214,0.35270812771607307,GSE278320,0.6849359387758983,0.009575935476890946,3,True,0.6289108337835699,True
DDX1,0.31012077004134214,0.35270812771607307,GSE284044,0.3596864158563855,0.3822396367805766,3,True,0.6289108337835699,False
DDX1,0.31012077004134214,0.35270812771607307,GSE287860,0.17777829350340602,0.7799918357922966,3,True,0.6289108337835699,False
DDX1,0.31012077004134214,0.35270812771607307,GSE288000,-0.017971975760888173,0.9667193812054571,3,False,0.6289108337835699,False
DDX10,0.3603247811574711,0.4615622301931397,GSE278320,0.8596498944221777,1.0148317644628313e-17,3,True,0.7084103849483315,True
DDX10,0.3603247811574711,0.4615622301931397,GSE284044,0.24958072778774473,0.6618659781770284,3,True,0.7084103849483315,False
DDX10,0.3603247811574711,0.4615622301931397,GSE287860,0.22342701406705437,0.792120682169347,3,True,0.7084103849483315,False
DDX10,0.3603247811574711,0.4615622301931397,GSE288000,0.11498887016798764,0.876602779746118,3,True,0.7084103849483315,False
DDX11,0.07930535689157395,0.7995763825824592,GSE278320,-0.2887532413889141,0.1770461788937887,3,False,0.9103158346302646,False
DDX11,0.07930535689157395,0.7995763825824592,GSE284044,-0.0403944356683757,0.9073252054126335,3,False,0.9103158346302646,False
DDX11,0.07930535689157395,0.7995763825824592,GSE287860,0.3032178883076231,0.6039801339721488,3,True,0.9103158346302646,False
DDX11,0.07930535689157395,0.7995763825824592,GSE288000,0.3685605783428581,0.47433153782647297,3,True,0.9103158346302646,False
DDX11-AS1,1.2533204790502206,0.0011725959582867158,GSE278320,0.49846667644136544,0.5556995912290628,2,True,0.02106329776922434,False
DDX11-AS1,1.2533204790502206,0.0011725959582867158,GSE284044,1.2533204790502206,0.0011725959582867158,3,True,0.02106329776922434,True
DDX11-AS1,1.2533204790502206,0.0011725959582867158,GSE287860,1.109378018591597,0.09217171749964549,2,True,0.02106329776922434,False
DDX11-AS1,1.2533204790502206,0.0011725959582867158,GSE288000,1.3911796502996976,0.0005853258869706695,2,True,0.02106329776922434,True
DDX12P,0.1555686151518273,0.899683552869068,GSE278320,-0.7023265013577539,4.058865210573582e-06,2,False,0.947547743161107,True
DDX12P,0.1555686151518273,0.899683552869068,GSE284044,0.1555686151518273,0.899683552869068,3,True,0.947547743161107,False
DDX12P,0.1555686151518273,0.899683552869068,GSE287860,0.5324247730858422,0.7858999483210152,2,True,0.947547743161107,False
DDX12P,0.1555686151518273,0.899683552869068,GSE288000,0.7049723154605423,0.6173058705358614,2,True,0.947547743161107,False
DDX17,0.24458868165312841,0.4159562044370423,GSE278320,-0.26228350690244023,0.06931384710876504,3,False,0.6658044856500511,False
DDX17,0.24458868165312841,0.4159562044370423,GSE284044,0.3855822044329957,0.34543558957360676,3,True,0.6658044856500511,False
DDX17,0.24458868165312841,0.4159562044370423,GSE287860,0.5206292814564107,0.3829041934841446,3,True,0.6658044856500511,False
DDX17,0.24458868165312841,0.4159562044370423,GSE288000,0.6141897279042065,0.19119820768429518,3,True,0.6658044856500511,False
DDX18,0.488213769714042,0.10176035544299754,GSE278320,0.8555332502267353,4.0046883876125467e-07,3,True,0.29432940034483657,True
DDX18,0.488213769714042,0.10176035544299754,GSE284044,0.4691604842190928,0.22374944746727687,3,True,0.29432940034483657,False
DDX18,0.488213769714042,0.10176035544299754,GSE287860,0.35851050514029703,0.5018276104844568,3,True,0.29432940034483657,False
DDX18,0.488213769714042,0.10176035544299754,GSE288000,0.23402557026043372,0.5679037816626379,3,True,0.29432940034483657,False
DDX19A,0.49738589936221356,0.00031975407289994547,GSE278320,0.5302514784827557,0.011430026105710516,2,True,0.009122395609204326,True
DDX19A,0.49738589936221356,0.00031975407289994547,GSE284044,0.49738589936221356,0.00031975407289994547,3,True,0.009122395609204326,True
DDX19A,0.49738589936221356,0.00031975407289994547,GSE287860,0.6596932224089336,1.814295075522633e-05,2,True,0.009122395609204326,True
DDX19A,0.49738589936221356,0.00031975407289994547,GSE288000,0.36468445972029906,0.00019466190061608878,2,True,0.009122395609204326,True
DDX19A-DT,1.0077429565996427,0.3448424799668083,GSE278320,-0.10031027840859513,0.8990812081930263,2,False,0.6236253970265718,False
DDX19A-DT,1.0077429565996427,0.3448424799668083,GSE284044,1.0077429565996427,0.3448424799668083,3,True,0.6236253970265718,False
DDX19A-DT,1.0077429565996427,0.3448424799668083,GSE287860,1.6662278218323745,0.1395704516592923,2,True,0.6236253970265718,False
DDX19A-DT,1.0077429565996427,0.3448424799668083,GSE288000,1.2672080883443793,0.37505783843603724,2,True,0.6236253970265718,False
DDX19B,0.4124256087407487,0.10956508026369703,GSE278320,0.20168485404828634,0.030723215768152647,2,True,0.3071622192363761,True
DDX19B,0.4124256087407487,0.10956508026369703,GSE284044,0.4124256087407487,0.10956508026369703,3,True,0.3071622192363761,False
DDX19B,0.4124256087407487,0.10956508026369703,GSE287860,0.9536880001388749,0.27172690541482836,2,True,0.3071622192363761,False
DDX19B,0.4124256087407487,0.10956508026369703,GSE288000,0.9542860287551925,0.2644063057894468,2,True,0.3071622192363761,False
DDX20,0.598950519580907,0.0017289910058324429,GSE278320,0.4334422566448725,0.0027436836288526113,3,True,0.022990965959681513,True
DDX20,0.598950519580907,0.0017289910058324429,GSE284044,0.7486236588775023,0.0004126944865760343,3,True,0.022990965959681513,True
DDX20,0.598950519580907,0.0017289910058324429,GSE287860,0.6636651563246492,0.025413896084219526,3,True,0.022990965959681513,True
DDX20,0.598950519580907,0.0017289910058324429,GSE288000,0.5645210070075732,0.0371598734987624,3,True,0.022990965959681513,True
DDX21,1.015600855456332,0.10195327682047947,GSE278320,1.6260152338239138,2.5103266297890497e-18,3,True,0.29432940034483657,True
DDX21,1.015600855456332,0.10195327682047947,GSE284044,0.8258327328831014,0.27386285645172903,3,True,0.29432940034483657,False
DDX21,1.015600855456332,0.10195327682047947,GSE287860,0.8896532356869747,0.3698165900709308,3,True,0.29432940034483657,False
DDX21,1.015600855456332,0.10195327682047947,GSE288000,0.7205460325998033,0.38181578404773153,3,True,0.29432940034483657,False
DDX23,0.1668079279099458,0.3564227739684305,GSE278320,0.31833844449353643,0.040163763188209564,3,True,0.6308943261849955,True
DDX23,0.1668079279099458,0.3564227739684305,GSE284044,0.31457628590965664,0.06024861813646002,3,True,0.6308943261849955,False
DDX23,0.1668079279099458,0.3564227739684305,GSE287860,-0.09285378713606215,0.8236604717756296,3,False,0.6308943261849955,False
DDX23,0.1668079279099458,0.3564227739684305,GSE288000,-0.13625085503151255,0.697081066911104,3,False,0.6308943261849955,False
DDX24,0.7211741610431475,0.000463788369208632,GSE278320,0.5432077326058173,0.0004800110202980401,3,True,0.011246867953309326,True
DDX24,0.7211741610431475,0.000463788369208632,GSE284044,0.8193440261584176,0.00021603445002666688,3,True,0.011246867953309326,True
DDX24,0.7211741610431475,0.000463788369208632,GSE287860,0.8380138113452337,0.006984972573796219,3,True,0.011246867953309326,True
DDX24,0.7211741610431475,0.000463788369208632,GSE288000,0.6764465251732807,0.07870088731787007,3,True,0.011246867953309326,False
DDX25,-0.8009669783512221,0.310872772725419,GSE278320,-1.623177528910355,0.08515833989405018,2,True,0.5983067252850327,False
DDX25,-0.8009669783512221,0.310872772725419,GSE284044,-0.8009669783512221,0.310872772725419,3,True,0.5983067252850327,False
DDX25,-0.8009669783512221,0.310872772725419,GSE287860,-1.0742025335154033,0.47726031715145656,2,True,0.5983067252850327,False
DDX25,-0.8009669783512221,0.310872772725419,GSE288000,-0.09139516506828002,0.8463094785047874,2,True,0.5983067252850327,False
DDX27,0.2248482743453371,0.021823069758307792,GSE278320,0.2530409695061956,4.5894046594444155e-05,3,True,0.1125977535402051,True
DDX27,0.2248482743453371,0.021823069758307792,GSE284044,0.20648600366253975,0.09135343158224013,3,True,0.1125977535402051,False
DDX27,0.2248482743453371,0.021823069758307792,GSE287860,0.13471379235303024,0.5824672363970239,3,True,0.1125977535402051,False
DDX27,0.2248482743453371,0.021823069758307792,GSE288000,0.10471776116470093,0.5834924363177612,3,True,0.1125977535402051,False
DDX28,0.4973152069616363,0.0034411321862116537,GSE278320,0.3855853721487167,0.01289797576088258,3,True,0.03793066159801482,True
DDX28,0.4973152069616363,0.0034411321862116537,GSE284044,0.5390680274783256,0.007758902275629256,3,True,0.03793066159801482,True
DDX28,0.4973152069616363,0.0034411321862116537,GSE287860,0.6642423681231658,1.9664446119151747e-06,3,True,0.03793066159801482,True
DDX28,0.4973152069616363,0.0034411321862116537,GSE288000,0.4540059444258827,0.058006619125018366,3,True,0.03793066159801482,False
DDX31,0.5449714264101101,0.0007026709150448533,GSE278320,0.6776306699511181,1.564797370323995e-08,3,True,0.013965924405199816,True
DDX31,0.5449714264101101,0.0007026709150448533,GSE284044,0.5162500188608052,0.008797602848764472,3,True,0.013965924405199816,True
DDX31,0.5449714264101101,0.0007026709150448533,GSE287860,0.5383369114601312,0.05227940652153585,3,True,0.013965924405199816,False
DDX31,0.5449714264101101,0.0007026709150448533,GSE288000,0.4189082803655928,0.015742850641652092,3,True,0.013965924405199816,True
DDX39A,0.6484964286399547,1.6477004668501823e-05,GSE278320,0.7473502603837152,5.776493255018864e-08,3,True,0.0008879274738025982,True
DDX39A,0.6484964286399547,1.6477004668501823e-05,GSE284044,0.7605674600571647,7.529726185664456e-09,3,True,0.0008879274738025982,True
DDX39A,0.6484964286399547,1.6477004668501823e-05,GSE287860,0.4691707777158503,0.12228138247557066,3,True,0.0008879274738025982,False
DDX39A,0.6484964286399547,1.6477004668501823e-05,GSE288000,0.4442647720475382,0.08537970540542143,3,True,0.0008879274738025982,False
DDX39B,0.8227889738730279,0.1944808407117451,GSE278320,0.00327753558792325,0.9595121537783653,3,True,0.460479290829905,False
DDX39B,0.8227889738730279,0.1944808407117451,GSE284044,1.0986405877039402,0.20487050759630254,3,True,0.460479290829905,False
DDX39B,0.8227889738730279,0.1944808407117451,GSE287860,1.1058222206994295,0.30137819384135256,3,True,0.460479290829905,False
DDX39B,0.8227889738730279,0.1944808407117451,GSE288000,1.1343126116688715,0.23021495093000455,3,True,0.460479290829905,False
DDX39B-AS1,1.8057515559689863,0.2444526041275179,GSE278320,0.1414076457573359,0.9131024450908672,1,True,0.5071942884876061,False
DDX39B-AS1,1.8057515559689863,0.2444526041275179,GSE284044,1.8057515559689863,0.2444526041275179,2,True,0.5071942884876061,False
DDX39B-AS1,1.8057515559689863,0.2444526041275179,GSE287860,3.2519224320499505,0.0011496509911238884,1,True,0.5071942884876061,True
DDX39B-AS1,1.8057515559689863,0.2444526041275179,GSE288000,1.8057515559689863,0.2444526041275179,2,True,0.5071942884876061,False
DDX3X,0.19861701443891985,0.08043281581008357,GSE278320,0.30594669606087027,1.511892331555761e-06,3,True,0.2569597013196196,True
DDX3X,0.19861701443891985,0.08043281581008357,GSE284044,0.16091740694272488,0.2637103545933883,3,True,0.2569597013196196,False
DDX3X,0.19861701443891985,0.08043281581008357,GSE287860,0.09412899992001225,0.5104271661923581,3,True,0.2569597013196196,False
DDX3X,0.19861701443891985,0.08043281581008357,GSE288000,0.1788684355143246,0.32065392563887485,3,True,0.2569597013196196,False
DDX41,0.24121836400888427,0.4230237454228236,GSE278320,0.49808214949320107,0.1120914183931312,3,True,0.6704788121897695,False
DDX41,0.24121836400888427,0.4230237454228236,GSE284044,0.34519269385069556,0.2994735806562503,3,True,0.6704788121897695,False
DDX41,0.24121836400888427,0.4230237454228236,GSE287860,0.13518592191693463,0.8231959694072455,3,True,0.6704788121897695,False
DDX41,0.24121836400888427,0.4230237454228236,GSE288000,-0.07856824522098431,0.8144444004352039,3,False,0.6704788121897695,False
DDX42,0.23439828417892264,0.00023916098137590584,GSE278320,0.25420133175340737,8.158284719171595e-06,3,True,0.007732871731154289,True
DDX42,0.23439828417892264,0.00023916098137590584,GSE284044,0.2435043934965632,0.001292185929343575,3,True,0.007732871731154289,True
DDX42,0.23439828417892264,0.00023916098137590584,GSE287860,0.16847069697227407,0.2761822107443318,3,True,0.007732871731154289,False
DDX42,0.23439828417892264,0.00023916098137590584,GSE288000,0.19740100639332803,0.005437195970344016,3,True,0.007732871731154289,True
DDX43,0.2392244511929009,0.8225655862489288,GSE278320,0.2392244511929009,0.8225655862489288,2,True,0.9234821975248392,False
DDX43,0.2392244511929009,0.8225655862489288,GSE284044,0.0855173864205633,0.9445452380113009,1,True,0.9234821975248392,False
DDX43,0.2392244511929009,0.8225655862489288,GSE287860,0.707612997827308,0.7416179914451152,1,True,0.9234821975248392,False
DDX43,0.2392244511929009,0.8225655862489288,GSE288000,0.2392244511929009,0.8225655862489288,2,True,0.9234821975248392,False
DDX46,0.3272297820121658,0.0013402808504643798,GSE278320,0.29640065060878984,0.004632391003965363,3,True,0.022180495326751874,True
DDX46,0.3272297820121658,0.0013402808504643798,GSE284044,0.3308536609780141,0.01086031259740738,3,True,0.022180495326751874,True
DDX46,0.3272297820121658,0.0013402808504643798,GSE287860,0.45018917587783625,1.0682691884884748e-05,3,True,0.022180495326751874,True
DDX46,0.3272297820121658,0.0013402808504643798,GSE288000,0.26779393812637164,0.020142419853480455,3,True,0.022180495326751874,True
DDX47,0.5737163148530928,0.22643704859383007,GSE278320,0.03186912063552228,0.8578703021122132,3,True,0.4935940794846648,False
DDX47,0.5737163148530928,0.22643704859383007,GSE284044,1.0824006527167973,0.19038074350595613,3,True,0.4935940794846648,False
DDX47,0.5737163148530928,0.22643704859383007,GSE287860,0.9514271126100009,0.24438902155779552,3,True,0.4935940794846648,False
DDX47,0.5737163148530928,0.22643704859383007,GSE288000,0.9008394865299237,0.15930186376593913,3,True,0.4935940794846648,False
DDX49,0.4001584350042394,0.13755321926796385,GSE278320,0.7183184414573366,4.216968950834445e-05,3,True,0.36061249375655385,True
DDX49,0.4001584350042394,0.13755321926796385,GSE284044,0.3742518911471113,0.22268140960586447,3,True,0.36061249375655385,False
DDX49,0.4001584350042394,0.13755321926796385,GSE287860,0.25411403617594075,0.6740578488474075,3,True,0.36061249375655385,False
DDX49,0.4001584350042394,0.13755321926796385,GSE288000,0.10859839535031515,0.8129333662332761,3,True,0.36061249375655385,False
DDX5,0.7756969937000852,0.002254119655844432,GSE278320,0.4390816895759602,6.631193177094184e-12,3,True,0.02790838097660096,True
DDX5,0.7756969937000852,0.002254119655844432,GSE284044,0.8610350144126906,0.005617029034151537,3,True,0.02790838097660096,True
DDX5,0.7756969937000852,0.002254119655844432,GSE287860,0.9549183518842783,0.06722682669052081,3,True,0.02790838097660096,False
DDX5,0.7756969937000852,0.002254119655844432,GSE288000,0.9954910661774788,0.03561183255661463,3,True,0.02790838097660096,True
DDX50,0.308767809747105,0.12198185780284244,GSE278320,0.44285768572015904,0.06143060819014735,3,True,0.33050950298535525,False
DDX50,0.308767809747105,0.12198185780284244,GSE284044,0.31777101397510854,0.19925507461706737,3,True,0.33050950298535525,False
DDX50,0.308767809747105,0.12198185780284244,GSE287860,0.3494099127315334,0.27686909729267206,3,True,0.33050950298535525,False
DDX50,0.308767809747105,0.12198185780284244,GSE288000,0.13809707832304305,0.13036961546989304,3,True,0.33050950298535525,False
DDX50P1,0.03913561282452339,0.9721347660024953,GSE278320,-1.0969406762287093,0.10751556919356331,2,False,0.9799337340925885,False
DDX50P1,0.03913561282452339,0.9721347660024953,GSE284044,0.03913561282452339,0.9721347660024953,3,True,0.9799337340925885,False
DDX50P1,0.03913561282452339,0.9721347660024953,GSE287860,0.8261884700813468,0.48265119052326155,2,True,0.9799337340925885,False
DDX50P1,0.03913561282452339,0.9721347660024953,GSE288000,0.25719366169528624,0.8748243243490376,2,True,0.9799337340925885,False
DDX51,0.289603541005414,0.03470739037154692,GSE278320,0.4323350058642766,9.656796016089573e-08,3,True,0.1530280393654569,True
DDX51,0.289603541005414,0.03470739037154692,GSE284044,0.2750013154860593,0.08386835462240265,3,True,0.1530280393654569,False
DDX51,0.289603541005414,0.03470739037154692,GSE287860,0.19160252698354038,0.35213933948453013,3,True,0.1530280393654569,False
DDX51,0.289603541005414,0.03470739037154692,GSE288000,0.2216545404225101,0.32223580156937126,3,True,0.1530280393654569,False
DDX52,0.2434099728737171,0.19948412473197907,GSE278320,0.08628375974758387,0.5753598463031757,3,True,0.4607133356905231,False
DDX52,0.2434099728737171,0.19948412473197907,GSE284044,0.16656533440837007,0.4403365889808927,3,True,0.4607133356905231,False
DDX52,0.2434099728737171,0.19948412473197907,GSE287860,0.36614441102220346,0.11924259370444809,3,True,0.4607133356905231,False
DDX52,0.2434099728737171,0.19948412473197907,GSE288000,0.352889529945225,0.17956130404187864,3,True,0.4607133356905231,False
DDX54,-0.15406874801716455,0.7135917824261103,GSE278320,0.4221630533064885,0.014040493485804786,3,False,0.8630723553034003,True
DDX54,-0.15406874801716455,0.7135917824261103,GSE284044,-0.22125035182279387,0.6923426418462997,3,True,0.8630723553034003,False
DDX54,-0.15406874801716455,0.7135917824261103,GSE287860,-0.37094742606262343,0.618141438527477,3,True,0.8630723553034003,False
DDX54,-0.15406874801716455,0.7135917824261103,GSE288000,-0.48396143890101495,0.43705684230726305,3,True,0.8630723553034003,False
DDX55,0.578179790645686,1.6768357052520885e-14,GSE278320,0.5511143072248483,5.7838383994391756e-12,3,True,2.7108843901575435e-12,True
DDX55,0.578179790645686,1.6768357052520885e-14,GSE284044,0.591952231307865,5.267517036643494e-14,3,True,2.7108843901575435e-12,True
DDX55,0.578179790645686,1.6768357052520885e-14,GSE287860,0.6575460909458719,2.3000035884567333e-09,3,True,2.7108843901575435e-12,True
DDX55,0.578179790645686,1.6768357052520885e-14,GSE288000,0.5426341023953266,8.11032031741129e-10,3,True,2.7108843901575435e-12,True
DDX56,0.7332700226776628,4.3166670308329746e-08,GSE278320,0.7731653976327013,1.1965862146228202e-06,3,True,4.187167019907986e-06,True
DDX56,0.7332700226776628,4.3166670308329746e-08,GSE284044,0.8010819099559687,6.11270811095336e-09,3,True,4.187167019907986e-06,True
DDX56,0.7332700226776628,4.3166670308329746e-08,GSE287860,0.6919601203017564,0.003527279628666093,3,True,4.187167019907986e-06,True
DDX56,0.7332700226776628,4.3166670308329746e-08,GSE288000,0.6703787997070014,2.004746677597664e-17,3,True,4.187167019907986e-06,True
DDX58,-0.4265912938097804,0.051451462220129314,GSE278320,-0.4682974306023701,0.03164321672951124,3,True,0.19495280606845872,True
DDX58,-0.4265912938097804,0.051451462220129314,GSE284044,-0.5244216527278864,0.08095766979075258,3,True,0.19495280606845872,False
DDX58,-0.4265912938097804,0.051451462220129314,GSE287860,-0.34646611335708155,0.3823803319325274,3,True,0.19495280606845872,False
DDX58,-0.4265912938097804,0.051451462220129314,GSE288000,-0.2902822683980013,0.24780634428565917,3,True,0.19495280606845872,False
DDX59,-0.03901329657152697,0.8104174484136342,GSE278320,0.046522490980737005,0.6572581827691406,3,False,0.9144276929124342,False
DDX59,-0.03901329657152697,0.8104174484136342,GSE284044,-0.09677709646717088,0.6097615998041622,3,True,0.9144276929124342,False
DDX59,-0.03901329657152697,0.8104174484136342,GSE287860,-0.0423533555743273,0.8820804824188716,3,True,0.9144276929124342,False
DDX59,-0.03901329657152697,0.8104174484136342,GSE288000,-0.14230580068807328,0.5073372461955181,3,True,0.9144276929124342,False
DDX59-AS1,-0.9359283402524392,0.14737507087758642,GSE278320,-1.5176502224802615,0.005572613846315734,2,True,0.3746801406332344,True
DDX59-AS1,-0.9359283402524392,0.14737507087758642,GSE284044,-0.9359283402524392,0.14737507087758642,3,True,0.3746801406332344,False
DDX59-AS1,-0.9359283402524392,0.14737507087758642,GSE287860,-0.6089298346188584,0.5851264146419775,2,True,0.3746801406332344,False
DDX59-AS1,-0.9359283402524392,0.14737507087758642,GSE288000,-0.4970832600993723,0.6125947102547172,2,True,0.3746801406332344,False
DDX6,0.03695118590676075,0.7914172945686784,GSE278320,0.17314976287452308,0.0031026605049269407,3,True,0.9074169925905651,True
DDX6,0.03695118590676075,0.7914172945686784,GSE284044,0.029497543808272315,0.8497672246132266,3,True,0.9074169925905651,False
DDX6,0.03695118590676075,0.7914172945686784,GSE287860,-0.036138952526030256,0.8909493475156486,3,False,0.9074169925905651,False
DDX6,0.03695118590676075,0.7914172945686784,GSE288000,-0.0721321259801127,0.7496777691535493,3,False,0.9074169925905651,False
DDX60,0.03425529062324235,0.8485175664296923,GSE278320,0.021417346650049497,0.9105221120555703,3,True,0.9269253072364417,False
DDX60,0.03425529062324235,0.8485175664296923,GSE284044,0.0219801925570111,0.9032420106114621,3,True,0.9269253072364417,False
DDX60,0.03425529062324235,0.8485175664296923,GSE287860,0.1585802302116939,0.4488434121819168,3,True,0.9269253072364417,False
DDX60,0.03425529062324235,0.8485175664296923,GSE288000,-0.13635052670323858,0.6318425216380101,3,False,0.9269253072364417,False
DDX60L,0.24879810069996283,0.5919086166265355,GSE278320,-0.4792120369338268,2.9220082038133115e-08,3,False,0.7908420910850404,True
DDX60L,0.24879810069996283,0.5919086166265355,GSE284044,0.23371169071541148,0.627007960412443,3,True,0.7908420910850404,False
DDX60L,0.24879810069996283,0.5919086166265355,GSE287860,0.8223698678192141,0.5354640139295563,3,True,0.7908420910850404,False
DDX60L,0.24879810069996283,0.5919086166265355,GSE288000,0.9051047522459494,0.46653080420129933,3,True,0.7908420910850404,False
DHX15,0.7463721929341723,2.2642188284775203e-21,GSE278320,0.7271046541824365,1.1793347107205337e-09,3,True,1.0981461318115974e-18,True
DHX15,0.7463721929341723,2.2642188284775203e-21,GSE284044,0.7728276910233534,1.499969554055328e-33,3,True,1.0981461318115974e-18,True
DHX15,0.7463721929341723,2.2642188284775203e-21,GSE287860,0.752197181948965,6.7326737858926514e-09,3,True,1.0981461318115974e-18,True
DHX15,0.7463721929341723,2.2642188284775203e-21,GSE288000,0.6959177817406155,1.431339612128593e-23,3,True,1.0981461318115974e-18,True
DHX16,0.12004463027327338,0.5493959847983139,GSE278320,0.34737516024492143,0.017741705110512564,3,True,0.7791141889683691,True
DHX16,0.12004463027327338,0.5493959847983139,GSE284044,0.19637716196067292,0.36628592092168044,3,True,0.7791141889683691,False
DHX16,0.12004463027327338,0.5493959847983139,GSE287860,-0.04121828168208161,0.9183696572738327,3,False,0.7791141889683691,False
DHX16,0.12004463027327338,0.5493959847983139,GSE288000,-0.1079209558132081,0.7361882392978996,3,False,0.7791141889683691,False
DHX29,0.5101462325128285,0.0107332610489626,GSE278320,0.31714824542849296,0.022682311368433985,3,True,0.07549040090522106,True
DHX29,0.5101462325128285,0.0107332610489626,GSE284044,0.5146876690306011,0.029744379094852773,3,True,0.07549040090522106,True
DHX29,0.5101462325128285,0.0107332610489626,GSE287860,0.6772705374318266,6.010687484439941e-05,3,True,0.07549040090522106,True
DHX29,0.5101462325128285,0.0107332610489626,GSE288000,0.5286750138732393,0.07805426392929513,3,True,0.07549040090522106,False
DHX30,0.4252258493685058,0.008597234554737784,GSE278320,0.5598996840098105,0.000247173524101794,3,True,0.0656505669909553,True
DHX30,0.4252258493685058,0.008597234554737784,GSE284044,0.48514148098281396,0.005748646158069823,3,True,0.0656505669909553,True
DHX30,0.4252258493685058,0.008597234554737784,GSE287860,0.3434492189437251,0.2471982286952339,3,True,0.0656505669909553,False
DHX30,0.4252258493685058,0.008597234554737784,GSE288000,0.27236742735065256,0.1516337138863631,3,True,0.0656505669909553,False
DHX32,0.2937489240767794,0.21978301723485794,GSE278320,0.48914511886154655,0.03476918250751729,3,True,0.4845216516313913,True
DHX32,0.2937489240767794,0.21978301723485794,GSE284044,0.37874915583213425,0.17009687994159473,3,True,0.4845216516313913,False
DHX32,0.2937489240767794,0.21978301723485794,GSE287860,0.21788936852939775,0.6195483668234026,3,True,0.4845216516313913,False
DHX32,0.2937489240767794,0.21978301723485794,GSE288000,0.06394118647520103,0.8027230155524687,3,True,0.4845216516313913,False
DHX33,0.1801559410836382,0.6930025808089626,GSE278320,0.6805662169596232,4.148692991865035e-06,3,True,0.8509019030185997,True
DHX33,0.1801559410836382,0.6930025808089626,GSE284044,0.06705782136070385,0.9005164762301683,3,True,0.8509019030185997,False
DHX33,0.1801559410836382,0.6930025808089626,GSE287860,0.06547187692205725,0.9354561817166465,3,True,0.8509019030185997,False
DHX33,0.1801559410836382,0.6930025808089626,GSE288000,-0.06542445843942585,0.9232233415459107,3,False,0.8509019030185997,False
DHX34,0.3770533754013028,0.05560009442666908,GSE278320,0.2058913583707819,0.042025423004395324,3,True,0.2038828432749086,True
DHX34,0.3770533754013028,0.05560009442666908,GSE284044,0.49640163630589645,0.04150055070808034,3,True,0.2038828432749086,True
DHX34,0.3770533754013028,0.05560009442666908,GSE287860,0.43562967728670454,0.22316458665352423,3,True,0.2038828432749086,False
DHX34,0.3770533754013028,0.05560009442666908,GSE288000,0.5079878195085197,0.0852954489155805,3,True,0.2038828432749086,False
DHX35,-0.017808425158525806,0.8879929547463958,GSE278320,0.03258632411993628,0.8165992113524291,3,False,0.9468955046973465,False
DHX35,-0.017808425158525806,0.8879929547463958,GSE284044,-0.09891789213373978,0.44495871477178717,3,True,0.9468955046973465,False
DHX35,-0.017808425158525806,0.8879929547463958,GSE287860,-0.07064600696616236,0.7267917602647018,3,True,0.9468955046973465,False
DHX35,-0.017808425158525806,0.8879929547463958,GSE288000,0.06800736451966338,0.6091761832852239,3,False,0.9468955046973465,False
DHX36,0.42364561591400773,1.6956129086754557e-10,GSE278320,0.4465266592524321,1.175987886291514e-10,3,True,2.0559306517689902e-08,True
DHX36,0.42364561591400773,1.6956129086754557e-10,GSE284044,0.44189009606925145,3.143887603435293e-09,3,True,2.0559306517689902e-08,True
DHX36,0.42364561591400773,1.6956129086754557e-10,GSE287860,0.38772366676330355,0.0014814170812605747,3,True,2.0559306517689902e-08,True
DHX36,0.42364561591400773,1.6956129086754557e-10,GSE288000,0.3876344744154716,1.6529862153982006e-07,3,True,2.0559306517689902e-08,True
DHX37,0.39958870964762544,0.0559623402203485,GSE278320,0.5457369583983108,2.4152581012870527e-12,3,True,0.2038828432749086,True
DHX37,0.39958870964762544,0.0559623402203485,GSE284044,0.3285014504544094,0.1729858992877873,3,True,0.2038828432749086,False
DHX37,0.39958870964762544,0.0559623402203485,GSE287860,0.31023750485667817,0.47507910565137346,3,True,0.2038828432749086,False
DHX37,0.39958870964762544,0.0559623402203485,GSE288000,0.2320713358203976,0.5237806843158358,3,True,0.2038828432749086,False
DHX38,0.3788811427779368,0.0006067988721848833,GSE278320,0.4319917388646638,9.018207504073126e-05,3,True,0.012795541435202975,True
DHX38,0.3788811427779368,0.0006067988721848833,GSE284044,0.44978954673162364,1.1103289744272268e-09,3,True,0.012795541435202975,True
DHX38,0.3788811427779368,0.0006067988721848833,GSE287860,0.21169686544523117,0.37095549759909063,3,True,0.012795541435202975,False
DHX38,0.3788811427779368,0.0006067988721848833,GSE288000,0.2075224393794407,0.3200485339329704,3,True,0.012795541435202975,False
DHX40,-0.19253009507249513,0.6418650232265128,GSE278320,0.20311636356207896,0.5319508332722542,3,False,0.8187849081271268,False
DHX40,-0.19253009507249513,0.6418650232265128,GSE284044,-0.15681430874775654,0.7680899963748269,3,True,0.8187849081271268,False
DHX40,-0.19253009507249513,0.6418650232265128,GSE287860,-0.26790843883899407,0.7060763770263931,3,True,0.8187849081271268,False
DHX40,-0.19253009507249513,0.6418650232265128,GSE288000,-0.552047328604796,0.21328379959712296,3,True,0.8187849081271268,False
DHX57,0.4541885525395066,0.0014634553617650721,GSE278320,0.3160473038062294,2.25693142144755e-05,3,True,0.022180495326751874,True
DHX57,0.4541885525395066,0.0014634553617650721,GSE284044,0.5440138145923438,0.003406454398794324,3,True,0.022180495326751874,True
DHX57,0.4541885525395066,0.0014634553617650721,GSE287860,0.5420595882704891,0.010334140145109002,3,True,0.022180495326751874,True
DHX57,0.4541885525395066,0.0014634553617650721,GSE288000,0.4599960834618995,0.023467602028819517,3,True,0.022180495326751874,True
DHX58,-0.4791767446857303,1.0795211644174761e-05,GSE278320,-0.4791767446857303,1.0795211644174761e-05,3,True,0.0006544597059280949,True
DHX58,-0.4791767446857303,1.0795211644174761e-05,GSE284044,-0.4802461537883214,1.0760828342879808e-05,2,True,0.0006544597059280949,True
DHX58,-0.4791767446857303,1.0795211644174761e-05,GSE287860,-0.36759686974052025,0.0499807328466452,2,True,0.0006544597059280949,True
DHX58,-0.4791767446857303,1.0795211644174761e-05,GSE288000,-0.53397602106905,6.201488224508437e-05,2,True,0.0006544597059280949,True
DHX8,0.18654348280940736,0.062254292734491165,GSE278320,0.2598924232548095,0.003230428181195473,3,True,0.2187922606973059,True
DHX8,0.18654348280940736,0.062254292734491165,GSE284044,0.22013940068290305,0.01892282596348259,3,True,0.2187922606973059,True
DHX8,0.18654348280940736,0.062254292734491165,GSE287860,0.09058632041306766,0.6409327186721439,3,True,0.2187922606973059,False
DHX8,0.18654348280940736,0.062254292734491165,GSE288000,0.08219602954639131,0.5716697385616444,3,True,0.2187922606973059,False
DHX9,0.5936549589434545,0.004446559411954493,GSE278320,0.7566989076836188,0.0002681320171420769,3,True,0.04492877739162352,True
DHX9,0.5936549589434545,0.004446559411954493,GSE284044,0.7053317635237994,0.0018351277580068639,3,True,0.04492877739162352,True
DHX9,0.5936549589434545,0.004446559411954493,GSE287860,0.48753836713324666,0.23552295962414593,3,True,0.04492877739162352,False
DHX9,0.5936549589434545,0.004446559411954493,GSE288000,0.36828861858665984,0.15861470149213508,3,True,0.04492877739162352,False
EIF1,0.2515273303195413,0.15868138993069958,GSE278320,0.38704370826507395,0.004157496128825111,3,True,0.3946690980327656,True
EIF1,0.2515273303195413,0.15868138993069958,GSE284044,0.2828697227715826,0.1920769494240655,3,True,0.3946690980327656,False
EIF1,0.2515273303195413,0.15868138993069958,GSE287860,0.028599894107984743,0.9410079056804939,3,True,0.3946690980327656,False
EIF1,0.2515273303195413,0.15868138993069958,GSE288000,-0.009552639652886068,0.9727279519086793,3,False,0.3946690980327656,False
EIF1AD,0.8435337098054513,0.00040450314899430904,GSE278320,0.6313244413533162,2.484831027345544e-05,3,True,0.010899112625679993,True
EIF1AD,0.8435337098054513,0.00040450314899430904,GSE284044,0.994697021238557,0.00012082171017279088,3,True,0.010899112625679993,True
EIF1AD,0.8435337098054513,0.00040450314899430904,GSE287860,0.9398088883955316,0.019860187282555126,3,True,0.010899112625679993,True
EIF1AD,0.8435337098054513,0.00040450314899430904,GSE288000,0.820853881765277,0.06733587169036945,3,True,0.010899112625679993,False
EIF1AX,0.5251896054350786,0.21054143371303646,GSE278320,1.1713431790966322,1.7151213181016802e-11,3,True,0.47325348572041115,True
EIF1AX,0.5251896054350786,0.21054143371303646,GSE284044,0.5846003678220603,0.22264494484999797,3,True,0.47325348572041115,False
EIF1AX,0.5251896054350786,0.21054143371303646,GSE287860,0.2714909264061833,0.7552870716420751,3,True,0.47325348572041115,False
EIF1AX,0.5251896054350786,0.21054143371303646,GSE288000,0.17729490032893058,0.819150828957596,3,True,0.47325348572041115,False
EIF1AX-AS1,1.5344587374310448,0.09707820722406121,GSE278320,1.5344587374310448,0.09707820722406121,2,True,0.28575436148381556,False
EIF1AX-AS1,1.5344587374310448,0.09707820722406121,GSE284044,1.5344587374310448,0.09707820722406121,2,True,0.28575436148381556,False
EIF1AX-AS1,1.5344587374310448,0.09707820722406121,GSE287860,0.8889807592142724,0.5063396354735388,1,True,0.28575436148381556,False
EIF1AX-AS1,1.5344587374310448,0.09707820722406121,GSE288000,2.1254245661360684,0.09681364431528507,1,True,0.28575436148381556,False
EIF1AXP1,0.6566217049217441,0.43738409025206115,GSE278320,1.3500025744853144,0.0003508790443601712,1,True,0.6886055189000285,True
EIF1AXP1,0.6566217049217441,0.43738409025206115,GSE284044,0.6566217049217441,0.43738409025206115,2,True,0.6886055189000285,False
EIF1AXP1,0.6566217049217441,0.43738409025206115,GSE287860,-0.3743423933650471,0.6601404264453398,1,False,0.6886055189000285,False
EIF1AXP1,0.6566217049217441,0.43738409025206115,GSE288000,0.6566217049217441,0.43738409025206115,2,True,0.6886055189000285,False
EIF1B,0.198397129968931,0.4153708148693277,GSE278320,0.342181881554769,0.1597374104754119,3,True,0.6658044856500511,False
EIF1B,0.198397129968931,0.4153708148693277,GSE284044,0.4157304040948981,0.06622664711378388,3,True,0.6658044856500511,False
EIF1B,0.198397129968931,0.4153708148693277,GSE287860,-0.024546934534342632,0.9623704496422468,3,False,0.6658044856500511,False
EIF1B,0.198397129968931,0.4153708148693277,GSE288000,-0.12289149985947141,0.7431444822097206,3,False,0.6658044856500511,False
EIF1B-AS1,-0.46327236270831124,0.1881654313774508,GSE278320,-0.743296148523195,0.023389366774864882,2,True,0.4517833377131863,True
EIF1B-AS1,-0.46327236270831124,0.1881654313774508,GSE284044,-0.46327236270831124,0.1881654313774508,3,True,0.4517833377131863,False
EIF1B-AS1,-0.46327236270831124,0.1881654313774508,GSE287860,-0.20137719534282342,0.5361400147304952,2,True,0.4517833377131863,False
EIF1B-AS1,-0.46327236270831124,0.1881654313774508,GSE288000,-0.47718755988778633,0.4740849423969502,2,True,0.4517833377131863,False
EIF1P3,0.9833536190266151,0.19861313524684254,GSE278320,1.2356077600560287,0.14378752517210527,2,True,0.4607133356905231,False
EIF1P3,0.9833536190266151,0.19861313524684254,GSE284044,0.9833536190266151,0.19861313524684254,3,True,0.4607133356905231,False
EIF1P3,0.9833536190266151,0.19861313524684254,GSE287860,0.9355293149209389,0.3889393135726855,2,True,0.4607133356905231,False
EIF1P3,0.9833536190266151,0.19861313524684254,GSE288000,0.7162780767105177,0.4384434996434272,2,True,0.4607133356905231,False
EIF1P4,0.025619050708048072,0.9738722883146962,GSE278320,0.025619050708048072,0.9738722883146962,2,True,0.9799337340925885,False
EIF1P4,0.025619050708048072,0.9738722883146962,GSE284044,0.025619050708048072,0.9738722883146962,2,True,0.9799337340925885,False
EIF1P4,0.025619050708048072,0.9738722883146962,GSE287860,-0.7432720525343316,0.5798745288076647,1,False,0.9799337340925885,False
EIF1P4,0.025619050708048072,0.9738722883146962,GSE288000,0.4206324975314908,0.6620595038960558,1,True,0.9799337340925885,False
EIF1P5,0.49844496043653447,0.5721956583438069,GSE278320,0.868738291168354,0.4140493173292533,1,True,0.7849931986149186,False
EIF1P5,0.49844496043653447,0.5721956583438069,GSE284044,0.49844496043653447,0.5721956583438069,2,True,0.7849931986149186,False
EIF1P5,0.49844496043653447,0.5721956583438069,GSE287860,-0.3197043009320319,0.8397441248364287,1,False,0.7849931986149186,False
EIF1P5,0.49844496043653447,0.5721956583438069,GSE288000,0.49844496043653447,0.5721956583438069,2,True,0.7849931986149186,False
EIF1P7,-0.6694194008005903,0.39696875222073,GSE278320,-0.8968482690784597,0.3153879785019442,1,True,0.6522268060885305,False
EIF1P7,-0.6694194008005903,0.39696875222073,GSE284044,-0.6694194008005903,0.39696875222073,2,True,0.6522268060885305,False
EIF1P7,-0.6694194008005903,0.39696875222073,GSE287860,0.1497518566644743,0.9296134642194758,1,False,0.6522268060885305,False
EIF1P7,-0.6694194008005903,0.39696875222073,GSE288000,-0.6694194008005903,0.39696875222073,2,True,0.6522268060885305,False
EIF2A,0.18283141611532813,0.3861823039460154,GSE278320,0.3862605220314271,0.006739674583353681,3,True,0.6436371732433589,True
EIF2A,0.18283141611532813,0.3861823039460154,GSE284044,0.0987111126279585,0.7077505015209744,3,True,0.6436371732433589,False
EIF2A,0.18283141611532813,0.3861823039460154,GSE287860,0.09156808721090075,0.8218488406612019,3,True,0.6436371732433589,False
EIF2A,0.18283141611532813,0.3861823039460154,GSE288000,-0.019150511640307954,0.9504023939368895,3,False,0.6436371732433589,False
EIF2AK1,-0.23618569898392058,0.3610678793232114,GSE278320,0.15043273431953444,0.21714440510495525,3,False,0.6321946623529152,False
EIF2AK1,-0.23618569898392058,0.3610678793232114,GSE284044,-0.2871028825523459,0.35088802167402977,3,True,0.6321946623529152,False
EIF2AK1,-0.23618569898392058,0.3610678793232114,GSE287860,-0.4332461448972318,0.46372637135221917,3,True,0.6321946623529152,False
EIF2AK1,-0.23618569898392058,0.3610678793232114,GSE288000,-0.5259469304636223,0.28980876879721773,3,True,0.6321946623529152,False
EIF2AK2,0.3326664179504769,0.0763235859543671,GSE278320,0.16850572185637935,0.22332487710637006,3,True,0.2518159128426397,False
EIF2AK2,0.3326664179504769,0.0763235859543671,GSE284044,0.42889388727963645,0.12161624284099902,3,True,0.2518159128426397,False
EIF2AK2,0.3326664179504769,0.0763235859543671,GSE287860,0.48199459840575104,0.028524311703803838,3,True,0.2518159128426397,True
EIF2AK2,0.3326664179504769,0.0763235859543671,GSE288000,0.30179701651904134,0.2105633363689312,3,True,0.2518159128426397,False
EIF2AK3,0.24285854412616548,0.4571621010614755,GSE278320,-0.09640273781036066,0.5866107284292638,3,False,0.7061261752064191,False
EIF2AK3,0.24285854412616548,0.4571621010614755,GSE284044,0.27373623177160994,0.5400876018393947,3,True,0.7061261752064191,False
EIF2AK3,0.24285854412616548,0.4571621010614755,GSE287860,0.46072203740097095,0.20628339858842737,3,True,0.7061261752064191,False
EIF2AK3,0.24285854412616548,0.4571621010614755,GSE288000,0.3270433847595907,0.4760753118079859,3,True,0.7061261752064191,False
EIF2AK3-DT,0.3716374805542603,0.7442379523912054,GSE278320,-0.7015709730240604,0.21150102568525952,2,False,0.8853643819564065,False
EIF2AK3-DT,0.3716374805542603,0.7442379523912054,GSE284044,0.3716374805542603,0.7442379523912054,3,True,0.8853643819564065,False
EIF2AK3-DT,0.3716374805542603,0.7442379523912054,GSE287860,1.1812281827092084,0.3521093214999437,2,True,0.8853643819564065,False
EIF2AK3-DT,0.3716374805542603,0.7442379523912054,GSE288000,0.6032631956535802,0.741929064536824,2,True,0.8853643819564065,False
EIF2AK4,-0.4487756737415871,0.21319586612233843,GSE278320,-0.038623983558687555,0.6329691333945218,3,True,0.4743119039877713,False
EIF2AK4,-0.4487756737415871,0.21319586612233843,GSE284044,-0.5960893224688377,0.17088454086525962,3,True,0.4743119039877713,False
EIF2AK4,-0.4487756737415871,0.21319586612233843,GSE287860,-0.6152957618229002,0.24483991557981866,3,True,0.4743119039877713,False
EIF2AK4,-0.4487756737415871,0.21319586612233843,GSE288000,-0.5248329899771709,0.3722618003455265,3,True,0.4743119039877713,False
EIF2B1,0.12896739286334397,0.14755444713597476,GSE278320,0.2002308973545252,0.0015957197557030167,3,True,0.3746801406332344,True
EIF2B1,0.12896739286334397,0.14755444713597476,GSE284044,0.11660376089482312,0.2845190785279563,3,True,0.3746801406332344,False
EIF2B1,0.12896739286334397,0.14755444713597476,GSE287860,0.0267023687219451,0.8557466221944297,3,True,0.3746801406332344,False
EIF2B1,0.12896739286334397,0.14755444713597476,GSE288000,0.050036732615794284,0.762815844636026,3,True,0.3746801406332344,False
EIF2B2,0.5099977717559405,9.129693796678298e-07,GSE278320,0.5257792762584058,6.887425915202263e-05,3,True,7.379835818981624e-05,True
EIF2B2,0.5099977717559405,9.129693796678298e-07,GSE284044,0.5340624905442014,1.3193664393726663e-07,3,True,7.379835818981624e-05,True
EIF2B2,0.5099977717559405,9.129693796678298e-07,GSE287860,0.5063908220842904,0.01679946581225224,3,True,7.379835818981624e-05,True
EIF2B2,0.5099977717559405,9.129693796678298e-07,GSE288000,0.43745050655805806,1.3328460352907714e-07,3,True,7.379835818981624e-05,True
EIF2B3,0.3331169045905214,0.5700612663639244,GSE278320,1.0764839040492276,0.0007175857562170857,3,True,0.7849931986149186,True
EIF2B3,0.3331169045905214,0.5700612663639244,GSE284044,0.34152263575086134,0.6399594325631495,3,True,0.7849931986149186,False
EIF2B3,0.3331169045905214,0.5700612663639244,GSE287860,0.05647713429417092,0.9584593485752313,3,True,0.7849931986149186,False
EIF2B3,0.3331169045905214,0.5700612663639244,GSE288000,-0.15126684515082212,0.8635313400428966,3,False,0.7849931986149186,False
EIF2B4,0.19504955206165897,0.2036475096093957,GSE278320,0.2821028246323779,0.06500252141267751,3,True,0.4648114274723844,False
EIF2B4,0.19504955206165897,0.2036475096093957,GSE284044,0.3221134995846605,0.016782494689371905,3,True,0.4648114274723844,True
EIF2B4,0.19504955206165897,0.2036475096093957,GSE287860,0.06941988638921108,0.7672179629390744,3,True,0.4648114274723844,False
EIF2B4,0.19504955206165897,0.2036475096093957,GSE288000,0.06722767600586475,0.7737232723706824,3,True,0.4648114274723844,False
EIF2B5,0.5169795464932119,1.0855395905399511e-14,GSE278320,0.5047292164729296,1.600948388075409e-08,3,True,2.6324335070593814e-12,True
EIF2B5,0.5169795464932119,1.0855395905399511e-14,GSE284044,0.536234531372906,1.29721362278858e-13,3,True,2.6324335070593814e-12,True
EIF2B5,0.5169795464932119,1.0855395905399511e-14,GSE287860,0.6049068350950136,1.6754141434786714e-10,3,True,2.6324335070593814e-12,True
EIF2B5,0.5169795464932119,1.0855395905399511e-14,GSE288000,0.46638773055822996,1.255979624413341e-13,3,True,2.6324335070593814e-12,True
EIF2B5-DT,0.6239664332316189,0.6447045413022143,GSE278320,-0.6862680615467409,0.139331073258625,2,False,0.8187849081271268,False
EIF2B5-DT,0.6239664332316189,0.6447045413022143,GSE284044,0.6239664332316189,0.6447045413022143,3,True,0.8187849081271268,False
EIF2B5-DT,0.6239664332316189,0.6447045413022143,GSE287860,1.193332075573609,0.5331852803258035,2,True,0.8187849081271268,False
EIF2B5-DT,0.6239664332316189,0.6447045413022143,GSE288000,1.3154205744716727,0.4810654017760656,2,True,0.8187849081271268,False
EIF2D,-0.36714773399153927,0.001290045080107658,GSE278320,-0.4547245818270557,5.405302699734242e-06,3,True,0.022180495326751874,True
EIF2D,-0.36714773399153927,0.001290045080107658,GSE284044,-0.3924736184214821,0.002304981251858671,3,True,0.022180495326751874,True
EIF2D,-0.36714773399153927,0.001290045080107658,GSE287860,-0.3207615236529503,0.11324894337340648,3,True,0.022180495326751874,False
EIF2D,-0.36714773399153927,0.001290045080107658,GSE288000,-0.28332850134520016,0.012588520861772404,3,True,0.022180495326751874,True
EIF2S1,0.8957123395038716,9.449806172991349e-05,GSE278320,1.1063334850970583,4.862847096963815e-08,3,True,0.003819296661584003,True
EIF2S1,0.8957123395038716,9.449806172991349e-05,GSE284044,0.9609467618969845,0.0003169109019919227,3,True,0.003819296661584003,True
EIF2S1,0.8957123395038716,9.449806172991349e-05,GSE287860,0.7907261201726656,0.06865213898089995,3,True,0.003819296661584003,False
EIF2S1,0.8957123395038716,9.449806172991349e-05,GSE288000,0.6638883753411684,0.015916682347634582,3,True,0.003819296661584003,True
EIF2S2,0.4509812470830289,0.1296478494158982,GSE278320,0.8429592013096973,0.00038941451563494683,3,True,0.3454901481687397,True
EIF2S2,0.4509812470830289,0.1296478494158982,GSE284044,0.5244097217880463,0.13208684302819382,3,True,0.3454901481687397,False
EIF2S2,0.4509812470830289,0.1296478494158982,GSE287860,0.15971681962434364,0.7922776216251156,3,True,0.3454901481687397,False
EIF2S2,0.4509812470830289,0.1296478494158982,GSE288000,0.05422811611682344,0.9049654452216251,3,True,0.3454901481687397,False
EIF2S2P3,-1.4709839663221178,0.04872721189211978,GSE278320,-1.5709067937513856,0.0790509861297598,1,True,0.19058627231998462,False
EIF2S2P3,-1.4709839663221178,0.04872721189211978,GSE284044,-1.4709839663221178,0.04872721189211978,2,True,0.19058627231998462,True
EIF2S2P3,-1.4709839663221178,0.04872721189211978,GSE287860,-1.2420349445160876,0.3589703123754798,1,True,0.19058627231998462,False
EIF2S2P3,-1.4709839663221178,0.04872721189211978,GSE288000,-1.4709839663221178,0.04872721189211978,2,True,0.19058627231998462,True
EIF2S2P4,0.42213361339488337,0.4848374528131114,GSE278320,1.0021462748798728,0.0005614831446943455,2,True,0.7165716212899087,True
EIF2S2P4,0.42213361339488337,0.4848374528131114,GSE284044,0.42213361339488337,0.4848374528131114,3,True,0.7165716212899087,False
EIF2S2P4,0.42213361339488337,0.4848374528131114,GSE287860,0.055531616351320735,0.9595782968848324,2,True,0.7165716212899087,False
EIF2S2P4,0.42213361339488337,0.4848374528131114,GSE288000,0.023847160014040355,0.9811378770125647,2,True,0.7165716212899087,False
EIF2S3,-0.14857991070987925,0.4604480731172037,GSE278320,0.06341286533035621,0.6325601404349637,3,False,0.7084103849483315,False
EIF2S3,-0.14857991070987925,0.4604480731172037,GSE284044,-0.1567297189664179,0.48173823584098396,3,True,0.7084103849483315,False
EIF2S3,-0.14857991070987925,0.4604480731172037,GSE287860,-0.3194028132971616,0.16958214679324235,3,True,0.7084103849483315,False
EIF2S3,-0.14857991070987925,0.4604480731172037,GSE288000,-0.18719656879791838,0.5976383773066759,3,True,0.7084103849483315,False
EIF2S3B,-0.07130624329545683,0.8383184312735237,GSE278320,0.02414333365499087,0.9545780910193069,2,False,0.9269253072364417,False
EIF2S3B,-0.07130624329545683,0.8383184312735237,GSE284044,-0.07130624329545683,0.8383184312735237,3,True,0.9269253072364417,False
EIF2S3B,-0.07130624329545683,0.8383184312735237,GSE287860,-0.11551131537003949,0.8108866064034634,2,True,0.9269253072364417,False
EIF2S3B,-0.07130624329545683,0.8383184312735237,GSE288000,-0.12369464403825396,0.7521238050284509,2,True,0.9269253072364417,False
EIF3A,0.3282465715625528,0.0770743409364381,GSE278320,0.5463732899428189,1.7874762872092354e-07,3,True,0.2525746983390032,True
EIF3A,0.3282465715625528,0.0770743409364381,GSE284044,0.28885294834213154,0.2322039376204147,3,True,0.2525746983390032,False
EIF3A,0.3282465715625528,0.0770743409364381,GSE287860,0.2237139059304236,0.5183500781137174,3,True,0.2525746983390032,False
EIF3A,0.3282465715625528,0.0770743409364381,GSE288000,0.14727330488310103,0.575020834842501,3,True,0.2525746983390032,False
EIF3B,0.20641789498500657,0.5515318834108451,GSE278320,0.7314736356946575,0.00010501975979525614,3,True,0.7798628672135857,True
EIF3B,0.20641789498500657,0.5515318834108451,GSE284044,0.1981711055403269,0.6454855943084499,3,True,0.7798628672135857,False
EIF3B,0.20641789498500657,0.5515318834108451,GSE287860,-0.06735658045236528,0.9178052606880008,3,False,0.7798628672135857,False
EIF3B,0.20641789498500657,0.5515318834108451,GSE288000,-0.13642371892674454,0.8116767924906264,3,False,0.7798628672135857,False
EIF3C,0.0015610198712472133,0.9975974066989716,GSE278320,0.8255849181919468,0.0016884894081278072,2,True,0.9975974066989717,True
EIF3C,0.0015610198712472133,0.9975974066989716,GSE284044,0.0015610198712472133,0.9975974066989716,3,True,0.9975974066989717,False
EIF3C,0.0015610198712472133,0.9975974066989716,GSE287860,-0.41438647416883084,0.7873453235095771,2,False,0.9975974066989717,False
EIF3C,0.0015610198712472133,0.9975974066989716,GSE288000,-0.6706770093971669,0.5982466806022437,2,False,0.9975974066989717,False
EIF3CL,-0.270014719998066,0.5943309444284947,GSE278320,0.24228103631930586,0.2650987247916051,2,False,0.7918970001313733,False
EIF3CL,-0.270014719998066,0.5943309444284947,GSE284044,-0.270014719998066,0.5943309444284947,3,True,0.7918970001313733,False
EIF3CL,-0.270014719998066,0.5943309444284947,GSE287860,-0.783316653730908,0.35601425429686184,2,True,0.7918970001313733,False
EIF3CL,-0.270014719998066,0.5943309444284947,GSE288000,-0.5800836198897864,0.5611664562608796,2,True,0.7918970001313733,False
EIF3D,-0.08220355573515466,0.744801376986008,GSE278320,0.22685648869395458,0.21157168805170234,3,False,0.8853643819564065,False
EIF3D,-0.08220355573515466,0.744801376986008,GSE284044,-0.10732715893438179,0.7134258758864187,3,True,0.8853643819564065,False
EIF3D,-0.08220355573515466,0.744801376986008,GSE287860,-0.16465689409851816,0.7587413771835316,3,True,0.8853643819564065,False
EIF3D,-0.08220355573515466,0.744801376986008,GSE288000,-0.31634233670693374,0.4127109322673267,3,True,0.8853643819564065,False
EIF3E,-0.45825750688582023,0.016744543610286978,GSE278320,-0.26519825400085056,0.026300600951030147,3,True,0.0978446223010745,True
EIF3E,-0.45825750688582023,0.016744543610286978,GSE284044,-0.6125333445039981,0.005564722078401063,3,True,0.0978446223010745,True
EIF3E,-0.45825750688582023,0.016744543610286978,GSE287860,-0.49398053003270564,0.15141692924631758,3,True,0.0978446223010745,False
EIF3E,-0.45825750688582023,0.016744543610286978,GSE288000,-0.5147361644656439,0.06585733453715154,3,True,0.0978446223010745,False
EIF3F,-0.49534859636502027,0.00016140164333256532,GSE278320,-0.42487050436813517,1.379634095082091e-08,3,True,0.006021522847407244,True
EIF3F,-0.49534859636502027,0.00016140164333256532,GSE284044,-0.5666023139766896,7.882394031157706e-05,3,True,0.006021522847407244,True
EIF3F,-0.49534859636502027,0.00016140164333256532,GSE287860,-0.5929796008874018,0.023977376141944742,3,True,0.006021522847407244,True
EIF3F,-0.49534859636502027,0.00016140164333256532,GSE288000,-0.5240827707185514,0.03962687211399018,3,True,0.006021522847407244,True
EIF3FP3,-0.6124295274175995,0.08756412093207011,GSE278320,-0.4296999188502615,0.06729623308639848,2,True,0.2670981047298994,False
EIF3FP3,-0.6124295274175995,0.08756412093207011,GSE284044,-0.6124295274175995,0.08756412093207011,3,True,0.2670981047298994,False
EIF3FP3,-0.6124295274175995,0.08756412093207011,GSE287860,-1.3449332966884335,0.21875189886592428,2,True,0.2670981047298994,False
EIF3FP3,-0.6124295274175995,0.08756412093207011,GSE288000,-1.2738926985761654,0.27661969854988655,2,True,0.2670981047298994,False
EIF3G,-0.04429478325514226,0.4634120675726906,GSE278320,-0.02595042725748612,0.6731657441552199,3,True,0.7084469323210985,False
EIF3G,-0.04429478325514226,0.4634120675726906,GSE284044,-0.05384015641425613,0.5390261386469037,3,True,0.7084469323210985,False
EIF3G,-0.04429478325514226,0.4634120675726906,GSE287860,-0.10202725946343487,0.535427086148168,3,True,0.7084469323210985,False
EIF3G,-0.04429478325514226,0.4634120675726906,GSE288000,-0.09411236934648748,0.3885123391692261,3,True,0.7084469323210985,False
EIF3H,-0.36753337072138004,0.03621343807924197,GSE278320,-0.21297442416748041,0.00020659982311351272,3,True,0.15485503514664364,True
EIF3H,-0.36753337072138004,0.03621343807924197,GSE284044,-0.5051562529078971,0.023614235414251443,3,True,0.15485503514664364,True
EIF3H,-0.36753337072138004,0.03621343807924197,GSE287860,-0.48701046632537137,0.1393711437080676,3,True,0.15485503514664364,False
EIF3H,-0.36753337072138004,0.03621343807924197,GSE288000,-0.4775235766434412,0.0987519720477836,3,True,0.15485503514664364,False
EIF3I,-0.2625545016250112,0.6061589834498673,GSE278320,0.5429925022398654,0.010362836404597862,3,False,0.7947779040016275,True
EIF3I,-0.2625545016250112,0.6061589834498673,GSE284044,-0.26177650386077334,0.6559334552130436,3,True,0.7947779040016275,False
EIF3I,-0.2625545016250112,0.6061589834498673,GSE287860,-0.5390477150643789,0.638515297025817,3,True,0.7947779040016275,False
EIF3I,-0.2625545016250112,0.6061589834498673,GSE288000,-0.6835657080667387,0.49240511173120294,3,True,0.7947779040016275,False
EIF3J,0.34788760028960786,0.31037373138260393,GSE278320,0.8726116726460186,5.659146472568613e-09,3,True,0.5983067252850327,True
EIF3J,0.34788760028960786,0.31037373138260393,GSE284044,0.25716752547437494,0.5734700036403668,3,True,0.5983067252850327,False
EIF3J,0.34788760028960786,0.31037373138260393,GSE287860,0.12260629987665166,0.8455182692487331,3,True,0.5983067252850327,False
EIF3J,0.34788760028960786,0.31037373138260393,GSE288000,0.026317982670624802,0.9598901760439313,3,True,0.5983067252850327,False
EIF3J-DT,-0.39640424818717923,0.32987712910603684,GSE278320,-0.8232642622808541,7.821672361213317e-07,2,True,0.6039934714990481,True
EIF3J-DT,-0.39640424818717923,0.32987712910603684,GSE284044,-0.39640424818717923,0.32987712910603684,3,True,0.6039934714990481,False
EIF3J-DT,-0.39640424818717923,0.32987712910603684,GSE287860,-0.20589926063155006,0.8070258437941039,2,True,0.6039934714990481,False
EIF3J-DT,-0.39640424818717923,0.32987712910603684,GSE288000,-0.0485670947095208,0.9423184606497499,2,True,0.6039934714990481,False
EIF3K,-0.43052244371806997,0.32026186031664783,GSE278320,0.21211771096124404,0.1619207422038199,3,False,0.6020426443936984,False
EIF3K,-0.43052244371806997,0.32026186031664783,GSE284044,-0.532991198473491,0.30556869742092074,3,True,0.6020426443936984,False
EIF3K,-0.43052244371806997,0.32026186031664783,GSE287860,-0.6325139160457185,0.4864901131696081,3,True,0.6020426443936984,False
EIF3K,-0.43052244371806997,0.32026186031664783,GSE288000,-0.7519458468824227,0.34032959745476266,3,True,0.6020426443936984,False
EIF3L,-0.7935812728345537,0.005388378058734996,GSE278320,-0.43469656535055984,0.0038562032549792286,3,True,0.05101280108283487,True
EIF3L,-0.7935812728345537,0.005388378058734996,GSE284044,-0.9763937735870182,0.003089290794780319,3,True,0.05101280108283487,True
EIF3L,-0.7935812728345537,0.005388378058734996,GSE287860,-0.9935613359546305,0.06668296167201762,3,True,0.05101280108283487,False
EIF3L,-0.7935812728345537,0.005388378058734996,GSE288000,-0.8708624178556434,0.15309001307766124,3,True,0.05101280108283487,False
EIF3LP2,0.07503782767787756,0.8993877621556884,GSE278320,0.3264815687060642,0.653906276715216,2,True,0.947547743161107,False
EIF3LP2,0.07503782767787756,0.8993877621556884,GSE284044,0.07503782767787756,0.8993877621556884,3,True,0.947547743161107,False
EIF3LP2,0.07503782767787756,0.8993877621556884,GSE287860,0.024650568337610666,0.9747836734725859,2,True,0.947547743161107,False
EIF3LP2,0.07503782767787756,0.8993877621556884,GSE288000,-0.10714556643839716,0.8752188858529542,2,False,0.947547743161107,False
EIF3LP3,0.658021617755633,0.4662542644534561,GSE278320,0.3600189752633417,0.7699349872438624,1,True,0.7084469323210985,False
EIF3LP3,0.658021617755633,0.4662542644534561,GSE284044,0.658021617755633,0.4662542644534561,2,True,0.7084469323210985,False
EIF3LP3,0.658021617755633,0.4662542644534561,GSE287860,1.0054220676344925,0.4493752161197965,1,True,0.7084469323210985,False
EIF3LP3,0.658021617755633,0.4662542644534561,GSE288000,0.658021617755633,0.4662542644534561,2,True,0.7084469323210985,False
EIF3M,0.0922895231320651,0.6784510081631603,GSE278320,0.35764350841039527,0.002982014578130274,3,True,0.8405322206269742,True
EIF3M,0.0922895231320651,0.6784510081631603,GSE284044,0.02036950914069682,0.9380342501112814,3,True,0.8405322206269742,False
EIF3M,0.0922895231320651,0.6784510081631603,GSE287860,-0.0009038216364329407,0.9984879398510318,3,False,0.8405322206269742,False
EIF3M,0.0922895231320651,0.6784510081631603,GSE288000,-0.10420596635324285,0.7850059253700967,3,False,0.8405322206269742,False
EIF4A1,0.7161342549157353,0.10574065012036558,GSE278320,0.1547400841179498,0.3203261431955492,3,True,0.30195897032557983,False
EIF4A1,0.7161342549157353,0.10574065012036558,GSE284044,0.9850584715012336,0.0790993723207543,3,True,0.30195897032557983,False
EIF4A1,0.7161342549157353,0.10574065012036558,GSE287860,1.0470181909946656,0.2638423871737925,3,True,0.30195897032557983,False
EIF4A1,0.7161342549157353,0.10574065012036558,GSE288000,1.1666208763830483,0.1416286343836399,3,True,0.30195897032557983,False
EIF4A1P10,0.05531799627073258,0.947974010295453,GSE278320,0.9971841014999502,0.06418839669155718,2,True,0.9679313578806205,False
EIF4A1P10,0.05531799627073258,0.947974010295453,GSE284044,0.05531799627073258,0.947974010295453,3,True,0.9679313578806205,False
EIF4A1P10,0.05531799627073258,0.947974010295453,GSE287860,-0.20500077538616854,0.9090179974078553,2,False,0.9679313578806205,False
EIF4A1P10,0.05531799627073258,0.947974010295453,GSE288000,-0.7228322527349621,0.5641234541055762,2,False,0.9679313578806205,False
EIF4A1P2,0.45334263086415766,0.48230863922297906,GSE278320,1.0467329391952072,0.012456704870786133,2,True,0.7153507340157335,True
EIF4A1P2,0.45334263086415766,0.48230863922297906,GSE284044,0.45334263086415766,0.48230863922297906,3,True,0.7153507340157335,False
EIF4A1P2,0.45334263086415766,0.48230863922297906,GSE287860,0.2116178011045428,0.8455393403979673,2,True,0.7153507340157335,False
EIF4A1P2,0.45334263086415766,0.48230863922297906,GSE288000,0.07292668019636227,0.9334833783620639,2,True,0.7153507340157335,False
EIF4A1P4,0.1792123695437541,0.8811172653568208,GSE278320,1.3523017343211685,0.018513703994912513,2,True,0.9454466232257922,True
EIF4A1P4,0.1792123695437541,0.8811172653568208,GSE284044,0.1792123695437541,0.8811172653568208,3,True,0.9454466232257922,False
EIF4A1P4,0.1792123695437541,0.8811172653568208,GSE287860,-0.6332744997472876,0.7034818791647817,2,False,0.9454466232257922,False
EIF4A1P4,0.1792123695437541,0.8811172653568208,GSE288000,-0.25342261590081067,0.8846358753823876,2,False,0.9454466232257922,False
EIF4A1P7,-0.6995106113399094,0.3783612996330711,GSE278320,-0.4452623310632436,0.6399016481222195,1,True,0.6371709386181926,False
EIF4A1P7,-0.6995106113399094,0.3783612996330711,GSE284044,-0.6995106113399094,0.3783612996330711,2,True,0.6371709386181926,False
EIF4A1P7,-0.6995106113399094,0.3783612996330711,GSE287860,-1.2818819517698263,0.373504380934797,1,True,0.6371709386181926,False
EIF4A1P7,-0.6995106113399094,0.3783612996330711,GSE288000,-0.6995106113399094,0.3783612996330711,2,True,0.6371709386181926,False
EIF4A2,0.005021740514305243,0.9539078086216592,GSE278320,-0.07638114994364117,0.24965892286079672,3,False,0.9699062624350204,False
EIF4A2,0.005021740514305243,0.9539078086216592,GSE284044,0.01812129433363564,0.8648870607082784,3,True,0.9699062624350204,False
EIF4A2,0.005021740514305243,0.9539078086216592,GSE287860,0.08338879857342499,0.4708572407372982,3,True,0.9699062624350204,False
EIF4A2,0.005021740514305243,0.9539078086216592,GSE288000,0.04541420971366905,0.7490641675969036,3,True,0.9699062624350204,False
EIF4A3,0.0713961811987712,0.833050566776937,GSE278320,0.5940058581326675,0.0008198485650928781,3,True,0.9269253072364417,True
EIF4A3,0.0713961811987712,0.833050566776937,GSE284044,0.12039684043508857,0.7607148266593601,3,True,0.9269253072364417,False
EIF4A3,0.0713961811987712,0.833050566776937,GSE287860,-0.223903579267185,0.753879511951411,3,False,0.9269253072364417,False
EIF4A3,0.0713961811987712,0.833050566776937,GSE288000,-0.29241402133906785,0.6485192522111358,3,False,0.9269253072364417,False
EIF4B,-0.8402821145945343,0.0005948575294548487,GSE278320,-0.4980651561587152,4.2297041172908815e-19,3,True,0.012795541435202975,True
EIF4B,-0.8402821145945343,0.0005948575294548487,GSE284044,-0.9669212058043288,0.0008057514393891168,3,True,0.012795541435202975,True
EIF4B,-0.8402821145945343,0.0005948575294548487,GSE287860,-1.012235668384398,0.035680953598329276,3,True,0.012795541435202975,True
EIF4B,-0.8402821145945343,0.0005948575294548487,GSE288000,-0.9578530925349326,0.06078342366158825,3,True,0.012795541435202975,False
EIF4BP3,-0.509544349959934,0.042497031680295005,GSE278320,-0.3439491662437843,0.11781144724884117,2,True,0.17175883637452566,False
EIF4BP3,-0.509544349959934,0.042497031680295005,GSE284044,-0.509544349959934,0.042497031680295005,3,True,0.17175883637452566,True
EIF4BP3,-0.509544349959934,0.042497031680295005,GSE287860,-0.7484888801902037,0.13684386624058958,2,True,0.17175883637452566,False
EIF4BP3,-0.509544349959934,0.042497031680295005,GSE288000,-0.7401365328344378,0.14355198253133167,2,True,0.17175883637452566,False
EIF4BP6,-1.0139278206789222,0.020300185925670924,GSE278320,-0.6080762520720621,0.04109821928309349,2,True,0.10911659281480579,True
EIF4BP6,-1.0139278206789222,0.020300185925670924,GSE284044,-1.0139278206789222,0.020300185925670924,3,True,0.10911659281480579,True
EIF4BP6,-1.0139278206789222,0.020300185925670924,GSE287860,-1.5075830550102318,0.019620041955540877,2,True,0.10911659281480579,True
EIF4BP6,-1.0139278206789222,0.020300185925670924,GSE288000,-1.2233565571446028,0.20046755477584577,2,True,0.10911659281480579,False
EIF4BP7,-0.7948841979900255,0.22651755921272487,GSE278320,-0.15230834366715515,0.5384413358240762,2,True,0.4935940794846648,False
EIF4BP7,-0.7948841979900255,0.22651755921272487,GSE284044,-0.7948841979900255,0.22651755921272487,3,True,0.4935940794846648,False
EIF4BP7,-0.7948841979900255,0.22651755921272487,GSE287860,-1.226598259430916,0.31219508207723323,2,True,0.4935940794846648,False
EIF4BP7,-0.7948841979900255,0.22651755921272487,GSE288000,-1.2333260918897158,0.2798971370913381,2,True,0.4935940794846648,False
EIF4E,0.7225266145262644,0.036027617712018366,GSE278320,1.0090551681437954,0.0006244369353007741,3,True,0.15485503514664364,True
EIF4E,0.7225266145262644,0.036027617712018366,GSE284044,0.902240001333589,0.01784582681463636,3,True,0.15485503514664364,True
EIF4E,0.7225266145262644,0.036027617712018366,GSE287860,0.5641464829138492,0.3596785342719939,3,True,0.15485503514664364,False
EIF4E,0.7225266145262644,0.036027617712018366,GSE288000,0.4087683464519779,0.35691160506277464,3,True,0.15485503514664364,False
EIF4E2,0.3519519508017112,0.05193021522752631,GSE278320,0.505238482548527,0.002234525967873703,3,True,0.19524150686318031,True
EIF4E2,0.3519519508017112,0.05193021522752631,GSE284044,0.48414487155452957,0.004058824114144922,3,True,0.19524150686318031,True
EIF4E2,0.3519519508017112,0.05193021522752631,GSE287860,0.1475887621845027,0.7049011001773469,3,True,0.19524150686318031,False
EIF4E2,0.3519519508017112,0.05193021522752631,GSE288000,0.09517305523345593,0.7614612715424582,3,True,0.19524150686318031,False
EIF4E3,-0.5836319266862955,0.0050376196964298904,GSE278320,-0.4204070198127014,0.12162005076294885,3,True,0.04986215413813259,False
EIF4E3,-0.5836319266862955,0.0050376196964298904,GSE284044,-0.6392587693364161,0.0025267511828651295,3,True,0.04986215413813259,True
EIF4E3,-0.5836319266862955,0.0050376196964298904,GSE287860,-0.42108511642265384,0.2612067352541839,3,True,0.04986215413813259,False
EIF4E3,-0.5836319266862955,0.0050376196964298904,GSE288000,-0.7332843777552381,1.499798509798555e-06,3,True,0.04986215413813259,True
EIF4EBP1,-0.21544693111747612,0.669864806694241,GSE278320,0.697981426266627,0.01619825037295876,3,False,0.8351784864953904,True
EIF4EBP1,-0.21544693111747612,0.669864806694241,GSE284044,-0.35367090293849907,0.5753599595699979,3,True,0.8351784864953904,False
EIF4EBP1,-0.21544693111747612,0.669864806694241,GSE287860,-0.9735971773951649,0.2705207440636378,3,True,0.8351784864953904,False
EIF4EBP1,-0.21544693111747612,0.669864806694241,GSE288000,-0.8563967615055378,0.3467275922371067,3,True,0.8351784864953904,False
EIF4EBP2,-0.15623123847734935,0.08560813054652543,GSE278320,-0.1907098530475071,0.044778650791705205,3,True,0.2661534827888771,True
EIF4EBP2,-0.15623123847734935,0.08560813054652543,GSE284044,-0.11328096560479729,0.36902243055313644,3,True,0.2661534827888771,False
EIF4EBP2,-0.15623123847734935,0.08560813054652543,GSE287860,-0.07368301275695525,0.43457451560114824,3,True,0.2661534827888771,False
EIF4EBP2,-0.15623123847734935,0.08560813054652543,GSE288000,-0.23763243499924747,0.0029725567815054236,3,True,0.2661534827888771,True
EIF4EBP3,0.1661099074695425,0.6112415632837258,GSE278320,0.1661099074695425,0.6112415632837258,2,True,0.7947779040016275,False
EIF4EBP3,0.1661099074695425,0.6112415632837258,GSE284044,0.1661099074695425,0.6112415632837258,2,True,0.7947779040016275,False
EIF4EBP3,0.1661099074695425,0.6112415632837258,GSE287860,0.0605636818142261,0.9013236836094289,1,True,0.7947779040016275,False
EIF4EBP3,0.1661099074695425,0.6112415632837258,GSE288000,0.2516327937548652,0.56712241632052,1,True,0.7947779040016275,False
EIF4ENIF1,0.5318611232001087,0.00019963429223705627,GSE278320,0.5314673309923157,0.004842705159926347,3,True,0.0069159022667837355,True
EIF4ENIF1,0.5318611232001087,0.00019963429223705627,GSE284044,0.6650883232559249,1.0867501217522192e-16,3,True,0.0069159022667837355,True
EIF4ENIF1,0.5318611232001087,0.00019963429223705627,GSE287860,0.4422368450392655,0.07188053550185733,3,True,0.0069159022667837355,False
EIF4ENIF1,0.5318611232001087,0.00019963429223705627,GSE288000,0.40566601957019116,0.0320439911373918,3,True,0.0069159022667837355,True
EIF4EP2,0.4564988682922525,0.4966592517724725,GSE278320,1.0503915905062078,0.018062545558060764,2,True,0.7277333447421425,True
EIF4EP2,0.4564988682922525,0.4966592517724725,GSE284044,0.4564988682922525,0.4966592517724725,3,True,0.7277333447421425,False
EIF4EP2,0.4564988682922525,0.4966592517724725,GSE287860,-0.20172007477462092,0.8453150989110748,2,False,0.7277333447421425,False
EIF4EP2,0.4564988682922525,0.4966592517724725,GSE288000,0.10246081875240115,0.934923744816353,2,True,0.7277333447421425,False
EIF4G1,0.7339553947892384,0.013447862664022567,GSE278320,1.0690687912573198,2.0644333003801157e-05,3,True,0.08595205275786298,True
EIF4G1,0.7339553947892384,0.013447862664022567,GSE284044,0.8998241576695944,0.004159428473212397,3,True,0.08595205275786298,True
EIF4G1,0.7339553947892384,0.013447862664022567,GSE287860,0.48276849923685056,0.4711719683023461,3,True,0.08595205275786298,False
EIF4G1,0.7339553947892384,0.013447862664022567,GSE288000,0.35215335898190503,0.4902723165680998,3,True,0.08595205275786298,False
EIF4G2,0.7066117934363378,0.015892278406381577,GSE278320,1.0536278196461901,1.0906017777229248e-06,3,True,0.09515746947030944,True
EIF4G2,0.7066117934363378,0.015892278406381577,GSE284044,0.8095241511970902,0.013748963596753117,3,True,0.09515746947030944,True
EIF4G2,0.7066117934363378,0.015892278406381577,GSE287860,0.5447631169314351,0.3681445106635416,3,True,0.09515746947030944,False
EIF4G2,0.7066117934363378,0.015892278406381577,GSE288000,0.4096897144076739,0.3675880420711295,3,True,0.09515746947030944,False
EIF4G3,0.06010546461993483,0.7599138400956822,GSE278320,0.03434388266444884,0.9081091594644377,3,True,0.8884036673674964,False
EIF4G3,0.06010546461993483,0.7599138400956822,GSE284044,0.05942593034822641,0.8004405023422542,3,True,0.8884036673674964,False
EIF4G3,0.06010546461993483,0.7599138400956822,GSE287860,-0.0851244237901588,0.6468229663231193,3,False,0.8884036673674964,False
EIF4G3,0.06010546461993483,0.7599138400956822,GSE288000,0.247538103771339,0.05170898180332709,3,True,0.8884036673674964,False
EIF4H,0.10727238085406289,0.702971788931654,GSE278320,0.4494744229147395,0.058205650890128545,3,True,0.8544895178743163,False
EIF4H,0.10727238085406289,0.702971788931654,GSE284044,0.19380803398140553,0.549561839310172,3,True,0.8544895178743163,False
EIF4H,0.10727238085406289,0.702971788931654,GSE287860,-0.12368741471939078,0.8130021804262144,3,False,0.8544895178743163,False
EIF4H,0.10727238085406289,0.702971788931654,GSE288000,-0.2122638692195744,0.597504288551554,3,False,0.8544895178743163,False
EIF4HP1,0.18849985841182348,0.7338080396225801,GSE278320,0.6515832998518812,0.03672917943680363,2,True,0.88093291885384,True
EIF4HP1,0.18849985841182348,0.7338080396225801,GSE284044,0.18849985841182348,0.7338080396225801,3,True,0.88093291885384,False
EIF4HP1,0.18849985841182348,0.7338080396225801,GSE287860,0.014018193547029644,0.9895670222793739,2,True,0.88093291885384,False
EIF4HP1,0.18849985841182348,0.7338080396225801,GSE288000,-0.2554080899610392,0.7330758537384205,2,False,0.88093291885384,False
EIF5,0.7871021168853152,0.002706782525647215,GSE278320,0.6270259026126452,0.0253083109101816,3,True,0.03201925670582681,True
EIF5,0.7871021168853152,0.002706782525647215,GSE284044,0.9411628049582933,0.004105766115454885,3,True,0.03201925670582681,True
EIF5,0.7871021168853152,0.002706782525647215,GSE287860,0.947883900582698,0.0018737325981186984,3,True,0.03201925670582681,True
EIF5,0.7871021168853152,0.002706782525647215,GSE288000,0.6376414700199069,0.018675754829045887,3,True,0.03201925670582681,True
EIF5A,0.33802997972661786,0.5621331758453371,GSE278320,1.0999691317106448,0.014623678821507143,3,True,0.7849931986149186,True
EIF5A,0.33802997972661786,0.5621331758453371,GSE284044,0.5023106743834689,0.45888149334331707,3,True,0.7849931986149186,False
EIF5A,0.33802997972661786,0.5621331758453371,GSE287860,-0.05303341657690111,0.9637589715355412,3,False,0.7849931986149186,False
EIF5A,0.33802997972661786,0.5621331758453371,GSE288000,-0.2831409041754551,0.7604302923198561,3,False,0.7849931986149186,False
EIF5A2,1.2958054064350246,8.51894458663484e-05,GSE278320,1.1976990575653164,0.011272286848564225,3,True,0.0037560801131980887,True
EIF5A2,1.2958054064350246,8.51894458663484e-05,GSE284044,1.6082244298694093,6.703261655766791e-11,3,True,0.0037560801131980887,True
EIF5A2,1.2958054064350246,8.51894458663484e-05,GSE287860,1.208719745837102,0.004581816426504862,3,True,0.0037560801131980887,True
EIF5A2,1.2958054064350246,8.51894458663484e-05,GSE288000,1.2123074452355564,0.0015687968042129678,3,True,0.0037560801131980887,True
EIF5AL1,0.2025208530260547,0.8590366981935205,GSE278320,1.6671852786979704,0.0015677306036410866,2,True,0.9320644264515826,True
EIF5AL1,0.2025208530260547,0.8590366981935205,GSE284044,0.2025208530260547,0.8590366981935205,3,True,0.9320644264515826,False
EIF5AL1,0.2025208530260547,0.8590366981935205,GSE287860,-0.444484142772856,0.8706449801255883,2,False,0.9320644264515826,False
EIF5AL1,0.2025208530260547,0.8590366981935205,GSE288000,-0.9524478749127273,0.6650146399452106,2,False,0.9320644264515826,False
EIF5AP4,0.4411107328065786,0.6552337471321801,GSE278320,1.2394042077625003,0.009410566798236928,2,True,0.8254243308028761,True
EIF5AP4,0.4411107328065786,0.6552337471321801,GSE284044,0.4411107328065786,0.6552337471321801,3,True,0.8254243308028761,False
EIF5AP4,0.4411107328065786,0.6552337471321801,GSE287860,0.18609409350159575,0.9147119328163091,2,True,0.8254243308028761,False
EIF5AP4,0.4411107328065786,0.6552337471321801,GSE288000,-0.20879364670829031,0.8664691908602923,2,False,0.8254243308028761,False
EIF5B,0.5333413938033774,0.16735818817988102,GSE278320,0.9562321144742864,1.1061737539480211e-05,3,True,0.41202396582356493,True
EIF5B,0.5333413938033774,0.16735818817988102,GSE284044,0.5210326336529826,0.262692686484553,3,True,0.41202396582356493,False
EIF5B,0.5333413938033774,0.16735818817988102,GSE287860,0.4291543665251715,0.5419672085761515,3,True,0.41202396582356493,False
EIF5B,0.5333413938033774,0.16735818817988102,GSE288000,0.2510296591256583,0.6331432293124536,3,True,0.41202396582356493,False
EIF6,0.25122434713117264,0.5367412535037628,GSE278320,0.8329926007041171,0.0007465552132634424,3,True,0.7656456116156616,True
EIF6,0.25122434713117264,0.5367412535037628,GSE284044,0.29784303023754133,0.5418466394252623,3,True,0.7656456116156616,False
EIF6,0.25122434713117264,0.5367412535037628,GSE287860,-0.0535211735782631,0.9471476808916426,3,False,0.7656456116156616,False
EIF6,0.25122434713117264,0.5367412535037628,GSE288000,-0.16426247548886347,0.8113322521364855,3,False,0.7656456116156616,False
RPL10,-0.5060943583330317,0.00207750316236488,GSE278320,-0.33293348973903414,4.8737762760986536e-09,3,True,0.026515500888078074,True
RPL10,-0.5060943583330317,0.00207750316236488,GSE284044,-0.6522949640726025,0.006695964077423914,3,True,0.026515500888078074,True
RPL10,-0.5060943583330317,0.00207750316236488,GSE287860,-0.7521517887602437,0.010485956722099912,3,True,0.026515500888078074,True
RPL10,-0.5060943583330317,0.00207750316236488,GSE288000,-0.6655327376631057,0.015431723197552568,3,True,0.026515500888078074,True
RPL10A,-0.26524269064567424,0.1973302753328443,GSE278320,-0.018420888290017104,0.7613559601044101,3,True,0.460479290829905,False
RPL10A,-0.26524269064567424,0.1973302753328443,GSE284044,-0.38203222081466737,0.134259340284771,3,True,0.460479290829905,False
RPL10A,-0.26524269064567424,0.1973302753328443,GSE287860,-0.4211256921494217,0.3071400220777689,3,True,0.460479290829905,False
RPL10A,-0.26524269064567424,0.1973302753328443,GSE288000,-0.437766206188378,0.2544068251266586,3,True,0.460479290829905,False
RPL10AP2,-0.19649085236733005,0.6973336333086819,GSE278320,0.2946338531168982,0.6251284577603162,2,False,0.851906327845619,False
RPL10AP2,-0.19649085236733005,0.6973336333086819,GSE284044,-0.19649085236733005,0.6973336333086819,3,True,0.851906327845619,False
RPL10AP2,-0.19649085236733005,0.6973336333086819,GSE287860,-0.33507105204556975,0.736676219681367,2,True,0.851906327845619,False
RPL10AP2,-0.19649085236733005,0.6973336333086819,GSE288000,-0.37709298428203436,0.5156351457871008,2,True,0.851906327845619,False
RPL10AP6,-0.4757288679822635,0.3059126774247326,GSE278320,-0.022838929874713212,0.9072145010813396,2,True,0.5958540102449611,False
RPL10AP6,-0.4757288679822635,0.3059126774247326,GSE284044,-0.4757288679822635,0.3059126774247326,3,True,0.5958540102449611,False
RPL10AP6,-0.4757288679822635,0.3059126774247326,GSE287860,-0.8110977106602584,0.314456001915132,2,True,0.5958540102449611,False
RPL10AP6,-0.4757288679822635,0.3059126774247326,GSE288000,-0.7519799245357299,0.34875860994662233,2,True,0.5958540102449611,False
RPL10P1,-0.5816039514843989,0.6648709605379304,GSE278320,-0.1328750519120188,0.9433643180776307,1,True,0.8310887006724129,False
RPL10P1,-0.5816039514843989,0.6648709605379304,GSE284044,-0.5816039514843989,0.6648709605379304,2,True,0.8310887006724129,False
RPL10P1,-0.5816039514843989,0.6648709605379304,GSE287860,-1.058583472728437,0.5830343093522362,1,True,0.8310887006724129,False
RPL10P1,-0.5816039514843989,0.6648709605379304,GSE288000,-0.5816039514843989,0.6648709605379304,2,True,0.8310887006724129,False
RPL10P12,-0.383037748602269,0.6029934451441501,GSE278320,-0.2520036289191009,0.752101090287457,1,True,0.7947779040016275,False
RPL10P12,-0.383037748602269,0.6029934451441501,GSE284044,-0.383037748602269,0.6029934451441501,2,True,0.7947779040016275,False
RPL10P12,-0.383037748602269,0.6029934451441501,GSE287860,-1.138218935402021,0.5523220505782391,1,True,0.7947779040016275,False
RPL10P12,-0.383037748602269,0.6029934451441501,GSE288000,-0.383037748602269,0.6029934451441501,2,True,0.7947779040016275,False
RPL10P16,-0.49525728604968855,0.0005715878666098421,GSE278320,-0.47249823794889817,0.001175061183389542,2,True,0.012795541435202975,True
RPL10P16,-0.49525728604968855,0.0005715878666098421,GSE284044,-0.49525728604968855,0.0005715878666098421,3,True,0.012795541435202975,True
RPL10P16,-0.49525728604968855,0.0005715878666098421,GSE287860,-0.5438917902001269,0.019714478792172137,2,True,0.012795541435202975,True
RPL10P16,-0.49525728604968855,0.0005715878666098421,GSE288000,-0.5010071138534747,0.00512332491981054,2,True,0.012795541435202975,True
RPL10P3,-0.3988681829493253,0.5736471184647023,GSE278320,-0.3867968965711718,0.6635778187762278,1,True,0.7849931986149186,False
RPL10P3,-0.3988681829493253,0.5736471184647023,GSE284044,-0.3988681829493253,0.5736471184647023,2,True,0.7849931986149186,False
RPL10P3,-0.3988681829493253,0.5736471184647023,GSE287860,-0.4199113023704955,0.7206014602481507,1,True,0.7849931986149186,False
RPL10P3,-0.3988681829493253,0.5736471184647023,GSE288000,-0.3988681829493253,0.5736471184647023,2,True,0.7849931986149186,False
RPL10P6,-0.6410628414746529,0.4547382923631841,GSE278320,-0.1127184922152636,0.7295924591104264,1,True,0.7061261752064191,False
RPL10P6,-0.6410628414746529,0.4547382923631841,GSE284044,-0.6410628414746529,0.4547382923631841,2,True,0.7061261752064191,False
RPL10P6,-0.6410628414746529,0.4547382923631841,GSE287860,-2.0329898864924294,0.12591661195167272,1,True,0.7061261752064191,False
RPL10P6,-0.6410628414746529,0.4547382923631841,GSE288000,-0.6410628414746529,0.4547382923631841,2,True,0.7061261752064191,False
RPL10P9,-0.3545608383489463,0.029045626956686485,GSE278320,-0.3127272957919391,0.03692993954719208,2,True,0.13510391059122343,True
RPL10P9,-0.3545608383489463,0.029045626956686485,GSE284044,-0.3545608383489463,0.029045626956686485,3,True,0.13510391059122343,True
RPL10P9,-0.3545608383489463,0.029045626956686485,GSE287860,-0.6809545906706848,0.12113088040866812,2,True,0.13510391059122343,False
RPL10P9,-0.3545608383489463,0.029045626956686485,GSE288000,-0.60707376321231,0.3056534667411547,2,True,0.13510391059122343,False
RPL11,-0.41217864154337,0.003236640818512021,GSE278320,-0.31250689397542264,6.355984837494337e-07,3,True,0.03650629760414721,True
RPL11,-0.41217864154337,0.003236640818512021,GSE284044,-0.47557722974020117,0.0055144628557405395,3,True,0.03650629760414721,True
RPL11,-0.41217864154337,0.003236640818512021,GSE287860,-0.5980814682385877,0.04588178099942611,3,True,0.03650629760414721,True
RPL11,-0.41217864154337,0.003236640818512021,GSE288000,-0.5704024163694174,0.057261319847563434,3,True,0.03650629760414721,False
RPL11P3,-0.14170060593290254,0.8635521042351211,GSE278320,-0.2981144783928735,0.8015291215791968,2,True,0.9348722557009681,False
RPL11P3,-0.14170060593290254,0.8635521042351211,GSE284044,-0.14170060593290254,0.8635521042351211,3,True,0.9348722557009681,False
RPL11P3,-0.14170060593290254,0.8635521042351211,GSE287860,0.9202560500036544,0.34564137600750566,2,False,0.9348722557009681,False
RPL11P3,-0.14170060593290254,0.8635521042351211,GSE288000,-0.6688425682906852,0.4718881333827861,2,True,0.9348722557009681,False
RPL12,-0.3266064950713536,0.0345972228522179,GSE278320,-0.19183315294046743,0.001794683212472228,3,True,0.1530280393654569,True
RPL12,-0.3266064950713536,0.0345972228522179,GSE284044,-0.4504954402145753,0.042940624496545066,3,True,0.1530280393654569,True
RPL12,-0.3266064950713536,0.0345972228522179,GSE287860,-0.5029446564837687,0.0763657238322251,3,True,0.1530280393654569,False
RPL12,-0.3266064950713536,0.0345972228522179,GSE288000,-0.4962263742783136,0.05024425176335496,3,True,0.1530280393654569,False
RPL12P12,-0.0483018065349568,0.9335899457567729,GSE278320,0.13286798986587003,0.8406591526724093,2,False,0.9616302130951409,False
RPL12P12,-0.0483018065349568,0.9335899457567729,GSE284044,-0.0483018065349568,0.9335899457567729,3,True,0.9616302130951409,False
RPL12P12,-0.0483018065349568,0.9335899457567729,GSE287860,-0.3384861757132108,0.7254560882792371,2,True,0.9616302130951409,False
RPL12P12,-0.0483018065349568,0.9335899457567729,GSE288000,-0.08791843030672426,0.8875593221690738,2,True,0.9616302130951409,False
RPL12P14,1.7591529937551036,0.0380635956617739,GSE278320,0.7113424498355981,0.48853628103274105,1,True,0.16052907735617689,False
RPL12P14,1.7591529937551036,0.0380635956617739,GSE284044,1.7591529937551036,0.0380635956617739,2,True,0.16052907735617689,True
RPL12P14,1.7591529937551036,0.0380635956617739,GSE287860,2.445645940173468,0.0001856123922026127,1,True,0.16052907735617689,True
RPL12P14,1.7591529937551036,0.0380635956617739,GSE288000,1.7591529937551036,0.0380635956617739,2,True,0.16052907735617689,True
RPL12P17,-0.49774020435982813,0.4565828785975127,GSE278320,-0.2529297877020783,0.7520930483631788,1,True,0.7061261752064191,False
RPL12P17,-0.49774020435982813,0.4565828785975127,GSE284044,-0.49774020435982813,0.4565828785975127,2,True,0.7061261752064191,False
RPL12P17,-0.49774020435982813,0.4565828785975127,GSE287860,-1.0613413926681994,0.3823420332290336,1,True,0.7061261752064191,False
RPL12P17,-0.49774020435982813,0.4565828785975127,GSE288000,-0.49774020435982813,0.4565828785975127,2,True,0.7061261752064191,False
RPL12P38,-0.4757375648295552,0.5694064074127663,GSE278320,-0.2901997895754508,0.7541052343081781,1,True,0.7849931986149186,False
RPL12P38,-0.4757375648295552,0.5694064074127663,GSE284044,-0.4757375648295552,0.5694064074127663,2,True,0.7849931986149186,False
RPL12P38,-0.4757375648295552,0.5694064074127663,GSE287860,-1.2910854265934295,0.5062017324079964,1,True,0.7849931986149186,False
RPL12P38,-0.4757375648295552,0.5694064074127663,GSE288000,-0.4757375648295552,0.5694064074127663,2,True,0.7849931986149186,False
RPL12P4,-0.46474396247278194,0.2075340644682342,GSE278320,-0.1843953797240282,0.38786731592183465,2,True,0.47034589377146535,False
RPL12P4,-0.46474396247278194,0.2075340644682342,GSE284044,-0.46474396247278194,0.2075340644682342,3,True,0.47034589377146535,False
RPL12P4,-0.46474396247278194,0.2075340644682342,GSE287860,-0.989666659811484,0.18316920804333647,2,True,0.47034589377146535,False
RPL12P4,-0.46474396247278194,0.2075340644682342,GSE288000,-0.8324862596381831,0.3656817051443174,2,True,0.47034589377146535,False
RPL12P42,-1.229416230664935,0.17788360607962417,GSE278320,-0.6112411490348194,0.17537807278264406,1,True,0.43353542185235033,False
RPL12P42,-1.229416230664935,0.17788360607962417,GSE284044,-1.229416230664935,0.17788360607962417,2,True,0.43353542185235033,False
RPL12P42,-1.229416230664935,0.17788360607962417,GSE287860,-2.576385594837986,0.04395722622414383,1,True,0.43353542185235033,True
RPL12P42,-1.229416230664935,0.17788360607962417,GSE288000,-1.229416230664935,0.17788360607962417,2,True,0.43353542185235033,False
RPL12P6,-0.2383264569486028,0.5994629540373152,GSE278320,-0.060957351276389904,0.9033386137082025,2,True,0.7947779040016275,False
RPL12P6,-0.2383264569486028,0.5994629540373152,GSE284044,-0.2383264569486028,0.5994629540373152,3,True,0.7947779040016275,False
RPL12P6,-0.2383264569486028,0.5994629540373152,GSE287860,-0.8585694760519238,0.3380522598820934,2,True,0.7947779040016275,False
RPL12P6,-0.2383264569486028,0.5994629540373152,GSE288000,-0.22315375280075214,0.6360442061237053,2,True,0.7947779040016275,False
RPL12P8,-0.25759566744670914,0.7466966540859702,GSE278320,-0.1605738037650855,0.8525514077997184,1,True,0.8854471325958326,False
RPL12P8,-0.25759566744670914,0.7466966540859702,GSE284044,-0.25759566744670914,0.7466966540859702,2,True,0.8854471325958326,False
RPL12P8,-0.25759566744670914,0.7466966540859702,GSE287860,-0.8168114870979953,0.6937207975832591,1,True,0.8854471325958326,False
RPL12P8,-0.25759566744670914,0.7466966540859702,GSE288000,-0.25759566744670914,0.7466966540859702,2,True,0.8854471325958326,False
RPL13,-0.4550409989475471,0.015550514764615036,GSE278320,-0.302530720998195,0.012355285668330988,3,True,0.09427499576047865,True
RPL13,-0.4550409989475471,0.015550514764615036,GSE284044,-0.5315935237405012,0.018105549044601554,3,True,0.09427499576047865,True
RPL13,-0.4550409989475471,0.015550514764615036,GSE287860,-0.6650701321449598,0.03583217056005544,3,True,0.09427499576047865,True
RPL13,-0.4550409989475471,0.015550514764615036,GSE288000,-0.5483358091327243,0.12980454040000725,3,True,0.09427499576047865,False
RPL13A,-0.5153588618947951,0.004100926775271322,GSE278320,-0.3434467957672798,0.00015211530222864486,3,True,0.043238032304491116,True
RPL13A,-0.5153588618947951,0.004100926775271322,GSE284044,-0.6382476106825962,0.008679864114954838,3,True,0.043238032304491116,True
RPL13A,-0.5153588618947951,0.004100926775271322,GSE287860,-0.7222705959086569,0.01553107676306888,3,True,0.043238032304491116,True
RPL13A,-0.5153588618947951,0.004100926775271322,GSE288000,-0.5969419596682491,0.04150505682682226,3,True,0.043238032304491116,True
RPL13AP20,-0.09069981035270809,0.7865108032205956,GSE278320,-0.3171517612009164,0.33131897564158197,1,True,0.9074169925905651,False
RPL13AP20,-0.09069981035270809,0.7865108032205956,GSE284044,-0.09069981035270809,0.7865108032205956,2,True,0.9074169925905651,False
RPL13AP20,-0.09069981035270809,0.7865108032205956,GSE287860,0.4045192612067299,0.4605875460066302,1,False,0.9074169925905651,False
RPL13AP20,-0.09069981035270809,0.7865108032205956,GSE288000,-0.09069981035270809,0.7865108032205956,2,True,0.9074169925905651,False
RPL13AP25,-0.3301588439830732,0.013462406372148976,GSE278320,-0.29789697047977454,0.028632464019551638,2,True,0.08595205275786298,True
RPL13AP25,-0.3301588439830732,0.013462406372148976,GSE284044,-0.3301588439830732,0.013462406372148976,3,True,0.08595205275786298,True
RPL13AP25,-0.3301588439830732,0.013462406372148976,GSE287860,-0.49394093133264416,0.30546068862855313,2,True,0.08595205275786298,False
RPL13AP25,-0.3301588439830732,0.013462406372148976,GSE288000,-0.4773735951260324,0.14929751276982767,2,True,0.08595205275786298,False
RPL13AP3,-0.9053378878062973,0.4518479856580624,GSE278320,-0.979837368155538,0.4945758493298015,1,True,0.7046503956403867,False
RPL13AP3,-0.9053378878062973,0.4518479856580624,GSE284044,-0.9053378878062973,0.4518479856580624,2,True,0.7046503956403867,False
RPL13AP3,-0.9053378878062973,0.4518479856580624,GSE287860,-0.7283993400409176,0.7417907460476374,1,True,0.7046503956403867,False
RPL13AP3,-0.9053378878062973,0.4518479856580624,GSE288000,-0.9053378878062973,0.4518479856580624,2,True,0.7046503956403867,False
RPL13AP5,-0.5295960387050174,0.03176371023247341,GSE278320,-0.33049394808576493,0.0008753906647670672,2,True,0.14264258761805187,True
RPL13AP5,-0.5295960387050174,0.03176371023247341,GSE284044,-0.5295960387050174,0.03176371023247341,3,True,0.14264258761805187,True
RPL13AP5,-0.5295960387050174,0.03176371023247341,GSE287860,-0.8710496393042353,0.07358941747372512,2,True,0.14264258761805187,False
RPL13AP5,-0.5295960387050174,0.03176371023247341,GSE288000,-0.7602268845669721,0.17902509841631487,2,True,0.14264258761805187,False
RPL13AP6,-0.03200949140445114,0.9593285230586465,GSE278320,0.3665838839913435,0.4784538229536336,1,False,0.9727421476833588,False
RPL13AP6,-0.03200949140445114,0.9593285230586465,GSE284044,-0.03200949140445114,0.9593285230586465,2,True,0.9727421476833588,False
RPL13AP6,-0.03200949140445114,0.9593285230586465,GSE287860,-1.0204517270147486,0.3273924956704123,1,True,0.9727421476833588,False
RPL13AP6,-0.03200949140445114,0.9593285230586465,GSE288000,-0.03200949140445114,0.9593285230586465,2,True,0.9727421476833588,False
RPL13AP7,-0.7707236052441508,0.3496458519568847,GSE278320,-0.0818061974079999,0.8519337886044049,1,True,0.6280675488855151,False
RPL13AP7,-0.7707236052441508,0.3496458519568847,GSE284044,-0.7707236052441508,0.3496458519568847,2,True,0.6280675488855151,False
RPL13AP7,-0.7707236052441508,0.3496458519568847,GSE287860,-1.756435892178868,0.03435669678260486,1,True,0.6280675488855151,True
RPL13AP7,-0.7707236052441508,0.3496458519568847,GSE288000,-0.7707236052441508,0.3496458519568847,2,True,0.6280675488855151,False
RPL13P12,-0.46250939519489964,0.012938612128974538,GSE278320,-0.37194734578835204,0.019398677889780894,2,True,0.08595205275786298,True
RPL13P12,-0.46250939519489964,0.012938612128974538,GSE284044,-0.46250939519489964,0.012938612128974538,3,True,0.08595205275786298,True
RPL13P12,-0.46250939519489964,0.012938612128974538,GSE287860,-0.7309915639382364,0.021430668785273933,2,True,0.08595205275786298,True
RPL13P12,-0.46250939519489964,0.012938612128974538,GSE288000,-0.6235254333725371,0.22729837341970516,2,True,0.08595205275786298,False
RPL13P5,-0.5626843945069545,0.6468395859469511,GSE278320,0.2941624736525824,0.38646098266965223,1,False,0.8191049587056691,False
RPL13P5,-0.5626843945069545,0.6468395859469511,GSE284044,-0.5626843945069545,0.6468395859469511,2,True,0.8191049587056691,False
RPL13P5,-0.5626843945069545,0.6468395859469511,GSE287860,-2.323029045710853,0.14017854170234473,1,True,0.8191049587056691,False
RPL13P5,-0.5626843945069545,0.6468395859469511,GSE288000,-0.5626843945069545,0.6468395859469511,2,True,0.8191049587056691,False
RPL14,-0.5174266935908396,0.021293156839046697,GSE278320,-0.18172007364888446,0.0011168856875511273,3,True,0.11225196811888748,True
RPL14,-0.5174266935908396,0.021293156839046697,GSE284044,-0.5722899574584482,0.030844830691336242,3,True,0.11225196811888748,True
RPL14,-0.5174266935908396,0.021293156839046697,GSE287860,-0.7145265061894467,0.14485597888139945,3,True,0.11225196811888748,False
RPL14,-0.5174266935908396,0.021293156839046697,GSE288000,-0.7256197047425778,0.12582864133840155,3,True,0.11225196811888748,False
RPL14P1,-0.7817960799820097,0.15116261013040827,GSE278320,-0.15639024443319963,0.4110020686231173,2,True,0.3798645902240829,False
RPL14P1,-0.7817960799820097,0.15116261013040827,GSE284044,-0.7817960799820097,0.15116261013040827,3,True,0.3798645902240829,False
RPL14P1,-0.7817960799820097,0.15116261013040827,GSE287860,-1.2823738385729737,0.33733204515548076,2,True,0.3798645902240829,False
RPL14P1,-0.7817960799820097,0.15116261013040827,GSE288000,-1.3872408815189758,0.25429929900074544,2,True,0.3798645902240829,False
RPL14P3,-1.1896390765070137,0.24026024419219827,GSE278320,-1.3656855110855612,0.2395371839268704,1,True,0.5044425040398968,False
RPL14P3,-1.1896390765070137,0.24026024419219827,GSE284044,-1.1896390765070137,0.24026024419219827,2,True,0.5044425040398968,False
RPL14P3,-1.1896390765070137,0.24026024419219827,GSE287860,-0.6286545349830194,0.7616677651245244,1,True,0.5044425040398968,False
RPL14P3,-1.1896390765070137,0.24026024419219827,GSE288000,-1.1896390765070137,0.24026024419219827,2,True,0.5044425040398968,False
RPL15,-0.5285724053062304,0.002301722142400079,GSE278320,-0.32147460241023684,9.03012813514845e-09,3,True,0.02790838097660096,True
RPL15,-0.5285724053062304,0.002301722142400079,GSE284044,-0.6035879084771479,0.004309512827241271,3,True,0.02790838097660096,True
RPL15,-0.5285724053062304,0.002301722142400079,GSE287860,-0.7496364063793102,0.0232789205545883,3,True,0.02790838097660096,True
RPL15,-0.5285724053062304,0.002301722142400079,GSE288000,-0.6830725209033645,0.055762136865941295,3,True,0.02790838097660096,False
RPL15P18,-0.8105051566409649,0.29449631001067644,GSE278320,-0.2737555706553737,0.6557273996312991,2,True,0.580612643720236,False
RPL15P18,-0.8105051566409649,0.29449631001067644,GSE284044,-0.8105051566409649,0.29449631001067644,3,True,0.580612643720236,False
RPL15P18,-0.8105051566409649,0.29449631001067644,GSE287860,-1.4717500330096827,0.33149233810411693,2,True,0.580612643720236,False
RPL15P18,-0.8105051566409649,0.29449631001067644,GSE288000,-1.3537769042841912,0.30682438918842003,2,True,0.580612643720236,False
RPL15P2,-0.9968688758102769,0.10599129747703631,GSE278320,-0.4067679521527487,0.1918300490775121,2,True,0.30195897032557983,False
RPL15P2,-0.9968688758102769,0.10599129747703631,GSE284044,-0.9968688758102769,0.10599129747703631,3,True,0.30195897032557983,False
RPL15P2,-0.9968688758102769,0.10599129747703631,GSE287860,-1.8719491745672256,0.013222083138385366,2,True,0.30195897032557983,True
RPL15P2,-0.9968688758102769,0.10599129747703631,GSE288000,-1.0537222476837749,0.2413750681331155,2,True,0.30195897032557983,False
RPL15P20,-0.5610058989960328,0.25828346323145435,GSE278320,-0.5782622967815328,0.2543266582029394,1,True,0.5250649942486082,False
RPL15P20,-0.5610058989960328,0.25828346323145435,GSE284044,-0.5610058989960328,0.25828346323145435,2,True,0.5250649942486082,False
RPL15P20,-0.5610058989960328,0.25828346323145435,GSE287860,-0.1769400067504386,0.9410632933224324,1,True,0.5250649942486082,False
RPL15P20,-0.5610058989960328,0.25828346323145435,GSE288000,-0.5610058989960328,0.25828346323145435,2,True,0.5250649942486082,False
RPL15P3,-0.4812028738134505,0.0017475965034995408,GSE278320,-0.42461738297448093,0.0016684070887193305,2,True,0.022990965959681513,True
RPL15P3,-0.4812028738134505,0.0017475965034995408,GSE284044,-0.4812028738134505,0.0017475965034995408,3,True,0.022990965959681513,True
RPL15P3,-0.4812028738134505,0.0017475965034995408,GSE287860,-0.7470366342158913,0.017112600748710786,2,True,0.022990965959681513,True
RPL15P3,-0.4812028738134505,0.0017475965034995408,GSE288000,-0.6546063119794838,0.13131693458166183,2,True,0.022990965959681513,False
RPL15P5,-0.12350096882816253,0.8863494240634704,GSE278320,-0.8021384099315754,0.34031160505880576,1,True,0.9468955046973465,False
RPL15P5,-0.12350096882816253,0.8863494240634704,GSE284044,-0.12350096882816253,0.8863494240634704,2,True,0.9468955046973465,False
RPL15P5,-0.12350096882816253,0.8863494240634704,GSE287860,0.9767368964118859,0.4185067562792756,1,False,0.9468955046973465,False
RPL15P5,-0.12350096882816253,0.8863494240634704,GSE288000,-0.12350096882816253,0.8863494240634704,2,True,0.9468955046973465,False
RPL17,0.8152802052688791,0.006670199856105689,GSE278320,0.5216485855065984,0.038707348305466294,3,True,0.056755209301951916,True
RPL17,0.8152802052688791,0.006670199856105689,GSE284044,1.1020265068970143,0.00012569172546891263,3,True,0.056755209301951916,True
RPL17,0.8152802052688791,0.006670199856105689,GSE287860,0.8864394852964562,0.09381404600437367,3,True,0.056755209301951916,False
RPL17,0.8152802052688791,0.006670199856105689,GSE288000,0.7882530835114104,0.10182175230865473,3,True,0.056755209301951916,False
RPL17P36,-1.1815045938903446,0.14211270364820977,GSE278320,-0.5881365735668003,0.30564206497191726,1,True,0.37056269499667605,False
RPL17P36,-1.1815045938903446,0.14211270364820977,GSE284044,-1.1815045938903446,0.14211270364820977,2,True,0.37056269499667605,False
RPL17P36,-1.1815045938903446,0.14211270364820977,GSE287860,-2.273229088797292,0.035540505780900684,1,True,0.37056269499667605,True
RPL17P36,-1.1815045938903446,0.14211270364820977,GSE288000,-1.1815045938903446,0.14211270364820977,2,True,0.37056269499667605,False
RPL17P50,0.05916747336019408,0.8439686320765795,GSE278320,0.04258440170435231,0.8934891726875559,2,True,0.9269253072364417,False
RPL17P50,0.05916747336019408,0.8439686320765795,GSE284044,0.05916747336019408,0.8439686320765795,3,True,0.9269253072364417,False
RPL17P50,0.05916747336019408,0.8439686320765795,GSE287860,0.1103487343066566,0.7972377800370138,2,True,0.9269253072364417,False
RPL17P50,0.05916747336019408,0.8439686320765795,GSE288000,0.04253382572380562,0.9115251627599049,2,True,0.9269253072364417,False
RPL18,-0.6048853793532433,0.007498443916212309,GSE278320,-0.3198643250117069,7.324811167383997e-06,3,True,0.061639750836660505,True
RPL18,-0.6048853793532433,0.007498443916212309,GSE284044,-0.683344277069403,0.012288276397468665,3,True,0.061639750836660505,True
RPL18,-0.6048853793532433,0.007498443916212309,GSE287860,-0.773845059146497,0.042530654979958046,3,True,0.061639750836660505,True
RPL18,-0.6048853793532433,0.007498443916212309,GSE288000,-0.7114246900425153,0.08481787094468614,3,True,0.061639750836660505,False
RPL18A,-0.3065199664363464,0.0236206391664934,GSE278320,-0.19506393496723126,0.004482979384757864,3,True,0.1168980611811153,True
RPL18A,-0.3065199664363464,0.0236206391664934,GSE284044,-0.3184911116550737,0.05917464717948012,3,True,0.1168980611811153,False
RPL18A,-0.3065199664363464,0.0236206391664934,GSE287860,-0.4680310571770078,0.01564210788749076,3,True,0.1168980611811153,True
RPL18A,-0.3065199664363464,0.0236206391664934,GSE288000,-0.4009354343513228,0.12140452951098418,3,True,0.1168980611811153,False
RPL18AP3,-0.27681005570821193,0.008320963238500378,GSE278320,-0.26399001945757883,0.012729389213327226,2,True,0.06558242565407373,True
RPL18AP3,-0.27681005570821193,0.008320963238500378,GSE284044,-0.27681005570821193,0.008320963238500378,3,True,0.06558242565407373,True
RPL18AP3,-0.27681005570821193,0.008320963238500378,GSE287860,-0.4483181292546265,0.06572762357284388,2,True,0.06558242565407373,False
RPL18AP3,-0.27681005570821193,0.008320963238500378,GSE288000,-0.2537596608731016,0.027110913201667943,2,True,0.06558242565407373,True
RPL18AP7,-0.22196121858153894,0.7547243977765058,GSE278320,-0.8719053376736291,0.10472915285197514,2,True,0.8876937554352133,False
RPL18AP7,-0.22196121858153894,0.7547243977765058,GSE284044,-0.22196121858153894,0.7547243977765058,3,True,0.8876937554352133,False
RPL18AP7,-0.22196121858153894,0.7547243977765058,GSE287860,0.05381872903510349,0.9651721959430095,2,False,0.8876937554352133,False
RPL18AP7,-0.22196121858153894,0.7547243977765058,GSE288000,0.22831309920533796,0.8156744033593697,2,False,0.8876937554352133,False
RPL19,-0.5195489157393287,0.008383732764025919,GSE278320,-0.2642465692914511,2.0420842488988415e-05,3,True,0.06558242565407373,True
RPL19,-0.5195489157393287,0.008383732764025919,GSE284044,-0.5620002569553453,0.016878044733856224,3,True,0.06558242565407373,True
RPL19,-0.5195489157393287,0.008383732764025919,GSE287860,-0.8057527549615286,0.07538483437494681,3,True,0.06558242565407373,False
RPL19,-0.5195489157393287,0.008383732764025919,GSE288000,-0.8119029005780727,0.06346241207748257,3,True,0.06558242565407373,False
RPL19P16,-0.16138380597956387,0.8922293724673965,GSE278320,0.7476209115723342,0.596676132643897,1,False,0.9468955046973465,False
RPL19P16,-0.16138380597956387,0.8922293724673965,GSE284044,-0.16138380597956387,0.8922293724673965,2,True,0.9468955046973465,False
RPL19P16,-0.16138380597956387,0.8922293724673965,GSE287860,-1.722298022952347,0.3644261614423854,1,True,0.9468955046973465,False
RPL19P16,-0.16138380597956387,0.8922293724673965,GSE288000,-0.16138380597956387,0.8922293724673965,2,True,0.9468955046973465,False
RPL19P5,-0.6238216052256687,0.47173266875189457,GSE278320,-0.4428880081191835,0.650595532496209,1,True,0.7085344366671039,False
RPL19P5,-0.6238216052256687,0.47173266875189457,GSE284044,-0.6238216052256687,0.47173266875189457,2,True,0.7085344366671039,False
RPL19P5,-0.6238216052256687,0.47173266875189457,GSE287860,-1.2878304598408037,0.4917670589060077,1,True,0.7085344366671039,False
RPL19P5,-0.6238216052256687,0.47173266875189457,GSE288000,-0.6238216052256687,0.47173266875189457,2,True,0.7085344366671039,False
RPL21,-0.16892708764094977,0.2333421754616002,GSE278320,-0.047301026775738074,0.3961638018696537,3,True,0.5029820226616715,False
RPL21,-0.16892708764094977,0.2333421754616002,GSE284044,-0.1973323324913121,0.25103820673753563,3,True,0.5029820226616715,False
RPL21,-0.16892708764094977,0.2333421754616002,GSE287860,-0.36903506651565526,0.24531986302379516,3,True,0.5029820226616715,False
RPL21,-0.16892708764094977,0.2333421754616002,GSE288000,-0.3743981112539372,0.208627578767269,3,True,0.5029820226616715,False
RPL21P10,0.7131524895842067,0.627127960795546,GSE278320,-0.5856108045155368,0.636047392304784,2,False,0.8067826551348536,False
RPL21P10,0.7131524895842067,0.627127960795546,GSE284044,0.7131524895842067,0.627127960795546,3,True,0.8067826551348536,False
RPL21P10,0.7131524895842067,0.627127960795546,GSE287860,2.1801162266323795,0.016367365495921323,2,True,0.8067826551348536,True
RPL21P10,0.7131524895842067,0.627127960795546,GSE288000,0.6243367483233764,0.7790133957784575,2,True,0.8067826551348536,False
RPL21P11,-0.17892739403616742,0.7620122177832547,GSE278320,0.0649029080472173,0.9317597924646972,1,False,0.8884036673674964,False
RPL21P11,-0.17892739403616742,0.7620122177832547,GSE284044,-0.17892739403616742,0.7620122177832547,2,True,0.8884036673674964,False
RPL21P11,-0.17892739403616742,0.7620122177832547,GSE287860,-0.5565771526026579,0.555154933519804,1,True,0.8884036673674964,False
RPL21P11,-0.17892739403616742,0.7620122177832547,GSE288000,-0.17892739403616742,0.7620122177832547,2,True,0.8884036673674964,False
RPL21P120,-0.7323965759832893,0.4062459567111768,GSE278320,-0.6437065860461154,0.5101818543536678,1,True,0.6584024935442807,False
RPL21P120,-0.7323965759832893,0.4062459567111768,GSE284044,-0.7323965759832893,0.4062459567111768,2,True,0.6584024935442807,False
RPL21P120,-0.7323965759832893,0.4062459567111768,GSE287860,-1.120427277858062,0.5836822181199999,1,True,0.6584024935442807,False
RPL21P120,-0.7323965759832893,0.4062459567111768,GSE288000,-0.7323965759832893,0.4062459567111768,2,True,0.6584024935442807,False
RPL21P16,-0.4585477289148572,0.2733314610418828,GSE278320,-0.12039103537052932,0.38946518844708733,2,True,0.5455381012564327,False
RPL21P16,-0.4585477289148572,0.2733314610418828,GSE284044,-0.4585477289148572,0.2733314610418828,3,True,0.5455381012564327,False
RPL21P16,-0.4585477289148572,0.2733314610418828,GSE287860,-1.4606246731293047,0.321780241134658,2,True,0.5455381012564327,False
RPL21P16,-0.4585477289148572,0.2733314610418828,GSE288000,-1.4164498050617729,0.3465627639794956,2,True,0.5455381012564327,False
RPL21P28,-0.5680597394458939,0.21129664111330204,GSE278320,-0.13808884660401544,0.3217940861819448,2,True,0.47325348572041115,False
RPL21P28,-0.5680597394458939,0.21129664111330204,GSE284044,-0.5680597394458939,0.21129664111330204,3,True,0.47325348572041115,False
RPL21P28,-0.5680597394458939,0.21129664111330204,GSE287860,-1.0119127392728346,0.1418853109429415,2,True,0.47325348572041115,False
RPL21P28,-0.5680597394458939,0.21129664111330204,GSE288000,-0.783383940595562,0.31457427295153517,2,True,0.47325348572041115,False
RPL21P75,-0.4832910010535868,0.10646388438283332,GSE278320,-0.47081117813941264,0.11919212886267277,2,True,0.30195897032557983,False
RPL21P75,-0.4832910010535868,0.10646388438283332,GSE284044,-0.4832910010535868,0.10646388438283332,3,True,0.30195897032557983,False
RPL21P75,-0.4832910010535868,0.10646388438283332,GSE287860,-0.9368470349409586,0.4039741376048658,2,True,0.30195897032557983,False
RPL21P75,-0.4832910010535868,0.10646388438283332,GSE288000,-0.462167811376474,0.13299653474157594,2,True,0.30195897032557983,False
RPL21P89,-0.41464276081485407,0.5902303999028788,GSE278320,-0.8037101222166295,0.3613917594072641,1,True,0.7907782982124206,False
RPL21P89,-0.41464276081485407,0.5902303999028788,GSE284044,-0.41464276081485407,0.5902303999028788,2,True,0.7907782982124206,False
RPL21P89,-0.41464276081485407,0.5902303999028788,GSE287860,0.8492270807588578,0.5925922236232575,1,False,0.7907782982124206,False
RPL21P89,-0.41464276081485407,0.5902303999028788,GSE288000,-0.41464276081485407,0.5902303999028788,2,True,0.7907782982124206,False
RPL21P93,1.218358127498187,0.24858658612551088,GSE278320,1.8084116302382895,0.06178867347572838,1,True,0.51304040115265,False
RPL21P93,1.218358127498187,0.24858658612551088,GSE284044,1.218358127498187,0.24858658612551088,2,True,0.51304040115265,False
RPL21P93,1.218358127498187,0.24858658612551088,GSE287860,-0.6713971498295879,0.7420326039237981,1,False,0.51304040115265,False
RPL21P93,1.218358127498187,0.24858658612551088,GSE288000,1.218358127498187,0.24858658612551088,2,True,0.51304040115265,False
RPL22,-0.6390579538968327,0.027426624101023832,GSE278320,-0.21392198229027753,0.0007571712414805868,3,True,0.13041090871565253,True
RPL22,-0.6390579538968327,0.027426624101023832,GSE284044,-0.7376742027160816,0.027690670639581732,3,True,0.13041090871565253,True
RPL22,-0.6390579538968327,0.027426624101023832,GSE287860,-0.8366717322003907,0.13603298018281684,3,True,0.13041090871565253,False
RPL22,-0.6390579538968327,0.027426624101023832,GSE288000,-0.7763800780594446,0.2010347007556429,3,True,0.13041090871565253,False
RPL22L1,0.1592021439017683,0.6810910571265997,GSE278320,0.6191582738733323,0.04692129476632261,3,True,0.8405322206269742,True
RPL22L1,0.1592021439017683,0.6810910571265997,GSE284044,0.27924898934045944,0.5252243919790577,3,True,0.8405322206269742,False
RPL22L1,0.1592021439017683,0.6810910571265997,GSE287860,-0.1316415403780869,0.8462900521495285,3,False,0.8405322206269742,False
RPL22L1,0.1592021439017683,0.6810910571265997,GSE288000,-0.21549490469131782,0.7132056339769008,3,False,0.8405322206269742,False
RPL22P1,-0.5305956148398051,0.06386401884334322,GSE278320,-0.4156309344622585,0.18598319705301192,1,True,0.2212432081358676,False
RPL22P1,-0.5305956148398051,0.06386401884334322,GSE284044,-0.5305956148398051,0.06386401884334322,2,True,0.2212432081358676,False
RPL22P1,-0.5305956148398051,0.06386401884334322,GSE287860,-1.0922784650110609,0.11584685686335908,1,True,0.2212432081358676,False
RPL22P1,-0.5305956148398051,0.06386401884334322,GSE288000,-0.5305956148398051,0.06386401884334322,2,True,0.2212432081358676,False
RPL22P16,-0.9170006930862871,0.24181487344213493,GSE278320,-1.044647251501836,0.24485846720420112,1,True,0.5055181621527389,False
RPL22P16,-0.9170006930862871,0.24181487344213493,GSE284044,-0.9170006930862871,0.24181487344213493,2,True,0.5055181621527389,False
RPL22P16,-0.9170006930862871,0.24181487344213493,GSE287860,-0.5113180750298881,0.7495062953473324,1,True,0.5055181621527389,False
RPL22P16,-0.9170006930862871,0.24181487344213493,GSE288000,-0.9170006930862871,0.24181487344213493,2,True,0.5055181621527389,False
RPL22P2,-1.1837186004922868,0.0014488224393258945,GSE278320,-1.0735513946113444,0.0287427609656805,2,True,0.022180495326751874,True
RPL22P2,-1.1837186004922868,0.0014488224393258945,GSE284044,-1.1837186004922868,0.0014488224393258945,3,True,0.022180495326751874,True
RPL22P2,-1.1837186004922868,0.0014488224393258945,GSE287860,-0.631777791768357,0.39821761570723546,2,True,0.022180495326751874,False
RPL22P2,-1.1837186004922868,0.0014488224393258945,GSE288000,-1.3845095477832978,0.000723504441054009,2,True,0.022180495326751874,True
RPL22P24,-0.12482442125299704,0.7988772349364163,GSE278320,-0.12482442125299704,0.7988772349364163,2,True,0.9103158346302646,False
RPL22P24,-0.12482442125299704,0.7988772349364163,GSE284044,-0.12482442125299704,0.7988772349364163,2,True,0.9103158346302646,False
RPL22P24,-0.12482442125299704,0.7988772349364163,GSE287860,0.0783028468082217,0.943771819238962,1,False,0.9103158346302646,False
RPL22P24,-0.12482442125299704,0.7988772349364163,GSE288000,-0.1739387495103509,0.7500148610681394,1,True,0.9103158346302646,False
RPL23,-0.45155965982112406,0.02161523771193997,GSE278320,-0.2178102460552887,0.0003158137745021799,3,True,0.1125977535402051,True
RPL23,-0.45155965982112406,0.02161523771193997,GSE284044,-0.5727789041785838,0.021709834609383524,3,True,0.1125977535402051,True
RPL23,-0.45155965982112406,0.02161523771193997,GSE287860,-0.7232279267337854,0.08247104570621631,3,True,0.1125977535402051,False
RPL23,-0.45155965982112406,0.02161523771193997,GSE288000,-0.7206767783323835,0.06909189443451125,3,True,0.1125977535402051,False
RPL23A,-0.3248392329675257,0.020473422569375933,GSE278320,-0.2030526139682271,0.00115952246717505,3,True,0.10911659281480579,True
RPL23A,-0.3248392329675257,0.020473422569375933,GSE284044,-0.34399375493033957,0.031950651800940935,3,True,0.10911659281480579,True
RPL23A,-0.3248392329675257,0.020473422569375933,GSE287860,-0.5362296881296723,0.03805712289582752,3,True,0.10911659281480579,True
RPL23A,-0.3248392329675257,0.020473422569375933,GSE288000,-0.4693763958987086,0.16105382254971834,3,True,0.10911659281480579,False
RPL23AP18,-1.0765308446829147,0.2597251134542503,GSE278320,-1.8467490823309614,0.16364196461541547,1,True,0.5250649942486082,False
RPL23AP18,-1.0765308446829147,0.2597251134542503,GSE284044,-1.0765308446829147,0.2597251134542503,2,True,0.5250649942486082,False
RPL23AP18,-1.0765308446829147,0.2597251134542503,GSE287860,-0.2452774079999134,0.858659202882166,1,True,0.5250649942486082,False
RPL23AP18,-1.0765308446829147,0.2597251134542503,GSE288000,-1.0765308446829147,0.2597251134542503,2,True,0.5250649942486082,False
RPL23AP2,-0.6453388653996188,0.39259636056111025,GSE278320,-1.2953674767905672,0.24944138678069072,1,True,0.6520277034262948,False
RPL23AP2,-0.6453388653996188,0.39259636056111025,GSE284044,-0.6453388653996188,0.39259636056111025,2,True,0.6520277034262948,False
RPL23AP2,-0.6453388653996188,0.39259636056111025,GSE287860,-0.1125785547735427,0.9119638429447876,1,True,0.6520277034262948,False
RPL23AP2,-0.6453388653996188,0.39259636056111025,GSE288000,-0.6453388653996188,0.39259636056111025,2,True,0.6520277034262948,False
RPL23AP3,-0.6077827541620081,0.4420263106456256,GSE278320,-0.6870594801974709,0.4373787836302452,1,True,0.6915572924617045,False
RPL23AP3,-0.6077827541620081,0.4420263106456256,GSE284044,-0.6077827541620081,0.4420263106456256,2,True,0.6915572924617045,False
RPL23AP3,-0.6077827541620081,0.4420263106456256,GSE287860,-0.2934158502597283,0.8677206360150626,1,True,0.6915572924617045,False
RPL23AP3,-0.6077827541620081,0.4420263106456256,GSE288000,-0.6077827541620081,0.4420263106456256,2,True,0.6915572924617045,False
RPL23AP42,-0.4269954940609046,0.06434148430965139,GSE278320,-0.296328779168946,0.14684947676671128,2,True,0.22131645312185055,False
RPL23AP42,-0.4269954940609046,0.06434148430965139,GSE284044,-0.4269954940609046,0.06434148430965139,3,True,0.22131645312185055,False
RPL23AP42,-0.4269954940609046,0.06434148430965139,GSE287860,-0.6774655027693693,0.04790496350445468,2,True,0.22131645312185055,True
RPL23AP42,-0.4269954940609046,0.06434148430965139,GSE288000,-0.5657427673635254,0.2594809849984513,2,True,0.22131645312185055,False
RPL23AP43,0.05613303832461569,0.9607082242068636,GSE278320,0.1435769403766548,0.9138166063897608,1,True,0.9727421476833588,False
RPL23AP43,0.05613303832461569,0.9607082242068636,GSE284044,0.05613303832461569,0.9607082242068636,2,True,0.9727421476833588,False
RPL23AP43,0.05613303832461569,0.9607082242068636,GSE287860,-0.1897422596843559,0.9320278367963561,1,False,0.9727421476833588,False
RPL23AP43,0.05613303832461569,0.9607082242068636,GSE288000,0.05613303832461569,0.9607082242068636,2,True,0.9727421476833588,False
RPL23AP49,-0.35035711774354467,0.5785536776702568,GSE278320,0.0390763510637114,0.9464361625630976,1,False,0.7849931986149186,False
RPL23AP49,-0.35035711774354467,0.5785536776702568,GSE284044,-0.35035711774354467,0.5785536776702568,2,True,0.7849931986149186,False
RPL23AP49,-0.35035711774354467,0.5785536776702568,GSE287860,-1.3718202650590974,0.21612027973073444,1,True,0.7849931986149186,False
RPL23AP49,-0.35035711774354467,0.5785536776702568,GSE288000,-0.35035711774354467,0.5785536776702568,2,True,0.7849931986149186,False
RPL23AP53,0.6059820961373216,0.0016909722202864067,GSE278320,0.6383735433916337,0.0015704246185716461,1,True,0.022990965959681513,True
RPL23AP53,0.6059820961373216,0.0016909722202864067,GSE284044,0.6059820961373216,0.0016909722202864067,2,True,0.022990965959681513,True
RPL23AP53,0.6059820961373216,0.0016909722202864067,GSE287860,0.2637479025737415,0.6878110997521136,1,True,0.022990965959681513,False
RPL23AP53,0.6059820961373216,0.0016909722202864067,GSE288000,0.6059820961373216,0.0016909722202864067,2,True,0.022990965959681513,True
RPL23AP57,0.09172219681137542,0.8703917390288396,GSE278320,-0.0016726209673944,0.9978659065172928,1,False,0.9401781590846041,False
RPL23AP57,0.09172219681137542,0.8703917390288396,GSE284044,0.09172219681137542,0.8703917390288396,2,True,0.9401781590846041,False
RPL23AP57,0.09172219681137542,0.8703917390288396,GSE287860,0.4850322256390113,0.7054635465176271,1,True,0.9401781590846041,False
RPL23AP57,0.09172219681137542,0.8703917390288396,GSE288000,0.09172219681137542,0.8703917390288396,2,True,0.9401781590846041,False
RPL23AP64,0.8308347729328274,0.36555519666249636,GSE278320,-0.18598787414504728,0.6258384309068151,2,False,0.6331938227903955,False
RPL23AP64,0.8308347729328274,0.36555519666249636,GSE284044,0.8308347729328274,0.36555519666249636,3,True,0.6331938227903955,False
RPL23AP64,0.8308347729328274,0.36555519666249636,GSE287860,1.5993480293981854,0.38573493037714446,2,True,0.6331938227903955,False
RPL23AP64,0.8308347729328274,0.36555519666249636,GSE288000,1.556554869153684,0.4086105663570829,2,True,0.6331938227903955,False
RPL23AP65,-0.2810776465075698,0.40725927435728704,GSE278320,-0.057568510218981746,0.8604951252059349,2,True,0.6584024935442807,False
RPL23AP65,-0.2810776465075698,0.40725927435728704,GSE284044,-0.2810776465075698,0.40725927435728704,3,True,0.6584024935442807,False
RPL23AP65,-0.2810776465075698,0.40725927435728704,GSE287860,-0.9966846528105237,0.11743090978752053,2,True,0.6584024935442807,False
RPL23AP65,-0.2810776465075698,0.40725927435728704,GSE288000,-0.44065939035397983,0.4506399681855432,2,True,0.6584024935442807,False
RPL23AP7,0.7061420531231637,0.06335304694248126,GSE278320,0.994707409453258,3.9390446193099954e-08,1,True,0.22105199832448497,True
RPL23AP7,0.7061420531231637,0.06335304694248126,GSE284044,0.7061420531231637,0.06335304694248126,2,True,0.22105199832448497,False
RPL23AP7,0.7061420531231637,0.06335304694248126,GSE287860,0.2048926651115801,0.6474709059845349,1,True,0.22105199832448497,False
RPL23AP7,0.7061420531231637,0.06335304694248126,GSE288000,0.7061420531231637,0.06335304694248126,2,True,0.22105199832448497,False
RPL23AP82,0.23130258374680826,0.6064101178962042,GSE278320,0.5906845559565497,7.714484159079277e-05,1,True,0.7947779040016275,True
RPL23AP82,0.23130258374680826,0.6064101178962042,GSE284044,0.23130258374680826,0.6064101178962042,2,True,0.7947779040016275,False
RPL23AP82,0.23130258374680826,0.6064101178962042,GSE287860,-0.3295456653711519,0.46964366101712285,1,False,0.7947779040016275,False
RPL23AP82,0.23130258374680826,0.6064101178962042,GSE288000,0.23130258374680826,0.6064101178962042,2,True,0.7947779040016275,False
RPL23AP87,0.8610699576399504,0.0938438723502043,GSE278320,0.8961547484954175,0.0983895710144318,1,True,0.2826973794400564,False
RPL23AP87,0.8610699576399504,0.0938438723502043,GSE284044,0.8610699576399504,0.0938438723502043,2,True,0.2826973794400564,False
RPL23AP87,0.8610699576399504,0.0938438723502043,GSE287860,0.5510655110785779,0.7324298931256175,1,True,0.2826973794400564,False
RPL23AP87,0.8610699576399504,0.0938438723502043,GSE288000,0.8610699576399504,0.0938438723502043,2,True,0.2826973794400564,False
RPL23AP97,-1.1076189531340883,0.1950376657696834,GSE278320,-1.0435171141176862,0.2785250291616781,1,True,0.460479290829905,False
RPL23AP97,-1.1076189531340883,0.1950376657696834,GSE284044,-1.1076189531340883,0.1950376657696834,2,True,0.460479290829905,False
RPL23AP97,-1.1076189531340883,0.1950376657696834,GSE287860,-1.3457170699392011,0.4683926845325571,1,True,0.460479290829905,False
RPL23AP97,-1.1076189531340883,0.1950376657696834,GSE288000,-1.1076189531340883,0.1950376657696834,2,True,0.460479290829905,False
RPL23P2,0.19320595748030542,0.9168959213085649,GSE278320,-1.6687754916527495,0.01834818105421228,1,False,0.9522366634575031,True
RPL23P2,0.19320595748030542,0.9168959213085649,GSE284044,0.19320595748030542,0.9168959213085649,2,True,0.9522366634575031,False
RPL23P2,0.19320595748030542,0.9168959213085649,GSE287860,2.03451250465534,0.0017826935710736588,1,True,0.9522366634575031,True
RPL23P2,0.19320595748030542,0.9168959213085649,GSE288000,0.19320595748030542,0.9168959213085649,2,True,0.9522366634575031,False
RPL23P8,-0.9750542526685462,0.07601757686970392,GSE278320,-0.6790313166148757,0.14897466639207502,1,True,0.2518159128426397,False
RPL23P8,-0.9750542526685462,0.07601757686970392,GSE284044,-0.9750542526685462,0.07601757686970392,2,True,0.2518159128426397,False
RPL23P8,-0.9750542526685462,0.07601757686970392,GSE287860,-1.9952653576899904,0.06561885074879245,1,True,0.2518159128426397,False
RPL23P8,-0.9750542526685462,0.07601757686970392,GSE288000,-0.9750542526685462,0.07601757686970392,2,True,0.2518159128426397,False
RPL24,-0.27650943579586906,0.08706753875954812,GSE278320,-0.07140548834028523,0.24349652366094154,3,True,0.2670981047298994,False
RPL24,-0.27650943579586906,0.08706753875954812,GSE284044,-0.26188678634621715,0.16735186762736087,3,True,0.2670981047298994,False
RPL24,-0.27650943579586906,0.08706753875954812,GSE287860,-0.4898976342750753,0.12077069455008475,3,True,0.2670981047298994,False
RPL24,-0.27650943579586906,0.08706753875954812,GSE288000,-0.48290711916366424,0.1278502433930873,3,True,0.2670981047298994,False
RPL24P2,-0.493171851291928,0.3383144165606986,GSE278320,-0.47349860156985624,0.40375360158437734,2,True,0.6160639965250869,False
RPL24P2,-0.493171851291928,0.3383144165606986,GSE284044,-0.493171851291928,0.3383144165606986,3,True,0.6160639965250869,False
RPL24P2,-0.493171851291928,0.3383144165606986,GSE287860,-0.26357922477735335,0.7854067017712972,2,True,0.6160639965250869,False
RPL24P2,-0.493171851291928,0.3383144165606986,GSE288000,-0.5842262911318103,0.2840324791667628,2,True,0.6160639965250869,False
RPL24P4,-0.2147381690507318,0.3168344738445368,GSE278320,-0.046192546055550954,0.8305117064347945,2,True,0.6020426443936984,False
RPL24P4,-0.2147381690507318,0.3168344738445368,GSE284044,-0.2147381690507318,0.3168344738445368,3,True,0.6020426443936984,False
RPL24P4,-0.2147381690507318,0.3168344738445368,GSE287860,-0.4997268151438554,0.09597535176211867,2,True,0.6020426443936984,False
RPL24P4,-0.2147381690507318,0.3168344738445368,GSE288000,-0.27242092403219403,0.4462630572253342,2,True,0.6020426443936984,False
RPL24P8,-0.2520022944233196,0.47186932586283414,GSE278320,-0.13466997600266908,0.7393644644120547,2,True,0.7085344366671039,False
RPL24P8,-0.2520022944233196,0.47186932586283414,GSE284044,-0.2520022944233196,0.47186932586283414,3,True,0.7085344366671039,False
RPL24P8,-0.2520022944233196,0.47186932586283414,GSE287860,-0.4910074675737701,0.41750467807468294,2,True,0.7085344366671039,False
RPL24P8,-0.2520022944233196,0.47186932586283414,GSE288000,-0.2606277740416733,0.4762231671080208,2,True,0.7085344366671039,False
RPL26,0.14289167116599577,0.580018703958035,GSE278320,-0.1898647795314583,0.016057274661677348,3,False,0.7849931986149186,True
RPL26,0.14289167116599577,0.580018703958035,GSE284044,0.2316946159209045,0.48374005001344156,3,True,0.7849931986149186,False
RPL26,0.14289167116599577,0.580018703958035,GSE287860,0.2919575775388631,0.4893280968367131,3,True,0.7849931986149186,False
RPL26,0.14289167116599577,0.580018703958035,GSE288000,0.278984814957888,0.5068984304492561,3,True,0.7849931986149186,False
RPL26L1,0.027412614214129525,0.9126065897149739,GSE278320,0.22061058888417512,0.3510945878736599,3,True,0.9518584860468007,False
RPL26L1,0.027412614214129525,0.9126065897149739,GSE284044,0.12622643362967828,0.6867782034644412,3,True,0.9518584860468007,False
RPL26L1,0.027412614214129525,0.9126065897149739,GSE287860,-0.11494257119449558,0.776956056438878,3,False,0.9518584860468007,False
RPL26L1,0.027412614214129525,0.9126065897149739,GSE288000,-0.1902196775610405,0.5113215894386424,3,False,0.9518584860468007,False
RPL26P19,-0.3022509821612224,0.17277992202786918,GSE278320,-0.23744603388608418,0.3394636358086478,2,True,0.42322354638139675,False
RPL26P19,-0.3022509821612224,0.17277992202786918,GSE284044,-0.3022509821612224,0.17277992202786918,3,True,0.42322354638139675,False
RPL26P19,-0.3022509821612224,0.17277992202786918,GSE287860,-0.7695740103890517,0.05267969590393305,2,True,0.42322354638139675,False
RPL26P19,-0.3022509821612224,0.17277992202786918,GSE288000,-0.26587562376904084,0.4077366486107329,2,True,0.42322354638139675,False
RPL26P30,0.00886694711249259,0.9904292302236418,GSE278320,0.4134640472984364,0.7425912713185072,1,True,0.9924755716084014,False
RPL26P30,0.00886694711249259,0.9904292302236418,GSE284044,0.00886694711249259,0.9904292302236418,2,True,0.9924755716084014,False
RPL26P30,0.00886694711249259,0.9904292302236418,GSE287860,-0.2040081539986372,0.8232201450937405,1,False,0.9924755716084014,False
RPL26P30,0.00886694711249259,0.9904292302236418,GSE288000,0.00886694711249259,0.9904292302236418,2,True,0.9924755716084014,False
RPL26P36,-0.7150754160890569,0.20250700627307172,GSE278320,-0.35664714653458746,0.22601441586912863,2,True,0.4648114274723844,False
RPL26P36,-0.7150754160890569,0.20250700627307172,GSE284044,-0.7150754160890569,0.20250700627307172,3,True,0.4648114274723844,False
RPL26P36,-0.7150754160890569,0.20250700627307172,GSE287860,-1.441365867345101,0.18845281606863273,2,True,0.4648114274723844,False
RPL26P36,-0.7150754160890569,0.20250700627307172,GSE288000,-1.1334979650363117,0.28774815128985276,2,True,0.4648114274723844,False
RPL26P6,0.5622201973015452,0.25982597653539374,GSE278320,0.6410134521159793,0.23901732419634114,2,True,0.5250649942486082,False
RPL26P6,0.5622201973015452,0.25982597653539374,GSE284044,0.5622201973015452,0.25982597653539374,3,True,0.5250649942486082,False
RPL26P6,0.5622201973015452,0.25982597653539374,GSE287860,0.8670962437136086,0.34973188689200785,2,True,0.5250649942486082,False
RPL26P6,0.5622201973015452,0.25982597653539374,GSE288000,0.38478192868767536,0.4718262276426022,2,True,0.5250649942486082,False
RPL27,-0.21772762274737345,0.05086447163188151,GSE278320,-0.13312492795214997,0.13179363508344683,3,True,0.19424621056269709,False
RPL27,-0.21772762274737345,0.05086447163188151,GSE284044,-0.1812695786534628,0.12863801123719984,3,True,0.19424621056269709,False
RPL27,-0.21772762274737345,0.05086447163188151,GSE287860,-0.3308245903533045,0.0059347481840051905,3,True,0.19424621056269709,True
RPL27,-0.21772762274737345,0.05086447163188151,GSE288000,-0.2798334948268485,0.12265882180448584,3,True,0.19424621056269709,False
RPL27A,-0.3253457814448068,0.01752350142315493,GSE278320,-0.19357920939552214,0.0037727071466182992,3,True,0.09998703753211931,True
RPL27A,-0.3253457814448068,0.01752350142315493,GSE284044,-0.297957644532966,0.06206477974734224,3,True,0.09998703753211931,False
RPL27A,-0.3253457814448068,0.01752350142315493,GSE287860,-0.5259452196782292,0.03213482929825163,3,True,0.09998703753211931,True
RPL27A,-0.3253457814448068,0.01752350142315493,GSE288000,-0.5037779497604219,0.06826693383035802,3,True,0.09998703753211931,False
RPL28,-0.7377388372322599,0.005834034935851758,GSE278320,-0.3690980254264648,0.00039511828164181953,3,True,0.051445580797965504,True
RPL28,-0.7377388372322599,0.005834034935851758,GSE284044,-0.9499237012004649,0.009953238127125133,3,True,0.051445580797965504,True
RPL28,-0.7377388372322599,0.005834034935851758,GSE287860,-0.9984457538664993,0.02519741962594497,3,True,0.051445580797965504,True
RPL28,-0.7377388372322599,0.005834034935851758,GSE288000,-0.8696722322727022,0.04161714270302211,3,True,0.051445580797965504,True
RPL28P2,0.6940319462783537,0.609654324584457,GSE278320,-0.6390815834795107,0.20228168957350745,2,False,0.7947779040016275,False
RPL28P2,0.6940319462783537,0.609654324584457,GSE284044,0.6940319462783537,0.609654324584457,3,True,0.7947779040016275,False
RPL28P2,0.6940319462783537,0.609654324584457,GSE287860,1.3108009574531323,0.5246348044754883,2,True,0.7947779040016275,False
RPL28P2,0.6940319462783537,0.609654324584457,GSE288000,1.4076936665058908,0.47009440675456626,2,True,0.7947779040016275,False
RPL29,-0.2944882054626176,0.016475110843542504,GSE278320,-0.19863689482163593,0.0005377782677055569,3,True,0.09744425315997701,True
RPL29,-0.2944882054626176,0.016475110843542504,GSE284044,-0.3454411049072296,0.041427502714391544,3,True,0.09744425315997701,True
RPL29,-0.2944882054626176,0.016475110843542504,GSE287860,-0.4417572344407164,0.03461479884048454,3,True,0.09744425315997701,True
RPL29,-0.2944882054626176,0.016475110843542504,GSE288000,-0.36900324034840487,0.08644735124118709,3,True,0.09744425315997701,False
RPL29P11,-0.3726184275973169,0.14436462999944463,GSE278320,-0.3150800966841088,0.2549959541872199,2,True,0.3724300295198439,False
RPL29P11,-0.3726184275973169,0.14436462999944463,GSE284044,-0.3726184275973169,0.14436462999944463,3,True,0.3724300295198439,False
RPL29P11,-0.3726184275973169,0.14436462999944463,GSE287860,-0.4542833029041624,0.3150297890353664,2,True,0.3724300295198439,False
RPL29P11,-0.3726184275973169,0.14436462999944463,GSE288000,-0.4001879764203428,0.15301376665633482,2,True,0.3724300295198439,False
RPL29P12,-0.34136536348429947,0.7001209658821269,GSE278320,-0.4611667366680456,0.6587977649833616,1,True,0.853162483549828,False
RPL29P12,-0.34136536348429947,0.7001209658821269,GSE284044,-0.34136536348429947,0.7001209658821269,2,True,0.853162483549828,False
RPL29P12,-0.34136536348429947,0.7001209658821269,GSE287860,-0.0329985596210791,0.9842873577822379,1,True,0.853162483549828,False
RPL29P12,-0.34136536348429947,0.7001209658821269,GSE288000,-0.34136536348429947,0.7001209658821269,2,True,0.853162483549828,False
RPL29P14,4.895740947543347,0.1363689784672865,GSE278320,1.77111448335028,0.197361281668459,1,True,0.35945083998170624,False
RPL29P14,4.895740947543347,0.1363689784672865,GSE284044,4.895740947543347,0.1363689784672865,2,True,0.35945083998170624,False
RPL29P14,4.895740947543347,0.1363689784672865,GSE287860,8.353438842402436,3.540854672546797e-05,1,True,0.35945083998170624,True
RPL29P14,4.895740947543347,0.1363689784672865,GSE288000,4.895740947543347,0.1363689784672865,2,True,0.35945083998170624,False
RPL29P24,-1.2471395247621928,0.18248190540366016,GSE278320,-1.2471395247621928,0.18248190540366016,2,True,0.44031703542674216,False
RPL29P24,-1.2471395247621928,0.18248190540366016,GSE284044,-1.2471395247621928,0.18248190540366016,2,True,0.44031703542674216,False
RPL29P24,-1.2471395247621928,0.18248190540366016,GSE287860,-1.5372433434270991,0.25077257337056114,1,True,0.44031703542674216,False
RPL29P24,-1.2471395247621928,0.18248190540366016,GSE288000,-0.9701254678061284,0.4582646397298037,1,True,0.44031703542674216,False
RPL29P33,-1.351688249605784,0.08473580446062731,GSE278320,-1.911814050956119,0.07056574498969653,1,True,0.26514106557035,False
RPL29P33,-1.351688249605784,0.08473580446062731,GSE284044,-1.351688249605784,0.08473580446062731,2,True,0.26514106557035,False
RPL29P33,-1.351688249605784,0.08473580446062731,GSE287860,-0.6670015182865531,0.5682640689196683,1,True,0.26514106557035,False
RPL29P33,-1.351688249605784,0.08473580446062731,GSE288000,-1.351688249605784,0.08473580446062731,2,True,0.26514106557035,False
RPL3,-0.6565636869978069,0.0302099013569667,GSE278320,-0.14208325002191569,0.019655270203483857,2,True,0.13822454866159292,True
RPL3,-0.6565636869978069,0.0302099013569667,GSE284044,-0.6565636869978069,0.0302099013569667,3,True,0.13822454866159292,True
RPL3,-0.6565636869978069,0.0302099013569667,GSE287860,-1.156664735073774,0.25536777655496024,2,True,0.13822454866159292,False
RPL3,-0.6565636869978069,0.0302099013569667,GSE288000,-1.1359590940704862,0.27296752848821515,2,True,0.13822454866159292,False
RPL30,-0.44577759349698,0.0010292612398593462,GSE278320,-0.35479368924232296,0.0012031001840976483,3,True,0.019199680820453188,True
RPL30,-0.44577759349698,0.0010292612398593462,GSE284044,-0.5402809074314527,0.0025771939298696754,3,True,0.019199680820453188,True
RPL30,-0.44577759349698,0.0010292612398593462,GSE287860,-0.5519766734666739,0.005450768186490521,3,True,0.019199680820453188,True
RPL30,-0.44577759349698,0.0010292612398593462,GSE288000,-0.4028099232008275,0.021505616545276048,3,True,0.019199680820453188,True
RPL30P4,-0.7293983974028189,0.40894673151329575,GSE278320,-0.9838239620265506,0.33001337456528523,1,True,0.6589341022722539,False
RPL30P4,-0.7293983974028189,0.40894673151329575,GSE284044,-0.7293983974028189,0.40894673151329575,2,True,0.6589341022722539,False
RPL30P4,-0.7293983974028189,0.40894673151329575,GSE287860,0.0982958769477293,0.9569681139065246,1,False,0.6589341022722539,False
RPL30P4,-0.7293983974028189,0.40894673151329575,GSE288000,-0.7293983974028189,0.40894673151329575,2,True,0.6589341022722539,False
RPL31,-0.5245339866196684,0.00025906134919469404,GSE278320,-0.4354165249616899,1.6211676645251854e-09,3,True,0.007852797147464162,True
RPL31,-0.5245339866196684,0.00025906134919469404,GSE284044,-0.600400354101852,0.0003101985322082942,3,True,0.007852797147464162,True
RPL31,-0.5245339866196684,0.00025906134919469404,GSE287860,-0.6576396529549451,0.016345334320145975,3,True,0.007852797147464162,True
RPL31,-0.5245339866196684,0.00025906134919469404,GSE288000,-0.5821256796790077,0.03688360629174337,3,True,0.007852797147464162,True
RPL31P17,0.21136705745352782,0.8448117580628589,GSE278320,-0.0179683858379187,0.9897074481297435,1,False,0.9269253072364417,False
RPL31P17,0.21136705745352782,0.8448117580628589,GSE284044,0.21136705745352782,0.8448117580628589,2,True,0.9269253072364417,False
RPL31P17,0.21136705745352782,0.8448117580628589,GSE287860,0.5568112787991829,0.7446383647523265,1,True,0.9269253072364417,False
RPL31P17,0.21136705745352782,0.8448117580628589,GSE288000,0.21136705745352782,0.8448117580628589,2,True,0.9269253072364417,False
RPL31P49,-0.3905880922619851,0.47962416732361934,GSE278320,-0.5066707255224165,0.39143138148102075,2,True,0.7135512918771637,False
RPL31P49,-0.3905880922619851,0.47962416732361934,GSE284044,-0.3905880922619851,0.47962416732361934,3,True,0.7135512918771637,False
RPL31P49,-0.3905880922619851,0.47962416732361934,GSE287860,-0.25898566057038425,0.7729783992745942,2,True,0.7135512918771637,False
RPL31P49,-0.3905880922619851,0.47962416732361934,GSE288000,-0.32165356260765865,0.614687756591058,2,True,0.7135512918771637,False
RPL31P52,-0.31477312361946147,0.7905570403905116,GSE278320,-0.31477312361946147,0.7905570403905116,2,True,0.9074169925905651,False
RPL31P52,-0.31477312361946147,0.7905570403905116,GSE284044,-0.31477312361946147,0.7905570403905116,2,True,0.9074169925905651,False
RPL31P52,-0.31477312361946147,0.7905570403905116,GSE287860,-1.104034854039197,0.5493772448041012,1,True,0.9074169925905651,False
RPL31P52,-0.31477312361946147,0.7905570403905116,GSE288000,0.2406951989082024,0.8763594747256237,1,False,0.9074169925905651,False
RPL32,-0.2984123567191152,0.07862880561312252,GSE278320,-0.0986183116047163,0.1311255547589252,3,True,0.25593940082123773,False
RPL32,-0.2984123567191152,0.07862880561312252,GSE284044,-0.3201697987716813,0.11207644195398192,3,True,0.25593940082123773,False
RPL32,-0.2984123567191152,0.07862880561312252,GSE287860,-0.49364149433013077,0.16794775768138848,3,True,0.25593940082123773,False
RPL32,-0.2984123567191152,0.07862880561312252,GSE288000,-0.5054446691347212,0.13770961330394946,3,True,0.25593940082123773,False
RPL32P1,-2.7439062949668322,1.97120497903044e-06,GSE278320,-2.7439062949668322,1.97120497903044e-06,2,True,0.0001365763449756805,True
RPL32P1,-2.7439062949668322,1.97120497903044e-06,GSE284044,-2.7439062949668322,1.97120497903044e-06,2,True,0.0001365763449756805,True
RPL32P1,-2.7439062949668322,1.97120497903044e-06,GSE287860,-2.1565099102355823,0.013694782291657019,1,True,0.0001365763449756805,True
RPL32P1,-2.7439062949668322,1.97120497903044e-06,GSE288000,-3.19595082437715,3.119325138277758e-05,1,True,0.0001365763449756805,True
RPL32P11,-1.101939255299688,0.32345282398370767,GSE278320,-1.101939255299688,0.32345282398370767,2,True,0.6039934714990481,False
RPL32P11,-1.101939255299688,0.32345282398370767,GSE284044,-1.101939255299688,0.32345282398370767,2,True,0.6039934714990481,False
RPL32P11,-1.101939255299688,0.32345282398370767,GSE287860,-0.3802943552071343,0.8128526431237402,1,True,0.6039934714990481,False
RPL32P11,-1.101939255299688,0.32345282398370767,GSE288000,-1.7752990002024445,0.25256978281795195,1,True,0.6039934714990481,False
RPL32P16,-0.05102565248375369,0.8949439146730173,GSE278320,0.18505564429854243,0.6671591241422132,2,False,0.947547743161107,False
RPL32P16,-0.05102565248375369,0.8949439146730173,GSE284044,-0.05102565248375369,0.8949439146730173,3,True,0.947547743161107,False
RPL32P16,-0.05102565248375369,0.8949439146730173,GSE287860,-0.6421302343360175,0.37899940980924185,2,True,0.947547743161107,False
RPL32P16,-0.05102565248375369,0.8949439146730173,GSE288000,-0.19520239064863204,0.7275896589302013,2,True,0.947547743161107,False
RPL32P18,-0.2920315146170267,0.37292526884769395,GSE278320,-0.1307577437756794,0.6271291847970589,2,True,0.6362716481061198,False
RPL32P18,-0.2920315146170267,0.37292526884769395,GSE284044,-0.2920315146170267,0.37292526884769395,3,True,0.6362716481061198,False
RPL32P18,-0.2920315146170267,0.37292526884769395,GSE287860,-0.3633155383102495,0.621076634779301,2,True,0.6362716481061198,False
RPL32P18,-0.2920315146170267,0.37292526884769395,GSE288000,-0.5287822842717509,0.16961461157029845,2,True,0.6362716481061198,False
RPL32P3,0.6236787363429676,0.5000689755419978,GSE278320,-0.2940295132347088,0.003995613396712987,1,False,0.7305224492104486,True
RPL32P3,0.6236787363429676,0.5000689755419978,GSE284044,0.6236787363429676,0.5000689755419978,2,True,0.7305224492104486,False
RPL32P3,0.6236787363429676,0.5000689755419978,GSE287860,1.5556581007814874,5.230761843883208e-16,1,True,0.7305224492104486,True
RPL32P3,0.6236787363429676,0.5000689755419978,GSE288000,0.6236787363429676,0.5000689755419978,2,True,0.7305224492104486,False
RPL34,-0.650900452348189,0.005506702589648305,GSE278320,-0.36308563080555184,1.5412991465251063e-05,3,True,0.05101280108283487,True
RPL34,-0.650900452348189,0.005506702589648305,GSE284044,-0.7961191152379499,0.005373022963891712,3,True,0.05101280108283487,True
RPL34,-0.650900452348189,0.005506702589648305,GSE287860,-0.8305615287316769,0.046269121554973,3,True,0.05101280108283487,True
RPL34,-0.650900452348189,0.005506702589648305,GSE288000,-0.7536354249752516,0.08940900197879867,3,True,0.05101280108283487,False
RPL34-DT,-1.3101258458236607,0.04071404637456478,GSE278320,-1.3101258458236607,0.04071404637456478,2,True,0.16734163128528745,True
RPL34-DT,-1.3101258458236607,0.04071404637456478,GSE284044,-1.3101258458236607,0.04071404637456478,2,True,0.16734163128528745,True
RPL34-DT,-1.3101258458236607,0.04071404637456478,GSE287860,-1.1057542879291355,0.15706563190081504,1,True,0.16734163128528745,False
RPL34-DT,-1.3101258458236607,0.04071404637456478,GSE288000,-1.7272689637597824,0.12183048047760262,1,True,0.16734163128528745,False
RPL34P18,-0.37093496481652555,0.3554057814494581,GSE278320,-0.1231255080444153,0.8220047759239748,2,True,0.6308943261849955,False
RPL34P18,-0.37093496481652555,0.3554057814494581,GSE284044,-0.37093496481652555,0.3554057814494581,3,True,0.6308943261849955,False
RPL34P18,-0.37093496481652555,0.3554057814494581,GSE287860,-0.18986732306077733,0.8661828890878599,2,True,0.6308943261849955,False
RPL34P18,-0.37093496481652555,0.3554057814494581,GSE288000,-0.5069044068378168,0.22499363003342665,2,True,0.6308943261849955,False
RPL34P33,-0.37839306351649293,0.7503808772419227,GSE278320,-0.028147076970187996,0.9875020340527103,1,True,0.8876456718593475,False
RPL34P33,-0.37839306351649293,0.7503808772419227,GSE284044,-0.37839306351649293,0.7503808772419227,2,True,0.8876456718593475,False
RPL34P33,-0.37839306351649293,0.7503808772419227,GSE287860,-0.651529328137958,0.681368872046678,1,True,0.8876456718593475,False
RPL34P33,-0.37839306351649293,0.7503808772419227,GSE288000,-0.37839306351649293,0.7503808772419227,2,True,0.8876456718593475,False
RPL34P34,-0.6881000693473882,0.5631332011041159,GSE278320,0.3091112814038673,0.7192704301793817,1,False,0.7849931986149186,False
RPL34P34,-0.6881000693473882,0.5631332011041159,GSE284044,-0.6881000693473882,0.5631332011041159,2,True,0.7849931986149186,False
RPL34P34,-0.6881000693473882,0.5631332011041159,GSE287860,-2.108363629101162,0.11224166930609075,1,True,0.7849931986149186,False
RPL34P34,-0.6881000693473882,0.5631332011041159,GSE288000,-0.6881000693473882,0.5631332011041159,2,True,0.7849931986149186,False
RPL35,-0.221114234442368,0.23965717368181072,GSE278320,0.027735779351034807,0.6881761729557478,3,False,0.5044425040398968,False
RPL35,-0.221114234442368,0.23965717368181072,GSE284044,-0.22112453245233873,0.3417480863995237,3,True,0.5044425040398968,False
RPL35,-0.221114234442368,0.23965717368181072,GSE287860,-0.4165835589071122,0.1722683727954134,3,True,0.5044425040398968,False
RPL35,-0.221114234442368,0.23965717368181072,GSE288000,-0.38549073846493775,0.23567031858287424,3,True,0.5044425040398968,False
RPL35A,-0.2533542537772062,0.11853359156776025,GSE278320,-0.09998201323079983,0.12495490465441714,3,True,0.32479543452182896,False
RPL35A,-0.2533542537772062,0.11853359156776025,GSE284044,-0.2894076077508603,0.1466376453348013,3,True,0.32479543452182896,False
RPL35A,-0.2533542537772062,0.11853359156776025,GSE287860,-0.4468776539955319,0.19512481234244672,3,True,0.32479543452182896,False
RPL35A,-0.2533542537772062,0.11853359156776025,GSE288000,-0.46530349320285047,0.13795413558913514,3,True,0.32479543452182896,False
RPL35P1,-0.06683793030955777,0.9074592950711472,GSE278320,0.465078915533331,0.4141956919375892,2,False,0.9512518959124221,False
RPL35P1,-0.06683793030955777,0.9074592950711472,GSE284044,-0.06683793030955777,0.9074592950711472,3,True,0.9512518959124221,False
RPL35P1,-0.06683793030955777,0.9074592950711472,GSE287860,-0.7699101704007874,0.26206810447208173,2,True,0.9512518959124221,False
RPL35P1,-0.06683793030955777,0.9074592950711472,GSE288000,-0.08074054670799376,0.9271415447550623,2,True,0.9512518959124221,False
RPL35P5,-0.19992524382051266,0.8048060898903503,GSE278320,0.41653865455417394,0.44810181772745816,2,False,0.912838762641027,False
RPL35P5,-0.19992524382051266,0.8048060898903503,GSE284044,-0.19992524382051266,0.8048060898903503,3,True,0.912838762641027,False
RPL35P5,-0.19992524382051266,0.8048060898903503,GSE287860,-0.7449681531417187,0.634127098115667,2,True,0.912838762641027,False
RPL35P5,-0.19992524382051266,0.8048060898903503,GSE288000,-0.7661128847481723,0.5619104711207126,2,True,0.912838762641027,False
RPL36,-0.3694333382897581,0.13320176492061928,GSE278320,-0.016556379439931396,0.8858178027285923,3,True,0.35302107096448276,False
RPL36,-0.3694333382897581,0.13320176492061928,GSE284044,-0.41929774829709227,0.17898568535635428,3,True,0.35302107096448276,False
RPL36,-0.3694333382897581,0.13320176492061928,GSE287860,-0.586019540397162,0.22980548347833007,3,True,0.35302107096448276,False
RPL36,-0.3694333382897581,0.13320176492061928,GSE288000,-0.6535338444279204,0.10972537984141573,3,True,0.35302107096448276,False
RPL36A,0.8143230698630871,0.02294590478280189,GSE278320,0.4233587134272551,0.003115309965904193,2,True,0.11472952391400944,True
RPL36A,0.8143230698630871,0.02294590478280189,GSE284044,0.8143230698630871,0.02294590478280189,3,True,0.11472952391400944,True
RPL36A,0.8143230698630871,0.02294590478280189,GSE287860,1.1262420744001433,0.10049783092239829,2,True,0.11472952391400944,False
RPL36A,0.8143230698630871,0.02294590478280189,GSE288000,1.074056850929499,0.13703183493354587,2,True,0.11472952391400944,False
RPL36AL,-0.09537034246606657,0.7295937863158,GSE278320,0.21433135155130287,0.37057480773157037,3,False,0.8787422270051455,False
RPL36AL,-0.09537034246606657,0.7295937863158,GSE284044,-0.04391561604105316,0.8934312458495127,3,True,0.8787422270051455,False
RPL36AL,-0.09537034246606657,0.7295937863158,GSE287860,-0.26219109329601153,0.6472994862201396,3,True,0.8787422270051455,False
RPL36AL,-0.09537034246606657,0.7295937863158,GSE288000,-0.4208648423064562,0.26754835314533465,3,True,0.8787422270051455,False
RPL36AP16,-0.6431688383848925,0.5200759311264065,GSE278320,-0.8339240230836885,0.58855172545235,1,True,0.7529457510337526,False
RPL36AP16,-0.6431688383848925,0.5200759311264065,GSE284044,-0.6431688383848925,0.5200759311264065,2,True,0.7529457510337526,False
RPL36AP16,-0.6431688383848925,0.5200759311264065,GSE287860,-0.5046461585180333,0.7008782657153907,1,True,0.7529457510337526,False
RPL36AP16,-0.6431688383848925,0.5200759311264065,GSE288000,-0.6431688383848925,0.5200759311264065,2,True,0.7529457510337526,False
RPL36AP26,-0.3822644737931197,0.43765226756356534,GSE278320,-0.30967668551992866,0.5846683390551508,2,True,0.6886055189000285,False
RPL36AP26,-0.3822644737931197,0.43765226756356534,GSE284044,-0.3822644737931197,0.43765226756356534,3,True,0.6886055189000285,False
RPL36AP26,-0.3822644737931197,0.43765226756356534,GSE287860,-0.349719932776902,0.6706118444576002,2,True,0.6886055189000285,False
RPL36AP26,-0.3822644737931197,0.43765226756356534,GSE288000,-0.4573808205051862,0.38213971595450325,2,True,0.6886055189000285,False
RPL36AP54,1.721923037806479,0.3597194933093657,GSE278320,4.3419767489513665,0.07435253466134477,1,True,0.6321157762863854,False
RPL36AP54,1.721923037806479,0.3597194933093657,GSE284044,1.721923037806479,0.3597194933093657,2,True,0.6321157762863854,False
RPL36AP54,1.721923037806479,0.3597194933093657,GSE287860,0.3728936038966739,0.6903070805710361,1,True,0.6321157762863854,False
RPL36AP54,1.721923037806479,0.3597194933093657,GSE288000,1.721923037806479,0.3597194933093657,2,True,0.6321157762863854,False
RPL37,-0.22238275848922318,0.3260590180999732,GSE278320,-0.46889481895607027,1.3217602653355451e-05,3,True,0.6039934714990481,True
RPL37,-0.22238275848922318,0.3260590180999732,GSE284044,-0.17490688541285984,0.505748666182056,3,True,0.6039934714990481,False
RPL37,-0.22238275848922318,0.3260590180999732,GSE287860,-0.1648429951980154,0.7058372985402234,3,True,0.6039934714990481,False
RPL37,-0.22238275848922318,0.3260590180999732,GSE288000,-0.06153100378053138,0.8572017439106439,3,True,0.6039934714990481,False
RPL37A,-0.24260834007747986,0.013468775277520797,GSE278320,-0.19557250105154247,0.004471382697994825,3,True,0.08595205275786298,True
RPL37A,-0.24260834007747986,0.013468775277520797,GSE284044,-0.25515668114662593,0.05176198449354365,3,True,0.08595205275786298,False
RPL37A,-0.24260834007747986,0.013468775277520797,GSE287860,-0.35266824355728904,0.07490573779458161,3,True,0.08595205275786298,False
RPL37A,-0.24260834007747986,0.013468775277520797,GSE288000,-0.35372970741245213,0.056882576426612104,3,True,0.08595205275786298,False
RPL37A-DT,-0.8084799560187188,0.37075405164533615,GSE278320,-1.3250497125976863,0.2870899736766379,2,True,0.6362716481061198,False
RPL37A-DT,-0.8084799560187188,0.37075405164533615,GSE284044,-0.8084799560187188,0.37075405164533615,3,True,0.6362716481061198,False
RPL37A-DT,-0.8084799560187188,0.37075405164533615,GSE287860,-1.1751680584619284,0.4593208588318485,2,True,0.6362716481061198,False
RPL37A-DT,-0.8084799560187188,0.37075405164533615,GSE288000,-0.04618683171496989,0.9311395099306552,2,True,0.6362716481061198,False
RPL37AP1,-0.179627217952541,0.5894120000380467,GSE278320,-0.1185813965184528,0.7410283471442141,1,True,0.7907782982124206,False
RPL37AP1,-0.179627217952541,0.5894120000380467,GSE284044,-0.179627217952541,0.5894120000380467,2,True,0.7907782982124206,False
RPL37AP1,-0.179627217952541,0.5894120000380467,GSE287860,-0.556159619230279,0.5325465668559963,1,True,0.7907782982124206,False
RPL37AP1,-0.179627217952541,0.5894120000380467,GSE288000,-0.179627217952541,0.5894120000380467,2,True,0.7907782982124206,False
RPL37P12,-0.24638744190012488,0.8916160239775048,GSE278320,-2.3250357368305252,0.17820843903824068,1,True,0.9468955046973465,False
RPL37P12,-0.24638744190012488,0.8916160239775048,GSE284044,-0.24638744190012488,0.8916160239775048,2,True,0.9468955046973465,False
RPL37P12,-0.24638744190012488,0.8916160239775048,GSE287860,1.3265867966061609,0.21325560678875166,1,False,0.9468955046973465,False
RPL37P12,-0.24638744190012488,0.8916160239775048,GSE288000,-0.24638744190012488,0.8916160239775048,2,True,0.9468955046973465,False
RPL37P2,-0.29773958174191534,0.4224547565637782,GSE278320,-0.47522518383612994,0.24856977266932,1,True,0.6704788121897695,False
RPL37P2,-0.29773958174191534,0.4224547565637782,GSE284044,-0.29773958174191534,0.4224547565637782,2,True,0.6704788121897695,False
RPL37P2,-0.29773958174191534,0.4224547565637782,GSE287860,0.4694999200691772,0.583506872702046,1,False,0.6704788121897695,False
RPL37P2,-0.29773958174191534,0.4224547565637782,GSE288000,-0.29773958174191534,0.4224547565637782,2,True,0.6704788121897695,False
RPL37P23,0.27445164185346765,0.8514818926343577,GSE278320,0.3512061881923584,0.8281028450454972,1,True,0.928019590848682,False
RPL37P23,0.27445164185346765,0.8514818926343577,GSE284044,0.27445164185346765,0.8514818926343577,2,True,0.928019590848682,False
RPL37P23,0.27445164185346765,0.8514818926343577,GSE287860,-0.0784246977011841,0.9819588127424526,1,False,0.928019590848682,False
RPL37P23,0.27445164185346765,0.8514818926343577,GSE288000,0.27445164185346765,0.8514818926343577,2,True,0.928019590848682,False
RPL37P6,0.2993612267954613,0.6956639654700558,GSE278320,-0.036616286089036,0.9779539103228554,1,False,0.851906327845619,False
RPL37P6,0.2993612267954613,0.6956639654700558,GSE284044,0.2993612267954613,0.6956639654700558,2,True,0.851906327845619,False
RPL37P6,0.2993612267954613,0.6956639654700558,GSE287860,0.4675261245549095,0.6179693566470772,1,True,0.851906327845619,False
RPL37P6,0.2993612267954613,0.6956639654700558,GSE288000,0.2993612267954613,0.6956639654700558,2,True,0.851906327845619,False
RPL38,-0.37767765767042794,0.0014227837701980652,GSE278320,-0.2672822016377624,2.247309388510647e-05,3,True,0.022180495326751874,True
RPL38,-0.37767765767042794,0.0014227837701980652,GSE284044,-0.38759728368762625,0.015422006516120586,3,True,0.022180495326751874,True
RPL38,-0.37767765767042794,0.0014227837701980652,GSE287860,-0.4958241004073819,0.0027205614937576136,3,True,0.022180495326751874,True
RPL38,-0.37767765767042794,0.0014227837701980652,GSE288000,-0.46005490642426355,0.0173931929311918,3,True,0.022180495326751874,True
RPL39,-0.2830949458581913,0.019740991296837183,GSE278320,-0.2239565936379706,0.02941478439177877,3,True,0.10879978157915948,True
RPL39,-0.2830949458581913,0.019740991296837183,GSE284044,-0.19024668839814682,0.07929027157807977,3,True,0.10879978157915948,False
RPL39,-0.2830949458581913,0.019740991296837183,GSE287860,-0.4241970124406445,0.019382214157132763,3,True,0.10879978157915948,True
RPL39,-0.2830949458581913,0.019740991296837183,GSE288000,-0.4015422425021007,0.06694874536098717,3,True,0.10879978157915948,False
RPL39L,-0.39573603769734866,0.1951279026452999,GSE278320,-0.19544562972625887,0.2943102137981928,3,True,0.460479290829905,False
RPL39L,-0.39573603769734866,0.1951279026452999,GSE284044,-0.4117938287075043,0.2293349077450102,3,True,0.460479290829905,False
RPL39L,-0.39573603769734866,0.1951279026452999,GSE287860,-0.46627706209119096,0.4418151694015825,3,True,0.460479290829905,False
RPL39L,-0.39573603769734866,0.1951279026452999,GSE288000,-0.6440853524396549,0.07703459468184788,3,True,0.460479290829905,False
RPL39P15,0.13533810665315232,0.6741377756640619,GSE278320,0.1457848997169457,0.6864842400051872,1,True,0.8383508235822307,False
RPL39P15,0.13533810665315232,0.6741377756640619,GSE284044,0.13533810665315232,0.6741377756640619,2,True,0.8383508235822307,False
RPL39P15,0.13533810665315232,0.6741377756640619,GSE287860,0.0950359130032366,0.8934313966911149,1,True,0.8383508235822307,False
RPL39P15,0.13533810665315232,0.6741377756640619,GSE288000,0.13533810665315232,0.6741377756640619,2,True,0.8383508235822307,False
RPL39P16,-0.4269655493528828,0.6013019078600745,GSE278320,-1.2585468090550809,0.3141121151728098,1,True,0.7947779040016275,False
RPL39P16,-0.4269655493528828,0.6013019078600745,GSE284044,-0.4269655493528828,0.6013019078600745,2,True,0.7947779040016275,False
RPL39P16,-0.4269655493528828,0.6013019078600745,GSE287860,0.193074463511088,0.8580621699160895,1,False,0.7947779040016275,False
RPL39P16,-0.4269655493528828,0.6013019078600745,GSE288000,-0.4269655493528828,0.6013019078600745,2,True,0.7947779040016275,False
RPL39P3,-0.2234005780528245,0.3799774847839418,GSE278320,-0.17371337129159056,0.2504025209824028,2,True,0.6376784779246082,False
RPL39P3,-0.2234005780528245,0.3799774847839418,GSE284044,-0.2234005780528245,0.3799774847839418,3,True,0.6376784779246082,False
RPL39P3,-0.2234005780528245,0.3799774847839418,GSE287860,-0.46520898850987785,0.5497990249957566,2,True,0.6376784779246082,False
RPL39P3,-0.2234005780528245,0.3799774847839418,GSE288000,-0.5657354991973877,0.2836559602121783,2,True,0.6376784779246082,False
RPL39P36,0.4463067613190588,0.5824114737206822,GSE278320,-0.12885639232412507,0.824375616830791,2,False,0.7849931986149186,False
RPL39P36,0.4463067613190588,0.5824114737206822,GSE284044,0.4463067613190588,0.5824114737206822,3,True,0.7849931986149186,False
RPL39P36,0.4463067613190588,0.5824114737206822,GSE287860,0.8264577469753037,0.613266473467535,2,True,0.7849931986149186,False
RPL39P36,0.4463067613190588,0.5824114737206822,GSE288000,1.040698589353987,0.3817223413354094,2,True,0.7849931986149186,False
RPL39P38,2.3143475283920334,0.0016311431062363416,GSE278320,3.2717362435931556,0.10124871560445736,1,True,0.022990965959681513,False
RPL39P38,2.3143475283920334,0.0016311431062363416,GSE284044,2.3143475283920334,0.0016311431062363416,2,True,0.022990965959681513,True
RPL39P38,2.3143475283920334,0.0016311431062363416,GSE287860,2.1643958906527687,0.006154511048767341,1,True,0.022990965959681513,True
RPL39P38,2.3143475283920334,0.0016311431062363416,GSE288000,2.3143475283920334,0.0016311431062363416,2,True,0.022990965959681513,True
RPL3L,1.3650058026645195,0.5741604338149986,GSE278320,-1.1406410778970035,0.27778634540483094,1,False,0.7849931986149186,False
RPL3L,1.3650058026645195,0.5741604338149986,GSE284044,1.3650058026645195,0.5741604338149986,2,True,0.7849931986149186,False
RPL3L,1.3650058026645195,0.5741604338149986,GSE287860,3.719931739178286,1.0658838841360403e-09,1,True,0.7849931986149186,True
RPL3L,1.3650058026645195,0.5741604338149986,GSE288000,1.3650058026645195,0.5741604338149986,2,True,0.7849931986149186,False
RPL3P2,-0.6669755153279416,0.15277119595005798,GSE278320,-0.20426130851984073,0.3787981606870623,2,True,0.3819279898751449,False
RPL3P2,-0.6669755153279416,0.15277119595005798,GSE284044,-0.6669755153279416,0.15277119595005798,3,True,0.3819279898751449,False
RPL3P2,-0.6669755153279416,0.15277119595005798,GSE287860,-1.0064327754603295,0.22336089813675686,2,True,0.3819279898751449,False
RPL3P2,-0.6669755153279416,0.15277119595005798,GSE288000,-0.9629992271110768,0.24657359627867137,2,True,0.3819279898751449,False
RPL3P4,-0.9248346412047332,0.38507557128054914,GSE278320,0.038102415043360406,0.8376873780821686,1,False,0.6436371732433589,False
RPL3P4,-0.9248346412047332,0.38507557128054914,GSE284044,-0.9248346412047332,0.38507557128054914,2,True,0.6436371732433589,False
RPL3P4,-0.9248346412047332,0.38507557128054914,GSE287860,-2.10219173051348,0.0027678507073067883,1,True,0.6436371732433589,True
RPL3P4,-0.9248346412047332,0.38507557128054914,GSE288000,-0.9248346412047332,0.38507557128054914,2,True,0.6436371732433589,False
RPL3P6,1.5039090399067165,0.2684891877610235,GSE278320,2.491343636011492,0.12800945009442144,1,True,0.538087834975605,False
RPL3P6,1.5039090399067165,0.2684891877610235,GSE284044,1.5039090399067165,0.2684891877610235,2,True,0.538087834975605,False
RPL3P6,1.5039090399067165,0.2684891877610235,GSE287860,-0.3667468248263854,0.8722734446405148,1,False,0.538087834975605,False
RPL3P6,1.5039090399067165,0.2684891877610235,GSE288000,1.5039090399067165,0.2684891877610235,2,True,0.538087834975605,False
RPL3P7,-0.8305401610888398,0.05525988609437264,GSE278320,-0.7482854202419579,0.1504363515262318,2,True,0.2038828432749086,False
RPL3P7,-0.8305401610888398,0.05525988609437264,GSE284044,-0.8305401610888398,0.05525988609437264,3,True,0.2038828432749086,False
RPL3P7,-0.8305401610888398,0.05525988609437264,GSE287860,-0.6769403529632696,0.25164628209712736,2,True,0.2038828432749086,False
RPL3P7,-0.8305401610888398,0.05525988609437264,GSE288000,-1.0124053641568587,0.04055555692431732,2,True,0.2038828432749086,True
RPL4,-0.46665696360277575,0.039800260979013784,GSE278320,-0.15994848713656637,0.011682091625972906,3,True,0.16498398781898876,True
RPL4,-0.46665696360277575,0.039800260979013784,GSE284044,-0.540270749108382,0.042298555163853446,3,True,0.16498398781898876,True
RPL4,-0.46665696360277575,0.039800260979013784,GSE287860,-0.7041318431972937,0.1853881362553056,3,True,0.16498398781898876,False
RPL4,-0.46665696360277575,0.039800260979013784,GSE288000,-0.723745137073571,0.1536299261546088,3,True,0.16498398781898876,False
RPL41,-0.1319669199843637,0.12440295356340772,GSE278320,-0.10042324766086684,0.11809835243942751,2,True,0.3333449308190759,False
RPL41,-0.1319669199843637,0.12440295356340772,GSE284044,-0.1319669199843637,0.12440295356340772,3,True,0.3333449308190759,False
RPL41,-0.1319669199843637,0.12440295356340772,GSE287860,-0.3189832590455586,0.2659310703755684,2,True,0.3333449308190759,False
RPL41,-0.1319669199843637,0.12440295356340772,GSE288000,-0.29926182481316643,0.32027361744971505,2,True,0.3333449308190759,False
RPL41P1,-0.5940499595585306,0.03880347167701762,GSE278320,-0.20549818348606888,0.05612892911479205,2,True,0.16223865313235813,False
RPL41P1,-0.5940499595585306,0.03880347167701762,GSE284044,-0.5940499595585306,0.03880347167701762,3,True,0.16223865313235813,True
RPL41P1,-0.5940499595585306,0.03880347167701762,GSE287860,-1.0517715019126792,0.16050314315410397,2,True,0.16223865313235813,False
RPL41P1,-0.5940499595585306,0.03880347167701762,GSE288000,-0.9414638277428423,0.27497146686803253,2,True,0.16223865313235813,False
RPL41P2,-0.5405665558087873,0.029249300231089608,GSE278320,-0.5017929410835944,0.06956655686811633,2,True,0.13510391059122343,False
RPL41P2,-0.5405665558087873,0.029249300231089608,GSE284044,-0.5405665558087873,0.029249300231089608,3,True,0.13510391059122343,True
RPL41P2,-0.5405665558087873,0.029249300231089608,GSE287860,-0.8136026145011881,0.08463258581276252,2,True,0.13510391059122343,False
RPL41P2,-0.5405665558087873,0.029249300231089608,GSE288000,-0.49247456988611726,0.05681240893525421,2,True,0.13510391059122343,False
RPL41P5,-0.2756180836108307,0.2386728780774937,GSE278320,-0.26846059939437344,0.328135416279018,2,True,0.5044425040398968,False
RPL41P5,-0.2756180836108307,0.2386728780774937,GSE284044,-0.2756180836108307,0.2386728780774937,3,True,0.5044425040398968,False
RPL41P5,-0.2756180836108307,0.2386728780774937,GSE287860,-0.7081027298828301,0.05028178080205919,2,True,0.5044425040398968,False
RPL41P5,-0.2756180836108307,0.2386728780774937,GSE288000,-0.09307579501749032,0.5219390675175555,2,True,0.5044425040398968,False
RPL4P2,-1.2937855085068102,0.21936135861639172,GSE278320,-1.1664126577614122,0.48547806936772775,1,True,0.4845216516313913,False
RPL4P2,-1.2937855085068102,0.21936135861639172,GSE284044,-1.2937855085068102,0.21936135861639172,2,True,0.4845216516313913,False
RPL4P2,-1.2937855085068102,0.21936135861639172,GSE287860,-1.377575331598195,0.3097761622986035,1,True,0.4845216516313913,False
RPL4P2,-1.2937855085068102,0.21936135861639172,GSE288000,-1.2937855085068102,0.21936135861639172,2,True,0.4845216516313913,False
RPL4P3,-1.4513187165833956,0.12409790211697308,GSE278320,-0.6040090579949604,0.6485565712883834,1,True,0.3333449308190759,False
RPL4P3,-1.4513187165833956,0.12409790211697308,GSE284044,-1.4513187165833956,0.12409790211697308,2,True,0.3333449308190759,False
RPL4P3,-1.4513187165833956,0.12409790211697308,GSE287860,-2.323179312166858,0.08396165346532322,1,True,0.3333449308190759,False
RPL4P3,-1.4513187165833956,0.12409790211697308,GSE288000,-1.4513187165833956,0.12409790211697308,2,True,0.3333449308190759,False
RPL4P4,-0.3821190366137484,0.19748390204663968,GSE278320,-0.1504159944668398,0.19213589310259127,2,True,0.460479290829905,False
RPL4P4,-0.3821190366137484,0.19748390204663968,GSE284044,-0.3821190366137484,0.19748390204663968,3,True,0.460479290829905,False
RPL4P4,-0.3821190366137484,0.19748390204663968,GSE287860,-0.7351502149573316,0.3711895663393071,2,True,0.460479290829905,False
RPL4P4,-0.3821190366137484,0.19748390204663968,GSE288000,-0.8172933537390018,0.2500823408023346,2,True,0.460479290829905,False
RPL4P5,-0.2329335219550655,0.7407145988138866,GSE278320,0.44319172014370123,0.1525917519278333,2,False,0.8848437941495936,False
RPL4P5,-0.2329335219550655,0.7407145988138866,GSE284044,-0.2329335219550655,0.7407145988138866,3,True,0.8848437941495936,False
RPL4P5,-0.2329335219550655,0.7407145988138866,GSE287860,-0.6455121517608581,0.5196366913924986,2,True,0.8848437941495936,False
RPL4P5,-0.2329335219550655,0.7407145988138866,GSE288000,-0.5095689558484042,0.6099091019215883,2,True,0.8848437941495936,False
RPL4P6,1.6383807208272851,0.005258988034752203,GSE278320,1.6383807208272851,0.005258988034752203,2,True,0.05101218393709637,True
RPL4P6,1.6383807208272851,0.005258988034752203,GSE284044,1.6383807208272851,0.005258988034752203,2,True,0.05101218393709637,True
RPL4P6,1.6383807208272851,0.005258988034752203,GSE287860,0.9953909282551185,0.1428508640234967,1,True,0.05101218393709637,False
RPL4P6,1.6383807208272851,0.005258988034752203,GSE288000,2.1744130802700607,0.00017356846519636437,1,True,0.05101218393709637,True
RPL5,-0.29643706901611255,0.08881015543946211,GSE278320,-0.1744554404053138,0.016594069412656384,3,True,0.2692057836758695,True
RPL5,-0.29643706901611255,0.08881015543946211,GSE284044,-0.40177033493632097,0.049588511458675086,3,True,0.2692057836758695,True
RPL5,-0.29643706901611255,0.08881015543946211,GSE287860,-0.39383901228134593,0.27110836301070174,3,True,0.2692057836758695,False
RPL5,-0.29643706901611255,0.08881015543946211,GSE288000,-0.4413758325112672,0.1616802412275885,3,True,0.2692057836758695,False
RPL5P1,-0.39107111180034143,0.25980209796906695,GSE278320,-0.2347660369775268,0.5504649629180931,1,True,0.5250649942486082,False
RPL5P1,-0.39107111180034143,0.25980209796906695,GSE284044,-0.39107111180034143,0.25980209796906695,2,True,0.5250649942486082,False
RPL5P1,-0.39107111180034143,0.25980209796906695,GSE287860,-0.942059885752865,0.2019261481581862,1,True,0.5250649942486082,False
RPL5P1,-0.39107111180034143,0.25980209796906695,GSE288000,-0.39107111180034143,0.25980209796906695,2,True,0.5250649942486082,False
RPL5P17,-0.0920054013620698,0.8800741537582836,GSE278320,-0.09219728769607,0.8957508940456681,2,True,0.9454466232257922,False
RPL5P17,-0.0920054013620698,0.8800741537582836,GSE284044,-0.0920054013620698,0.8800741537582836,3,True,0.9454466232257922,False
RPL5P17,-0.0920054013620698,0.8800741537582836,GSE287860,0.051955871743395436,0.9547433007466342,2,False,0.9454466232257922,False
RPL5P17,-0.0920054013620698,0.8800741537582836,GSE288000,-0.1711514192902643,0.8011580979007592,2,True,0.9454466232257922,False
RPL5P23,-0.5799748923452778,0.229146051714621,GSE278320,-0.4619272700128981,0.37052178866461716,2,True,0.4961421208999606,False
RPL5P23,-0.5799748923452778,0.229146051714621,GSE284044,-0.5799748923452778,0.229146051714621,3,True,0.4961421208999606,False
RPL5P23,-0.5799748923452778,0.229146051714621,GSE287860,-1.1492393532719387,0.22187026386640352,2,True,0.4961421208999606,False
RPL5P23,-0.5799748923452778,0.229146051714621,GSE288000,-0.5262011809146662,0.3107702747622798,2,True,0.4961421208999606,False
RPL5P29,-1.674005744463211,0.47361077462874956,GSE278320,-4.097951682027279,0.0249731061191624,1,True,0.7089544002930356,True
RPL5P29,-1.674005744463211,0.47361077462874956,GSE284044,-1.674005744463211,0.47361077462874956,2,True,0.7089544002930356,False
RPL5P29,-1.674005744463211,0.47361077462874956,GSE287860,0.5772113562775717,0.7168958932968299,1,False,0.7089544002930356,False
RPL5P29,-1.674005744463211,0.47361077462874956,GSE288000,-1.674005744463211,0.47361077462874956,2,True,0.7089544002930356,False
RPL5P3,-0.20175792355442762,0.8345777756129087,GSE278320,0.2694202743403802,0.8097979164095366,1,False,0.9269253072364417,False
RPL5P3,-0.20175792355442762,0.8345777756129087,GSE284044,-0.20175792355442762,0.8345777756129087,2,True,0.9269253072364417,False
RPL5P3,-0.20175792355442762,0.8345777756129087,GSE287860,-1.5776666058023217,0.40949996365152574,1,True,0.9269253072364417,False
RPL5P3,-0.20175792355442762,0.8345777756129087,GSE288000,-0.20175792355442762,0.8345777756129087,2,True,0.9269253072364417,False
RPL5P30,0.5325074289572966,0.7885032326492223,GSE278320,-1.3498637879760553,0.04068829378199464,2,False,0.9074169925905651,True
RPL5P30,0.5325074289572966,0.7885032326492223,GSE284044,0.5325074289572966,0.7885032326492223,3,True,0.9074169925905651,False
RPL5P30,0.5325074289572966,0.7885032326492223,GSE287860,1.4910990660504266,0.5831541399235669,2,True,0.9074169925905651,False
RPL5P30,0.5325074289572966,0.7885032326492223,GSE288000,1.399895433405751,0.6154624014944013,2,True,0.9074169925905651,False
RPL5P34,-0.0874634365216191,0.8468564438139445,GSE278320,0.22064794234885515,0.7530860634049799,2,False,0.9269253072364417,False
RPL5P34,-0.0874634365216191,0.8468564438139445,GSE284044,-0.0874634365216191,0.8468564438139445,3,True,0.9269253072364417,False
RPL5P34,-0.0874634365216191,0.8468564438139445,GSE287860,0.16920542730242774,0.8395249576152938,2,False,0.9269253072364417,False
RPL5P34,-0.0874634365216191,0.8468564438139445,GSE288000,-0.4615544201266741,0.20177723988137697,2,True,0.9269253072364417,False
RPL5P4,-0.13858219082859138,0.7607415115470947,GSE278320,0.18081253458231464,0.7320115673534384,2,False,0.8884036673674964,False
RPL5P4,-0.13858219082859138,0.7607415115470947,GSE284044,-0.13858219082859138,0.7607415115470947,3,True,0.8884036673674964,False
RPL5P4,-0.13858219082859138,0.7607415115470947,GSE287860,-0.6542309277925807,0.34395910034796817,2,True,0.8884036673674964,False
RPL5P4,-0.13858219082859138,0.7607415115470947,GSE288000,-0.23589099128029414,0.7112535099682821,2,True,0.8884036673674964,False
RPL6,-0.568072441286204,0.030519502377283195,GSE278320,-0.17099481427689758,0.003936859339243782,2,True,0.13833606217740513,True
RPL6,-0.568072441286204,0.030519502377283195,GSE284044,-0.568072441286204,0.030519502377283195,3,True,0.13833606217740513,True
RPL6,-0.568072441286204,0.030519502377283195,GSE287860,-0.9759111111747257,0.2545154641345163,2,True,0.13833606217740513,False
RPL6,-0.568072441286204,0.030519502377283195,GSE288000,-0.9875975647586789,0.24066057726858614,2,True,0.13833606217740513,False
RPL6P27,-1.0719183296733468,0.3031886570330258,GSE278320,-0.089107417285124,0.46385992582394286,1,True,0.592929430084748,False
RPL6P27,-1.0719183296733468,0.3031886570330258,GSE284044,-1.0719183296733468,0.3031886570330258,2,True,0.592929430084748,False
RPL6P27,-1.0719183296733468,0.3031886570330258,GSE287860,-2.1747263231696237,2.3996810273140185e-05,1,True,0.592929430084748,True
RPL6P27,-1.0719183296733468,0.3031886570330258,GSE288000,-1.0719183296733468,0.3031886570330258,2,True,0.592929430084748,False
RPL7,-0.5086776880943996,0.015455614785743468,GSE278320,-0.2427095442796373,1.9830055956133324e-05,3,True,0.09427499576047865,True
RPL7,-0.5086776880943996,0.015455614785743468,GSE284044,-0.6744600976070144,0.0122481916984124,3,True,0.09427499576047865,True
RPL7,-0.5086776880943996,0.015455614785743468,GSE287860,-0.7910915548666861,0.06902268290200105,3,True,0.09427499576047865,False
RPL7,-0.5086776880943996,0.015455614785743468,GSE288000,-0.76561750670492,0.06340975424516661,3,True,0.09427499576047865,False
RPL7A,-0.5833609888590681,0.012756606569575125,GSE278320,-0.20174420918100744,0.0007185569681910221,3,True,0.085929919253388,True
RPL7A,-0.5833609888590681,0.012756606569575125,GSE284044,-0.7791342762471848,0.016242860567371488,3,True,0.085929919253388,True
RPL7A,-0.5833609888590681,0.012756606569575125,GSE287860,-0.938078244611197,0.03118228617361306,3,True,0.085929919253388,True
RPL7A,-0.5833609888590681,0.012756606569575125,GSE288000,-0.8966203789588891,0.030156653240926028,3,True,0.085929919253388,True
RPL7AP10,-0.34189871835903773,0.5263771656844327,GSE278320,-0.6232271010685259,0.2702820700816254,2,True,0.7560964600254876,False
RPL7AP10,-0.34189871835903773,0.5263771656844327,GSE284044,-0.34189871835903773,0.5263771656844327,3,True,0.7560964600254876,False
RPL7AP10,-0.34189871835903773,0.5263771656844327,GSE287860,-0.3655426455210645,0.7377863217739808,2,True,0.7560964600254876,False
RPL7AP10,-0.34189871835903773,0.5263771656844327,GSE288000,0.05719327862784198,0.9130719359537726,2,False,0.7560964600254876,False
RPL7AP11,-0.8219561848489438,0.11344819710156535,GSE278320,-0.6041892437784833,0.1888952189497306,1,True,0.31418271582879753,False
RPL7AP11,-0.8219561848489438,0.11344819710156535,GSE284044,-0.8219561848489438,0.11344819710156535,2,True,0.31418271582879753,False
RPL7AP11,-0.8219561848489438,0.11344819710156535,GSE287860,-2.0602049583099573,0.11379638772496797,1,True,0.31418271582879753,False
RPL7AP11,-0.8219561848489438,0.11344819710156535,GSE288000,-0.8219561848489438,0.11344819710156535,2,True,0.31418271582879753,False
RPL7AP30,-0.36237273047393204,0.571526685130977,GSE278320,-0.01448181452145061,0.9673508752316631,2,True,0.7849931986149186,False
RPL7AP30,-0.36237273047393204,0.571526685130977,GSE284044,-0.36237273047393204,0.571526685130977,3,True,0.7849931986149186,False
RPL7AP30,-0.36237273047393204,0.571526685130977,GSE287860,-1.0691210972183183,0.49218556285481996,2,True,0.7849931986149186,False
RPL7AP30,-0.36237273047393204,0.571526685130977,GSE288000,-1.064144671270466,0.42826978787838477,2,True,0.7849931986149186,False
RPL7AP31,-0.6040199845227284,0.46988893597221715,GSE278320,-0.5120017383807406,0.6229676658072938,1,True,0.7085344366671039,False
RPL7AP31,-0.6040199845227284,0.46988893597221715,GSE284044,-0.6040199845227284,0.46988893597221715,2,True,0.7085344366671039,False
RPL7AP31,-0.6040199845227284,0.46988893597221715,GSE287860,-0.7706049450808653,0.5823439576891238,1,True,0.7085344366671039,False
RPL7AP31,-0.6040199845227284,0.46988893597221715,GSE288000,-0.6040199845227284,0.46988893597221715,2,True,0.7085344366671039,False
RPL7AP50,-0.505963153069632,0.26691774617968456,GSE278320,-0.43452370514131716,0.3916532902327454,2,True,0.5371581199051743,False
RPL7AP50,-0.505963153069632,0.26691774617968456,GSE284044,-0.505963153069632,0.26691774617968456,3,True,0.5371581199051743,False
RPL7AP50,-0.505963153069632,0.26691774617968456,GSE287860,-0.4839499167995374,0.4583199032214762,2,True,0.5371581199051743,False
RPL7AP50,-0.505963153069632,0.26691774617968456,GSE288000,-0.6029893934066625,0.2665980824551073,2,True,0.5371581199051743,False
RPL7AP6,-0.9813081628383608,0.08053170020738594,GSE278320,-0.2545427889019436,0.04694428023409741,2,True,0.2569597013196196,True
RPL7AP6,-0.9813081628383608,0.08053170020738594,GSE284044,-0.9813081628383608,0.08053170020738594,3,True,0.2569597013196196,False
RPL7AP6,-0.9813081628383608,0.08053170020738594,GSE287860,-1.5693223676763692,0.3157861096938581,2,True,0.2569597013196196,False
RPL7AP6,-0.9813081628383608,0.08053170020738594,GSE288000,-1.6855881277655558,0.23980577577943663,2,True,0.2569597013196196,False
RPL7AP66,-0.6319179688350149,0.019210275755155812,GSE278320,-0.5750363568474604,0.04359751461910835,2,True,0.10833702024709964,True
RPL7AP66,-0.6319179688350149,0.019210275755155812,GSE284044,-0.6319179688350149,0.019210275755155812,3,True,0.10833702024709964,True
RPL7AP66,-0.6319179688350149,0.019210275755155812,GSE287860,-0.8762994479147326,0.13666000629536382,2,True,0.10833702024709964,False
RPL7AP66,-0.6319179688350149,0.019210275755155812,GSE288000,-0.6315520083920835,0.027021765448954838,2,True,0.10833702024709964,True
RPL7L1,0.309930653835003,0.3300170514376243,GSE278320,0.6841907307823072,0.0062755137693517905,3,True,0.6039934714990481,True
RPL7L1,0.309930653835003,0.3300170514376243,GSE284044,0.374832238563263,0.33960462604881825,3,True,0.6039934714990481,False
RPL7L1,0.309930653835003,0.3300170514376243,GSE287860,0.12494401121863133,0.8212740941413373,3,True,0.6039934714990481,False
RPL7L1,0.309930653835003,0.3300170514376243,GSE288000,0.007974237598639045,0.9851286159901907,3,True,0.6039934714990481,False
RPL7L1P8,0.7407816707735748,0.48911183520848134,GSE278320,0.6605160601728477,0.6618658703245068,1,True,0.7188461820488286,False
RPL7L1P8,0.7407816707735748,0.48911183520848134,GSE284044,0.7407816707735748,0.48911183520848134,2,True,0.7188461820488286,False
RPL7L1P8,0.7407816707735748,0.48911183520848134,GSE287860,0.8219477492959731,0.5883712510637747,1,True,0.7188461820488286,False
RPL7L1P8,0.7407816707735748,0.48911183520848134,GSE288000,0.7407816707735748,0.48911183520848134,2,True,0.7188461820488286,False
RPL7P1,-1.127476859487112,0.048540872405308196,GSE278320,-0.4613067793155433,0.0016314537367303017,2,True,0.19058627231998462,True
RPL7P1,-1.127476859487112,0.048540872405308196,GSE284044,-1.127476859487112,0.048540872405308196,3,True,0.19058627231998462,True
RPL7P1,-1.127476859487112,0.048540872405308196,GSE287860,-2.355276353752269,0.1880267044367513,2,True,0.19058627231998462,False
RPL7P1,-1.127476859487112,0.048540872405308196,GSE288000,-2.189670789844598,0.26268938807848297,2,True,0.19058627231998462,False
RPL7P15,-0.0627209535592829,0.9429167437665722,GSE278320,-0.9236008647188904,0.21857466709651152,1,True,0.964798777904615,False
RPL7P15,-0.0627209535592829,0.9429167437665722,GSE284044,-0.0627209535592829,0.9429167437665722,2,True,0.964798777904615,False
RPL7P15,-0.0627209535592829,0.9429167437665722,GSE287860,0.8285369486321211,0.2914277843488702,1,False,0.964798777904615,False
RPL7P15,-0.0627209535592829,0.9429167437665722,GSE288000,-0.0627209535592829,0.9429167437665722,2,True,0.964798777904615,False
RPL7P16,-1.0573291226366879,0.1965551895774842,GSE278320,-0.7632665239702313,0.41436572570957253,1,True,0.460479290829905,False
RPL7P16,-1.0573291226366879,0.1965551895774842,GSE284044,-1.0573291226366879,0.1965551895774842,2,True,0.460479290829905,False
RPL7P16,-1.0573291226366879,0.1965551895774842,GSE287860,-2.0230698140342436,0.23254767282454702,1,True,0.460479290829905,False
RPL7P16,-1.0573291226366879,0.1965551895774842,GSE288000,-1.0573291226366879,0.1965551895774842,2,True,0.460479290829905,False
RPL7P19,1.9984279664015996,0.5749135408142392,GSE278320,-1.492946143793201,0.2720690840850958,1,False,0.7849931986149186,False
RPL7P19,1.9984279664015996,0.5749135408142392,GSE284044,1.9984279664015996,0.5749135408142392,2,True,0.7849931986149186,False
RPL7P19,1.9984279664015996,0.5749135408142392,GSE287860,5.6352192759530695,0.0009062677914298948,1,True,0.7849931986149186,True
RPL7P19,1.9984279664015996,0.5749135408142392,GSE288000,1.9984279664015996,0.5749135408142392,2,True,0.7849931986149186,False
RPL7P21,1.0443022084066544,0.0007198930105773102,GSE278320,1.0443022084066544,0.0007198930105773102,2,True,0.013965924405199816,True
RPL7P21,1.0443022084066544,0.0007198930105773102,GSE284044,1.0443022084066544,0.0007198930105773102,2,True,0.013965924405199816,True
RPL7P21,1.0443022084066544,0.0007198930105773102,GSE287860,1.1794083403102087,0.01631244456604866,1,True,0.013965924405199816,True
RPL7P21,1.0443022084066544,0.0007198930105773102,GSE288000,0.9559244546994724,0.016085385122818135,1,True,0.013965924405199816,True
RPL7P22,0.1102851370900804,0.9006587826747842,GSE278320,-0.08538206550183698,0.9354548435124668,1,False,0.947547743161107,False
RPL7P22,0.1102851370900804,0.9006587826747842,GSE284044,0.1102851370900804,0.9006587826747842,2,True,0.947547743161107,False
RPL7P22,0.1102851370900804,0.9006587826747842,GSE287860,0.5716737159461228,0.7240088718021125,1,True,0.947547743161107,False
RPL7P22,0.1102851370900804,0.9006587826747842,GSE288000,0.1102851370900804,0.9006587826747842,2,True,0.947547743161107,False
RPL7P23,-0.5649408729337647,0.20413367845694408,GSE278320,-0.14194764606812468,0.5987786091563674,2,True,0.4648114274723844,False
RPL7P23,-0.5649408729337647,0.20413367845694408,GSE284044,-0.5649408729337647,0.20413367845694408,3,True,0.4648114274723844,False
RPL7P23,-0.5649408729337647,0.20413367845694408,GSE287860,-1.0449540978814758,0.027946947277220788,2,True,0.4648114274723844,True
RPL7P23,-0.5649408729337647,0.20413367845694408,GSE288000,-0.6677837219781274,0.37694770673914835,2,True,0.4648114274723844,False
RPL7P24,0.48657816677325544,0.6253747391633492,GSE278320,0.48657816677325544,0.6253747391633492,2,True,0.8066668842931498,False
RPL7P24,0.48657816677325544,0.6253747391633492,GSE284044,0.48657816677325544,0.6253747391633492,2,True,0.8066668842931498,False
RPL7P24,0.48657816677325544,0.6253747391633492,GSE287860,-0.0533848904339751,0.9704314027813782,1,False,0.8066668842931498,False
RPL7P24,0.48657816677325544,0.6253747391633492,GSE288000,0.9826477606573312,0.47656594384710127,1,True,0.8066668842931498,False
RPL7P26,-0.4091626723924703,0.5826753639203519,GSE278320,-0.10159512755663812,0.8094409063544337,1,True,0.7849931986149186,False
RPL7P26,-0.4091626723924703,0.5826753639203519,GSE284044,-0.4091626723924703,0.5826753639203519,2,True,0.7849931986149186,False
RPL7P26,-0.4091626723924703,0.5826753639203519,GSE287860,-2.211956505667207,0.22566315399707249,1,True,0.7849931986149186,False
RPL7P26,-0.4091626723924703,0.5826753639203519,GSE288000,-0.4091626723924703,0.5826753639203519,2,True,0.7849931986149186,False
RPL7P32,-0.3232003745556044,0.6341198903700043,GSE278320,-0.07022127413645508,0.9241586840926954,1,True,0.8114726829273142,False
RPL7P32,-0.3232003745556044,0.6341198903700043,GSE284044,-0.3232003745556044,0.6341198903700043,2,True,0.8114726829273142,False
RPL7P32,-0.3232003745556044,0.6341198903700043,GSE287860,-1.7293551048948468,0.3200265135744432,1,True,0.8114726829273142,False
RPL7P32,-0.3232003745556044,0.6341198903700043,GSE288000,-0.3232003745556044,0.6341198903700043,2,True,0.8114726829273142,False
RPL7P44,-0.8986989720051819,0.3137523315591615,GSE278320,-0.4434984123312613,0.7058721702191262,1,True,0.6014619794711199,False
RPL7P44,-0.8986989720051819,0.3137523315591615,GSE284044,-0.8986989720051819,0.3137523315591615,2,True,0.6014619794711199,False
RPL7P44,-0.8986989720051819,0.3137523315591615,GSE287860,-1.5179326571839231,0.2680786910198131,1,True,0.6014619794711199,False
RPL7P44,-0.8986989720051819,0.3137523315591615,GSE288000,-0.8986989720051819,0.3137523315591615,2,True,0.6014619794711199,False
RPL7P46,0.6312643454622676,0.08395579421653898,GSE278320,0.6312643454622676,0.08395579421653898,2,True,0.2644062350326065,False
RPL7P46,0.6312643454622676,0.08395579421653898,GSE284044,0.6312643454622676,0.08395579421653898,2,True,0.2644062350326065,False
RPL7P46,0.6312643454622676,0.08395579421653898,GSE287860,1.1523600486990109,0.10330699172345016,1,True,0.2644062350326065,False
RPL7P46,0.6312643454622676,0.08395579421653898,GSE288000,0.4418009716444069,0.30030953092993007,1,True,0.2644062350326065,False
RPL7P47,-0.11051318286650726,0.9236130230823546,GSE278320,0.7469644768229385,0.5172341472334958,1,False,0.9571630687926111,False
RPL7P47,-0.11051318286650726,0.9236130230823546,GSE284044,-0.11051318286650726,0.9236130230823546,2,True,0.9571630687926111,False
RPL7P47,-0.11051318286650726,0.9236130230823546,GSE287860,-1.6597461640905564,0.33754797015965154,1,True,0.9571630687926111,False
RPL7P47,-0.11051318286650726,0.9236130230823546,GSE288000,-0.11051318286650726,0.9236130230823546,2,True,0.9571630687926111,False
RPL7P48,-1.0385879562892781,0.3197598186077263,GSE278320,-1.1122306079994695,0.3669521928103193,1,True,0.6020426443936984,False
RPL7P48,-1.0385879562892781,0.3197598186077263,GSE284044,-1.0385879562892781,0.3197598186077263,2,True,0.6020426443936984,False
RPL7P48,-1.0385879562892781,0.3197598186077263,GSE287860,-0.8520446493110978,0.664104027287571,1,True,0.6020426443936984,False
RPL7P48,-1.0385879562892781,0.3197598186077263,GSE288000,-1.0385879562892781,0.3197598186077263,2,True,0.6020426443936984,False
RPL7P50,-0.4448957016345946,0.5726575276336442,GSE278320,-0.5209877807746445,0.705314048929377,2,True,0.7849931986149186,False
RPL7P50,-0.4448957016345946,0.5726575276336442,GSE284044,-0.4448957016345946,0.5726575276336442,3,True,0.7849931986149186,False
RPL7P50,-0.4448957016345946,0.5726575276336442,GSE287860,-1.2006101193768008,0.18447351290341052,2,True,0.7849931986149186,False
RPL7P50,-0.4448957016345946,0.5726575276336442,GSE288000,0.1734538991648123,0.8293548561061724,2,False,0.7849931986149186,False
RPL7P57,1.6429707696666818,0.07085083169303033,GSE278320,1.192212302264071,0.38194969769848086,2,True,0.24029827532251546,False
RPL7P57,1.6429707696666818,0.07085083169303033,GSE284044,1.6429707696666818,0.07085083169303033,3,True,0.24029827532251546,False
RPL7P57,1.6429707696666818,0.07085083169303033,GSE287860,2.606579296526543,0.003932254658326262,2,True,0.24029827532251546,True
RPL7P57,1.6429707696666818,0.07085083169303033,GSE288000,1.2802594121220534,0.2968471277363721,2,True,0.24029827532251546,False
RPL7P59,-0.5665225909493382,0.5287432419161062,GSE278320,-0.5465475278793316,0.5802693847634808,1,True,0.7564615702929542,False
RPL7P59,-0.5665225909493382,0.5287432419161062,GSE284044,-0.5665225909493382,0.5287432419161062,2,True,0.7564615702929542,False
RPL7P59,-0.5665225909493382,0.5287432419161062,GSE287860,-0.6626896714346121,0.7599209761219384,1,True,0.7564615702929542,False
RPL7P59,-0.5665225909493382,0.5287432419161062,GSE288000,-0.5665225909493382,0.5287432419161062,2,True,0.7564615702929542,False
RPL7P6,-0.5009191094777611,0.6535267591560443,GSE278320,0.0964419418072952,0.9458559017443334,1,False,0.8254179119548998,False
RPL7P6,-0.5009191094777611,0.6535267591560443,GSE284044,-0.5009191094777611,0.6535267591560443,2,True,0.8254179119548998,False
RPL7P6,-0.5009191094777611,0.6535267591560443,GSE287860,-1.4653925710741358,0.41673787082539704,1,True,0.8254179119548998,False
RPL7P6,-0.5009191094777611,0.6535267591560443,GSE288000,-0.5009191094777611,0.6535267591560443,2,True,0.8254179119548998,False
RPL7P8,-0.9310687551180968,0.30106701470985964,GSE278320,-0.7886814608902891,0.44529282119248426,1,True,0.5911639762521536,False
RPL7P8,-0.9310687551180968,0.30106701470985964,GSE284044,-0.9310687551180968,0.30106701470985964,2,True,0.5911639762521536,False
RPL7P8,-0.9310687551180968,0.30106701470985964,GSE287860,-1.3800481788719623,0.45196306641884487,1,True,0.5911639762521536,False
RPL7P8,-0.9310687551180968,0.30106701470985964,GSE288000,-0.9310687551180968,0.30106701470985964,2,True,0.5911639762521536,False
RPL7P9,-0.6456544085745813,0.10895521556516002,GSE278320,-0.2240517196186516,0.11034421541279917,2,True,0.3071622192363761,False
RPL7P9,-0.6456544085745813,0.10895521556516002,GSE284044,-0.6456544085745813,0.10895521556516002,3,True,0.3071622192363761,False
RPL7P9,-0.6456544085745813,0.10895521556516002,GSE287860,-1.140522353517982,0.34317222441064876,2,True,0.3071622192363761,False
RPL7P9,-0.6456544085745813,0.10895521556516002,GSE288000,-1.2758618644035382,0.22273009615993822,2,True,0.3071622192363761,False
RPL8,-0.3850772652346185,0.08339007606253047,GSE278320,-0.05282049087153005,0.5416913234637926,3,True,0.2643410907864528,False
RPL8,-0.3850772652346185,0.08339007606253047,GSE284044,-0.4308083689616242,0.12898410132537724,3,True,0.2643410907864528,False
RPL8,-0.3850772652346185,0.08339007606253047,GSE287860,-0.7219957942539438,0.08556896623415956,3,True,0.2643410907864528,False
RPL8,-0.3850772652346185,0.08339007606253047,GSE288000,-0.6971319307787623,0.08956014620699429,3,True,0.2643410907864528,False
RPL9,-0.28918182765598743,0.050333478140432,GSE278320,-0.10624287116363285,0.057146857400236825,3,True,0.19374394363578984,False
RPL9,-0.28918182765598743,0.050333478140432,GSE284044,-0.3145060024439376,0.08999419286588307,3,True,0.19374394363578984,False
RPL9,-0.28918182765598743,0.050333478140432,GSE287860,-0.4783476560937964,0.060412874957145875,3,True,0.19374394363578984,False
RPL9,-0.28918182765598743,0.050333478140432,GSE288000,-0.43836366074012206,0.11639898142126896,3,True,0.19374394363578984,False
RPL9P18,-0.21435945056884498,0.7867222287913497,GSE278320,-0.9022493886123736,0.4624117848380668,1,True,0.9074169925905651,False
RPL9P18,-0.21435945056884498,0.7867222287913497,GSE284044,-0.21435945056884498,0.7867222287913497,2,True,0.9074169925905651,False
RPL9P18,-0.21435945056884498,0.7867222287913497,GSE287860,0.2764485310504189,0.78980153851716,1,False,0.9074169925905651,False
RPL9P18,-0.21435945056884498,0.7867222287913497,GSE288000,-0.21435945056884498,0.7867222287913497,2,True,0.9074169925905651,False
RPL9P28,0.19896819769470545,0.844714032283175,GSE278320,1.063779692344824,0.43355549681593586,1,True,0.9269253072364417,False
RPL9P28,0.19896819769470545,0.844714032283175,GSE284044,0.19896819769470545,0.844714032283175,2,True,0.9269253072364417,False
RPL9P28,0.19896819769470545,0.844714032283175,GSE287860,-0.8983156100678807,0.5571403473639264,1,False,0.9269253072364417,False
RPL9P28,0.19896819769470545,0.844714032283175,GSE288000,0.19896819769470545,0.844714032283175,2,True,0.9269253072364417,False
RPL9P3,-0.7292767123137065,0.28233310316630655,GSE278320,-0.6128133914480258,0.4194903097071101,1,True,0.5611948976871257,False
RPL9P3,-0.7292767123137065,0.28233310316630655,GSE284044,-0.7292767123137065,0.28233310316630655,2,True,0.5611948976871257,False
RPL9P3,-0.7292767123137065,0.28233310316630655,GSE287860,-1.190992435444545,0.4306968369788077,1,True,0.5611948976871257,False
RPL9P3,-0.7292767123137065,0.28233310316630655,GSE288000,-0.7292767123137065,0.28233310316630655,2,True,0.5611948976871257,False
RPL9P32,-0.3753182918668096,0.3274245854906742,GSE278320,-0.4341746574857319,0.38802140407418595,1,True,0.6039934714990481,False
RPL9P32,-0.3753182918668096,0.3274245854906742,GSE284044,-0.3753182918668096,0.3274245854906742,2,True,0.6039934714990481,False
RPL9P32,-0.3753182918668096,0.3274245854906742,GSE287860,-0.2938475229889873,0.6195004407854481,1,True,0.6039934714990481,False
RPL9P32,-0.3753182918668096,0.3274245854906742,GSE288000,-0.3753182918668096,0.3274245854906742,2,True,0.6039934714990481,False
RPL9P7,-0.11890075151430235,0.7401071764469664,GSE278320,-0.036954091895505664,0.9217366033607255,2,True,0.8848437941495936,False
RPL9P7,-0.11890075151430235,0.7401071764469664,GSE284044,-0.11890075151430235,0.7401071764469664,3,True,0.8848437941495936,False
RPL9P7,-0.11890075151430235,0.7401071764469664,GSE287860,-0.799037397366339,0.27994457565009434,2,True,0.8848437941495936,False
RPL9P7,-0.11890075151430235,0.7401071764469664,GSE288000,-0.01929260412326708,0.9602625236764245,2,True,0.8848437941495936,False
RPLP0,-0.5565860990636843,0.020072392421056327,GSE278320,-0.18646353758013687,0.07587975449593362,3,True,0.10911659281480579,False
RPLP0,-0.5565860990636843,0.020072392421056327,GSE284044,-0.5580866191268136,0.04145097565102511,3,True,0.10911659281480579,True
RPLP0,-0.5565860990636843,0.020072392421056327,GSE287860,-0.9889792114615371,0.06676818240929194,3,True,0.10911659281480579,False
RPLP0,-0.5565860990636843,0.020072392421056327,GSE288000,-0.9263034779128628,0.12270541613748374,3,True,0.10911659281480579,False
RPLP0P6,-0.5358015025140593,0.11068199549942413,GSE278320,-0.1494332230536798,0.1743704363681957,2,True,0.30851015986908453,False
RPLP0P6,-0.5358015025140593,0.11068199549942413,GSE284044,-0.5358015025140593,0.11068199549942413,3,True,0.30851015986908453,False
RPLP0P6,-0.5358015025140593,0.11068199549942413,GSE287860,-1.0405119232787363,0.26082960957895596,2,True,0.30851015986908453,False
RPLP0P6,-0.5358015025140593,0.11068199549942413,GSE288000,-1.010889787881807,0.28614205630833234,2,True,0.30851015986908453,False
RPLP1,-0.2878795329892032,0.022481532928433582,GSE278320,-0.17913660017720523,0.007986319633658543,3,True,0.11357857781552383,True
RPLP1,-0.2878795329892032,0.022481532928433582,GSE284044,-0.29696235358245227,0.06318011235028897,3,True,0.11357857781552383,False
RPLP1,-0.2878795329892032,0.022481532928433582,GSE287860,-0.4340945672708898,0.023370506967679297,3,True,0.11357857781552383,True
RPLP1,-0.2878795329892032,0.022481532928433582,GSE288000,-0.39304697790496557,0.09337844739119668,3,True,0.11357857781552383,False
RPLP1P6,0.9961610470540824,0.3458870758765934,GSE278320,0.2156223955357863,0.7667828488547094,1,True,0.6236253970265718,False
RPLP1P6,0.9961610470540824,0.3458870758765934,GSE284044,0.9961610470540824,0.3458870758765934,2,True,0.6236253970265718,False
RPLP1P6,0.9961610470540824,0.3458870758765934,GSE287860,2.4270719490373245,0.0835203065825805,1,True,0.6236253970265718,False
RPLP1P6,0.9961610470540824,0.3458870758765934,GSE288000,0.9961610470540824,0.3458870758765934,2,True,0.6236253970265718,False
RPLP2,-0.28418651955388563,0.04526997523376419,GSE278320,-0.1605298791749038,0.012587816123505747,3,True,0.1799667048227511,True
RPLP2,-0.28418651955388563,0.04526997523376419,GSE284044,-0.3138324922828506,0.12044453032477201,3,True,0.1799667048227511,False
RPLP2,-0.28418651955388563,0.04526997523376419,GSE287860,-0.45501419068820526,0.05642687375884897,3,True,0.1799667048227511,False
RPLP2,-0.28418651955388563,0.04526997523376419,GSE288000,-0.42219407065670106,0.06756351241361493,3,True,0.1799667048227511,False
RPS10,1.0338572795521621,0.23701416499099492,GSE278320,0.11914308501493326,0.5409810804100965,3,True,0.5044425040398968,False
RPS10,1.0338572795521621,0.23701416499099492,GSE284044,1.4833858521592997,0.1919046273154249,3,True,0.5044425040398968,False
RPS10,1.0338572795521621,0.23701416499099492,GSE287860,1.3447332150301476,0.2931777239112856,3,True,0.5044425040398968,False
RPS10,1.0338572795521621,0.23701416499099492,GSE288000,1.1925763705064736,0.3141776732796282,3,True,0.5044425040398968,False
RPS10P2,0.1221090841824137,0.8922054804095971,GSE278320,-0.638850814410565,0.7173772749183411,1,False,0.9468955046973465,False
RPS10P2,0.1221090841824137,0.8922054804095971,GSE284044,0.1221090841824137,0.8922054804095971,2,True,0.9468955046973465,False
RPS10P2,0.1221090841824137,0.8922054804095971,GSE287860,0.3903832223308172,0.7095046899845958,1,True,0.9468955046973465,False
RPS10P2,0.1221090841824137,0.8922054804095971,GSE288000,0.1221090841824137,0.8922054804095971,2,True,0.9468955046973465,False
RPS10P3,0.10299312170942548,0.7768932631378355,GSE278320,0.23409951201182044,0.5857955205911695,2,True,0.9014192167986848,False
RPS10P3,0.10299312170942548,0.7768932631378355,GSE284044,0.10299312170942548,0.7768932631378355,3,True,0.9014192167986848,False
RPS10P3,0.10299312170942548,0.7768932631378355,GSE287860,-0.33513185305003934,0.5491073164434255,2,False,0.9014192167986848,False
RPS10P3,0.10299312170942548,0.7768932631378355,GSE288000,0.20868494987808447,0.593974850649266,2,True,0.9014192167986848,False
RPS10P5,0.5542495325629399,0.6288193005291207,GSE278320,-0.6486925937290983,0.5777645531386153,1,False,0.8068184147000623,False
RPS10P5,0.5542495325629399,0.6288193005291207,GSE284044,0.5542495325629399,0.6288193005291207,2,True,0.8068184147000623,False
RPS10P5,0.5542495325629399,0.6288193005291207,GSE287860,1.6471277271807865,0.11719053152359273,1,True,0.8068184147000623,False
RPS10P5,0.5542495325629399,0.6288193005291207,GSE288000,0.5542495325629399,0.6288193005291207,2,True,0.8068184147000623,False
RPS10P7,-0.08755347658635207,0.9378373006061889,GSE278320,-1.0393113715972302,0.0003955785557847956,1,True,0.9616302130951409,True
RPS10P7,-0.08755347658635207,0.9378373006061889,GSE284044,-0.08755347658635207,0.9378373006061889,2,True,0.9616302130951409,False
RPS10P7,-0.08755347658635207,0.9378373006061889,GSE287860,1.2366678142120802,0.20062428855420122,1,False,0.9616302130951409,False
RPS10P7,-0.08755347658635207,0.9378373006061889,GSE288000,-0.08755347658635207,0.9378373006061889,2,True,0.9616302130951409,False
RPS11,-0.3230856931821444,0.0056217313015048745,GSE278320,-0.2913993348073213,0.008775471812879252,3,True,0.05101280108283487,True
RPS11,-0.3230856931821444,0.0056217313015048745,GSE284044,-0.3113657002887822,0.034464485732359704,3,True,0.05101280108283487,True
RPS11,-0.3230856931821444,0.0056217313015048745,GSE287860,-0.4494765306718025,5.514727761417265e-05,3,True,0.05101280108283487,True
RPS11,-0.3230856931821444,0.0056217313015048745,GSE288000,-0.29177625002304186,0.06695257177912427,3,True,0.05101280108283487,False
RPS11P5,0.10055657343314055,0.8404937642073445,GSE278320,-0.3401060462793172,0.3146829809942582,1,False,0.9269253072364417,False
RPS11P5,0.10055657343314055,0.8404937642073445,GSE284044,0.10055657343314055,0.8404937642073445,2,True,0.9269253072364417,False
RPS11P5,0.10055657343314055,0.8404937642073445,GSE287860,0.6670455038052246,0.17435162020757877,1,True,0.9269253072364417,False
RPS11P5,0.10055657343314055,0.8404937642073445,GSE288000,0.10055657343314055,0.8404937642073445,2,True,0.9269253072364417,False
RPS12,-0.39324970680732696,0.028181862844592034,GSE278320,-0.14699586173079485,0.018247856129303228,3,True,0.13270100465657414,True
RPS12,-0.39324970680732696,0.028181862844592034,GSE284044,-0.4444017381182069,0.05512584611486853,3,True,0.13270100465657414,False
RPS12,-0.39324970680732696,0.028181862844592034,GSE287860,-0.6187222412137747,0.045109703266651216,3,True,0.13270100465657414,True
RPS12,-0.39324970680732696,0.028181862844592034,GSE288000,-0.5793585907292842,0.07868786784173788,3,True,0.13270100465657414,False
RPS12P20,1.5792188271343088,0.01740934590717992,GSE278320,1.5792188271343088,0.01740934590717992,2,True,0.09998703753211931,True
RPS12P20,1.5792188271343088,0.01740934590717992,GSE284044,1.5792188271343088,0.01740934590717992,2,True,0.09998703753211931,True
RPS12P20,1.5792188271343088,0.01740934590717992,GSE287860,2.0571199619317224,0.05374752104516026,1,True,0.09998703753211931,False
RPS12P20,1.5792188271343088,0.01740934590717992,GSE288000,1.2765393395843083,0.13257574610038927,1,True,0.09998703753211931,False
RPS12P26,-1.0283026118191618,0.3584443955783724,GSE278320,-1.0283026118191618,0.3584443955783724,2,True,0.6321157762863854,False
RPS12P26,-1.0283026118191618,0.3584443955783724,GSE284044,-1.0283026118191618,0.3584443955783724,2,True,0.6321157762863854,False
RPS12P26,-1.0283026118191618,0.3584443955783724,GSE287860,-0.3398083106785122,0.8331715751391631,1,True,0.6321157762863854,False
RPS12P26,-1.0283026118191618,0.3584443955783724,GSE288000,-1.6683503229851615,0.28346017821466785,1,True,0.6321157762863854,False
RPS12P3,0.8577216327113141,0.0972154013295455,GSE278320,0.44085797317784625,0.2428722357618508,2,True,0.28575436148381556,False
RPS12P3,0.8577216327113141,0.0972154013295455,GSE284044,0.8577216327113141,0.0972154013295455,3,True,0.28575436148381556,False
RPS12P3,0.8577216327113141,0.0972154013295455,GSE287860,1.290342831544571,0.2052229629153044,2,True,0.28575436148381556,False
RPS12P3,0.8577216327113141,0.0972154013295455,GSE288000,1.3063593220147038,0.18438354746030328,2,True,0.28575436148381556,False
RPS13,-0.42270091744920596,0.010620095489822588,GSE278320,-0.29450618208360774,0.024424829587515993,3,True,0.07549040090522106,True
RPS13,-0.42270091744920596,0.010620095489822588,GSE284044,-0.4680584331212547,0.027065117320069408,3,True,0.07549040090522106,True
RPS13,-0.42270091744920596,0.010620095489822588,GSE287860,-0.5722906909382212,0.0031690003414637977,3,True,0.07549040090522106,True
RPS13,-0.42270091744920596,0.010620095489822588,GSE288000,-0.46177331640052166,0.07509731418327505,3,True,0.07549040090522106,False
RPS13P2,-0.5287208751143887,0.3736612274724328,GSE278320,0.015032908327151954,0.9669053788034121,2,False,0.6362716481061198,False
RPS13P2,-0.5287208751143887,0.3736612274724328,GSE284044,-0.5287208751143887,0.3736612274724328,3,True,0.6362716481061198,False
RPS13P2,-0.5287208751143887,0.3736612274724328,GSE287860,-1.3690877393296035,0.0602897140619934,2,True,0.6362716481061198,False
RPS13P2,-0.5287208751143887,0.3736612274724328,GSE288000,-0.6485011077557965,0.43678363584978475,2,True,0.6362716481061198,False
RPS14,-0.5144192390595074,0.01204372754325242,GSE278320,-0.34332097323253524,0.03572402055351651,3,True,0.08227053321799188,True
RPS14,-0.5144192390595074,0.01204372754325242,GSE284044,-0.6206612105873431,0.012019439631574012,3,True,0.08227053321799188,True
RPS14,-0.5144192390595074,0.01204372754325242,GSE287860,-0.6951043294943401,0.02010230133975098,3,True,0.08227053321799188,True
RPS14,-0.5144192390595074,0.01204372754325242,GSE288000,-0.5412111570578477,0.11729094471802072,3,True,0.08227053321799188,False
RPS15,-0.574137063636307,0.02540251620165927,GSE278320,-0.18703580499019976,0.009435699503462482,3,True,0.12320220357804745,True
RPS15,-0.574137063636307,0.02540251620165927,GSE284044,-0.6063415571784297,0.04530307584447145,3,True,0.12320220357804745,True
RPS15,-0.574137063636307,0.02540251620165927,GSE287860,-0.8985735044000894,0.10550647496943004,3,True,0.12320220357804745,False
RPS15,-0.574137063636307,0.02540251620165927,GSE288000,-0.8858257121127109,0.11287882062060191,3,True,0.12320220357804745,False
RPS15A,0.140500123746279,0.6448986286692009,GSE278320,-0.1761998511242789,0.01911060885026478,3,False,0.8187849081271268,True
RPS15A,0.140500123746279,0.6448986286692009,GSE284044,0.31518432656562273,0.3896852636828634,3,True,0.8187849081271268,False
RPS15A,0.140500123746279,0.6448986286692009,GSE287860,0.2561644140024262,0.6072019274137244,3,True,0.8187849081271268,False
RPS15A,0.140500123746279,0.6448986286692009,GSE288000,0.2278297495257112,0.6526051635791825,3,True,0.8187849081271268,False
RPS15AP1,0.06690833411231208,0.8421228566027492,GSE278320,-0.009350917116814812,0.9811401900824072,2,False,0.9269253072364417,False
RPS15AP1,0.06690833411231208,0.8421228566027492,GSE284044,0.06690833411231208,0.8421228566027492,3,True,0.9269253072364417,False
RPS15AP1,0.06690833411231208,0.8421228566027492,GSE287860,0.19335209866243463,0.7184649948429467,2,True,0.9269253072364417,False
RPS15AP1,0.06690833411231208,0.8421228566027492,GSE288000,0.07299158901977185,0.8378932805913486,2,True,0.9269253072364417,False
RPS15AP10,-0.661711895196091,0.6800482954549845,GSE278320,-0.661711895196091,0.6800482954549845,2,True,0.8405322206269742,False
RPS15AP10,-0.661711895196091,0.6800482954549845,GSE284044,-0.661711895196091,0.6800482954549845,2,True,0.8405322206269742,False
RPS15AP10,-0.661711895196091,0.6800482954549845,GSE287860,-2.620053231249009,0.09381811009672125,1,True,0.8405322206269742,False
RPS15AP10,-0.661711895196091,0.6800482954549845,GSE288000,0.652961941613062,0.2615896188798008,1,False,0.8405322206269742,False
RPS15AP11,-0.5984328177176053,0.5068759336657023,GSE278320,-0.6671219688248058,0.4911112587897458,1,True,0.7382427262098067,False
RPS15AP11,-0.5984328177176053,0.5068759336657023,GSE284044,-0.5984328177176053,0.5068759336657023,2,True,0.7382427262098067,False
RPS15AP11,-0.5984328177176053,0.5068759336657023,GSE287860,-0.1544620824467963,0.950000026541028,1,True,0.7382427262098067,False
RPS15AP11,-0.5984328177176053,0.5068759336657023,GSE288000,-0.5984328177176053,0.5068759336657023,2,True,0.7382427262098067,False
RPS15AP12,0.02919393452538362,0.963040798262316,GSE278320,0.1001924016479296,0.8824483582838416,1,True,0.9730724732442152,False
RPS15AP12,0.02919393452538362,0.963040798262316,GSE284044,0.02919393452538362,0.963040798262316,2,True,0.9730724732442152,False
RPS15AP12,0.02919393452538362,0.963040798262316,GSE287860,-0.4238793906038546,0.8044147725715431,1,False,0.9730724732442152,False
RPS15AP12,0.02919393452538362,0.963040798262316,GSE288000,0.02919393452538362,0.963040798262316,2,True,0.9730724732442152,False
RPS15AP24,0.29249908937087044,0.7123488314886146,GSE278320,0.6078465865178981,0.5125284237872534,1,True,0.8630723553034003,False
RPS15AP24,0.29249908937087044,0.7123488314886146,GSE284044,0.29249908937087044,0.7123488314886146,2,True,0.8630723553034003,False
RPS15AP24,0.29249908937087044,0.7123488314886146,GSE287860,-0.5625973223964789,0.7127962494621825,1,False,0.8630723553034003,False
RPS15AP24,0.29249908937087044,0.7123488314886146,GSE288000,0.29249908937087044,0.7123488314886146,2,True,0.8630723553034003,False
RPS15AP36,-0.5271828431053446,0.3655389060043055,GSE278320,-0.5271828431053446,0.3655389060043055,2,True,0.6331938227903955,False
RPS15AP36,-0.5271828431053446,0.3655389060043055,GSE284044,-0.5271828431053446,0.3655389060043055,2,True,0.6331938227903955,False
RPS15AP36,-0.5271828431053446,0.3655389060043055,GSE287860,-1.139436892614346,0.4606226722316542,1,True,0.6331938227903955,False
RPS15AP36,-0.5271828431053446,0.3655389060043055,GSE288000,-0.42558370486625613,0.4987239512942917,1,True,0.6331938227903955,False
RPS15AP38,0.2658381201709287,0.7956903243308221,GSE278320,0.3296859140475269,0.7597481950153891,1,True,0.9101646398595489,False
RPS15AP38,0.2658381201709287,0.7956903243308221,GSE284044,0.2658381201709287,0.7956903243308221,2,True,0.9101646398595489,False
RPS15AP38,0.2658381201709287,0.7956903243308221,GSE287860,-0.3564474928836438,0.9156556866172809,1,False,0.9101646398595489,False
RPS15AP38,0.2658381201709287,0.7956903243308221,GSE288000,0.2658381201709287,0.7956903243308221,2,True,0.9101646398595489,False
RPS15P4,-1.0099714845294447,0.058895655744857084,GSE278320,-0.4190897830216624,0.0075933884042746055,2,True,0.21003230173717416,True
RPS15P4,-1.0099714845294447,0.058895655744857084,GSE284044,-1.0099714845294447,0.058895655744857084,3,True,0.21003230173717416,False
RPS15P4,-1.0099714845294447,0.058895655744857084,GSE287860,-1.5360062537844528,0.2249426782145928,2,True,0.21003230173717416,False
RPS15P4,-1.0099714845294447,0.058895655744857084,GSE288000,-1.5640656204537426,0.19646043603135155,2,True,0.21003230173717416,False
RPS16,-0.3118119144943141,0.003111728347680363,GSE278320,-0.2663509177053388,0.002629848590490106,3,True,0.035933053538689905,True
RPS16,-0.3118119144943141,0.003111728347680363,GSE284044,-0.3436609837137534,0.010191529175225695,3,True,0.035933053538689905,True
RPS16,-0.3118119144943141,0.003111728347680363,GSE287860,-0.4444421196274363,0.0002548658654641176,3,True,0.035933053538689905,True
RPS16,-0.3118119144943141,0.003111728347680363,GSE288000,-0.2493346550746319,0.055094194613434774,3,True,0.035933053538689905,False
RPS17,0.8940213930598903,0.06995785083169104,GSE278320,0.33602103573256503,0.3253751078915039,3,True,0.23894054685471938,False
RPS17,0.8940213930598903,0.06995785083169104,GSE284044,1.3395083325089696,0.010906321660363675,3,True,0.23894054685471938,True
RPS17,0.8940213930598903,0.06995785083169104,GSE287860,0.9847902664820081,0.23803510118350535,3,True,0.23894054685471938,False
RPS17,0.8940213930598903,0.06995785083169104,GSE288000,0.9447104348082365,0.18944972401600157,3,True,0.23894054685471938,False
RPS18,-0.2763501776335215,0.0070396955520638065,GSE278320,-0.21239306663638705,0.0012079471362075747,3,True,0.05886641970260252,True
RPS18,-0.2763501776335215,0.0070396955520638065,GSE284044,-0.2612482968135978,0.026891041013010222,3,True,0.05886641970260252,True
RPS18,-0.2763501776335215,0.0070396955520638065,GSE287860,-0.43916615863122416,0.02641887581664488,3,True,0.05886641970260252,True
RPS18,-0.2763501776335215,0.0070396955520638065,GSE288000,-0.4230646418760121,0.06320953343238164,3,True,0.05886641970260252,False
RPS18P12,-0.026880424123845906,0.9337487939505345,GSE278320,0.06169659728820244,0.8613360100454088,2,False,0.9616302130951409,False
RPS18P12,-0.026880424123845906,0.9337487939505345,GSE284044,-0.026880424123845906,0.9337487939505345,3,True,0.9616302130951409,False
RPS18P12,-0.026880424123845906,0.9337487939505345,GSE287860,-0.05134056630061361,0.9132071353763636,2,True,0.9616302130951409,False
RPS18P12,-0.026880424123845906,0.9337487939505345,GSE288000,-0.11767904349323621,0.7623135244084991,2,True,0.9616302130951409,False
RPS18P9,-0.04126826927276084,0.8485666730164539,GSE278320,-0.0517694847684574,0.8705926483800209,1,True,0.9269253072364417,False
RPS18P9,-0.04126826927276084,0.8485666730164539,GSE284044,-0.04126826927276084,0.8485666730164539,2,True,0.9269253072364417,False
RPS18P9,-0.04126826927276084,0.8485666730164539,GSE287860,-0.0322316573167688,0.9129361978344974,1,True,0.9269253072364417,False
RPS18P9,-0.04126826927276084,0.8485666730164539,GSE288000,-0.04126826927276084,0.8485666730164539,2,True,0.9269253072364417,False
RPS19,-0.40929880447503736,0.02575305534728093,GSE278320,-0.23335708791372028,0.07584111220872206,3,True,0.123665661816151,False
RPS19,-0.40929880447503736,0.02575305534728093,GSE284044,-0.39785164693946806,0.0635256864559978,3,True,0.123665661816151,False
RPS19,-0.40929880447503736,0.02575305534728093,GSE287860,-0.6115977279586396,0.012223141297039953,3,True,0.123665661816151,True
RPS19,-0.40929880447503736,0.02575305534728093,GSE288000,-0.535077838139333,0.11778812600349636,3,True,0.123665661816151,False
RPS19BP1,0.16556750215575974,0.6094336171644674,GSE278320,0.6850271508622162,5.026631141118269e-12,3,True,0.7947779040016275,True
RPS19BP1,0.16556750215575974,0.6094336171644674,GSE284044,0.21110378382893563,0.5650580435494792,3,True,0.7947779040016275,False
RPS19BP1,0.16556750215575974,0.6094336171644674,GSE287860,-0.08616076142007155,0.8850071526947472,3,False,0.7947779040016275,False
RPS19BP1,0.16556750215575974,0.6094336171644674,GSE288000,-0.07411038979341619,0.9043227727064053,3,False,0.7947779040016275,False
RPS19P1,0.287158957236396,0.7559124144221507,GSE278320,0.5078847542393167,0.6417335559981697,1,True,0.8876937554352133,False
RPS19P1,0.287158957236396,0.7559124144221507,GSE284044,0.287158957236396,0.7559124144221507,2,True,0.8876937554352133,False
RPS19P1,0.287158957236396,0.7559124144221507,GSE287860,-0.2698306326442791,0.876339714840747,1,False,0.8876937554352133,False
RPS19P1,0.287158957236396,0.7559124144221507,GSE288000,0.287158957236396,0.7559124144221507,2,True,0.8876937554352133,False
RPS19P3,-1.2615105067485606,4.2852726014623084e-05,GSE278320,-1.290012623695759,0.0005393882276729445,2,True,0.00207835721170922,True
RPS19P3,-1.2615105067485606,4.2852726014623084e-05,GSE284044,-1.2615105067485606,4.2852726014623084e-05,3,True,0.00207835721170922,True
RPS19P3,-1.2615105067485606,4.2852726014623084e-05,GSE287860,-1.7703007322080422,0.0010268342865792275,2,True,0.00207835721170922,True
RPS19P3,-1.2615105067485606,4.2852726014623084e-05,GSE288000,-1.0358322604461496,0.004867803186319867,2,True,0.00207835721170922,True
RPS2,-0.3953422638598963,0.01383052355807359,GSE278320,-0.26050149704922476,8.105905247748285e-05,3,True,0.08711433669695702,True
RPS2,-0.3953422638598963,0.01383052355807359,GSE284044,-0.5076297936317267,0.032508471369492004,3,True,0.08711433669695702,True
RPS2,-0.3953422638598963,0.01383052355807359,GSE287860,-0.5911179862036251,0.04879771324096723,3,True,0.08711433669695702,True
RPS2,-0.3953422638598963,0.01383052355807359,GSE288000,-0.5533636292066835,0.032821284685428484,3,True,0.08711433669695702,True
RPS20,-0.11501444723029679,0.07269121262447005,GSE278320,-0.11560001929069003,0.14123933216669554,3,True,0.24313957326115843,False
RPS20,-0.11501444723029679,0.07269121262447005,GSE284044,-0.08852910126556666,0.15059334134031835,3,True,0.24313957326115843,False
RPS20,-0.11501444723029679,0.07269121262447005,GSE287860,-0.2128250067115426,0.17223503579011834,3,True,0.24313957326115843,False
RPS20,-0.11501444723029679,0.07269121262447005,GSE288000,-0.20177306411400223,0.11257345418784659,3,True,0.24313957326115843,False
RPS20P10,0.5301430360027715,0.4009563660129559,GSE278320,0.4204304418783625,0.5477293811042246,1,True,0.6525632131418914,False
RPS20P10,0.5301430360027715,0.4009563660129559,GSE284044,0.5301430360027715,0.4009563660129559,2,True,0.6525632131418914,False
RPS20P10,0.5301430360027715,0.4009563660129559,GSE287860,1.0120258844905636,0.48989405099749483,1,True,0.6525632131418914,False
RPS20P10,0.5301430360027715,0.4009563660129559,GSE288000,0.5301430360027715,0.4009563660129559,2,True,0.6525632131418914,False
RPS20P14,-0.017348829100413406,0.9537160859885879,GSE278320,-0.06343499981672555,0.8490265854904945,2,True,0.9699062624350204,False
RPS20P14,-0.017348829100413406,0.9537160859885879,GSE284044,-0.017348829100413406,0.9537160859885879,3,True,0.9699062624350204,False
RPS20P14,-0.017348829100413406,0.9537160859885879,GSE287860,-0.035331725217270966,0.9493949931155543,2,True,0.9699062624350204,False
RPS20P14,-0.017348829100413406,0.9537160859885879,GSE288000,0.02924248906973685,0.9257623261475598,2,False,0.9699062624350204,False
RPS20P22,-0.16486287166431496,0.8155691685186959,GSE278320,-0.8611865468041922,0.39909362687661964,1,True,0.9177518485651218,False
RPS20P22,-0.16486287166431496,0.8155691685186959,GSE284044,-0.16486287166431496,0.8155691685186959,2,True,0.9177518485651218,False
RPS20P22,-0.16486287166431496,0.8155691685186959,GSE287860,0.4752847573563611,0.6274131268842646,1,False,0.9177518485651218,False
RPS20P22,-0.16486287166431496,0.8155691685186959,GSE288000,-0.16486287166431496,0.8155691685186959,2,True,0.9177518485651218,False
RPS20P33,-0.4273284911515227,0.4646014477938588,GSE278320,-0.8596855554601054,0.21458360526932696,2,True,0.7084469323210985,False
RPS20P33,-0.4273284911515227,0.4646014477938588,GSE284044,-0.4273284911515227,0.4646014477938588,3,True,0.7084469323210985,False
RPS20P33,-0.4273284911515227,0.4646014477938588,GSE287860,0.06693905400662589,0.930380458788082,2,False,0.7084469323210985,False
RPS20P33,-0.4273284911515227,0.4646014477938588,GSE288000,-0.3423378143936655,0.6942187193958156,2,True,0.7084469323210985,False
RPS21,-0.26744724036746054,0.1217259993587891,GSE278320,-0.10722499962446624,0.34420406181412966,3,True,0.33050950298535525,False
RPS21,-0.26744724036746054,0.1217259993587891,GSE284044,-0.1880209707934134,0.3015126637642568,3,True,0.33050950298535525,False
RPS21,-0.26744724036746054,0.1217259993587891,GSE287860,-0.5063953736282155,0.16213037077902448,3,True,0.33050950298535525,False
RPS21,-0.26744724036746054,0.1217259993587891,GSE288000,-0.5276068345670645,0.0994748991950017,3,True,0.33050950298535525,False
RPS23,-0.5123444838119572,0.011645910709977614,GSE278320,-0.28818481746696206,0.004337563111933151,3,True,0.0806895242048449,True
RPS23,-0.5123444838119572,0.011645910709977614,GSE284044,-0.540534435963347,0.01606016839039437,3,True,0.0806895242048449,True
RPS23,-0.5123444838119572,0.011645910709977614,GSE287860,-0.8167494544590044,0.05813404888245016,3,True,0.0806895242048449,False
RPS23,-0.5123444838119572,0.011645910709977614,GSE288000,-0.7230883147447908,0.16023072919310355,3,True,0.0806895242048449,False
RPS23P8,-0.4415879290457524,0.16644172600938212,GSE278320,-0.28553090083069327,0.12520533033862583,2,True,0.41185835262525683,False
RPS23P8,-0.4415879290457524,0.16644172600938212,GSE284044,-0.4415879290457524,0.16644172600938212,3,True,0.41185835262525683,False
RPS23P8,-0.4415879290457524,0.16644172600938212,GSE287860,-0.7324847808413971,0.3589812100584512,2,True,0.41185835262525683,False
RPS23P8,-0.4415879290457524,0.16644172600938212,GSE288000,-0.7978161713464605,0.2010805390373681,2,True,0.41185835262525683,False
RPS24,-0.2994465519453871,0.0568086533976591,GSE278320,-0.14976260114876247,0.019512091850811927,3,True,0.2040903473915901,True
RPS24,-0.2994465519453871,0.0568086533976591,GSE284044,-0.3883987562823481,0.06377050542652407,3,True,0.2040903473915901,False
RPS24,-0.2994465519453871,0.0568086533976591,GSE287860,-0.4332101492329582,0.132684627217854,3,True,0.2040903473915901,False
RPS24,-0.2994465519453871,0.0568086533976591,GSE288000,-0.42698174428566316,0.10157770417888287,3,True,0.2040903473915901,False
RPS24P17,-0.13746655389188828,0.908721645814792,GSE278320,0.0685452029561223,0.9623075527371844,1,False,0.9512518959124221,False
RPS24P17,-0.13746655389188828,0.908721645814792,GSE284044,-0.13746655389188828,0.908721645814792,2,True,0.9512518959124221,False
RPS24P17,-0.13746655389188828,0.908721645814792,GSE287860,-0.5820260960921153,0.7847277002820121,1,True,0.9512518959124221,False
RPS24P17,-0.13746655389188828,0.908721645814792,GSE288000,-0.13746655389188828,0.908721645814792,2,True,0.9512518959124221,False
RPS24P19,-0.5803454484502282,0.31678055738729305,GSE278320,-0.3352453545829294,0.5601566828610933,2,True,0.6020426443936984,False
RPS24P19,-0.5803454484502282,0.31678055738729305,GSE284044,-0.5803454484502282,0.31678055738729305,3,True,0.6020426443936984,False
RPS24P19,-0.5803454484502282,0.31678055738729305,GSE287860,-0.604116267319279,0.5886827345506831,2,True,0.6020426443936984,False
RPS24P19,-0.5803454484502282,0.31678055738729305,GSE288000,-1.2521652975882627,0.09158692917112611,2,True,0.6020426443936984,False
RPS24P8,-0.6174872552206644,0.31951416062448845,GSE278320,0.018154695334738243,0.9581658660777693,2,False,0.6020426443936984,False
RPS24P8,-0.6174872552206644,0.31951416062448845,GSE284044,-0.6174872552206644,0.31951416062448845,3,True,0.6020426443936984,False
RPS24P8,-0.6174872552206644,0.31951416062448845,GSE287860,-1.0411468323300788,0.2298320919818655,2,True,0.6020426443936984,False
RPS24P8,-0.6174872552206644,0.31951416062448845,GSE288000,-0.8548244952496673,0.39100625946067524,2,True,0.6020426443936984,False
RPS25,-0.46006578118324937,0.019449425023873434,GSE278320,-0.23072257774511318,0.00021630960143468862,3,True,0.10842495559285764,True
RPS25,-0.46006578118324937,0.019449425023873434,GSE284044,-0.5160714537673695,0.020287386659221494,3,True,0.10842495559285764,True
RPS25,-0.46006578118324937,0.019449425023873434,GSE287860,-0.7433870618132432,0.13712207083693284,3,True,0.10842495559285764,False
RPS25,-0.46006578118324937,0.019449425023873434,GSE288000,-0.7201734885689077,0.1605362266686542,3,True,0.10842495559285764,False
RPS26,-0.009366954049848688,0.9824778088244743,GSE278320,0.5731372169629451,0.1005973304220717,3,False,0.9865460399169153,False
RPS26,-0.009366954049848688,0.9824778088244743,GSE284044,0.05459288995385065,0.9158194748152056,3,False,0.9865460399169153,False
RPS26,-0.009366954049848688,0.9824778088244743,GSE287860,-0.2944750645828061,0.7276142207996789,3,True,0.9865460399169153,False
RPS26,-0.009366954049848688,0.9824778088244743,GSE288000,-0.5070575652914325,0.39420116326432264,3,True,0.9865460399169153,False
RPS26P13,1.005840562935395,0.28371329386631405,GSE278320,2.2211051895724356,0.18377264835200358,1,True,0.5616365205108667,False
RPS26P13,1.005840562935395,0.28371329386631405,GSE284044,1.005840562935395,0.28371329386631405,2,True,0.5616365205108667,False
RPS26P13,1.005840562935395,0.28371329386631405,GSE287860,1.005840562935395,0.28371329386631405,2,True,0.5616365205108667,False
RPS26P13,1.005840562935395,0.28371329386631405,GSE288000,0.44623111051838676,0.6939244761621775,1,True,0.5616365205108667,False
RPS26P3,0.31724305865221053,0.73017137625376,GSE278320,0.9537859164904714,0.4222916289547093,2,True,0.8787422270051455,False
RPS26P3,0.31724305865221053,0.73017137625376,GSE284044,0.31724305865221053,0.73017137625376,3,True,0.8787422270051455,False
RPS26P3,0.31724305865221053,0.73017137625376,GSE287860,0.004261863395814672,0.9968213274901243,2,True,0.8787422270051455,False
RPS26P3,0.31724305865221053,0.73017137625376,GSE288000,0.0908575132834864,0.9359524327023979,2,True,0.8787422270051455,False
RPS26P47,-0.22134054618588367,0.8271022626873871,GSE278320,0.7943967283609822,0.5597502946940913,1,False,0.9264309408854104,False
RPS26P47,-0.22134054618588367,0.8271022626873871,GSE284044,-0.22134054618588367,0.8271022626873871,2,True,0.9264309408854104,False
RPS26P47,-0.22134054618588367,0.8271022626873871,GSE287860,-1.232355762843087,0.3643613298848295,1,True,0.9264309408854104,False
RPS26P47,-0.22134054618588367,0.8271022626873871,GSE288000,-0.22134054618588367,0.8271022626873871,2,True,0.9264309408854104,False
RPS26P58,0.16872741972687993,0.8550566671050699,GSE278320,0.3727230358740046,0.7186284890143586,1,True,0.9298261962913876,False
RPS26P58,0.16872741972687993,0.8550566671050699,GSE284044,0.16872741972687993,0.8550566671050699,2,True,0.9298261962913876,False
RPS26P58,0.16872741972687993,0.8550566671050699,GSE287860,-0.6332229642557383,0.7575359273487976,1,False,0.9298261962913876,False
RPS26P58,0.16872741972687993,0.8550566671050699,GSE288000,0.16872741972687993,0.8550566671050699,2,True,0.9298261962913876,False
RPS27,-0.7854233946523447,0.0004299121952857504,GSE278320,-0.6994209307467341,0.003557831577273902,3,True,0.010974074458609945,True
RPS27,-0.7854233946523447,0.0004299121952857504,GSE284044,-0.8768825444975002,0.00224421087052706,3,True,0.010974074458609945,True
RPS27,-0.7854233946523447,0.0004299121952857504,GSE287860,-0.938537332858548,1.539495642783502e-05,3,True,0.010974074458609945,True
RPS27,-0.7854233946523447,0.0004299121952857504,GSE288000,-0.5706568852453533,0.0005384693318512465,3,True,0.010974074458609945,True
RPS27A,-0.31197186084036266,0.08019239391591491,GSE278320,-0.07590858089818796,0.20686630472428924,3,True,0.2569597013196196,False
RPS27A,-0.31197186084036266,0.08019239391591491,GSE284044,-0.34206270595379545,0.12171789975781121,3,True,0.2569597013196196,False
RPS27A,-0.31197186084036266,0.08019239391591491,GSE287860,-0.5843518169788761,0.098818840701003,3,True,0.2569597013196196,False
RPS27A,-0.31197186084036266,0.08019239391591491,GSE288000,-0.5603430763089953,0.12151502469950107,3,True,0.2569597013196196,False
RPS27AP11,-1.0324274352247815,0.2505916549695153,GSE278320,-1.2338817321802529,0.26750214413745776,1,True,0.5149870875432836,False
RPS27AP11,-1.0324274352247815,0.2505916549695153,GSE284044,-1.0324274352247815,0.2505916549695153,2,True,0.5149870875432836,False
RPS27AP11,-1.0324274352247815,0.2505916549695153,GSE287860,-0.6547847091235574,0.6673609235243007,1,True,0.5149870875432836,False
RPS27AP11,-1.0324274352247815,0.2505916549695153,GSE288000,-1.0324274352247815,0.2505916549695153,2,True,0.5149870875432836,False
RPS27AP16,-0.8113929153778023,0.3768156973271174,GSE278320,-0.0344697284616013,0.8007605899491335,1,True,0.6367791400824109,False
RPS27AP16,-0.8113929153778023,0.3768156973271174,GSE284044,-0.8113929153778023,0.3768156973271174,2,True,0.6367791400824109,False
RPS27AP16,-0.8113929153778023,0.3768156973271174,GSE287860,-1.8963118737323543,0.01372372416989259,1,True,0.6367791400824109,True
RPS27AP16,-0.8113929153778023,0.3768156973271174,GSE288000,-0.8113929153778023,0.3768156973271174,2,True,0.6367791400824109,False
RPS27AP5,-0.30303963027883923,0.37102330941459494,GSE278320,0.10040387055683711,0.9055998019621087,2,False,0.6362716481061198,False
RPS27AP5,-0.30303963027883923,0.37102330941459494,GSE284044,-0.30303963027883923,0.37102330941459494,3,True,0.6362716481061198,False
RPS27AP5,-0.30303963027883923,0.37102330941459494,GSE287860,0.21067514334518694,0.8642928590581901,2,False,0.6362716481061198,False
RPS27AP5,-0.30303963027883923,0.37102330941459494,GSE288000,-0.40454887186592026,0.24428096641473862,2,True,0.6362716481061198,False
RPS27AP7,-0.076716457731226,0.9346082373822835,GSE278320,-0.076716457731226,0.9346082373822835,2,True,0.9616302130951409,False
RPS27AP7,-0.076716457731226,0.9346082373822835,GSE284044,-0.076716457731226,0.9346082373822835,2,True,0.9616302130951409,False
RPS27AP7,-0.076716457731226,0.9346082373822835,GSE287860,1.3119596099735524,0.3382437191609665,1,False,0.9616302130951409,False
RPS27AP7,-0.076716457731226,0.9346082373822835,GSE288000,-0.7062749075285912,0.22905545377809122,1,True,0.9616302130951409,False
RPS27L,-0.025643272393440292,0.7523066993527318,GSE278320,0.018165539174538003,0.7903810689439229,3,False,0.8876937554352133,False
RPS27L,-0.025643272393440292,0.7523066993527318,GSE284044,-0.04250000897452069,0.6839392432703073,3,True,0.8876937554352133,False
RPS27L,-0.025643272393440292,0.7523066993527318,GSE287860,-0.1333575882621432,0.2513568078944579,3,True,0.8876937554352133,False
RPS27L,-0.025643272393440292,0.7523066993527318,GSE288000,-0.09966882477415746,0.5633282043836583,3,True,0.8876937554352133,False
RPS27P29,-0.9136399538499153,0.04207085380505414,GSE278320,-0.8755225237328594,0.059173329306038726,1,True,0.17146524449959039,False
RPS27P29,-0.9136399538499153,0.04207085380505414,GSE284044,-0.9136399538499153,0.04207085380505414,2,True,0.17146524449959039,True
RPS27P29,-0.9136399538499153,0.04207085380505414,GSE287860,-1.4927872206675314,0.4091627939633822,1,True,0.17146524449959039,False
RPS27P29,-0.9136399538499153,0.04207085380505414,GSE288000,-0.9136399538499153,0.04207085380505414,2,True,0.17146524449959039,True
RPS28,-0.5956677907502363,0.0079111222558453,GSE278320,-0.2985049333727086,5.228073601328995e-05,3,True,0.0639482382347495,True
RPS28,-0.5956677907502363,0.0079111222558453,GSE284044,-0.6543098626488275,0.017190169581156257,3,True,0.0639482382347495,True
RPS28,-0.5956677907502363,0.0079111222558453,GSE287860,-0.8363201048074483,0.031893550180508774,3,True,0.0639482382347495,True
RPS28,-0.5956677907502363,0.0079111222558453,GSE288000,-0.7687272718573933,0.07364456783087975,3,True,0.0639482382347495,False
RPS28P4,-0.40716612494058624,0.24470817217752538,GSE278320,-0.35318125629777836,0.3370064624840281,2,True,0.5071942884876061,False
RPS28P4,-0.40716612494058624,0.24470817217752538,GSE284044,-0.40716612494058624,0.24470817217752538,3,True,0.5071942884876061,False
RPS28P4,-0.40716612494058624,0.24470817217752538,GSE287860,-0.4549857585513453,0.5593350883551791,2,True,0.5071942884876061,False
RPS28P4,-0.40716612494058624,0.24470817217752538,GSE288000,-0.4510942271787073,0.22326601344335073,2,True,0.5071942884876061,False
RPS28P7,-0.3491814829029911,0.14962543065317832,GSE278320,-0.2708834644229211,0.15400324799237375,2,True,0.37796007222287237,False
RPS28P7,-0.3491814829029911,0.14962543065317832,GSE284044,-0.3491814829029911,0.14962543065317832,3,True,0.37796007222287237,False
RPS28P7,-0.3491814829029911,0.14962543065317832,GSE287860,-0.49821017379227234,0.44699118821236117,2,True,0.37796007222287237,False
RPS28P7,-0.3491814829029911,0.14962543065317832,GSE288000,-0.6018440209580684,0.11972143810876601,2,True,0.37796007222287237,False
RPS29,-0.1056007279480391,0.39451002039532557,GSE278320,-0.10974483380270336,0.44490780145107667,3,True,0.6520277034262948,False
RPS29,-0.1056007279480391,0.39451002039532557,GSE284044,-0.032104441019851326,0.7628048110091117,3,True,0.6520277034262948,False
RPS29,-0.1056007279480391,0.39451002039532557,GSE287860,-0.148919226542546,0.5349680003490704,3,True,0.6520277034262948,False
RPS29,-0.1056007279480391,0.39451002039532557,GSE288000,-0.18451071519613743,0.046127520527074535,3,True,0.6520277034262948,True
RPS29P16,-0.07370685546490363,0.9362442506494089,GSE278320,-0.8048449510884693,0.25002483940220166,2,True,0.9616302130951409,False
RPS29P16,-0.07370685546490363,0.9362442506494089,GSE284044,-0.07370685546490363,0.9362442506494089,3,True,0.9616302130951409,False
RPS29P16,-0.07370685546490363,0.9362442506494089,GSE287860,-0.14808704189868468,0.9331851387761536,2,True,0.9616302130951409,False
RPS29P16,-0.07370685546490363,0.9362442506494089,GSE288000,0.49352942450282744,0.5852311232950076,2,False,0.9616302130951409,False
RPS29P5,0.2972232881938618,0.6091048068020892,GSE278320,-0.0963546755370316,0.885514700008231,1,False,0.7947779040016275,False
RPS29P5,0.2972232881938618,0.6091048068020892,GSE284044,0.2972232881938618,0.6091048068020892,2,True,0.7947779040016275,False
RPS29P5,0.2972232881938618,0.6091048068020892,GSE287860,1.1556346951678886,0.2547932602248306,1,True,0.7947779040016275,False
RPS29P5,0.2972232881938618,0.6091048068020892,GSE288000,0.2972232881938618,0.6091048068020892,2,True,0.7947779040016275,False
RPS2P16,2.4429208326870135,0.010739871468990215,GSE278320,2.4429208326870135,0.010739871468990215,2,True,0.07549040090522106,True
RPS2P16,2.4429208326870135,0.010739871468990215,GSE284044,2.4429208326870135,0.010739871468990215,2,True,0.07549040090522106,True
RPS2P16,2.4429208326870135,0.010739871468990215,GSE287860,2.1310159404489224,0.12928662078285152,1,True,0.07549040090522106,False
RPS2P16,2.4429208326870135,0.010739871468990215,GSE288000,2.713643009203228,0.038137256128364085,1,True,0.07549040090522106,True
RPS2P17,-0.40919742637677314,0.3990016535348385,GSE278320,-0.28688118425868475,0.626938407372027,2,True,0.6522268060885305,False
RPS2P17,-0.40919742637677314,0.3990016535348385,GSE284044,-0.40919742637677314,0.3990016535348385,3,True,0.6522268060885305,False
RPS2P17,-0.40919742637677314,0.3990016535348385,GSE287860,-0.362535129202075,0.5763646844666958,2,True,0.6522268060885305,False
RPS2P17,-0.40919742637677314,0.3990016535348385,GSE288000,-0.5512793341994281,0.32022484922260974,2,True,0.6522268060885305,False
RPS2P32,0.6251046721622674,0.035945717554001375,GSE278320,0.490373856476155,0.1409659955860066,2,True,0.15485503514664364,False
RPS2P32,0.6251046721622674,0.035945717554001375,GSE284044,0.6251046721622674,0.035945717554001375,3,True,0.15485503514664364,True
RPS2P32,0.6251046721622674,0.035945717554001375,GSE287860,0.6651980181085259,0.25007793073064166,2,True,0.15485503514664364,False
RPS2P32,0.6251046721622674,0.035945717554001375,GSE288000,0.7260985895705867,0.023734000938288275,2,True,0.15485503514664364,True
RPS2P35,-0.8043772705040696,0.22695150458779434,GSE278320,-0.9919724960494728,0.17431220943848502,1,True,0.4935940794846648,False
RPS2P35,-0.8043772705040696,0.22695150458779434,GSE284044,-0.8043772705040696,0.22695150458779434,2,True,0.4935940794846648,False
RPS2P35,-0.8043772705040696,0.22695150458779434,GSE287860,0.1194595840336145,0.9412329483897067,1,False,0.4935940794846648,False
RPS2P35,-0.8043772705040696,0.22695150458779434,GSE288000,-0.8043772705040696,0.22695150458779434,2,True,0.4935940794846648,False
RPS2P36,1.4247303334523886,0.0017539499804293112,GSE278320,1.4247303334523886,0.0017539499804293112,2,True,0.022990965959681513,True
RPS2P36,1.4247303334523886,0.0017539499804293112,GSE284044,1.4247303334523886,0.0017539499804293112,2,True,0.022990965959681513,True
RPS2P36,1.4247303334523886,0.0017539499804293112,GSE287860,1.082586771475963,0.13981431531027175,1,True,0.022990965959681513,False
RPS2P36,1.4247303334523886,0.0017539499804293112,GSE288000,1.6394974159607296,0.00476867556623658,1,True,0.022990965959681513,True
RPS2P46,-0.31486605021498154,0.0959781111413976,GSE278320,-0.23554244242833097,0.011649500296815454,2,True,0.28575436148381556,True
RPS2P46,-0.31486605021498154,0.0959781111413976,GSE284044,-0.31486605021498154,0.0959781111413976,3,True,0.28575436148381556,False
RPS2P46,-0.31486605021498154,0.0959781111413976,GSE287860,-0.8503248461033049,0.29527303015724227,2,True,0.28575436148381556,False
RPS2P46,-0.31486605021498154,0.0959781111413976,GSE288000,-0.8684492123916068,0.2632531707599399,2,True,0.28575436148381556,False
RPS2P48,-0.7638452393736666,0.43871980482496664,GSE278320,-2.011946371846684,0.23015892277094951,1,True,0.6886055189000285,False
RPS2P48,-0.7638452393736666,0.43871980482496664,GSE284044,-0.7638452393736666,0.43871980482496664,2,True,0.6886055189000285,False
RPS2P48,-0.7638452393736666,0.43871980482496664,GSE287860,-0.1031962891301722,0.9325825228884548,1,True,0.6886055189000285,False
RPS2P48,-0.7638452393736666,0.43871980482496664,GSE288000,-0.7638452393736666,0.43871980482496664,2,True,0.6886055189000285,False
RPS2P5,-0.4567706895690567,0.05413998646252249,GSE278320,-0.26308712967252634,9.707133023402171e-05,2,True,0.20198379564864158,True
RPS2P5,-0.4567706895690567,0.05413998646252249,GSE284044,-0.4567706895690567,0.05413998646252249,3,True,0.20198379564864158,False
RPS2P5,-0.4567706895690567,0.05413998646252249,GSE287860,-1.0218659384980364,0.2710253956273728,2,True,0.20198379564864158,False
RPS2P5,-0.4567706895690567,0.05413998646252249,GSE288000,-1.064647182844672,0.22261856063167051,2,True,0.20198379564864158,False
RPS2P55,-0.3219028521138748,0.04302830366914852,GSE278320,-0.3078101986857172,0.056717805418884486,2,True,0.17246882049204157,False
RPS2P55,-0.3219028521138748,0.04302830366914852,GSE284044,-0.3219028521138748,0.04302830366914852,3,True,0.17246882049204157,True
RPS2P55,-0.3219028521138748,0.04302830366914852,GSE287860,-0.3204026307645215,0.14780287637115103,2,True,0.17246882049204157,False
RPS2P55,-0.3219028521138748,0.04302830366914852,GSE288000,-0.35001851040419873,0.11481597905957093,2,True,0.17246882049204157,False
RPS2P7,-0.47026543690836065,0.35270875626624953,GSE278320,-0.1291925080126401,0.6926953628486155,2,True,0.6289108337835699,False
RPS2P7,-0.47026543690836065,0.35270875626624953,GSE284044,-0.47026543690836065,0.35270875626624953,3,True,0.6289108337835699,False
RPS2P7,-0.47026543690836065,0.35270875626624953,GSE287860,-0.7630196946851564,0.4954342736972308,2,True,0.6289108337835699,False
RPS2P7,-0.47026543690836065,0.35270875626624953,GSE288000,-0.9690811568069371,0.23328080985298916,2,True,0.6289108337835699,False
RPS3,-0.5585235215597345,0.02532190286808486,GSE278320,-0.16863253541280537,0.01374231742492011,3,True,0.12320220357804745,True
RPS3,-0.5585235215597345,0.02532190286808486,GSE284044,-0.6121443068076419,0.03656100718725782,3,True,0.12320220357804745,True
RPS3,-0.5585235215597345,0.02532190286808486,GSE287860,-0.8345501006920764,0.08517733979153079,3,True,0.12320220357804745,False
RPS3,-0.5585235215597345,0.02532190286808486,GSE288000,-0.7630287123181555,0.16059889843600872,3,True,0.12320220357804745,False
RPS3A,-0.4704559536099072,0.01510647525724633,GSE278320,-0.34186261606373786,0.02585223539194699,2,True,0.09393128845851885,True
RPS3A,-0.4704559536099072,0.01510647525724633,GSE284044,-0.4704559536099072,0.01510647525724633,3,True,0.09393128845851885,True
RPS3A,-0.4704559536099072,0.01510647525724633,GSE287860,-0.8005583907851463,0.04237306505998277,2,True,0.09393128845851885,True
RPS3A,-0.4704559536099072,0.01510647525724633,GSE288000,-0.6762072143718726,0.22864944078052962,2,True,0.09393128845851885,False
RPS3AP20,-0.3790506774527216,0.5269290793579686,GSE278320,-0.1070568635393295,0.8472437451198832,1,True,0.7560964600254876,False
RPS3AP20,-0.3790506774527216,0.5269290793579686,GSE284044,-0.3790506774527216,0.5269290793579686,2,True,0.7560964600254876,False
RPS3AP20,-0.3790506774527216,0.5269290793579686,GSE287860,-1.6986401058842038,0.22691866867556132,1,True,0.7560964600254876,False
RPS3AP20,-0.3790506774527216,0.5269290793579686,GSE288000,-0.3790506774527216,0.5269290793579686,2,True,0.7560964600254876,False
RPS3AP21,0.1186042914665101,0.8055566812584734,GSE278320,-0.348701120982151,0.5418690756875748,2,False,0.912838762641027,False
RPS3AP21,0.1186042914665101,0.8055566812584734,GSE284044,0.1186042914665101,0.8055566812584734,3,True,0.912838762641027,False
RPS3AP21,0.1186042914665101,0.8055566812584734,GSE287860,0.7315237813214758,0.2501856655755831,2,True,0.912838762641027,False
RPS3AP21,0.1186042914665101,0.8055566812584734,GSE288000,0.12623004683435562,0.8632659458145285,2,True,0.912838762641027,False
RPS3AP25,-0.34382254886122915,0.5258670303018622,GSE278320,-0.17211256615136,0.7737373221562776,1,True,0.7560964600254876,False
RPS3AP25,-0.34382254886122915,0.5258670303018622,GSE284044,-0.34382254886122915,0.5258670303018622,2,True,0.7560964600254876,False
RPS3AP25,-0.34382254886122915,0.5258670303018622,GSE287860,-1.1245314658460366,0.37836311664306777,1,True,0.7560964600254876,False
RPS3AP25,-0.34382254886122915,0.5258670303018622,GSE288000,-0.34382254886122915,0.5258670303018622,2,True,0.7560964600254876,False
RPS3AP26,-0.2686062309525671,0.03639891547776778,GSE278320,-0.2407632935572824,0.06422951195253786,2,True,0.15485503514664364,False
RPS3AP26,-0.2686062309525671,0.03639891547776778,GSE284044,-0.2686062309525671,0.03639891547776778,3,True,0.15485503514664364,True
RPS3AP26,-0.2686062309525671,0.03639891547776778,GSE287860,-0.578768559732951,0.17115817496234553,2,True,0.15485503514664364,False
RPS3AP26,-0.2686062309525671,0.03639891547776778,GSE288000,-0.478057921953048,0.2865791727201821,2,True,0.15485503514664364,False
RPS3AP38,0.08483034285386826,0.9100636694914719,GSE278320,-0.5568290787415012,0.163755827587171,2,False,0.9512518959124221,False
RPS3AP38,0.08483034285386826,0.9100636694914719,GSE284044,0.08483034285386826,0.9100636694914719,3,True,0.9512518959124221,False
RPS3AP38,0.08483034285386826,0.9100636694914719,GSE287860,0.33616862449523216,0.8087309426898784,2,True,0.9512518959124221,False
RPS3AP38,0.08483034285386826,0.9100636694914719,GSE288000,0.6216616477434017,0.545863978261502,2,True,0.9512518959124221,False
RPS3AP47,-0.6799273584483234,0.1140126968780791,GSE278320,-0.5119061766583631,0.2798983172151023,2,True,0.31418271582879753,False
RPS3AP47,-0.6799273584483234,0.1140126968780791,GSE284044,-0.6799273584483234,0.1140126968780791,3,True,0.31418271582879753,False
RPS3AP47,-0.6799273584483234,0.1140126968780791,GSE287860,-0.9224708346432351,0.2524071146876258,2,True,0.31418271582879753,False
RPS3AP47,-0.6799273584483234,0.1140126968780791,GSE288000,-0.757938055046481,0.09643677334294283,2,True,0.31418271582879753,False
RPS3AP49,0.05636433758714264,0.9152004266100999,GSE278320,0.212027065064485,0.7013248303857609,1,True,0.9522366634575031,False
RPS3AP49,0.05636433758714264,0.9152004266100999,GSE284044,0.05636433758714264,0.9152004266100999,2,True,0.9522366634575031,False
RPS3AP49,0.05636433758714264,0.9152004266100999,GSE287860,-1.6593485457855346,0.3659398883501669,1,False,0.9522366634575031,False
RPS3AP49,0.05636433758714264,0.9152004266100999,GSE288000,0.05636433758714264,0.9152004266100999,2,True,0.9522366634575031,False
RPS3AP5,-0.6995490874364464,0.3391527568498932,GSE278320,0.08876616669655377,0.793318566008416,2,False,0.6160639965250869,False
RPS3AP5,-0.6995490874364464,0.3391527568498932,GSE284044,-0.6995490874364464,0.3391527568498932,3,True,0.6160639965250869,False
RPS3AP5,-0.6995490874364464,0.3391527568498932,GSE287860,-1.453712414569256,0.04401575303976421,2,True,0.6160639965250869,True
RPS3AP5,-0.6995490874364464,0.3391527568498932,GSE288000,-0.8188202440385455,0.46593119869662436,2,True,0.6160639965250869,False
RPS3AP6,-0.22274699474799856,0.04976842806322828,GSE278320,-0.21344344885201014,0.09105301804284888,2,True,0.1931015008853257,False
RPS3AP6,-0.22274699474799856,0.04976842806322828,GSE284044,-0.22274699474799856,0.04976842806322828,3,True,0.1931015008853257,True
RPS3AP6,-0.22274699474799856,0.04976842806322828,GSE287860,-0.5418693265209943,0.062286612234528964,2,True,0.1931015008853257,False
RPS3AP6,-0.22274699474799856,0.04976842806322828,GSE288000,-0.1849365789547076,0.12332639321380942,2,True,0.1931015008853257,False
RPS3P6,0.6461139417637164,0.5419398037199881,GSE278320,1.3151472140671712,0.2939484955946359,1,True,0.7707941489859067,False
RPS3P6,0.6461139417637164,0.5419398037199881,GSE284044,0.6461139417637164,0.5419398037199881,2,True,0.7707941489859067,False
RPS3P6,0.6461139417637164,0.5419398037199881,GSE287860,-1.030110221263553,0.6035258233439493,1,False,0.7707941489859067,False
RPS3P6,0.6461139417637164,0.5419398037199881,GSE288000,0.6461139417637164,0.5419398037199881,2,True,0.7707941489859067,False
RPS4X,-0.7452365861082717,0.0056797757906661495,GSE278320,-0.43167682209904484,0.03002337676785259,3,True,0.05101280108283487,True
RPS4X,-0.7452365861082717,0.0056797757906661495,GSE284044,-0.8289362053261783,0.006402961039380055,3,True,0.05101280108283487,True
RPS4X,-0.7452365861082717,0.0056797757906661495,GSE287860,-1.0279499377372472,0.029751506650643234,3,True,0.05101280108283487,True
RPS4X,-0.7452365861082717,0.0056797757906661495,GSE288000,-0.858515315270482,0.155257094728413,3,True,0.05101280108283487,False
RPS4XP1,0.12903387478860226,0.880306490567843,GSE278320,0.1312282256897357,0.9016097780651958,1,True,0.9454466232257922,False
RPS4XP1,0.12903387478860226,0.880306490567843,GSE284044,0.12903387478860226,0.880306490567843,2,True,0.9454466232257922,False
RPS4XP1,0.12903387478860226,0.880306490567843,GSE287860,0.1249280312663854,0.9314344438801822,1,True,0.9454466232257922,False
RPS4XP1,0.12903387478860226,0.880306490567843,GSE288000,0.12903387478860226,0.880306490567843,2,True,0.9454466232257922,False
RPS4XP11,-0.3135952556693935,0.5761577868677907,GSE278320,-0.2390562978288414,0.6940255325972761,1,True,0.7849931986149186,False
RPS4XP11,-0.3135952556693935,0.5761577868677907,GSE284044,-0.3135952556693935,0.5761577868677907,2,True,0.7849931986149186,False
RPS4XP11,-0.3135952556693935,0.5761577868677907,GSE287860,-0.7435725035375812,0.6104182132411071,1,True,0.7849931986149186,False
RPS4XP11,-0.3135952556693935,0.5761577868677907,GSE288000,-0.3135952556693935,0.5761577868677907,2,True,0.7849931986149186,False
RPS4XP14,-0.5326185423098045,0.6230084598792154,GSE278320,-1.8380416699663489,0.26195639034459406,1,True,0.8057576081104519,False
RPS4XP14,-0.5326185423098045,0.6230084598792154,GSE284044,-0.5326185423098045,0.6230084598792154,2,True,0.8057576081104519,False
RPS4XP14,-0.5326185423098045,0.6230084598792154,GSE287860,0.3666166524735339,0.7840202986330078,1,False,0.8057576081104519,False
RPS4XP14,-0.5326185423098045,0.6230084598792154,GSE288000,-0.5326185423098045,0.6230084598792154,2,True,0.8057576081104519,False
RPS4XP16,-1.1303069195547533,0.004432134842668204,GSE278320,-1.1778484957761897,0.004107879514659809,1,True,0.04492877739162352,True
RPS4XP16,-1.1303069195547533,0.004432134842668204,GSE284044,-1.1303069195547533,0.004432134842668204,2,True,0.04492877739162352,True
RPS4XP16,-1.1303069195547533,0.004432134842668204,GSE287860,-0.4282891879250743,0.7859653210652455,1,True,0.04492877739162352,False
RPS4XP16,-1.1303069195547533,0.004432134842668204,GSE288000,-1.1303069195547533,0.004432134842668204,2,True,0.04492877739162352,True
RPS4XP2,0.6332884122555846,0.6190703075071993,GSE278320,1.099772834977919,0.4775690185899628,1,True,0.8028050779170899,False
RPS4XP2,0.6332884122555846,0.6190703075071993,GSE284044,0.6332884122555846,0.6190703075071993,2,True,0.8028050779170899,False
RPS4XP2,0.6332884122555846,0.6190703075071993,GSE287860,-0.3429523081291472,0.8783229512841566,1,False,0.8028050779170899,False
RPS4XP2,0.6332884122555846,0.6190703075071993,GSE288000,0.6332884122555846,0.6190703075071993,2,True,0.8028050779170899,False
RPS4XP3,-0.7344593109544651,0.4768264708246749,GSE278320,0.04747383611081431,0.9043302740949134,1,False,0.7115718103075918,False
RPS4XP3,-0.7344593109544651,0.4768264708246749,GSE284044,-0.7344593109544651,0.4768264708246749,2,True,0.7115718103075918,False
RPS4XP3,-0.7344593109544651,0.4768264708246749,GSE287860,-2.0975305973369673,0.07654030631497949,1,True,0.7115718103075918,False
RPS4XP3,-0.7344593109544651,0.4768264708246749,GSE288000,-0.7344593109544651,0.4768264708246749,2,True,0.7115718103075918,False
RPS4XP6,-0.5016609458832753,0.32380659613000273,GSE278320,-0.2586965400307749,0.651020800896797,1,True,0.6039934714990481,False
RPS4XP6,-0.5016609458832753,0.32380659613000273,GSE284044,-0.5016609458832753,0.32380659613000273,2,True,0.6039934714990481,False
RPS4XP6,-0.5016609458832753,0.32380659613000273,GSE287860,-1.417788496282331,0.2017137173577317,1,True,0.6039934714990481,False
RPS4XP6,-0.5016609458832753,0.32380659613000273,GSE288000,-0.5016609458832753,0.32380659613000273,2,True,0.6039934714990481,False
RPS5,-0.5719264112383978,0.06136654645504829,GSE278320,-0.05912440023772984,0.37983536597064005,3,True,0.2172465330707914,False
RPS5,-0.5719264112383978,0.06136654645504829,GSE284044,-0.6523350199411109,0.0742423336343842,3,True,0.2172465330707914,False
RPS5,-0.5719264112383978,0.06136654645504829,GSE287860,-0.8464320678420997,0.18622884856738797,3,True,0.2172465330707914,False
RPS5,-0.5719264112383978,0.06136654645504829,GSE288000,-0.8293583837817093,0.20055026219324146,3,True,0.2172465330707914,False
RPS6,-0.2885258976743778,0.008663167602930184,GSE278320,-0.20390105316309665,0.0004405701512817978,3,True,0.0656505669909553,True
RPS6,-0.2885258976743778,0.008663167602930184,GSE284044,-0.36477378735611926,0.020299058436714982,3,True,0.0656505669909553,True
RPS6,-0.2885258976743778,0.008663167602930184,GSE287860,-0.39744774418087414,0.036462374021577836,3,True,0.0656505669909553,True
RPS6,-0.2885258976743778,0.008663167602930184,GSE288000,-0.35162513474456913,0.0467898548474853,3,True,0.0656505669909553,True
RPS6KA1,-0.11429325634980471,0.7742012560572233,GSE278320,0.4608694454177721,0.08199505854350692,3,False,0.9004499021289049,False
RPS6KA1,-0.11429325634980471,0.7742012560572233,GSE284044,-0.04539387428799785,0.9220686769631394,3,True,0.9004499021289049,False
RPS6KA1,-0.11429325634980471,0.7742012560572233,GSE287860,-0.4216781388569821,0.6051631844287232,3,True,0.9004499021289049,False
RPS6KA1,-0.11429325634980471,0.7742012560572233,GSE288000,-0.5432137225732918,0.4265841664622376,3,True,0.9004499021289049,False
RPS6KA2,-0.48604897077074644,0.5775638304677064,GSE278320,0.06258738746956415,0.9318306634107643,3,False,0.7849931986149186,False
RPS6KA2,-0.48604897077074644,0.5775638304677064,GSE284044,-0.44728754746109933,0.6587115412656974,3,True,0.7849931986149186,False
RPS6KA2,-0.48604897077074644,0.5775638304677064,GSE287860,-1.1304273557611033,0.03639536525408718,3,True,0.7849931986149186,True
RPS6KA2,-0.48604897077074644,0.5775638304677064,GSE288000,-0.4568519969143093,0.708466080428075,3,True,0.7849931986149186,False
RPS6KA3,0.4690579409660592,0.009205029022102507,GSE278320,0.3728480254056514,0.05767682323956484,3,True,0.06868367808799564,False
RPS6KA3,0.4690579409660592,0.009205029022102507,GSE284044,0.5070619485456243,0.02660393985933681,3,True,0.06868367808799564,True
RPS6KA3,0.4690579409660592,0.009205029022102507,GSE287860,0.4016542905688067,0.0968321841719054,3,True,0.06868367808799564,False
RPS6KA3,0.4690579409660592,0.009205029022102507,GSE288000,0.6178110993412356,1.8752896643275548e-11,3,True,0.06868367808799564,True
RPS6KA4,-0.10916585391482676,0.23790843989986543,GSE278320,-0.07370656651363405,0.5385994856957678,2,True,0.5044425040398968,False
RPS6KA4,-0.10916585391482676,0.23790843989986543,GSE284044,-0.10916585391482676,0.23790843989986543,3,True,0.5044425040398968,False
RPS6KA4,-0.10916585391482676,0.23790843989986543,GSE287860,-0.041579069994011335,0.860854939527775,2,True,0.5044425040398968,False
RPS6KA4,-0.10916585391482676,0.23790843989986543,GSE288000,-0.16529740274872837,0.04623922004849198,2,True,0.5044425040398968,True
RPS6KA5,-0.759006306428231,0.14334640165179505,GSE278320,-1.1356718811145206,0.021601440228618318,3,True,0.37178077433754325,True
RPS6KA5,-0.759006306428231,0.14334640165179505,GSE284044,-0.9689132688228935,0.1414264850356212,3,True,0.37178077433754325,False
RPS6KA5,-0.759006306428231,0.14334640165179505,GSE287860,-0.46667376518255205,0.4376705404836376,3,True,0.37178077433754325,False
RPS6KA5,-0.759006306428231,0.14334640165179505,GSE288000,-0.46321388866598884,0.458682424902523,3,True,0.37178077433754325,False
RPS6KA6,-0.5772368206866375,0.09623732256682986,GSE278320,-0.153221610918231,0.7195009145485041,1,True,0.28575436148381556,False
RPS6KA6,-0.5772368206866375,0.09623732256682986,GSE284044,-0.8612549678143229,0.0027797364714980234,1,True,0.28575436148381556,True
RPS6KA6,-0.5772368206866375,0.09623732256682986,GSE287860,-0.5772368206866375,0.09623732256682986,2,True,0.28575436148381556,False
RPS6KA6,-0.5772368206866375,0.09623732256682986,GSE288000,-0.5772368206866375,0.09623732256682986,2,True,0.28575436148381556,False
RPS6KB1,0.23532278925435038,0.3738915870314312,GSE278320,0.5662622125751342,1.0764809859359678e-07,3,True,0.6362716481061198,True
RPS6KB1,0.23532278925435038,0.3738915870314312,GSE284044,0.22287079755238604,0.5020452421870438,3,True,0.6362716481061198,False
RPS6KB1,0.23532278925435038,0.3738915870314312,GSE287860,0.10955517594396683,0.8114392049497823,3,True,0.6362716481061198,False
RPS6KB1,0.23532278925435038,0.3738915870314312,GSE288000,0.04172196807885779,0.9153464080217475,3,True,0.6362716481061198,False
RPS6KB2,0.16203361340020647,0.5171776019353498,GSE278320,0.4964106735517122,0.0002300368296751192,3,True,0.750991427960014,True
RPS6KB2,0.16203361340020647,0.5171776019353498,GSE284044,0.2365833707715103,0.39829288635086546,3,True,0.750991427960014,False
RPS6KB2,0.16203361340020647,0.5171776019353498,GSE287860,-0.019805846852218374,0.9650097503330817,3,False,0.750991427960014,False
RPS6KB2,0.16203361340020647,0.5171776019353498,GSE288000,-0.054661760009328195,0.8964850738054398,3,False,0.750991427960014,False
RPS6KC1,0.33195444023219495,0.10014801548304159,GSE278320,0.516220226191748,0.0014169403268880483,3,True,0.2926011295739468,True
RPS6KC1,0.33195444023219495,0.10014801548304159,GSE284044,0.3994612663833371,0.09553759516073432,3,True,0.2926011295739468,False
RPS6KC1,0.33195444023219495,0.10014801548304159,GSE287860,0.19733897845027898,0.5090427665209183,3,True,0.2926011295739468,False
RPS6KC1,0.33195444023219495,0.10014801548304159,GSE288000,0.1792775029192745,0.5264835170175769,3,True,0.2926011295739468,False
RPS6KL1,0.892849157542688,0.02229189111011111,GSE278320,0.8976746485386026,0.07806822084532986,3,True,0.11357857781552383,False
RPS6KL1,0.892849157542688,0.02229189111011111,GSE284044,1.0146433543598217,0.02600353794478195,3,True,0.11357857781552383,True
RPS6KL1,0.892849157542688,0.02229189111011111,GSE287860,1.090206057232848,0.010589694040898082,3,True,0.11357857781552383,True
RPS6KL1,0.892849157542688,0.02229189111011111,GSE288000,0.5092988976793046,0.0009383183928613198,3,True,0.11357857781552383,True
RPS6P25,0.2788729656287871,0.48608672866882463,GSE278320,0.1400005960976657,0.7416165568162603,2,True,0.7165716212899087,False
RPS6P25,0.2788729656287871,0.48608672866882463,GSE284044,0.2788729656287871,0.48608672866882463,3,True,0.7165716212899087,False
RPS6P25,0.2788729656287871,0.48608672866882463,GSE287860,0.8327377505717449,0.21844279178616455,2,True,0.7165716212899087,False
RPS6P25,0.2788729656287871,0.48608672866882463,GSE288000,0.26158322032960335,0.6425483350357036,2,True,0.7165716212899087,False
RPS7,-0.20519231724566064,0.07199889003043844,GSE278320,-0.12098609096088828,0.09625773997717313,3,True,0.2424962615608517,False
RPS7,-0.20519231724566064,0.07199889003043844,GSE284044,-0.1748274467387603,0.19091528656172196,3,True,0.2424962615608517,False
RPS7,-0.20519231724566064,0.07199889003043844,GSE287860,-0.32193785245160667,0.14449529204533682,3,True,0.2424962615608517,False
RPS7,-0.20519231724566064,0.07199889003043844,GSE288000,-0.33832879451763215,0.05109022964253324,3,True,0.2424962615608517,False
RPS7P1,-0.20423421321056676,0.39940486888307947,GSE278320,-0.08760867870263891,0.5547028454173002,2,True,0.6522268060885305,False
RPS7P1,-0.20423421321056676,0.39940486888307947,GSE284044,-0.20423421321056676,0.39940486888307947,3,True,0.6522268060885305,False
RPS7P1,-0.20423421321056676,0.39940486888307947,GSE287860,-0.3552237546092657,0.5312998300263325,2,True,0.6522268060885305,False
RPS7P1,-0.20423421321056676,0.39940486888307947,GSE288000,-0.40664266717299946,0.3005454605025828,2,True,0.6522268060885305,False
RPS7P10,-0.3275319191388809,0.239297545194171,GSE278320,-0.36407349226306984,0.24568242823157171,2,True,0.5044425040398968,False
RPS7P10,-0.3275319191388809,0.239297545194171,GSE284044,-0.3275319191388809,0.239297545194171,3,True,0.5044425040398968,False
RPS7P10,-0.3275319191388809,0.239297545194171,GSE287860,-0.07231595837242202,0.8887996495053251,2,True,0.5044425040398968,False
RPS7P10,-0.3275319191388809,0.239297545194171,GSE288000,-0.3764467133548553,0.19389234633723218,2,True,0.5044425040398968,False
RPS7P11,-0.4447728833478373,0.3629261652847845,GSE278320,-0.019463661952359157,0.9449952303284985,2,True,0.6331625545435988,False
RPS7P11,-0.4447728833478373,0.3629261652847845,GSE284044,-0.4447728833478373,0.3629261652847845,3,True,0.6331625545435988,False
RPS7P11,-0.4447728833478373,0.3629261652847845,GSE287860,-0.8408746465306759,0.3146026537635569,2,True,0.6331625545435988,False
RPS7P11,-0.4447728833478373,0.3629261652847845,GSE288000,-0.7256922134555436,0.38071721063220254,2,True,0.6331625545435988,False
RPS7P3,2.4838101686565213,0.003698069822716693,GSE278320,1.4669252010435374,0.39195662016976107,1,True,0.03985697475594658,False
RPS7P3,2.4838101686565213,0.003698069822716693,GSE284044,2.4838101686565213,0.003698069822716693,2,True,0.03985697475594658,True
RPS7P3,2.4838101686565213,0.003698069822716693,GSE287860,2.821588691362106,0.004276045863382179,1,True,0.03985697475594658,True
RPS7P3,2.4838101686565213,0.003698069822716693,GSE288000,2.4838101686565213,0.003698069822716693,2,True,0.03985697475594658,True
RPS7P4,-0.9178701783001751,0.21174434309552415,GSE278320,-0.5417124974508885,0.5712591141013503,1,True,0.47325348572041115,False
RPS7P4,-0.9178701783001751,0.21174434309552415,GSE284044,-0.9178701783001751,0.21174434309552415,2,True,0.47325348572041115,False
RPS7P4,-0.9178701783001751,0.21174434309552415,GSE287860,-1.459582312486657,0.20364193914948348,1,True,0.47325348572041115,False
RPS7P4,-0.9178701783001751,0.21174434309552415,GSE288000,-0.9178701783001751,0.21174434309552415,2,True,0.47325348572041115,False
RPS8,-0.3221203134196231,0.08725117651253629,GSE278320,-0.10389414477341508,0.06555230030744985,3,True,0.2670981047298994,False
RPS8,-0.3221203134196231,0.08725117651253629,GSE284044,-0.40144211309972955,0.09086144043909437,3,True,0.2670981047298994,False
RPS8,-0.3221203134196231,0.08725117651253629,GSE287860,-0.5941279389483201,0.149991289850281,3,True,0.2670981047298994,False
RPS8,-0.3221203134196231,0.08725117651253629,GSE288000,-0.6031737491440109,0.11346451419901957,3,True,0.2670981047298994,False
RPS9,-0.6264093051955529,0.006045396423352811,GSE278320,-0.28455940793177753,9.120867359120266e-07,3,True,0.052357451166537734,True
RPS9,-0.6264093051955529,0.006045396423352811,GSE284044,-0.6887259478797904,0.011815339078836813,3,True,0.052357451166537734,True
RPS9,-0.6264093051955529,0.006045396423352811,GSE287860,-0.8604577209894196,0.03954834363118285,3,True,0.052357451166537734,True
RPS9,-0.6264093051955529,0.006045396423352811,GSE288000,-0.7948850845903956,0.08448816435032896,3,True,0.052357451166537734,False
RPSA,-0.37220248296958347,0.14605619273054735,GSE278320,0.014851535546882105,0.9071200431552957,3,False,0.3746801406332344,False
RPSA,-0.37220248296958347,0.14605619273054735,GSE284044,-0.40143109096074864,0.210524540414743,3,True,0.3746801406332344,False
RPSA,-0.37220248296958347,0.14605619273054735,GSE287860,-0.609726987743618,0.24317977903986976,3,True,0.3746801406332344,False
RPSA,-0.37220248296958347,0.14605619273054735,GSE288000,-0.6754348130388194,0.12445736952390439,3,True,0.3746801406332344,False
RPSAP11,0.2934424204611865,0.8107297071182407,GSE278320,0.0214499728941057,0.9905430848436613,1,True,0.9144276929124342,False
RPSAP11,0.2934424204611865,0.8107297071182407,GSE284044,0.2934424204611865,0.8107297071182407,2,True,0.9144276929124342,False
RPSAP11,0.2934424204611865,0.8107297071182407,GSE287860,0.5236821268232519,0.7531257722919564,1,True,0.9144276929124342,False
RPSAP11,0.2934424204611865,0.8107297071182407,GSE288000,0.2934424204611865,0.8107297071182407,2,True,0.9144276929124342,False
RPSAP12,-0.5994716811897173,0.3761593998203432,GSE278320,0.060811180438334736,0.8888423472370381,2,False,0.6367791400824109,False
RPSAP12,-0.5994716811897173,0.3761593998203432,GSE284044,-0.5994716811897173,0.3761593998203432,3,True,0.6367791400824109,False
RPSAP12,-0.5994716811897173,0.3761593998203432,GSE287860,-1.0860089682762626,0.2850058384923664,2,True,0.6367791400824109,False
RPSAP12,-0.5994716811897173,0.3761593998203432,GSE288000,-0.8997926929944355,0.41253621459616274,2,True,0.6367791400824109,False
RPSAP15,-0.5124274463659386,0.39524978310789827,GSE278320,-0.071801353679062,0.8187869514751034,2,True,0.6520277034262948,False
RPSAP15,-0.5124274463659386,0.39524978310789827,GSE284044,-0.5124274463659386,0.39524978310789827,3,True,0.6520277034262948,False
RPSAP15,-0.5124274463659386,0.39524978310789827,GSE287860,-0.6617840098190234,0.5591562597817531,2,True,0.6520277034262948,False
RPSAP15,-0.5124274463659386,0.39524978310789827,GSE288000,-0.9003998932520785,0.2413627306891788,2,True,0.6520277034262948,False
RPSAP17,-0.9062637703953685,0.32985606999292794,GSE278320,-0.37365522366008275,0.5247002237455517,1,True,0.6039934714990481,False
RPSAP17,-0.9062637703953685,0.32985606999292794,GSE284044,-0.9062637703953685,0.32985606999292794,2,True,0.6039934714990481,False
RPSAP17,-0.9062637703953685,0.32985606999292794,GSE287860,-2.530402578885729,0.12351554277643312,1,True,0.6039934714990481,False
RPSAP17,-0.9062637703953685,0.32985606999292794,GSE288000,-0.9062637703953685,0.32985606999292794,2,True,0.6039934714990481,False
RPSAP18,-0.8299130240412995,0.18067400430695668,GSE278320,-0.9812592607164704,0.20822127322164918,2,True,0.43813446044436993,False
RPSAP18,-0.8299130240412995,0.18067400430695668,GSE284044,-0.8299130240412995,0.18067400430695668,3,True,0.43813446044436993,False
RPSAP18,-0.8299130240412995,0.18067400430695668,GSE287860,-0.7785768587334928,0.368347602244131,2,True,0.43813446044436993,False
RPSAP18,-0.8299130240412995,0.18067400430695668,GSE288000,-0.7487955099688715,0.2641284184785384,2,True,0.43813446044436993,False
RPSAP19,-1.0815450339817572,0.05633051752337681,GSE278320,-0.6961132797029349,0.059534881059720296,1,True,0.2038828432749086,False
RPSAP19,-1.0815450339817572,0.05633051752337681,GSE284044,-1.0815450339817572,0.05633051752337681,2,True,0.2038828432749086,False
RPSAP19,-1.0815450339817572,0.05633051752337681,GSE287860,-1.9147869726586393,0.02043658444013122,1,True,0.2038828432749086,True
RPSAP19,-1.0815450339817572,0.05633051752337681,GSE288000,-1.0815450339817572,0.05633051752337681,2,True,0.2038828432749086,False
RPSAP47,-0.9692814153279933,0.00983407877437741,GSE278320,-0.8823722345905078,0.40367175948862566,2,True,0.07226557887231885,False
RPSAP47,-0.9692814153279933,0.00983407877437741,GSE284044,-0.9692814153279933,0.00983407877437741,3,True,0.07226557887231885,True
RPSAP47,-0.9692814153279933,0.00983407877437741,GSE287860,-0.967638431477912,0.012374401157700651,2,True,0.07226557887231885,True
RPSAP47,-0.9692814153279933,0.00983407877437741,GSE288000,-0.9827186244096591,0.011517887965674415,2,True,0.07226557887231885,True
RPSAP5,-0.5237085773617047,0.6607307391274333,GSE278320,-0.537145559941907,0.7056223069231276,1,True,0.8301927680746247,False
RPSAP5,-0.5237085773617047,0.6607307391274333,GSE284044,-0.5237085773617047,0.6607307391274333,2,True,0.8301927680746247,False
RPSAP5,-0.5237085773617047,0.6607307391274333,GSE287860,-0.491732168430234,0.8226288897951686,1,True,0.8301927680746247,False
RPSAP5,-0.5237085773617047,0.6607307391274333,GSE288000,-0.5237085773617047,0.6607307391274333,2,True,0.8301927680746247,False
RPSAP54,-0.15387897528453645,0.6879902750117792,GSE278320,0.07290692216510469,0.8925732561899776,2,False,0.8468915821845506,False
RPSAP54,-0.15387897528453645,0.6879902750117792,GSE284044,-0.15387897528453645,0.6879902750117792,3,True,0.8468915821845506,False
RPSAP54,-0.15387897528453645,0.6879902750117792,GSE287860,-0.21860683493388858,0.6664457359480191,2,True,0.8468915821845506,False
RPSAP54,-0.15387897528453645,0.6879902750117792,GSE288000,-0.23741635503517716,0.5511526102148367,2,True,0.8468915821845506,False
RPSAP56,-0.7325583684996518,0.5808032843112194,GSE278320,-0.3655412729425444,0.8362783418425089,1,True,0.7849931986149186,False
RPSAP56,-0.7325583684996518,0.5808032843112194,GSE284044,-0.7325583684996518,0.5808032843112194,2,True,0.7849931986149186,False
RPSAP56,-0.7325583684996518,0.5808032843112194,GSE287860,-1.2043749704331697,0.5481570935439564,1,True,0.7849931986149186,False
RPSAP56,-0.7325583684996518,0.5808032843112194,GSE288000,-0.7325583684996518,0.5808032843112194,2,True,0.7849931986149186,False
RPSAP58,-0.9430566835759786,0.3090692127455533,GSE278320,-0.0227625654504808,0.9423081136719748,1,True,0.5983067252850327,False
RPSAP58,-0.9430566835759786,0.3090692127455533,GSE284044,-0.9430566835759786,0.3090692127455533,2,True,0.5983067252850327,False
RPSAP58,-0.9430566835759786,0.3090692127455533,GSE287860,-0.9430566835759786,0.3090692127455533,2,True,0.5983067252850327,False
RPSAP58,-0.9430566835759786,0.3090692127455533,GSE288000,-1.8770759713066856,1.0244237224054237e-07,1,True,0.5983067252850327,True
RPSAP61,-0.6758172372553577,0.46742890379948765,GSE278320,-0.2532831383609326,0.8155764585169767,1,True,0.7084469323210985,False
RPSAP61,-0.6758172372553577,0.46742890379948765,GSE284044,-0.6758172372553577,0.46742890379948765,2,True,0.7084469323210985,False
RPSAP61,-0.6758172372553577,0.46742890379948765,GSE287860,-1.8384975115468096,0.30744222962241485,1,True,0.7084469323210985,False
RPSAP61,-0.6758172372553577,0.46742890379948765,GSE288000,-0.6758172372553577,0.46742890379948765,2,True,0.7084469323210985,False
RPSAP8,-0.4365918757602438,0.42228594303730127,GSE278320,-0.7001460057775499,0.3091093600220758,1,True,0.6704788121897695,False
RPSAP8,-0.4365918757602438,0.42228594303730127,GSE284044,-0.4365918757602438,0.42228594303730127,2,True,0.6704788121897695,False
RPSAP8,-0.4365918757602438,0.42228594303730127,GSE287860,0.0020358659239251,0.9981708571798679,1,False,0.6704788121897695,False
RPSAP8,-0.4365918757602438,0.42228594303730127,GSE288000,-0.4365918757602438,0.42228594303730127,2,True,0.6704788121897695,False
RPSAP9,0.2164889615023294,0.6647247566123857,GSE278320,0.5552516355576101,0.22610903155878082,1,True,0.8310887006724129,False
RPSAP9,0.2164889615023294,0.6647247566123857,GSE284044,0.2164889615023294,0.6647247566123857,2,True,0.8310887006724129,False
RPSAP9,0.2164889615023294,0.6647247566123857,GSE287860,-0.5200567110464863,0.5150421755021055,1,False,0.8310887006724129,False
RPSAP9,0.2164889615023294,0.6647247566123857,GSE288000,0.2164889615023294,0.6647247566123857,2,True,0.8310887006724129,False
