gene_symbol,k_studies,pooled_log2FoldChange,pooled_SE,tau2,Q,I2,z,p,n_up,n_down,direction_concordance,log2fc_GSE278320,padj_GSE278320,log2fc_GSE284044,padj_GSE284044,log2fc_GSE287860,padj_GSE287860,log2fc_GSE288000,padj_GSE288000,meta_FDR,is_translation_factor
DHX15,4,0.7463721929341723,0.07863086603303239,0.01069674746268642,5.454933289086782,45.00391038691814,9.492101900806047,2.2642188284775203e-21,4,0,1.0,0.7642139391541203,4.286859595420798e-10,0.324852873644895,0.999899862550801,0.7043737216176243,3.0608724449737533e-24,0.9253312784770574,1.4316478895113495e-14,3.559513728282982e-19,True
EIF2B5,4,0.5169795464932119,0.066889901928191,0.003034836106222508,3.5050512992112717,14.409241294839864,7.728813043382994,1.0855395905399511e-14,4,0,1.0,0.6171419322872697,0.000763778492581,0.24486431015755597,0.999899862550801,0.4533273532546064,5.935723330421256e-10,0.6676348933884555,5.662032377514969e-07,8.656391611664414e-13,True
DDX55,4,0.578179790645686,0.07534998776708957,0.0,2.121768324043608,0.0,7.673256596044416,1.6768357052520885e-14,4,0,1.0,0.7887067446153465,0.0013061262816256,0.424958364337623,0.880567188358822,0.5081331661666331,3.828780674010678e-06,0.6731133740324224,1.4235442178487222e-05,1.2994886280596203e-12,True
DHX36,4,0.42364561591400773,0.06633301440946761,0.0,2.6864409899448662,0.0,6.386648031685734,1.6956129086754557e-10,4,0,1.0,0.1743752487869281,0.5585215951596416,0.287010511881374,0.936884291487972,0.4379071884346543,1.500738159003773e-06,0.5698752226722509,0.0004722490309344,7.241904921354015e-09,True
DDX56,4,0.7332700226776628,0.13387237442686767,0.04327963480289833,9.058875880577638,66.88330826529985,5.477381168571388,4.3166670308329746e-08,4,0,1.0,0.5355141318440979,0.0407233369464334,0.338393792565534,0.999899862550801,0.7199829580114668,2.4792645412298503e-19,1.0537503860885171,1.4048325408785224e-16,1.1571927488623988e-06,True
EIF2B2,4,0.5099977717559405,0.1038792346878169,0.011375080708326409,3.9397996521044987,23.85399601734803,4.909525693836804,9.129693796678298e-07,3,1,0.75,0.3197481205790236,0.4840716211018952,-0.0084035162139308,0.999899862550801,0.4600389348876145,5.396857174182446e-07,0.7339615059872208,1.0694354238626364e-05,1.8814178911150997e-05,True
RPL32P1,2,-2.7439062949668322,0.5768927598918946,0.0,0.7978519485326364,0.0,-4.75635418874215,1.97120497903044e-06,0,2,1.0,,,,,-3.19595082437715,0.0001108492458623,-2.1565099102355823,0.0306457843173923,3.802300647106131e-05,True
DHX58,3,-0.4791767446857303,0.10888896473461052,0.0,0.5415530770017029,0.0,-4.400599692113918,1.0795211644174761e-05,0,3,1.0,,,-0.221650163937969,0.999899862550801,-0.5359245175030803,0.000209769470317,-0.3694093919512439,0.0938435844811933,0.00017167038517098434,True
DDX39A,4,0.6484964286399547,0.1505345940017472,0.0520961167576511,8.675862253819396,65.42130439335523,4.3079561408484475,1.6477004668501823e-05,4,0,1.0,0.1558140913912757,0.73276044772882,0.155294321219057,0.999899862550801,0.7910800922135749,1.6647836506446717e-25,0.9285640112504514,4.4534361607219653e-10,0.0002480454143290401,True
RPS19P3,3,-1.2615105067485606,0.3083220619497859,0.0,1.3426769321212109,0.0,-4.09153499678532,4.2852726014623084e-05,0,3,1.0,-1.5282188105273633,0.508535470432201,,,-1.014358781754559,0.0168157625665353,-1.7941781031777948,0.0042836542640437,0.0005674763218145846,True
EIF5A2,4,1.2958054064350246,0.3297792564234803,0.22131365437328432,6.4293415644906835,53.3389232799665,3.929311444535003,8.51894458663484e-05,4,0,1.0,1.555477623977144,1.1092476331533515e-06,0.494337645608726,0.999899862550801,1.6606656420169126,0.0053243127241269,1.8613134736570096,0.0369130743889856,0.0010273613775739518,True
EIF2S1,4,0.8957123395038716,0.22941681765393296,0.16858658981304214,21.753022060546183,86.20881277254277,3.9043011260622644,9.449806172991349e-05,4,0,1.0,0.1731592839494001,0.6481446507346013,0.634920477720685,0.566963469901214,1.0367360017678515,1.619818328602376e-28,1.480896268478712,5.049104891076468e-27,0.001122385251544834,True
EIF3F,4,-0.49534859636502027,0.13129339453049133,0.03711881700080455,8.136763604787607,63.13030406542936,-3.772837149472752,0.00016140164333256532,0,4,1.0,-1.2930986121678836,0.0012066318716176,-0.0941639329715995,0.999899862550801,-0.40144485338928154,1.8532739106462195e-08,-0.5462034721560453,1.8658024318293113e-05,0.0017788126029576515,True
EIF4ENIF1,4,0.5318611232001087,0.14299345420235401,0.05475052993970092,10.338285125125646,70.981647694075,3.7194788122780587,0.00019963429223705627,3,1,0.75,0.4746335764623669,0.0221926996807789,-0.0933687631285716,0.999899862550801,0.6437076988292919,2.180003852180066e-12,0.8246382305227715,2.0410319237929667e-08,0.0021370384911699276,True
DDX42,4,0.23439828417892264,0.06380622663086867,0.0019306725752800164,3.2852451278831403,8.682613223048564,3.6735957688731844,0.00023916098137590584,3,1,0.75,-0.0865612851772568,0.8060369897706516,0.00035132251202979996,0.999899862550801,0.23633565925898006,0.0010866009686646,0.355334725604322,0.0086760838000624,0.0024899214943719544,True
RPL31,4,-0.5245339866196684,0.14358474884685826,0.045635946211685714,8.635262076803016,65.25872668000514,-3.653131623185937,0.00025906134919469404,0,4,1.0,-1.4646685480070374,0.0008718722204491,-0.18529495094853804,0.999899862550801,-0.3912463230613037,9.113414382114707e-06,-0.5623333668063693,8.621859429221084e-06,0.002668077320742172,True
DDX19A,3,0.49738589936221356,0.13821085497415697,0.027207282575204474,3.7293304176428634,46.37106997711114,3.598746997514892,0.00031975407289994547,3,0,1.0,0.4582713789307978,0.1266801521143694,,,0.3487895722833417,0.0028072759166516,0.7724592829440922,0.0002189229587115,0.0032017595043015924,True
EIF1AD,4,0.8435337098054513,0.23847981854392003,0.17130803358220276,20.343652375737584,85.25338545610481,3.537128277586728,0.00040450314899430904,4,0,1.0,1.774602850976282,3.732753473093515e-09,0.0286629101066995,0.999899862550801,0.5694367251968758,5.829412568152022e-10,0.8568089002389547,3.6707131652374202e-09,0.0038961530880594086,True
RPS27,4,-0.7854233946523447,0.2230678673183789,0.15130195535286442,22.964504076443667,86.93636061108188,-3.5210064277493203,0.0004299121952857504,0,4,1.0,-1.3077240503458296,0.0087212412701394,-0.538609046948866,0.511972609876797,-0.4463984932376083,4.0750054838989736e-08,-1.0960655713126202,1.669933585104271e-18,0.0040907641617138266,True
DDX24,4,0.7211741610431475,0.20600012291434314,0.1202189247614388,18.771055687020525,84.01794736523857,3.5008433531033316,0.000463788369208632,3,1,0.75,1.4303855066646942,1.5705141278703547e-07,-0.0088314222187339,0.999899862550801,0.44444347721378935,2.5578950316300752e-09,0.7742864885398312,1.2656378862599716e-09,0.004351030783424033,True
RPL10P16,3,-0.49525728604968855,0.14377162102471752,0.0,0.9755395128668233,0.0,-3.4447499619173305,0.0005715878666098421,0,3,1.0,-1.3775558746393448,0.2023990102797449,,,-0.4654604151280198,0.0249444342752387,-0.48479962181150776,0.0848028095260308,0.005172729176075664,True
EIF4B,4,-0.8402821145945343,0.24469853025276142,0.1973524666107008,33.1562599146439,90.95193484511499,-3.4339483515759763,0.0005948575294548487,0,4,1.0,-2.0729162729545703,8.344665391484628e-13,-0.362819681484079,0.999899862550801,-0.4647667172324102,9.472171649344344e-12,-0.6136411850762195,3.0868479910986597e-07,0.00535250178486172,True
DHX38,4,0.3788811427779368,0.1105074617469796,0.021489945876698616,5.8472494800480455,48.693825870837486,3.428557101831111,0.0006067988721848833,3,1,0.75,0.0805547189859051,0.8295816800683581,-0.27814834262924,0.999899862550801,0.4558908704174739,1.6487303516414891e-09,0.5304233628968107,5.204686173181348e-05,0.005435611497623697,True
DDX31,4,0.5449714264101101,0.16082804098285733,0.07071252395296826,10.78295557399734,72.17831438316988,3.3885348791147596,0.0007026709150448533,4,0,1.0,0.0570043977323151,0.8439109281032274,0.6634469033766509,0.495197551808706,0.5462387146052312,9.412443985924215e-08,0.886661454357048,8.968056610644092e-08,0.006149138834680786,True
RPL7P21,2,1.0443022084066544,0.3087925995198686,0.0,0.12522304268377105,0.0,3.3818887176389767,0.0007198930105773102,2,0,1.0,,,,,0.9559244546994724,0.0357289695471351,1.1794083403102087,0.0357802355522624,0.006277387190885903,True
RPL30,4,-0.44577759349698,0.13580827655377156,0.046789678021403124,9.746446852250582,69.21955205340026,-3.2824037297938906,0.0010292612398593462,0,4,1.0,-1.0448061534562243,0.0021385322566802,-0.203975970934914,0.999899862550801,-0.2737310474642915,0.001112186611614,-0.5838814704894211,5.3581394195651626e-05,0.008484273643469794,True
DDX11-AS1,3,1.2533204790502206,0.3861761130092876,0.0,1.4538296118085121,0.0,3.2454634992405085,0.0011725959582867158,2,1,0.6666666666666666,1.4520388946105485,0.0024118780123076,,,0.9875256361934388,0.5031955092599931,-0.1570597626914937,,0.009481140501812023,True
EIF2D,4,-0.36714773399153927,0.11408533541589347,0.026287756637123235,6.433862189833132,53.37170875775617,-3.218185165105726,0.001290045080107658,0,4,1.0,-0.097266661704109,0.6689978766192021,-0.139929437396057,0.999899862550801,-0.4063537577312979,1.1323720312401038e-05,-0.6334870115498271,6.1019801894771674e-05,0.010231568348861061,True
DDX46,4,0.3272297820121658,0.10202935134323515,0.018416548907994927,5.656076725709035,46.95970112350402,3.207212215937136,0.0013402808504643798,4,0,1.0,0.6273653983291235,0.0822634858549851,0.386011585805497,0.793158401068445,0.1647463336078641,0.0450163063675268,0.4440278134992145,0.0013060552571019,0.01058802628782144,True
RPL38,4,-0.37767765767042794,0.11839467096981483,0.032573582205878686,8.281259556431461,63.77362671032193,-3.189988658921298,0.0014227837701980652,0,4,1.0,-1.1301195604630223,0.0025481608018747,-0.425694570198579,0.246049247701778,-0.1935733392253895,0.0450665159097545,-0.3170660231206526,0.0182139879640508,0.01107677679458409,True
RPL22P2,3,-1.1837186004922868,0.3716840968718382,0.0,1.3873767874450822,0.0,-3.1847437392524474,0.0014488224393258945,0,3,1.0,-1.5947464818041108,0.3551560817371851,,,-1.3647885756109337,0.0039891186608663,-0.2461760302703693,0.844298604626901,0.011231818621741321,True
DHX57,4,0.4541885525395066,0.14274425197365537,0.054189542352991935,9.644364333647962,68.89375083505108,3.181834268348198,0.0014634553617650721,4,0,1.0,1.0027515035896104,6.084574550273562e-05,0.20152939260138,0.999899862550801,0.2887044594540163,0.0061939198597572,0.4859712512516553,0.0071142104129907,0.011333282567588835,True
RPL39P38,2,2.3143475283920334,0.7346483065774423,0.0,0.2659993367869256,0.0,3.150279538755145,0.0016311431062363416,2,0,1.0,2.1643958906527687,0.0143674004288418,,,3.2717362435931556,,,,0.012371760301122036,True
RPL23AP53,2,0.6059820961373216,0.19300384413756436,0.0,0.2975923983569437,0.0,3.1397410701592303,0.0016909722202864067,2,0,1.0,0.2637479025737415,0.7735228777126061,,,0.6383735433916337,0.0043182029561829,,,0.012732332396949547,True
DDX20,4,0.598950519580907,0.1911612635784526,0.11817292513319093,17.879378628480318,83.2208933971494,3.133221178646884,0.0017289910058324429,4,0,1.0,1.193139822971212,2.8587534842124836e-08,0.0794824432117864,0.999899862550801,0.4349528146603659,3.460908024175758e-06,0.7081450330081106,4.084661476628401e-05,0.012978636782867065,True
RPL15P3,3,-0.4812028738134505,0.1537350861816558,0.009951511099258212,2.2005391930347167,9.113184335433596,-3.130078408027518,0.0017475965034995408,0,3,1.0,-1.360066008877219,0.0778020340477436,,,-0.3878279668095269,0.0223446465574635,-0.5869009230741276,0.111748808188198,0.013082602532490271,True
RPS2P36,2,1.4247303334523886,0.4553291010760373,0.0,0.3544257557826137,0.0,3.1290122464947987,0.0017539499804293112,2,0,1.0,,,,,1.6394974159607296,0.0119279649901581,1.082586771475963,0.2209178641961923,0.013107872706033516,True
RPL10,4,-0.5060943583330317,0.1643738235128336,0.07512192841591321,16.482551890870305,81.79893489877801,-3.07892307617653,0.00207750316236488,0,4,1.0,-2.4499401794467626,2.4227543679100055e-05,-0.33001120751582896,0.513976225445817,-0.2924112971708279,0.000273637047315,-0.4285656130721941,0.0005154629096392,0.015080398120213933,True
DDX5,4,0.7756969937000852,0.25394953911597745,0.20987546493061068,26.94320921470309,88.86546893469959,3.0545320003350285,0.002254119655844432,4,0,1.0,2.0883950759151233,5.452381012166489e-10,0.514860779886955,0.864215730862928,0.4670073197346874,2.126467321122577e-09,0.3298224377201953,0.0351120441329072,0.01609698880774825,True
RPL15,4,-0.5285724053062304,0.17340146543703253,0.0794831273432802,14.424517437990072,79.2020772071109,-3.0482580062056712,0.002301722142400079,0,4,1.0,-1.7292620577997755,5.5970225573868234e-05,-0.311473475604238,0.999899862550801,-0.2760318607718269,9.603980123035392e-05,-0.4619699868278749,0.0002178740267497,0.01634675786772615,True
EIF5,4,0.7871021168853152,0.26243624260947496,0.23142719225094366,30.01093285336407,90.00364295685759,2.999212719474051,0.002706782525647215,4,0,1.0,1.4226433594061156,7.542177627895458e-05,0.305938167826428,0.999899862550801,0.3925056974382421,3.3191876992298867e-06,1.1428057457997534,1.0356499575701765e-15,0.018612800181686585,True
RPS16,4,-0.3118119144943141,0.10546729851919556,0.014375206850796395,4.426900057828939,32.23248863062714,-2.956479580612021,0.003111728347680363,0,4,1.0,-0.7987353964116787,0.0723574228926029,-0.202077612117243,0.999899862550801,-0.183805460693195,0.0623365982919217,-0.4382148131637129,0.0042266902047269,0.02077331192302052,True
RPL11,4,-0.41217864154337,0.13999106674934078,0.04313863504004669,8.832995601924758,66.03643729488235,-2.9443210278652363,0.003236640818512021,0,4,1.0,-1.6220877706998853,0.0008897880377771,-0.21170543396231503,0.999899862550801,-0.2980777014238055,0.0005534288501542,-0.3575281603939464,0.0036199015726331,0.02146285862447456,True
DDX28,4,0.4973152069616363,0.17000427437776167,0.06409368993646493,7.554364430724867,60.28785707241635,2.925310018126758,0.0034411321862116537,4,0,1.0,0.9292950980003432,0.0032516416433188,0.285396341152057,,0.2246831623513952,0.1047173524906849,0.6337229841404789,0.0008807918523442,0.02254043996617032,True
RPS7P3,2,2.4838101686565213,0.8556511834548082,0.0,0.46914851774862326,0.0,2.9028302849156353,0.003698069822716693,2,0,1.0,2.821588691362106,0.0103957819953589,,,1.4669252010435374,,,,0.02389630614450138,True
RPL13A,4,-0.5153588618947951,0.1795492691274928,0.08682534689184276,13.460474493364563,77.71252416488831,-2.8702921732800455,0.004100926775271322,0,4,1.0,-1.856025140073757,0.0003273673348341,-0.278012544894735,0.999899862550801,-0.2633183074820366,0.000898958407341,-0.5376119217999834,0.0004516538718363,0.02599576537930488,True
RPS4XP16,2,-1.1303069195547533,0.3972056498163819,0.0,0.21153918350638906,0.0,-2.845646631857491,0.004432134842668204,0,2,1.0,-0.4282891879250743,0.850377202720161,,,-1.1778484957761897,0.0104247789674044,,,0.027649335530692886,True
DHX9,4,0.5936549589434545,0.20869455109486118,0.14190282995933032,24.66906813123805,87.83902179020234,2.844611686452759,0.004446559411954493,4,0,1.0,0.0716318623289401,0.8267365971860828,0.15822054455412804,0.999899862550801,0.747391359042762,3.65538045679862e-29,1.1657969384099929,6.230134596767971e-20,0.027723605126829018,True
EIF4E3,4,-0.5836319266862955,0.20809674032919978,0.064907770922377,4.794151498559909,37.423754737388784,-2.8046183028288465,0.0050376196964298904,1,3,0.75,-0.9941325690522307,0.0090807944656578,0.220271822843443,0.999899862550801,-0.7148249967407868,3.413278668360479e-05,-0.0912514393639226,0.8594354939552625,0.030746803077849542,True
RPL4P6,2,1.6383807208272851,0.5870803485129437,0.2966117993741788,1.7444424681331974,42.6750942912928,2.790726558940787,0.005258988034752203,2,0,1.0,,,,,2.1744130802700607,0.0005556848902596,0.9953909282551185,0.2248095181101713,0.0318418342934969,True
EIF3L,4,-0.7935812728345537,0.28516858293824016,0.2694320114305601,38.36842997197112,92.18107177647988,-2.7828495855254225,0.005388378058734996,0,4,1.0,-2.229925088818498,3.817799152690796e-11,-0.0767230429128001,0.999899862550801,-0.3280123318568826,2.535589119082258e-05,-0.6686300255487594,6.72279559799613e-08,0.03245561376428531,True
RPL34,4,-0.650900452348189,0.234491596974596,0.17882842002430138,25.905761428636836,88.41956447308385,-2.7757943599945087,0.005506702589648305,0,4,1.0,-1.8773797993492105,1.1242666650342816e-08,-0.181300816789064,0.999899862550801,-0.2971583119374109,0.0012907984516171,-0.5135416656455812,7.69664337390147e-05,0.03296980883992642,True
RPS11,4,-0.3230856931821444,0.11667679230702387,0.024210919210411776,5.880378472365202,48.98287560743787,-2.7690656110255003,0.0056217313015048745,0,4,1.0,-0.9720706641950688,0.1430540320377324,-0.432018777037874,0.69604634785309,-0.1442698945277553,0.1247659882672537,-0.4270436130668058,0.0038049988788417,0.033468061431539284,True
RPS4X,4,-0.7452365861082717,0.2694550882186299,0.2116578681320806,27.771355725364984,89.19750252862178,-2.7657172519362603,0.0056797757906661495,0,4,1.0,-2.0775528781919763,2.2068275440005685e-06,-0.333776993268066,0.999899862550801,-0.2256782267436528,0.0104606683984437,-0.6812566319902036,2.5537939992766366e-08,0.033703113618420565,True
RPL28,4,-0.7377388372322599,0.2675907991624627,0.23616805807525493,27.38307234680305,89.04432650213464,-2.756966381285612,0.005834034935851758,0,4,1.0,-2.4088305404373793,5.144703489881536e-08,-0.261151468956619,0.999899862550801,-0.2830703496136189,0.0036382935252631,-0.597974481784265,0.0005112695063509,0.03442393429039178,True
RPS9,4,-0.6264093051955529,0.22817443406825946,0.15248111467635203,18.874885010015824,84.10586343488677,-2.7453089026098323,0.006045396423352811,0,4,1.0,-1.8235420518412873,3.3529610450014077e-06,-0.435971176765637,0.999899862550801,-0.2518009740808122,0.0002889772998578,-0.4294159194924659,0.0086868472869534,0.035429766928355894,True
RPL17,4,0.8152802052688791,0.30052243882736807,0.3069418096488195,26.31027911865531,88.59761241425656,2.7128763111669283,0.006670199856105689,3,1,0.75,1.9611105712888413,3.251993369755796e-08,-0.20030064308001996,0.999899862550801,0.6650654246186262,5.4129436581772696e-08,0.9331419714168302,4.3147968224553236e-07,0.03822036673601409,True
RPS18,4,-0.2763501776335215,0.10254330918077664,0.014698795433984632,4.726429928225177,36.52714531776565,-2.6949605960768785,0.0070396955520638065,0,4,1.0,-1.094319131525381,0.0359663920194052,-0.482204715406364,0.876283797527857,-0.1760823063440678,0.0597726199164851,-0.24993852279351372,0.0787350445468425,0.0398090080692118,True
RPL18,4,-0.6048853793532433,0.22622204577780589,0.14954287868348504,15.968738022524407,81.21329314960015,-2.6738569058267583,0.007498443916212309,0,4,1.0,-1.5960648149559462,3.41657375880165e-06,-0.313812808699011,0.999899862550801,-0.290185614572814,0.0010518899229965,-0.4431329283478539,0.0169985538920338,0.041844130870161436,True
RPS28,4,-0.5956677907502363,0.22428605266322027,0.1362590390852695,13.440720025945327,77.67976719841688,-2.655839646189098,0.0079111222558453,0,4,1.0,-1.8076062173018952,8.727239013630574e-05,-0.455686442855079,0.999899862550801,-0.2560194755129792,0.0061959682979531,-0.4377763604462062,0.0226918000209262,0.043635325223246015,True
RPL18AP3,3,-0.27681005570821193,0.1049015279285733,0.0,1.0331364961944967,0.0,-2.638760952049144,0.008320963238500378,0,3,1.0,-0.9048303135379572,0.3184608807168309,,,-0.2377701941424994,0.0807219187673732,-0.3931083205471711,0.2046885330099941,0.045522266944110074,True
RPL19,4,-0.5195489157393287,0.19708161194187318,0.10484167401004735,16.204943825942102,81.48713113588599,-2.6362120271908642,0.008383732764025919,0,4,1.0,-1.969920552251659,1.7967041334507122e-05,-0.436817392078315,0.999899862550801,-0.2684741626638727,0.0010477527435244,-0.23134783720245283,0.091619599103815,0.045774640139778326,True
DHX30,4,0.4252258493685058,0.16182631472037462,0.07168393716458756,11.923111616227207,74.83878289022275,2.627668127419626,0.008597234554737784,4,0,1.0,0.0536306445737988,0.8449365762144221,0.0596314924103976,0.999899862550801,0.5185396114266061,1.9182855298873422e-10,0.8211281496162766,2.024233211265099e-07,0.04672013217659849,True
RPS6,4,-0.2885258976743778,0.10991178244005219,0.02742408177576863,7.9630813902570905,62.3261416909473,-2.6250679523985054,0.008663167602930184,0,4,1.0,-1.132295559347832,0.0019011006521618,-0.168400969932308,0.999899862550801,-0.18995243882669993,0.0275830800418533,-0.2615309650785369,0.0527277916870773,0.04696247679135233,True
RPS6KA3,4,0.4690579409660592,0.18010597846347265,0.08798689639054363,12.140625484895338,75.28957627650712,2.6043440921156815,0.009205029022102507,4,0,1.0,0.9940020750592174,0.0105991463674545,0.3609324032927,0.977556066663073,0.6241287073184127,4.255392005739589e-13,0.0899362760983338,0.6470425203276792,0.049340838711021455,True
RPSAP47,3,-0.9692814153279933,0.3754562470171297,0.0,0.01757903924329371,0.0,-2.581609503180729,0.00983407877437741,0,3,1.0,-0.9818404801074193,0.0305688623759394,,,-0.995931300063308,,-0.7856674006336481,,0.05190481156441241,True
RPS13,4,-0.42270091744920596,0.1654434646812617,0.07429274545473372,14.145287218043816,78.79152290260193,-2.55495687462523,0.010620095489822588,0,4,1.0,-1.3024182717082373,0.0027823620844297,-0.349538097422758,0.894299995836389,-0.1250523120656762,0.1297193042128893,-0.4697298051603299,0.0002012157005178,0.055022994735288454,True
DHX29,4,0.5101462325128285,0.1999581333549759,0.11870654083128805,14.923636478998628,79.89766097410798,2.551265227142278,0.0107332610489626,4,0,1.0,0.9748369892726652,1.563354929906063e-05,0.511981843816693,0.948744834930279,0.1543243184016307,0.1381030562827207,0.5018737298333306,0.0085533908601478,0.05546568265475883,True
RPS2P16,2,2.4429208326870135,0.9576136118923241,0.0,0.09208001859895218,0.0,2.551050655869019,0.010739871468990215,2,0,1.0,,,,,2.713643009203228,0.0760993535811239,2.1310159404489224,0.2069267529855416,0.05547265594886917,True
RPS23,4,-0.5123444838119572,0.20309404347167578,0.09852179263534769,14.225937397228433,78.91175873876351,-2.5226957672119545,0.011645910709977614,0,4,1.0,-1.71333215349277,0.0002903359527768,-0.372338049525405,0.999899862550801,-0.1804606981476473,0.0497624187819203,-0.432013842424075,0.0006500420997185,0.05905872092532195,True
RPS14,4,-0.5144192390595074,0.2048776650100284,0.11779363471468124,16.35696468289466,81.65918886443976,-2.5108605129520947,0.01204372754325242,0,4,1.0,-1.5379706094250634,0.0005082235277387,-0.154601551353004,0.999899862550801,-0.191995821656441,0.0677014219254008,-0.5982760779863542,3.056530177509471e-06,0.06062909412155592,True
RPL7A,4,-0.5833609888590681,0.23423515989847818,0.17529442131977332,31.179121359749924,90.37817658366475,-2.4904928410914375,0.012756606569575125,0,4,1.0,-2.8708626321729707,1.751832353564457e-08,-0.267622039650519,0.894299995836389,-0.1744360844183967,0.0500840540254141,-0.2310863578457867,0.0809809946755966,0.0632979115217019,True
RPL13P12,3,-0.46250939519489964,0.18608644527614715,0.06191007100581506,6.466144418399205,69.06966701348234,-2.4854545128665793,0.012938612128974538,0,3,1.0,-1.3095519360093835,0.0440417074391054,,,-0.234746314667338,0.0144417074585059,-0.5564481981597875,0.00070115668895,0.06396359262053024,True
EIF4G1,4,0.7339553947892384,0.2969455767964775,0.29326555603975085,36.86873041483586,91.86302330933313,2.4716832044017334,0.013447862664022567,3,1,0.75,-0.3601593595278601,0.4209480356278479,0.158555599876723,0.999899862550801,1.1265387236874305,8.256992578980947e-40,1.5555336052646838,5.602523680441123e-36,0.06583051809885958,True
RPL13AP25,3,-0.3301588439830732,0.1335974109358213,0.0,1.7080857435235082,0.0,-2.4712967240186847,0.013462406372148976,0,3,1.0,-1.176939113340219,0.1512223073712195,,,-0.3207174296130536,0.0592124691911306,-0.1538008128862379,0.7601757962527204,0.0658577688029844,True
RPL37A,4,-0.24260834007747986,0.09817718057116644,0.013412823240693468,4.706662317219323,36.26056432762341,-2.471127594681928,0.013468775277520797,0,4,1.0,-1.1851787623344978,0.0229753477799149,-0.286313829705918,0.999899862550801,-0.1975735190202499,0.0724036989503513,-0.1678049203573691,0.2209226289743657,0.06587428335176782,True
RPS2,4,-0.3953422638598963,0.16060147894315233,0.06582123528414456,11.031579001403324,72.80534364465531,-2.461635263021672,0.01383052355807359,0,4,1.0,-1.9285841757717943,0.0004064203997536,-0.275947245839019,0.894299995836389,-0.2648406491966529,0.0032469350659747,-0.2345239451649223,0.1893650958400786,0.06725496972815767,True
RPS3A,3,-0.4704559536099072,0.19361790611431995,0.07390392559071877,8.795521671739092,77.26115545339165,-2.429816348350192,0.01510647525724633,0,3,1.0,-1.3496427999389784,0.0136579262040246,,,-0.2076935152657931,0.0114035763829113,-0.5172728590904732,0.0004320620244176,0.0719736623184809,True
RPL7,4,-0.5086776880943996,0.21006517293101915,0.13360198464988346,23.12725567808495,87.02829232418287,-2.421523192049728,0.015455614785743468,0,4,1.0,-2.3336055056538227,5.863667828794949e-07,-0.121405952827254,0.999899862550801,-0.2441394824849307,0.0011179292269759,-0.2727933292226279,0.0393307063271944,0.07327932482107453,True
RPL13,4,-0.4550409989475471,0.18808806778557655,0.0873198546017168,12.330187696817628,75.66947013487648,-2.4192975360154225,0.015550514764615036,0,4,1.0,-1.6179962634549554,0.0017801466233027,-0.181125973674913,0.999899862550801,-0.18795692010822912,0.0310757163876535,-0.49585884583299,0.0005199867479312,0.07359414374468053,True
EIF4G2,4,0.7066117934363378,0.29303211374356153,0.30346692399102093,51.879105216526085,94.21732509171275,2.4113800511800165,0.015892278406381577,3,1,0.75,-0.1727839475244643,0.5227570178487269,0.301341258510078,0.999899862550801,1.0448021897173865,2.428644577701585e-52,1.4627704785280753,2.403438131871688e-36,0.07474856065843469,True
RPL29,4,-0.2944882054626176,0.12279465541208284,0.03317563353468199,8.262440290904886,63.691114315194085,-2.3982167992112817,0.016475110843542504,0,4,1.0,-1.5263625766796216,0.0065126535130157,-0.240192618543663,0.999899862550801,-0.1502321707370772,0.0697500059528653,-0.3096419412824315,0.0177285901703468,0.07682218528718791,True
EIF3E,4,-0.45825750688582023,0.19155764568937203,0.12357039849823875,23.28919495195045,87.11848989976035,-2.3922694666488336,0.016744543610286978,1,3,0.75,-1.2271808517746154,1.2294367978196812e-08,0.0344611197312511,0.999899862550801,-0.3950378581582014,8.30204782998934e-10,-0.3135221245878218,0.0743036624588606,0.0777819038241465,True
RPS12P20,2,1.5792188271343088,0.6641102930673393,0.0,0.327974915556114,0.0,2.377946620643899,0.01740934590717992,2,0,1.0,,,,,1.2765393395843083,0.2184620909572584,2.0571199619317224,0.0994036440079265,0.08024341237091578,True
RPL27A,4,-0.3253457814448068,0.1369568109216591,0.04014681384845235,7.981440086847836,62.412798099637044,-2.375535610499199,0.01752350142315493,0,4,1.0,-1.3206868487156764,0.0089323614526906,-0.491111919249807,0.708079939963682,-0.1377522478575971,0.1853094032732024,-0.23340331678565426,0.0891722939185599,0.08060130005354492,True
RPL7AP66,3,-0.6319179688350149,0.2698860391619997,0.0,0.39279443192231567,0.0,-2.3414251837447018,0.019210275755155812,0,3,1.0,-1.1272215660967344,0.2675397851341951,,,-0.5669096725829317,0.1158378020893271,-0.6349688159859586,0.5512828868812656,0.08629793520920566,True
RPS25,4,-0.46006578118324937,0.1968782833548861,0.09515370114646822,14.465394452186272,79.26084898744959,-2.3368030914509266,0.019449425023873434,0,4,1.0,-1.880219891939944,6.248995778556065e-05,-0.179354488497954,0.999899862550801,-0.21412364032411244,0.0108898782561228,-0.2731177195049659,0.0391085907222785,0.08696919856774286,True
RPL39,4,-0.2830949458581913,0.12143563020623045,0.030101115213684058,7.025405770060956,57.2978401790738,-2.331234625104837,0.019740991296837183,0,4,1.0,-0.9984209599756276,0.0714337099315513,-0.540511623441304,0.280547641716593,-0.1207479373060324,0.1151868864067604,-0.2011663687513606,0.2228723419538156,0.08784461735788304,True
RPLP0,4,-0.5565860990636843,0.2393927028378851,0.16096215984521894,23.183147529706826,87.059565591101,-2.324991916903165,0.020072392421056327,0,4,1.0,-2.350456924182879,1.4051461905579088e-05,-0.604555391557065,0.89548590742836,-0.0722702100033126,0.4109623540559965,-0.2774809191343755,0.0393333730602808,0.08894167199416725,True
EIF4BP6,3,-1.0139278206789222,0.436896076856055,0.4254912071666635,9.67467273855231,79.32746611644794,-2.320752861813824,0.020300185925670924,0,3,1.0,-2.286235350738091,0.0014185975309566,,,-0.3642387359089276,0.0884100455906007,-0.9715519490587319,0.0075595481464972,0.08964421991133453,True
RPL23A,4,-0.3248392329675257,0.1401645209933273,0.035712629776140765,6.801383839091388,55.89132930923103,-2.3175567587677204,0.020473422569375933,0,4,1.0,-1.201547400684184,0.015735151013717,-0.292205273196037,0.999899862550801,-0.1537697010097653,0.0680716821802421,-0.3513137529106813,0.0144690041107502,0.09017401587540423,True
RPL14,4,-0.5174266935908396,0.22469988752834597,0.15826786581328975,26.449093416047535,88.65745622048505,-2.3027456723829736,0.021293156839046697,0,4,1.0,-1.7169633646162297,5.3571110562464585e-08,-0.332769608958677,0.999899862550801,-0.1875313492943803,0.0101657155899622,-0.1459598237709178,0.2952847118694255,0.09269008877978219,True
RPL23,4,-0.45155965982112406,0.19658140512391534,0.11137166625465963,18.992609999041107,84.2043826511919,-2.2970619196484168,0.02161523771193997,0,4,1.0,-2.151858986420453,6.14523781818659e-06,-0.175866375680645,0.999899862550801,-0.2294441173962161,0.0062252433717242,-0.2015823396699631,0.1274949937934874,0.09376894601118263,True
DDX27,4,0.2248482743453371,0.09804003093852595,0.012164813919386022,4.33832425843175,30.848875711183872,2.293433327110267,0.021823069758307792,3,1,0.75,-0.4517000988783553,0.3137809954273663,0.306603411064049,0.999899862550801,0.2225834841742993,0.0049638733086584,0.351601678104671,0.0184977382561258,0.0944364809891066,True
RPS6KL1,4,0.892849157542688,0.39068253974734674,0.4904868157293538,21.86272323403525,86.27801318305266,2.2853572061861045,0.02229189111011111,4,0,1.0,0.8433111563455399,0.0600233811498129,0.3612397677466859,0.999899862550801,0.4564597093000482,0.0214741918264412,1.7350619808351893,2.5469070725145813e-14,0.09589957612244633,True
RPLP1,4,-0.2878795329892032,0.12614498207689612,0.032924754481230036,7.226585741204815,58.48661999684735,-2.2821322596384856,0.022481532928433582,0,4,1.0,-1.144039783126377,0.0114009809024126,-0.342299864824498,0.935135012325364,-0.1060399655164139,0.3438146517641912,-0.2631526923228395,0.0510007502747048,0.09646351911125772,True
RPL36A,3,0.8143230698630871,0.3580490044561114,0.2988087159921307,10.082338389205338,80.16333192961167,2.2743341266932764,0.02294590478280189,3,0,1.0,1.8518376166882877,6.82777821377332e-05,,,0.4032259602055568,0.0356313055887322,0.4782237930453366,0.1444864999562992,0.0977250811721402,True
RPL18A,4,-0.3065199664363464,0.13543388944161086,0.03011974674597428,5.353143795236002,43.958165243574584,-2.2632442123615983,0.0236206391664934,0,4,1.0,-1.285833735682753,0.0428912270412773,-0.402672779196592,0.999899862550801,-0.1507795529476661,0.0974274528799284,-0.3539883282567537,0.0664651202260439,0.0998399553323129,True
RPS3,4,-0.5585235215597345,0.2497359527087041,0.18536941803127407,22.011935188565392,86.37103019657073,-2.236456207053235,0.02532190286808486,0,4,1.0,-1.9037624779309008,3.965231261115194e-06,-0.386584933280666,0.999899862550801,-0.10813838831457599,0.2717566130250953,-0.3123939533358177,0.042400379105743,0.10469295548243743,True
RPS15,4,-0.574137063636307,0.25685862048322233,0.18929269920971292,18.970156629638172,84.18568671534885,-2.2352259875732257,0.02540251620165927,0,4,1.0,-2.14816904640535,1.19992319804842e-05,-0.525395973777908,0.999899862550801,-0.1705575334138761,0.0821771297630431,-0.1941272424612722,0.2925536478988093,0.10497258338008239,True
RPS19,4,-0.40929880447503736,0.18354902258428454,0.08940208247184273,13.502858373399123,77.78248192316039,-2.229915467335654,0.02575305534728093,0,4,1.0,-1.2733966722199173,0.0027302874346186,-0.508645256857458,0.860515646338543,-0.0638651485009043,0.5101277506306173,-0.3522017248663545,0.0161360801618329,0.10612226083847705,True
RPL22,4,-0.6390579538968327,0.2897707336823104,0.2740061416743625,33.90259374567128,91.15111952051443,-2.2053916410946552,0.027426624101023832,0,4,1.0,-1.9316100662101734,5.765142956390665e-10,-0.21647321179567897,0.999899862550801,-0.1770443935637403,0.0348650891422584,-0.335519936387679,0.0267070578878254,0.11112528899842296,True
RPS12,4,-0.39324970680732696,0.1791778211440461,0.09318471369593467,16.806388450271104,82.14964500626185,-2.194745445035758,0.028181862844592034,0,4,1.0,-1.6437415183623614,7.17797031148118e-05,-0.335925947942359,0.860515646338543,-0.0861016665402781,0.4021650842816467,-0.208863602743731,0.117928210901294,0.11332621993703262,True
RPL10P9,3,-0.3545608383489463,0.16242899126082502,0.0073679225401808235,2.1278929539435913,6.010309574387626,-2.1828667136127198,0.029045626956686485,0,3,1.0,-1.6306179694031326,0.1574278822717537,,,-0.2639507026684985,0.2038626684620346,-0.4777290044629887,0.2052103078651198,0.11593492994010027,True
RPL41P2,3,-0.5405665558087873,0.24795378559289474,0.0,0.6048070070923113,0.0,-2.1801101141336137,0.029249300231089608,0,3,1.0,-0.6997237334608042,0.3054726806428803,,,-0.4363841561593782,0.2208888245836099,-1.0914453470587435,0.3090253799793842,0.1164695208401769,True
RPL3,3,-0.6565636869978069,0.3029370171113859,0.234429004089143,30.111919692831496,93.35811193573247,-2.167327364804669,0.0302099013569667,0,3,1.0,-2.2046986153829,2.7951297939002384e-08,,,-0.1312717239689215,0.1243002924350515,-0.1699147420211266,0.2211457624202388,0.11892143068600969,True
RPL6,3,-0.568072441286204,0.26259750730453313,0.17204045024392925,23.559663881517206,91.51091454420528,-2.163281925701652,0.030519502377283195,0,3,1.0,-1.863662606809818,4.555766905318151e-07,,,-0.17891528016857278,0.0232347791378101,-0.1496097264928568,0.2830800060422554,0.1197332848166891,True
RPL13AP5,3,-0.5295960387050174,0.24662524184693072,0.09656577374830085,4.092406998156751,51.129005475241975,-2.1473715939981277,0.03176371023247341,0,3,1.0,-1.4804805898364788,0.0224693271162556,,,-0.31584565083196,0.0063462058117754,-0.4821262631450211,0.2334522707301073,0.12347006331799845,True
RPL12,4,-0.3266064950713536,0.15456701036091255,0.06477143718955551,13.411187679463001,77.63061652925788,-2.113041420085246,0.0345972228522179,0,4,1.0,-1.835396406785477,0.0001848998329709,-0.156503327432759,0.999899862550801,-0.2219323376842237,0.0160601064526029,-0.1503321167056223,0.3005568254544548,0.13167046130978105,True
DDX51,4,0.289603541005414,0.1371387379585138,0.0398712006152568,7.0967423550501545,57.727083076854946,2.1117559146054177,0.03470739037154692,3,1,0.75,-0.1373073072165741,0.6014078754561206,0.365974098589434,0.999899862550801,0.4468040502997748,2.1462750001345516e-05,0.40613445748099375,0.0184235316797285,0.13195283376876424,True
RPS2P32,3,0.6251046721622674,0.29801786563142235,0.0,1.2792880654635441,0.0,2.097540933788762,0.035945717554001375,2,1,0.6666666666666666,1.1657425051127666,0.1356141151586587,,,0.5936128153515144,0.1805751059565284,-0.0030575792873175,0.997600668794137,0.1354905459232773,True
EIF4E,4,0.7225266145262644,0.3446156827789735,0.43595551593122533,55.95401217430414,94.63845418152572,2.0966155942173765,0.036027617712018366,3,1,0.75,-0.0399051056484286,0.8915997454547744,0.0939903469184887,0.999899862550801,1.1045002975529197,1.1925776347077742e-30,1.5953265104352379,4.834542081145367e-30,0.13572951698456218,True
EIF3H,4,-0.36753337072138004,0.175473562943113,0.09220415013651925,16.261080998416368,81.55104202302317,-2.0945227563455306,0.03621343807924197,1,3,0.75,-1.4122132355481232,2.1458600025345077e-05,0.0076388267981981,0.999899862550801,-0.2394418249142277,0.0010592409395922,-0.2151833056806907,0.1917759699020048,0.1362197160632433,True
RPS3AP26,3,-0.2686062309525671,0.12836968322713213,0.0,1.7810040077768152,0.0,-2.092442889940813,0.03639891547776778,0,3,1.0,-1.2937336261753571,0.1650424992891286,,,-0.231335034086259,0.1602366436551638,-0.3285954561726085,0.541711858924797,0.13663717051853846,True
RPL12P14,2,1.7591529937551036,0.8481241345366433,0.7624852314047295,2.028413302882326,50.700382482257226,2.0741692425911022,0.0380635956617739,2,0,1.0,2.445645940173468,0.0006441060101732,,,0.7113424498355981,0.6116138386292881,,,0.14127178362900197,True
RPL41P1,3,-0.5940499595585306,0.2874994165817454,0.19804948883304363,17.279792761909967,88.42578711702711,-2.0662649219311473,0.03880347167701762,0,3,1.0,-1.8535820968307302,4.329449216825903e-05,,,-0.1260816195259254,0.2256435370331942,-0.3512530335710455,0.0395032213892332,0.14322079626689263,True
RPL4,4,-0.46665696360277575,0.22699355253794196,0.1495722446446087,21.080723398169408,85.76898931153136,-2.0558159400795053,0.039800260979013784,0,4,1.0,-1.8923327544684423,2.718581734185079e-06,-0.205271656726949,0.999899862550801,-0.1782759394809011,0.0423235111296961,-0.1103294107804655,0.4670280847638757,0.14598139575674265,True
RPL34-DT,2,-1.3101258458236607,0.6402005479682679,0.0,0.20800484711036332,0.0,-2.0464303724535364,0.04071404637456478,0,2,1.0,,,,,-1.7272689637597824,0.2038626684620346,-1.1057542879291355,0.2427212761373308,0.14845517671600333,True
RPS27P29,2,-0.9136399538499153,0.44944490190970493,0.0,0.1092847861458628,0.0,-2.0328185945993194,0.04207085380505414,0,2,1.0,-1.4927872206675314,0.5223201952789795,,,-0.8755225237328594,0.1114484344569411,,,0.15209221770621495,True
EIF4BP3,3,-0.509544349959934,0.25117784685816286,0.053320448162433705,2.754667550785535,27.39595747480781,-2.028619786073999,0.042497031680295005,0,3,1.0,-1.3805791221101518,0.0373592820908334,,,-0.3403406012510638,0.3767333338289986,-0.347999027906218,0.3823162572500376,0.15320510569231988,True
RPS2P55,3,-0.3219028521138748,0.15908730887332256,0.0,0.26198324392220573,0.0,-2.023435146358522,0.04302830366914852,0,3,1.0,-0.7755374739282896,0.5101717388418702,,,-0.3235050645527912,0.2514222495290621,-0.2922039068493229,0.2950782724968225,0.1545886280532631,True
RPLP2,4,-0.28418651955388563,0.14194157944125363,0.04994294942952808,10.358456666294089,71.0381565840609,-2.002137222035802,0.04526997523376419,0,4,1.0,-1.6842557000260725,0.0028636325963215,-0.325829302911918,0.562697872521285,-0.1087421409787116,0.3129149849078395,-0.1502721196799676,0.3447850448640411,0.16003001685189785,True
RPL7P1,3,-1.127476859487112,0.5715682109049585,0.6831153138289282,10.404852652493686,80.7781996843495,-1.9726024610465807,0.048540872405308196,0,3,1.0,-4.3437744627570005,0.0013332368373825,,,-0.4154378215173716,0.0201217625948772,-0.7455316230192869,0.1054808908145516,0.16795407890311154,True
EIF2S2P3,2,-1.4709839663221178,0.7463245728437276,0.0,0.04107220552999021,0.0,-1.9709708347364387,0.04872721189211978,0,2,1.0,-1.2420349445160876,0.4709825249900268,,,-1.5709067937513856,0.1422115064132827,,,0.16841036534762316,True
RPS3AP6,3,-0.22274699474799856,0.11353353245740869,0.0,1.4226457161532902,0.0,-1.9619489495895015,0.04976842806322828,0,3,1.0,-0.5354470751686652,0.4113195522902589,,,-0.1652929642737692,0.2808787660092787,-0.544772041049538,0.1946354098277472,0.1708322750364659,True
RPL9,4,-0.28918182765598743,0.1477589387655174,0.05604729617552202,11.645587115714742,74.23916913599184,-1.957119007973506,0.050333478140432,0,4,1.0,-1.2712256060294695,0.0013805493445163,-0.285223043459846,0.999899862550801,-0.0644544846100176,0.4568469351027138,-0.184510075615202,0.1851813455857334,0.1722577391374231,True
RPL27,4,-0.21772762274737345,0.11150529283923598,0.021535567510525527,5.391672581976489,44.35863909784643,-1.9526214155706916,0.05086447163188151,0,4,1.0,-0.5648032474235871,0.0652033374775498,-0.445197428905554,0.856802849720016,-0.0537707591546637,0.5921405288723195,-0.2106355522072467,0.2689850938967982,0.1733471904840632,True
DDX58,4,-0.4265912938097804,0.21902365712960004,0.004162655230297261,3.058925758667829,1.9263546524741821,-1.9476950544997933,0.051451462220129314,1,3,0.75,1.5954025367388662,0.4058988006918162,-0.145341405722975,0.999899862550801,-0.4644281830827134,0.2445539348095929,-0.8143427668685954,0.09878059878499,0.17477932273542615,True
EIF4E2,4,0.3519519508017112,0.18107208658928142,0.08897694092230075,14.29778643975132,79.01773108276907,1.9437117969487465,0.05193021522752631,2,2,0.5,-0.18578355622453877,0.6370434501400484,-0.270322887397975,0.999899862550801,0.5450353967078951,1.2515311283361649e-12,0.7561841881463935,5.157907816140058e-09,0.1757982408207832,True
RPS2P5,3,-0.4567706895690567,0.23719539030967676,0.11320057829750557,9.54186983146297,79.03974760371094,-1.9257148672775957,0.05413998646252249,0,3,1.0,-2.03749904940871,0.001442056672108,,,-0.2813372154112353,0.0004696019169621,-0.1732528844835733,0.3980607511649101,0.18136483440694937,True
RPL3P7,3,-0.8305401610888398,0.43328900694726896,0.0,0.5841977944859227,0.0,-1.9168272164124303,0.05525988609437264,0,3,1.0,-1.016495638591002,0.2843863183311775,,,-1.009687909736037,0.1923105159099384,-0.22752000872239067,0.8593357732072213,0.18388491579241723,True
DHX34,4,0.3770533754013028,0.196981422943911,0.11781902042363987,15.721765768739939,80.91817392442654,1.9141570294609251,0.05560009442666908,4,0,1.0,1.3091297032950695,3.148454162173526e-05,0.0035966133051573,0.999899862550801,0.3265535282392487,0.0005177687154873,0.0857658866228516,0.6763580346358132,0.18487724403030062,True
DHX37,4,0.39958870964762544,0.20906330174535714,0.11143438061543016,11.301601383684451,73.4550892554842,1.9113287999934665,0.0559623402203485,3,1,0.75,-0.5707444174104155,0.1666410440098473,0.774265056728466,0.856802849720016,0.4914170768046807,1.8224050538832408e-07,0.7120502872172134,0.0001127736023926,0.18549324486591118,True
RPSAP19,2,-1.0815450339817572,0.5667079513849417,0.3332272306872163,1.8140288490439507,44.87408507714577,-1.9084698411918126,0.05633051752337681,0,2,1.0,-1.9147869726586393,0.0413663022403026,,,-0.6961132797029349,0.1119982204116361,,,0.18637678294828627,True
RPS24,4,-0.2994465519453871,0.1572079327617952,0.06675355623909938,11.634971692171863,74.21566567266827,-1.9047801639826591,0.0568086533976591,0,4,1.0,-1.2726389693860718,0.0003291453203071,-0.10462677067884499,0.999899862550801,-0.1626323767017744,0.0721166947224937,-0.1296907838452301,0.4576878446122456,0.18739623385139026,True
RPS15P4,3,-1.0099714845294447,0.5346674191480668,0.6825474118595533,12.497005493601884,83.99616611336256,-1.888971439738599,0.058895655744857084,0,3,1.0,-2.8660672839353314,9.844349379217786e-05,,,-0.437973614554014,0.0261902736551836,-0.3314079072534109,0.4851867412896702,0.19257680690663492,True
RPS5,4,-0.5719264112383978,0.3057048356286331,0.3113775981269312,35.62863796098668,91.57980722337746,-1.8708451571016946,0.06136654645504829,0,4,1.0,-2.205590233352372,6.600777777693577e-09,-0.320744854121773,0.999899862550801,-0.039314544686261,0.72656081347233,-0.08131309626761998,0.6494298955106456,0.19829926896625427,True
DHX8,4,0.18654348280940736,0.10005119814977634,0.01810656973950403,5.8635600625263935,48.83654353312091,1.864480248703792,0.062254292734491165,2,2,0.5,-0.0556915321343172,0.8206172071942043,-0.329138025363322,0.999899862550801,0.2442447918465874,0.0019081839981701,0.362723006467495,0.0073611901909277,0.2003150188294468,True
RPL23AP7,2,0.7061420531231637,0.3803198762381535,0.1951276222990007,2.6709559381246124,62.56022101577082,1.8567056239810689,0.06335304694248126,2,0,1.0,0.2048926651115801,0.7407745907558976,,,0.994707409453258,1.972919664860933e-07,,,0.20268723559295926,True
RPL22P1,2,-0.5305956148398051,0.2863243249770063,0.0,0.7876605765197758,0.0,-1.8531279690693951,0.06386401884334322,0,2,1.0,-1.0922784650110609,0.1851814148032172,,,-0.4156309344622585,0.2882043120614991,,,0.20394834466993975,True
RPL23AP42,3,-0.4269954940609046,0.2308325541578195,0.03801328753473309,2.5758795195933266,22.356617039458623,-1.8498062182727013,0.06434148430965139,0,3,1.0,-1.2306872203359491,0.0777818955448761,,,-0.1871885287483434,0.5986498080983363,-0.4654682953626846,0.2381627807300063,0.2049336799089895,True
RPS17,4,0.8940213930598903,0.4933393351625199,0.9269450374489653,75.04706311268633,96.00250845859834,1.81218347968417,0.06995785083169104,3,1,0.75,2.6774472050696803,1.4421195682283926e-19,-0.4641683301425051,0.659158238217131,0.6587959762493549,1.6601654907965646e-07,0.7647617254682025,0.0006786147882416,0.21771809091553845,True
RPL7P57,3,1.6429707696666818,0.9095113726763321,0.9585330232152621,3.2505286005513483,38.47154583839798,1.80643235370666,0.07085083169303033,3,0,1.0,2.5057449033045773,0.0443709515568533,,,0.0513007991426238,0.97636480895482,2.821976565614981,0.1360621988790626,0.21984434720596427,True
RPS7,4,-0.20519231724566064,0.114051165403041,0.02673611816603503,6.927873214353985,56.69666711301462,-1.799125125293893,0.07199889003043844,0,4,1.0,-0.811177024710131,0.0242128759410464,-0.37300629822843007,0.829134530458773,-0.1356751247646874,0.1466467953729814,-0.005791767940566,0.9732860797037628,0.22237209804657868,True
RPS20,4,-0.11501444723029679,0.06408330485975555,0.0010608696023727674,3.1417612228094205,4.512157759801205,-1.7947646033862106,0.07269121262447005,0,4,1.0,-0.3970254568492106,0.4359753847320042,-0.481429956754476,0.698323071888315,-0.09413446228777299,0.29742355412881,-0.0443872233487274,0.7938161234777428,0.22397604629034878,True
RPL23P8,2,-0.9750542526685462,0.5495506225117095,0.168250020365258,1.2410507075233517,19.423115112225666,-1.7742755857723922,0.07601757686970392,0,2,1.0,-1.9952653576899904,0.113340234008962,,,-0.6790313166148757,0.2403692502579856,,,0.2307365672769706,True
EIF2AK2,4,0.3326664179504769,0.18768969629170343,0.09743279309895272,10.664029538985993,71.86804491648792,1.7724277065985214,0.0763235859543671,3,1,0.75,0.9982891366943348,0.0043132616892125,0.150665115747678,0.999899862550801,-0.0103084118194259,0.9609178979547623,0.4700218005983013,0.0496656977844727,0.23118714605968418,True
EIF3A,4,0.3282465715625528,0.1856682658822294,0.11036479487928437,21.090090843461056,85.77531020483895,1.767919628068061,0.0770743409364381,3,1,0.75,-0.5737572167811189,0.0588595911031518,0.396120090839518,0.65144944623783,0.46419856323568304,1.3946012526618988e-09,0.7445709790898777,1.5939781111548264e-09,0.23281043544826252,True
RPL32,4,-0.2984123567191152,0.16967799193745378,0.0742146594436283,12.338211111604082,75.68529203412234,-1.7586980686871585,0.07862880561312252,0,4,1.0,-1.2889702665868112,0.0005162163107636,-0.27872718802589,0.999899862550801,-0.1072781343514034,0.2885485925221818,-0.056009121683844004,0.7240376465173222,0.23560808478409986,True
RPS27A,4,-0.31197186084036266,0.17831336262394903,0.08607690651980303,14.943403705147645,79.92425247156663,-1.749570846792287,0.08019239391591491,0,4,1.0,-1.716458379337338,0.0003288249644376,-0.303944657944363,0.999899862550801,-0.04346424085655091,0.6691378582718849,-0.1055361537314317,0.4747511906475628,0.23905042467261317,True
DDX3X,4,0.19861701443891985,0.1136135770003985,0.02586057815900118,6.44853967007402,53.47783911569602,1.7481802763610128,0.08043281581008357,3,1,0.75,-0.2681449178850456,0.390011784106727,0.303461240151821,0.999899862550801,0.3522394640034529,1.3181530611813912e-05,0.1619686113896775,0.3255427185005349,0.23948130995185732,True
RPL7AP6,3,-0.9813081628383608,0.5615146079879971,0.8116155410324418,22.509669768943922,91.11492962566979,-1.7476093210727959,0.08053170020738594,0,3,1.0,-3.182873981662328,1.4688378085772167e-06,,,-0.3122630884447178,0.0646227452454774,-0.0526022946268573,0.8933176043576341,0.23959547025561995,True
RPL8,4,-0.3850772652346185,0.22241497120584036,0.1510903392685929,24.103857565737247,87.55385941101648,-1.7313459752591818,0.08339007606253047,1,3,0.75,-2.2482275495588206,1.681504389118441e-05,-0.3662139780507351,0.793158401068445,0.015381452502840301,0.8845662727449177,-0.019707399964167,0.9143210665772318,0.24529967709973713,True
RPL7P46,2,0.6312643454622676,0.3652767716046587,0.0,0.7399436494658259,0.0,1.7281809152252607,0.08395579421653898,2,0,1.0,,,,,0.4418009716444069,0.4224590787946882,1.1523600486990109,0.1722588717127542,0.24644144267621249,True
RPL29P33,2,-1.351688249605784,0.7841123450079183,0.0,0.6237648630316281,0.0,-1.7238451329217808,0.08473580446062731,0,2,1.0,-0.6670015182865531,0.6713525455358846,,,-1.911814050956119,0.1293055889871676,,,0.2480316957539495,True
EIF4EBP2,4,-0.15623123847734935,0.09088314321635423,0.016276345643407426,6.153910644011074,51.25051087767141,-1.7190342779565735,0.08560813054652543,2,2,0.5,0.0761284033739803,0.808575449667395,-0.249464167744407,0.845447536350148,-0.2924271656496213,0.0002308474262842,0.0035205516379518,0.9839117303554664,0.24956665144072102,True
RPL24,4,-0.27650943579586906,0.16159997216257138,0.06700012378254876,11.757733379839598,74.48487813863895,-1.7110735360628495,0.08706753875954812,0,4,1.0,-1.2248034063415,0.0017151273422118,-0.395633369703339,0.955808511426917,-0.0528213565379721,0.5940452149351853,-0.057506566492239,0.7295213383457301,0.2527393116010148,True
RPS8,4,-0.3221203134196231,0.1883656970054289,0.0985410391730443,16.856990981527286,82.2032294892514,-1.710079481246202,0.08725117651253629,0,4,1.0,-1.9092607974445437,6.888834328745334e-05,-0.168276505859971,0.999899862550801,-0.11863240116583688,0.1338007143889299,-0.042193030568055,0.798436111266019,0.2530387592389526,True
EIF3FP3,3,-0.6124295274175995,0.3584835770849489,0.15878685000283088,3.425968412695347,41.622345594642546,-1.7083893560693681,0.08756412093207011,0,3,1.0,-2.8085945388873235,0.0549172277893358,,,-0.3805288744590627,0.2882006639216364,-0.5278731609870918,0.2880648427042612,0.253599744613098,True
RPL5,4,-0.29643706901611255,0.17419974633512525,0.08291301135392869,13.633202197985648,77.99489836332612,-1.7017078110195827,0.08881015543946211,1,3,0.75,-1.334228238999401,0.000272511581019,0.0964754781089688,0.999899862550801,-0.2408393877282305,0.0017352048413744,-0.0814363457182903,0.6307251177853772,0.2564280736939399,True
RPL23AP87,2,0.8610699576399504,0.5139302574794655,0.0,0.041179250748563975,0.0,1.6754607169132383,0.0938438723502043,2,0,1.0,0.5510655110785779,0.8102610179594074,,,0.8961547484954175,0.171097352489412,,,0.2656475609717873,True
RPS2P46,3,-0.31486605021498154,0.18914594257942924,0.05414120641678224,4.453958484432821,55.09612388641999,-1.6646725059024614,0.0959781111413976,0,3,1.0,-1.8451430425161743,0.0329975584866042,,,-0.2514623922512779,0.0421420504627063,-0.18681916977402752,0.4294107076987365,0.26931267029440387,True
RPS6KA6,2,-0.5772368206866375,0.34702739694781976,0.1181853828555083,1.8921655752006263,47.150502413406926,-1.6633753581520045,0.09623732256682986,0,2,1.0,-0.8612549678143229,0.0071126933683678,-0.153221610918231,0.999899862550801,,,,,0.2696482791054562,True
EIF1AX-AS1,2,1.5344587374310448,0.924825926532376,0.0,0.4459886505849853,0.0,1.6591865489589805,0.09707820722406121,2,0,1.0,,,,,2.1254245661360684,0.1688625102665902,0.8889807592142724,0.6126526132840155,0.2713135571802366,True
RPS12P3,3,0.8577216327113141,0.5171652643085429,0.38817800434448657,3.909964928614095,48.848646048881335,1.6585058817863565,0.0972154013295455,3,0,1.0,2.4645637746931377,0.0213819911285232,,,0.4700814853735814,0.4863599569636109,0.40678106227088084,0.5725210820619521,0.27153798235109733,True
RPS6KC1,4,0.33195444023219495,0.20190199878962745,0.13683531480556,22.742719679476743,86.808965496298,1.6441364732504513,0.10014801548304159,3,1,0.75,-0.3206132879224272,0.2605436675398399,0.118689851156369,0.999899862550801,0.6428927685070118,4.0761111536232495e-14,0.7315330619882309,3.718697358695247e-06,0.27666093545453274,True
DDX18,4,0.488213769714042,0.2983501138639042,0.3244063784171074,45.4960186794281,93.40601642280294,1.636378694116223,0.10176035544299754,3,1,0.75,-0.6757828783302132,0.0134917297263929,0.519813505004592,0.444534091017353,0.7885983741106563,3.263493566028578e-19,1.1880511131993017,7.873647478614166e-17,0.2795012683071175,True
DDX21,4,1.015600855456332,0.6209890206306575,1.520632331091893,326.17286682955364,99.08024231777449,1.6354570237408041,0.10195327682047947,3,1,0.75,-0.8215908775585082,5.592486670778549e-11,1.60034900702669,5.21123683087864e-08,1.3968904916090543,4.553831599052546e-81,1.9002062488729472,5.837058981462208e-51,0.279921822387466,True
EIF4A1,4,0.7161342549157353,0.4427036744580499,0.6422965770851595,29.57525290176915,89.8563842887019,1.6176379285589042,0.10574065012036558,2,2,0.5,3.528223314647347,2.047014451448555e-07,-0.0170786580870572,0.999899862550801,0.3093185019291856,0.0057750298855989,-0.126994646307266,0.6973063937090166,0.287172503516674,True
RPL15P2,3,-0.9968688758102769,0.6166924061339136,0.57202574625979,3.768078351046947,46.92254741878424,-1.6164766517228828,0.10599129747703631,0,3,1.0,-2.195727599712584,0.042471376158814,,,-0.3453565669915653,0.4027632175254801,-1.320695043668776,0.3937113227199643,0.2876402547684454,True
RPL21P75,3,-0.4832910010535868,0.2993824518977004,0.0,0.1886492473898891,0.0,-1.614293015472825,0.10646388438283332,0,3,1.0,-1.1537792852566966,0.7014200849152908,,,-0.4485623800056082,0.2400876931688273,-0.86184370048503,0.6142982356855222,0.2883852625243037,True
RPL7P9,3,-0.6456544085745813,0.40280219553201324,0.3742846123201793,13.046539694664173,84.67026470767594,-1.602906875226471,0.10895521556516002,0,3,1.0,-2.41318577493627,0.0003771423069435,,,-0.31313847799093636,0.0483731920686104,-0.0030146578791664,0.9931535098692964,0.29290281414115144,True
DDX19B,3,0.4124256087407487,0.25774167449041796,0.12653216241729281,7.21453000665318,72.27816644804837,1.6001510409837947,0.10956508026369703,3,0,1.0,1.931682750587991,0.0063848618918915,,,0.20623868910677448,0.0938557672639353,0.183837943302199,0.4855356673166866,0.2937345594208627,True
RPLP0P6,3,-0.5358015025140593,0.3358972251725316,0.2507423243228164,11.021100858539087,81.85299249438943,-1.595135244832249,0.11068199549942413,0,3,1.0,-2.039926956647814,0.0008913190838399,,,-0.1380097310384138,0.395859886956301,-0.1837078967505366,0.5144751668167408,0.2956310726877216,True
RPL7AP11,2,-0.8219561848489438,0.5192780061593738,0.10560074534971896,1.1106473563194992,9.96242017683868,-1.5828827238962124,0.11344819710156535,0,2,1.0,-2.0602049583099573,0.182546279514677,,,-0.6041892437784833,0.2916575662749681,,,0.30061177100991476,True
RPS3AP47,3,-0.6799273584483234,0.43022176719146826,0.0,0.8656132737786213,0.0,-1.5804113373597035,0.1140126968780791,0,3,1.0,-1.4703424276369088,0.2330884235242238,,,-0.5832855787647837,0.3666718943103503,-0.0462633650197038,0.9805556100081608,0.3016107974039874,True
RPL35A,4,-0.2533542537772062,0.16230686928560004,0.06394773992395028,10.43351740580668,71.24651367974546,-1.5609582939548694,0.11853359156776025,0,4,1.0,-1.3469937255922948,0.0017170171945096,-0.20199523862553,0.999899862550801,-0.11997952701281929,0.2089911944292576,-0.0274731602315004,0.8817066545718187,0.3104481970512034,True
RPS21,4,-0.26744724036746054,0.17281760507606392,0.06877674354689894,9.183846269874998,67.33394797950126,-1.5475694171884071,0.1217259993587891,1,3,0.75,-1.1817281505079786,0.017033675265972,-0.627437337581355,0.74116912490651,-0.0966962349689786,0.4254558862579212,0.023608625039725696,0.9093636886884816,0.31609634541519666,True
DDX50,4,0.308767809747105,0.19965480321680243,0.1271227084601757,17.779551363476685,83.12668335286179,1.5465082971824036,0.12198185780284244,3,1,0.75,-0.0998789358172912,0.6905522919838886,0.271536596133259,0.999899862550801,0.194387995231933,0.0753743270848904,0.8529886474781277,5.870670690330821e-07,0.3164730631244871,True
RPL4P3,2,-1.4513187165833956,0.9437639336299435,0.0,0.8293969877173042,0.0,-1.5377984524173054,0.12409790211697308,0,2,1.0,-2.323179312166858,0.14045127029289,,,-0.6040090579949604,,,,0.3192601668839814,True
RPL41,3,-0.1319669199843637,0.08588507552623142,0.00600992099872078,2.5727719013116306,22.26283259000242,-1.5365524123461676,0.12440295356340772,0,3,1.0,-0.7400201200170147,0.1080177784367013,,,-0.0935683727524838,0.3062278216837329,-0.1237158030720982,0.468966139363337,0.31984310318311865,True
EIF2S2,4,0.4509812470830289,0.29758074658970846,0.3057246818090051,49.75112795070586,93.96998596097671,1.5154920210776353,0.1296478494158982,3,1,0.75,-1.2828823553277708,0.0075123600409879,0.232478947610056,0.999899862550801,0.8934862721371184,5.715850502931292e-41,1.327699369833307,5.1159672641183047e-26,0.3288107303289356,True
RPL36,4,-0.3694333382897581,0.24602730187847874,0.19814646502704839,27.98492706761108,89.27994347545715,-1.5015948858888588,0.13320176492061928,1,3,0.75,-1.8221747584760204,4.223404624552232e-06,-0.294244774135425,0.999899862550801,-0.0690853244185602,0.5387906976509214,0.1864014626834522,0.2118758302303239,0.33480373548365794,True
RPL29P14,2,4.895740947543347,3.286946051802701,18.679678263962643,7.26032611808415,86.22651401967768,1.4894497416099404,0.1363689784672865,2,0,1.0,8.353438842402436,0.0001480844494884,,,1.77111448335028,0.3019860173139725,,,0.3395954794168939,True
DDX49,4,0.4001584350042394,0.2694733953716376,0.20930539082837124,19.76558645760727,84.82210479089845,1.4849645340771795,0.13755321926796385,3,1,0.75,-0.7575352199850586,0.070687816198612,0.494392435285869,0.999899862550801,0.5584536480880096,4.1788557401772034e-11,0.9779849012979911,5.501036674824558e-09,0.34155306932621443,True
RPL17P36,2,-1.1815045938903446,0.8048567588593989,0.6702631013901721,1.8942740089916297,47.20932688442864,-1.4679687793946234,0.14211270364820977,0,2,1.0,-2.273229088797292,0.0668107594450476,,,-0.5881365735668003,0.4285548631993902,,,0.34884263606811056,True
RPS6KA5,4,-0.759006306428231,0.5186445179144489,0.9872282990885853,36.964671865835314,91.88414275422593,-1.4634422619182685,0.14334640165179505,1,3,0.75,0.3718001823859373,0.3157373968117901,-0.123938108567282,0.999899862550801,-1.6101645691711974,1.6743176366057354e-09,-1.66177615738247,1.5470785250867784e-06,0.3509355899837995,True
RPL29P11,3,-0.3726184275973169,0.25526552172298733,0.0,0.30859545061964316,0.0,-1.459728776069023,0.14436462999944463,0,3,1.0,-0.6998521603833007,0.394331750561572,,,-0.3344116024186218,0.3982355800912182,-0.23723990885638394,0.7817657513664906,0.3526320132722269,True
RPSA,4,-0.37220248296958347,0.2560549801486413,0.2206754128296311,34.184223226204814,91.22402173614327,-1.4536037641350226,0.14605619273054735,1,3,0.75,-1.8692242847560416,8.217664914317381e-07,-0.348877797451642,0.913905422179663,-0.0023921419367428,0.982782067823258,0.2451487924028696,0.0940150372512989,0.35543462470219117,True
DDX59-AS1,3,-0.9359283402524392,0.6459731169865888,0.5557534537383206,3.5952241261462667,44.37064478247683,-1.4488657741957864,0.14737507087758642,1,2,0.6666666666666666,0.5817863474405596,0.6544309677173661,,,-1.390281697452411,0.1251630687508598,-1.6538447644762355,0.07026317938368,0.3572615855209604,True
EIF2B1,4,0.12896739286334397,0.08905211019551747,0.010260812922346199,4.397550919604192,31.78021005678271,1.4482238835238255,0.14755444713597476,3,1,0.75,-0.269238024948396,0.3187478673216382,0.0746442549709481,0.999899862550801,0.2156133668022106,0.010469007997457,0.1746776105169431,0.2546677741819853,0.3575066090039255,True
RPS28P7,3,-0.3491814829029911,0.2423431182013814,0.07240232642848315,3.2850717473834474,39.11852909778924,-1.4408557812350569,0.14962543065317832,1,2,0.6666666666666666,-1.3129100960927762,0.1069621554325382,,,-0.3914322242127073,0.0554371258804366,0.0286517034788851,0.952408036546217,0.36076973085514913,True
RPL14P1,3,-0.7817960799820097,0.5446397734886435,0.7197808427234003,13.673564266066577,85.3732358214503,-1.4354369953084436,0.15116261013040827,0,3,1.0,-2.6858922942303,0.0002248046790816,,,-0.2469248408254658,0.4302234797730034,-0.009555617071336,0.9830935026909836,0.36344088773871047,True
RPL3P2,3,-0.6669755153279416,0.4664780122545676,0.4725042727708187,7.54764909995632,73.50168279535445,-1.4298112618520549,0.15277119595005798,0,3,1.0,-1.8688536180594983,0.0024616552171454,,,-0.2004946216104455,0.5858937442158345,-0.2142732340292897,0.7212644291257885,0.3661883306104145,True
EIF1,4,0.2515273303195413,0.17844889443499395,0.0813053504900083,13.83581076548953,78.3171362282371,1.4095202501305975,0.15868138993069958,3,1,0.75,-1.1604851785788148,0.0744095299430537,0.0763281925077327,0.999899862550801,0.3171153843295265,5.272913437616657e-06,0.6316786970960135,1.2270813896273537e-06,0.3757713267683201,True
RPS23P8,3,-0.4415879290457524,0.319129118708232,0.14106765970733842,3.5620342649122176,43.85230878599401,-1.383728099877592,0.16644172600938212,0,3,1.0,-1.643006265329116,0.0507546792577129,,,-0.3370676117469153,0.1718416260252192,-0.0321969986644681,0.9614672224527216,0.38691948196106857,True
EIF5B,4,0.5333413938033774,0.3862714759244756,0.5664263582083632,100.92182514280577,97.02740215433585,1.3807423717397584,0.16735818817988102,3,1,0.75,-0.6376778748940607,0.0002713195852268,0.571441897253643,0.680569674538557,0.8249948451270954,1.9806368049311168e-29,1.352009421089685,2.5853882633939216e-27,0.38825617831253306,True
RPL26P19,3,-0.3022509821612224,0.22170124688177584,0.012428647664250787,2.125177448450515,5.890211593473419,-1.3633255852746757,0.17277992202786918,0,3,1.0,-0.8973264904789205,0.2564734059355477,,,-0.1025405933187012,0.7676712284480375,-0.6954703059503736,0.2507747097034063,0.39659003965071615,True
RPL12P42,2,-1.229416230664935,0.9125036419932475,1.0113489068531825,2.0998333129093854,52.37717232828979,-1.3473000808845348,0.17788360607962417,0,2,1.0,-2.576385594837986,0.0802466815056982,,,-0.6112411490348194,0.2747848302176389,,,0.4043589995998477,True
RPSAP18,3,-0.8299130240412995,0.6199475426156766,0.0,0.15458273329740285,0.0,-1.3386826577934943,0.18067400430695668,0,3,1.0,-0.5698099490205036,0.6797640112936159,,,-0.8840058445397901,0.4439854595779288,-1.3073152027510262,,0.4077578097612602,True
RPL29P24,2,-1.2471395247621928,0.9354818215710576,0.0,0.09182999230543495,0.0,-1.3331520677416628,0.18248190540366016,0,2,1.0,,,,,-0.9701254678061284,0.58256332227024,-1.5372433434270991,0.3526126352719953,0.4103232791202653,True
EIF1B-AS1,3,-0.46327236270831124,0.35202380766449404,0.2071971651740173,4.53073388491674,55.857041026880935,-1.3160256568494528,0.1881654313774508,1,2,0.6666666666666666,0.1631981247783632,0.7721047255239541,,,-1.1710836715210624,0.0347972376245641,-0.49199919498944905,0.2293691845362755,0.41797695387125205,True
DDX39B,4,0.8227889738730279,0.6341648359967965,1.5678653128520819,160.9512174993319,98.13608120111769,1.2974370812909346,0.1944808407117451,3,1,0.75,3.414831867781934,4.414702360831407e-37,0.0054995965685181,0.999899862550801,0.0154655996809177,0.8854586807547197,-0.0874596469462594,0.7395047285863859,0.42679517631117736,True
RPL23AP97,2,-1.1076189531340883,0.8547632769483959,0.0,0.020889821973315053,0.0,-1.2958195362444869,0.1950376657696834,0,2,1.0,-1.3457170699392011,0.5804893306539088,,,-1.0435171141176862,0.3971304754491082,,,0.4276081915115864,True
RPL39L,4,-0.39573603769734866,0.30545612200718725,0.17258325831780993,6.097001862953499,50.79548821809372,-1.2955577223233299,0.1951279026452999,1,3,0.75,-1.2505136023638312,0.0130579070134264,-0.139766029869729,,-0.3243761025066616,0.2198713356825155,0.1913476190227901,0.7059819545363597,0.42766082546508716,True
RPL7P16,2,-1.0573291226366879,0.818728451055445,0.0,0.42366301890275787,0.0,-1.2914283377762874,0.1965551895774842,0,2,1.0,-2.0230698140342436,0.3301224975219624,,,-0.7632665239702313,0.5405422352230328,,,0.4293353679447052,True
RPL10A,4,-0.26524269064567424,0.20574286616888335,0.13334585380884525,22.467807388744642,86.64756222940177,-1.2891950792011941,0.1973302753328443,2,2,0.5,-1.476665220709604,7.282052814442821e-06,0.0833851013661778,0.999899862550801,-0.04465317289305841,0.6648775188063125,0.0224456279480401,0.8934857444696086,0.4306820300535808,True
RPL4P4,3,-0.3821190366137484,0.296502881716504,0.1790363625003093,7.6149595545142015,73.7359077788616,-1.2887531966016599,0.19748390204663968,1,2,0.6666666666666666,-1.633500401322202,0.007357261561335,,,-0.1986404210830652,0.2138101398079414,0.0171500194592873,0.9617618828516756,0.4308935461628326,True
EIF1P3,3,0.9833536190266151,0.7649504492475551,0.0,0.5862675959294238,0.0,1.285512832882042,0.19861313524684254,2,1,0.6666666666666666,-0.158290854288246,0.954287467404092,,,1.0304669149088583,0.4637978235442782,1.5633700666547317,0.3530619046310901,0.43232879968823634,True
DDX52,4,0.2434099728737171,0.1897160304493605,0.11723189220093264,18.92604730091528,84.14882964043466,1.2830226960640985,0.19948412473197907,2,2,0.5,0.6551761176945347,0.0004725219494674,0.52120858588155,0.491473301213517,-0.052798845974783605,0.6158253209345101,-0.0619828221617265,0.7955613986410404,0.4334530655766736,True
RPL26P36,3,-0.7150754160890569,0.5610892596634205,0.3820748324411531,2.9429959409703423,32.042040148360684,-1.274441461449481,0.20250700627307172,0,3,1.0,-2.5918115966793276,0.0759878488477112,,,-0.3539135949685638,0.3587002393224739,-0.3973222959932346,0.8084021153801011,0.43781696474106435,True
EIF2B4,4,0.19504955206165897,0.15343395160888812,0.06492450083111188,11.279055581651056,73.40202840315419,1.2712281083579948,0.2036475096093957,2,2,0.5,-0.1779566017794195,0.6071006174848301,-0.159749301201491,0.999899862550801,0.4177080612003396,5.911177718484714e-06,0.4527178606169166,0.0036890383891422,0.439634922902716,True
RPL7P23,3,-0.5649408729337647,0.4448835639245513,0.3175487353789582,4.213645595980874,52.5351633296433,-1.2698623162207319,0.20413367845694408,0,3,1.0,-1.5729065796059505,0.0536887254653386,,,-0.0366558159840944,0.9368496504267868,-0.6241948592046385,0.4365208195005561,0.4401060197554558,True
RPL12P4,3,-0.46474396247278194,0.36873463052701316,0.20904734469999267,4.253047105808799,52.97489187767505,-1.2603751424392866,0.2075340644682342,0,3,1.0,-1.971105066822919,0.0547571848236291,,,-0.0886616455697627,0.8110238785774391,-0.4263929987735311,0.3938240251452204,0.44384580943361834,True
EIF1AX,4,0.5251896054350786,0.41945437457118234,0.6374163067924686,78.01806046774432,96.15473650329936,1.2520780262978346,0.21054143371303646,3,1,0.75,-0.9334573816980656,0.0005084748173404,0.29117623099028,0.999899862550801,1.1522510920697306,9.22776373799734e-56,1.4359036262702989,7.6660833187661005e-25,0.44749458373638046,True
RPL21P28,3,-0.5680597394458939,0.45444489918283915,0.39118537273803283,5.346446688468424,62.591977129151324,-1.2500079557881527,0.21129664111330204,0,3,1.0,-1.7103511847177029,0.023786664782985,,,-0.128787209337314,0.4923023218987014,-0.3323510543119269,0.7056398356411485,0.44826708320498393,True
RPS7P4,2,-0.9178701783001751,0.7350115725932361,0.0,0.3771812921161661,0.0,-1.2487833015496412,0.21174434309552415,0,2,1.0,-1.459582312486657,0.2959769887278578,,,-0.5417124974508885,0.6844855451794095,,,0.44876424240077656,True
EIF2AK4,4,-0.4487756737415871,0.36051289112503776,0.4797279629228013,60.26950873640718,95.02235863059593,-1.2448255937287327,0.21319586612233843,2,2,0.5,-1.641752124053751,3.984983317046472e-15,0.0555363080539963,0.999899862550801,0.0268950189276123,0.8306463659436417,-0.2215190443661862,0.2103191745192845,0.45074234557987963,True
RPL4P2,2,-1.2937855085068102,1.0533756102673981,0.0,0.009618373228932298,0.0,-1.2282280849263107,0.21936135861639172,0,2,1.0,-1.377575331598195,0.4175660135805035,,,-1.1664126577614122,,,,0.4586229829759823,True
DHX32,4,0.2937489240767794,0.23938363300874466,0.1900019412971373,24.09625159340612,87.54993079163839,1.227105296985984,0.21978301723485794,2,2,0.5,-0.2862909493856261,0.2889294410304507,-0.0497134183814477,0.999899862550801,0.4148183264491819,7.0451506320388496e-06,0.934789674962109,3.6802664772021267e-09,0.45941726909696917,True
DDX47,4,0.5737163148530928,0.4743072384345686,0.652118550795554,15.535631386447902,80.68955213100016,1.2095879387095583,0.22643704859383007,2,2,0.5,3.9665488147587338,0.0002948961524527,-0.0551664612643736,0.999899862550801,0.24605929789771291,0.5742144195348932,-0.0795007389033337,0.9133720923821522,0.46826788415724185,True
EIF4BP7,3,-0.7948841979900255,0.6572668190243508,1.0176622292808764,10.006461017617687,80.01291369167643,-1.2093782539790376,0.22651755921272487,0,3,1.0,-2.4658371069664375,0.0011376428287352,,,-0.1763262109770906,0.6376925569965353,-0.0379098055474643,0.965135533216363,0.4682909036927354,True
RPS2P35,2,-0.8043772705040696,0.6657380060184664,0.0,0.39103025643161937,0.0,-1.2082489856854552,0.22695150458779434,1,1,0.5,0.1194595840336145,0.962143354161019,,,-0.9919724960494728,0.27342219766814,,,0.4688064818945669,True
RPL5P23,3,-0.5799748923452778,0.48228293507516456,0.0,0.5618991550081566,0.0,-1.2025615052186902,0.229146051714621,0,3,1.0,-1.3999045541910262,0.4104343360495405,,,-0.3770449018217739,0.6236160228152171,-0.9188731189079217,0.5883646348252722,0.47123071600756,True
RPL21,4,-0.16892708764094977,0.14174189547198462,0.04481739249267367,9.038615178384738,66.80907483289802,-1.1917936265663833,0.2333421754616002,0,4,1.0,-1.2182808739483844,0.0048577448742671,-0.136560926270215,0.999899862550801,-0.0549726433568482,0.5184858651204346,-0.0053595727328448,0.9757532657310868,0.47658017258113944,True
RPS10,4,1.0338572795521621,0.874310588323161,2.915532802656519,71.99508949627192,95.83304914128158,1.1824828537590921,0.23701416499099492,3,1,0.75,3.7915156325422195,1.0720508036726842e-19,-0.323387377048242,0.999899862550801,0.132606210145469,0.6787689342671926,0.5574711354768945,0.2925144555228489,0.4810886984493966,True
RPS6KA4,3,-0.10916585391482676,0.09249534557763434,0.004666651274849067,2.2798305278670634,12.27418110454306,-1.1802307806202024,0.23790843989986543,1,2,0.6666666666666666,-0.4217464401377406,0.3901940347402375,,,-0.1534624057341442,0.1291354734246716,0.1064273033813231,0.6596578953002374,0.4822367704693441,True
RPL41P5,3,-0.2756180836108307,0.23390957137968194,0.05749409960575077,2.7645010238040904,27.654213806443057,-1.1783104128024222,0.2386728780774937,0,3,1.0,-1.193148050037803,0.4567315841906684,,,-0.0783733189873099,0.7026105986527429,-0.6649577289751338,0.1363416942574045,0.4830894197854469,True
RPS7P10,3,-0.3275319191388809,0.278337353827875,0.0,0.489741107282912,0.0,-1.1767443881838011,0.239297545194171,1,2,0.6666666666666666,-0.1919601136072988,0.8237760566364849,,,-0.4315844201992007,0.2943593178690574,0.2562450887859751,0.8576456507245761,0.4839826936389,True
RPL35,4,-0.221114234442368,0.18804723466285816,0.09562102163294868,11.902897189321402,74.79605215198004,-1.1758441161806725,0.23965717368181072,1,3,0.75,-1.1572433680542404,0.0041371546064769,-0.297127674263561,0.999899862550801,0.0636842823496821,0.5476477707141483,-0.0054463711949478,0.9819558270533668,0.48435397020780274,True
RPL14P3,2,-1.1896390765070137,1.0130307744324276,0.0,0.09623495559170454,0.0,-1.1743365616642147,0.24026024419219827,0,2,1.0,-0.6286545349830194,0.8319297855251342,,,-1.3656855110855612,0.3528333944321252,,,0.4850828102399864,True
RPL22P16,2,-0.9170006930862871,0.7834515397467008,0.0,0.08436673327505509,0.0,-1.1704625577515162,0.24181487344213493,0,2,1.0,-0.5113180750298881,0.8228911302051507,,,-1.044647251501836,0.3587002393224739,,,0.4867035710642842,True
DDX39B-AS1,2,1.8057515559689863,1.5514269853044325,3.4978212369446138,3.610645789241726,72.30412346235684,1.1639294488710008,0.2444526041275179,2,0,1.0,3.2519224320499505,0.0032597358445673,,,0.1414076457573359,0.9446417120481824,,,0.48994800142093237,True
RPS28P4,3,-0.40716612494058624,0.3500098351339759,0.0,0.3242147536343804,0.0,-1.1632990963946261,0.24470817217752538,0,3,1.0,-0.9232782555762474,0.5303288304200497,,,-0.39508284716521014,0.4371244807138943,-0.0406286453940097,0.9793436249615632,0.49015127060931524,True
RPL21P93,2,1.218358127498187,1.055962461789645,0.5258098790736219,1.2062876520294556,17.10103321396002,1.1537892411755941,0.24858658612551088,1,1,0.5,-0.6713971498295879,0.8173601561403049,,,1.8084116302382895,0.1156449424962915,,,0.4947230467525426,True
RPS27AP11,2,-1.0324274352247815,0.8986119888191606,0.0,0.0942135226403812,0.0,-1.1489134888812955,0.2505916549695153,0,2,1.0,-0.6547847091235574,0.7571732685878895,,,-1.2338817321802529,0.3848334589414872,,,0.49696086990665544,True
RPL15P20,2,-0.5610058989960328,0.49626444087547844,0.0,0.026910983421694498,0.0,-1.1304575802496377,0.25828346323145435,0,2,1.0,-0.1769400067504386,0.9621297279842144,,,-0.5782622967815328,0.3695863869764587,,,0.5066905020287974,True
RPL23AP18,2,-1.0765308446829147,0.9551833250406045,0.0,0.7017360489006564,0.0,-1.1270410783575517,0.2597251134542503,0,2,1.0,-0.2452774079999134,0.9049627343418086,,,-1.8467490823309614,0.2597645339597478,,,0.5081973327741345,True
RPL5P1,2,-0.39107111180034143,0.34704529111200294,0.0,0.7150616999588306,0.0,-1.1268590060601915,0.25980209796906695,0,2,1.0,-0.942059885752865,0.2940514983861949,,,-0.2347660369775268,0.6666678551017062,,,0.5081973327741345,True
RPL26P6,3,0.5622201973015452,0.4989518371947944,0.0,0.8939377487432819,0.0,1.126802539624782,0.25982597653539374,3,0,1.0,0.1486385025876473,0.9377307230421392,,,0.4379717957906324,0.5836713849201498,1.754830581861038,0.3011088567910045,0.5081973327741345,True
RPL7AP50,3,-0.505963153069632,0.4557452076475283,0.0,0.16051384884195175,0.0,-1.1101886417661293,0.26691774617968456,0,3,1.0,-0.8051157981306734,0.5507703819937512,,,-0.5269239619606858,0.5342492969273531,-0.2740690156258996,0.8150694334323767,0.5171588843236248,True
RPL3P6,2,1.5039090399067165,1.3590990833062027,0.14276966940496816,1.0362215152409964,3.495537846709567,1.1065484911138657,0.2684891877610235,1,1,0.5,-0.3667468248263854,0.914079479895847,,,2.491343636011492,,,,0.5189863458134872,True
RPL21P16,3,-0.4585477289148572,0.41860342834855135,0.32528439521420893,6.868570692121996,70.88186043868009,-1.0954227745431795,0.2733314610418828,0,3,1.0,-3.150015600908279,0.0143674004288418,,,-0.1101981234548669,0.5939221007364782,-0.1742433912675208,0.7125917149653835,0.5238376981949493,True
RPL9P3,2,-0.7292767123137065,0.6783382716671048,0.0,0.11686142899256821,0.0,-1.0750929776104388,0.28233310316630655,0,2,1.0,-1.190992435444545,0.5438884844252098,,,-0.6128133914480258,0.5452200444349918,,,0.5331962645947521,True
RPS26P13,2,1.005840562935395,0.9382709765215611,0.0,0.7725015035409932,0.0,1.0720150021738215,0.28371329386631405,2,0,1.0,0.44623111051838676,0.7783823006639422,,,,,2.2211051895724356,,0.5347474423827786,True
RPL15P18,3,-0.8105051566409649,0.7731548934573267,0.5986787172715645,2.8732131274953105,30.391519485243467,-1.048308900971471,0.29449631001067644,0,3,1.0,-3.073160173770745,0.0845072421911,,,-0.3330776317803641,0.7332470888851551,-0.0374943276917051,0.9850551761265236,0.5474760779647756,True
RPL7P8,2,-0.9310687551180968,0.9003245406092479,0.0,0.07886775874388748,0.0,-1.0341479245784462,0.30106701470985964,0,2,1.0,-1.3800481788719623,0.5643106115781378,,,-0.7886814608902891,0.5704572412433406,,,0.5547591544226552,True
RPL6P27,2,-1.0719183296733468,1.0410819997853695,2.034970931322231,15.542551586866093,93.5660499859944,-1.0296195015323812,0.3031886570330258,0,2,1.0,-2.1747263231696237,0.0001046740864114,,,-0.089107417285124,0.5880453343808957,,,0.5571504761731906,True
RPL10AP6,3,-0.4757288679822635,0.46465332642091933,0.4738180614974401,7.805430295241785,74.37681300902518,-1.0238361396154325,0.3059126774247326,0,3,1.0,-1.6354174341328669,0.0067057326174419,,,-0.022929495227597102,0.9454856878038492,-0.0223696918387497,0.975011284522932,0.5588340070917115,True
RPSAP58,2,-0.9430566835759786,0.9271313050017976,1.6075820943549703,15.397502724376334,93.50544034379767,-1.0171770476180286,0.3090692127455533,0,2,1.0,-1.8770759713066856,7.403141612214173e-07,,,,,-0.0227625654504808,0.9607687601081496,0.562220373858739,True
EIF3J,4,0.34788760028960786,0.3429362377776259,0.43058764118651616,56.99784806900278,94.73664339683819,1.0144381432072298,0.31037373138260393,3,1,0.75,-1.4478004696111413,3.785477052742728e-05,0.551461053414075,0.258796523508518,0.8328319417084794,2.791866802139318e-20,1.1623755839897931,1.1658847163175182e-16,0.563801209475052,True
DDX25,3,-0.8009669783512221,0.7903818757754859,1.0735378166579481,4.75028047823843,57.897222928999135,-1.0133923903117725,0.310872772725419,1,2,0.6666666666666666,0.1739407122294437,0.8004643907513583,,,-0.9293319126950568,0.4426155923953259,-2.9044755426917424,0.0795850367671152,0.5641489821004079,True
RPL7P44,2,-0.8986989720051819,0.8921154071503588,0.0,0.35417286189287434,0.0,-1.0073797232981916,0.3137523315591615,0,2,1.0,-1.5179326571839231,0.3708484238958595,,,-0.4434984123312613,0.7956523206233381,,,0.5673163872235939,True
RPS24P19,3,-0.5803454484502282,0.5797102762938264,0.15053282720331673,2.320798361645485,13.822758881044436,-1.0010956717215063,0.31678055738729305,1,2,0.6666666666666666,-2.204379929344338,0.2467039390456966,,,-0.9831170858403112,0.3556363053866216,0.17582705097271842,0.8688383486753609,0.5699485523775782,True
RPL24P4,3,-0.2147381690507318,0.21452704341362427,0.022893429363147744,2.353648373470558,15.02553981540956,-1.0009841446269339,0.3168344738445368,1,2,0.6666666666666666,-0.7104745243914586,0.1389421828828572,,,0.0196118329354957,0.9602510297869792,-0.2553570882015696,0.6624134833231049,0.5699485523775782,True
RPS24P8,3,-0.6174872552206644,0.6203054467686099,0.8580295378207851,7.922661689188185,74.75595855961717,-0.9954567680122326,0.31951416062448845,1,2,0.6666666666666666,-1.8968047328373523,0.0037606769874712,,,0.0982536096410202,0.8747553008285098,-0.1625521033089632,0.8553012997273528,0.572374016049517,True
RPL7P48,2,-1.0385879562892781,1.0438577976352987,0.0,0.012607425489256332,0.0,-0.9949515716049077,0.3197598186077263,0,2,1.0,-0.8520446493110978,0.7544985588968027,,,-1.1122306079994695,0.492615587420056,,,0.5726276523789624,True
EIF3K,4,-0.43052244371806997,0.4331560715214401,0.70099029502695,92.95098926862597,96.77249266134213,-0.9939199102205364,0.32026186031664783,2,2,0.5,-2.269866339717014,2.7767078632752456e-17,-0.0972935987823902,0.999899862550801,0.1019350487867372,0.2548062320353323,0.4593538492453522,0.0010866138214175,0.5730790279065817,True
RPL32P11,2,-1.101939255299688,1.1160152575544258,0.0,0.3901489408519744,0.0,-0.987387267190609,0.32345282398370767,0,2,1.0,,,,,-1.7752990002024445,,-0.3802943552071343,,0.5774556459326267,True
RPS4XP6,2,-0.5016609458832753,0.5084406941437213,0.0,0.8610294225930432,0.0,-0.9866656065524732,0.32380659613000273,0,2,1.0,-1.417788496282331,0.2937813806725962,,,-0.2586965400307749,0.7531953992002457,,,0.5778060138012997,True
RPL37,4,-0.22238275848922318,0.22643990913655496,0.16529593887016325,25.406648235521534,88.19206700470768,-0.9820828816669189,0.3260590180999732,1,3,0.75,0.5651841399334386,0.0129436173022094,-0.43754778971120806,0.999899862550801,-0.3594222529097204,1.2659566210149505e-05,-0.6394776140062781,2.916806199474199e-06,0.5796392305714857,True
RPL9P32,2,-0.3753182918668096,0.3832459075257151,0.0,0.03264676882502744,0.0,-0.9793145458223228,0.3274245854906742,0,2,1.0,-0.2938475229889873,0.7167800855984415,,,-0.4341746574857319,0.5142950278054227,,,0.5809179929112656,True
RPSAP17,2,-0.9062637703953685,0.9300700030032306,0.803663037581164,1.5279904768763568,34.55456593916201,-0.9744038270979702,0.32985606999292794,0,2,1.0,-2.530402578885729,0.1955057687752381,,,-0.37365522366008275,0.6439698765776977,,,0.583294427130615,True
EIF3J-DT,3,-0.39640424818717923,0.4068349269783877,0.4387564964023321,19.190965348676613,89.57842941372452,-0.9743613979540096,0.32987712910603684,1,2,0.6666666666666666,0.6524200568884116,0.0775083667435324,,,-0.6912888361165614,4.276032209476377e-05,-1.033725854639448,2.386452012509534e-05,0.583294427130615,True
RPL7L1,4,0.309930653835003,0.31817797587580904,0.3804794371184429,75.50826910605937,96.02692521558642,0.9740795320037327,0.3300170514376243,3,1,0.75,-0.9356132677696006,0.0005672228403504,0.100145790193687,0.999899862550801,0.7704562757408516,4.420601025288667e-27,1.1577506841374112,2.206858436662795e-20,0.5834205895673309,True
RPL24P2,3,-0.493171851291928,0.5150614207371516,0.0,0.2582176514078359,0.0,-0.9575010502361148,0.3383144165606986,1,2,0.6666666666666666,-0.5858358784027644,0.7292832850184466,,,-0.5838331004658042,0.4618679949032571,0.2591423561098495,,0.5915196063504632,True
RPS3AP5,3,-0.6995490874364464,0.7318679121432767,1.070333090069425,6.140259064330465,67.42808440089685,-0.9558406316623657,0.3391527568498932,1,2,0.6666666666666666,-2.082580911156442,0.0311412037445773,,,0.1791555472514605,0.7246924101946931,-0.6251909305857545,0.6394904069259902,0.5925548166634357,True
DDX19A-DT,3,1.0077429565996427,1.0668005803194944,2.602380008831017,9.064810765108781,77.93666021470445,0.9446404278275096,0.3448424799668083,2,1,0.6666666666666666,2.5439690555570684,1.443675387928735e-09,,,-0.3312480635789622,0.8285674638284993,0.21708738663106772,0.902074851150717,0.5980331054754932,True
RPLP1P6,2,0.9961610470540824,1.0568260338754094,1.1975702521981024,1.9598343435296712,48.97527929840258,0.9425969981086982,0.3458870758765934,2,0,1.0,2.4270719490373245,0.1398663485826519,,,0.2156223955357863,0.841135598601981,,,0.5993251970530581,True
RPL13AP7,2,-0.7707236052441508,0.8240596784137114,0.9615897288801909,3.1824423550123866,68.5775926647976,-0.9352764434825511,0.3496458519568847,0,2,1.0,-1.756435892178868,0.0648761521063733,,,-0.0818061974079999,0.901703095176692,,,0.6028708573923046,True
DDX1,4,0.31012077004134214,0.33369669728564955,0.4141186767169585,65.13271165064722,95.39401949654558,0.9293492340916816,0.35270812771607307,3,1,0.75,-0.876766756333737,0.0012278542463863,0.137425672842181,0.999899862550801,0.6145676408645628,1.3888622045686812e-16,1.2332421294608582,3.3624443325477072e-21,0.6051424241240947,True
RPS2P7,3,-0.47026543690836065,0.5060165044291627,0.41711802636119577,4.463357430275623,55.190682546871564,-0.9293480208493736,0.35270875626624953,1,2,0.6666666666666666,-2.004867797861725,0.0539993911563461,,,-0.3309148956741489,0.5405422352230328,0.2458329200494963,0.7432330758226282,0.6051424241240947,True
RPL34P18,3,-0.37093496481652555,0.4013775703532616,0.0,1.9119230747104705,0.0,-0.9241546917782605,0.3554057814494581,1,2,0.6666666666666666,-1.0652971941087914,0.3166114139693562,,,-0.3396395913067609,0.5990851609024994,1.260349889538199,,0.6074321383707874,True
DDX23,4,0.1668079279099458,0.1808798649157794,0.08463938710897168,13.794192830220243,78.25171768349057,0.9222028554013698,0.3564227739684305,2,2,0.5,-0.6330342831488488,0.1924176552864954,-0.378973103143276,0.999899862550801,0.3666698123026842,3.284884108723839e-06,0.5484906643028905,1.4138001683498377e-05,0.6084788110666449,True
RPS12P26,2,-1.0283026118191618,1.119748794016546,0.0,0.3514564289246422,0.0,-0.918333305928943,0.3584443955783724,0,2,1.0,,,,,-1.6683503229851615,,-0.3398083106785122,,0.6102732809069698,True
RPL36AP54,2,1.721923037806479,1.880034461056252,4.478524031379109,2.31787713148678,56.85707467338618,0.9158997207099374,0.3597194933093657,2,0,1.0,0.3728936038966739,0.7753024062647045,,,4.3419767489513665,,,,0.6117343786312649,True
EIF2AK1,4,-0.23618569898392058,0.2585978161786089,0.21701749702383918,32.18404397200412,90.67861079667426,-0.9133321482529123,0.3610678793232114,2,2,0.5,-1.631465085265922,4.963557406469245e-06,-0.089055929390217,0.999899862550801,0.0532742232406653,0.5715965929725889,0.3456111962416834,0.0089021002174103,0.6129610415736593,True
RPS7P11,3,-0.4447728833478373,0.4888669904558772,0.40679924219897523,4.561555206152448,56.15530428520348,-0.9098034680825527,0.3629261652847845,0,3,1.0,-1.6953075248621403,0.0416433575395527,,,-0.0188430782317871,0.9695318734641512,-0.0225523269936014,0.9821003606249386,0.6143340297715993,True
RPS15AP36,2,-0.5271828431053446,0.5826118113552845,0.0,0.18325807521561488,0.0,-0.9048612349258766,0.3655389060043055,0,2,1.0,,,,,-0.42558370486625613,0.6207529687559319,-1.139436892614346,,0.6172838560418173,True
RPL23AP64,3,0.8308347729328274,0.9182214602587216,2.0232646672005155,11.403161703175417,82.46100465765505,0.9048304890398969,0.36555519666249636,1,2,0.6666666666666666,3.550163097085665,0.0019178872508857,,,-0.2232411642158804,0.7675410082337558,-0.1434740360657966,0.857297576012032,0.6172838560418173,True
RPL37A-DT,3,-0.8084799560187188,0.9032671866971308,1.6323116497073686,6.1580620807142035,67.52225012047876,-0.8950618022281878,0.37075405164533615,1,2,0.6666666666666666,0.4993845756177059,0.7637710141168715,,,-0.1827125210031895,0.8358200675224905,-2.6813522199328377,0.0115270820927481,0.6222661327349194,True
RPS27AP5,3,-0.30303963027883923,0.3387589908108169,0.0,1.8844337272857745,0.0,-0.8945581918092161,0.37102330941459494,1,2,0.6666666666666666,-0.844014643634973,0.5812635106905671,,,-0.36177881939311485,0.444404135081441,1.6513171869624652,,0.6224446998175028,True
RPL32P18,3,-0.2920315146170267,0.32775435589468616,0.13611392782363343,3.347979214443449,40.262472617158416,-0.8910072722599058,0.37292526884769395,1,2,0.6666666666666666,-1.1518805894461306,0.1187584790978342,,,-0.2908924825881552,0.3892200392405208,0.3217074977241151,0.624399821182548,0.6238285507386863,True
RPS13P2,3,-0.5287208751143887,0.5943112893460849,0.4790101669026496,3.4954588802568938,42.78290580683321,-0.8896362640126444,0.3736612274724328,1,2,0.6666666666666666,-1.659675618962826,0.0827008634040083,,,0.0392679340208179,0.9465432252555384,-0.3893283241936353,,0.6243952589355989,True
RPS6KB1,4,0.23532278925435038,0.26464328770817097,0.2481442648252741,35.035066868589816,91.43715063752424,0.88920747354774,0.3738915870314312,3,1,0.75,-0.7122745665439228,0.002996084093487,0.257861476495645,0.999899862550801,0.5384850957270653,1.6315574863728366e-10,0.7576588860522416,6.523850415757856e-07,0.6246390945928917,True
RPSAP12,3,-0.5994716811897173,0.6773730600600167,0.8636410850740586,5.40255596912442,62.9804853215776,-0.884994866988957,0.3761593998203432,1,2,0.6666666666666666,-2.0966418638300715,0.0237135877884471,,,0.1076321492293209,0.888125892855385,-0.0650627101326791,0.9577239452519232,0.6262399569323701,True
RPS27AP16,2,-0.8113929153778023,0.918095144672176,1.4278520647853703,5.675717676355891,82.38108276305152,-0.8837786803322287,0.3768156973271174,0,2,1.0,-1.8963118737323543,0.0291396241793926,,,-0.0344697284616013,0.8650630887493064,,,0.6266857989726808,True
EIF4A1P7,2,-0.6995106113399094,0.7940685561683298,0.0,0.23482375067403527,0.0,-0.8809196711116519,0.3783612996330711,0,2,1.0,-1.2818819517698263,0.4855534689269787,,,-0.4452623310632436,0.7437473650771735,,,0.6279475992639448,True
RPL39P3,3,-0.2234005780528245,0.2544606040637604,0.08718765643464867,3.411260938332643,41.37065336967273,-0.8779377808788303,0.3799774847839418,1,2,0.6666666666666666,-1.4226306982549817,0.1303501605670834,,,-0.2408023656137163,0.1368690591998905,0.1667683541309186,0.7328320578140062,0.6291653837879609,True
RPL3P4,2,-0.9248346412047332,1.0647632458588099,2.026372811817137,8.674006337622119,88.47130194426236,-0.8685824241226378,0.38507557128054914,1,1,0.5,-2.10219173051348,0.0070861396791126,,,0.038102415043360406,0.8916849453251434,,,0.6341859980082128,True
EIF2A,4,0.18283141611532813,0.21098492318031103,0.12901285773503557,15.81221122813816,81.02732150035135,0.8665615218347973,0.3861823039460154,3,1,0.75,-0.9080977062303786,0.0284575038918364,0.423220498624259,0.955808511426917,0.2191142548452015,0.015960025247054,0.5979152256485707,0.0002289959060772,0.6352699590967787,True
RPL23AP2,2,-0.6453388653996188,0.754854400069163,0.0,0.6077681741193994,0.0,-0.8549183330460683,0.39259636056111025,0,2,1.0,-0.1125785547735427,0.9424721102457266,,,-1.2953674767905672,0.364035448033129,,,0.641283456997883,True
RPS29,4,-0.1056007279480391,0.12402211168069943,0.02955463178083508,6.732577149790526,55.4405403272157,-0.8514669401849323,0.39451002039532557,1,3,0.75,-0.1623182409699894,0.7740575280651166,-0.568840387557342,0.680569674538557,-0.1394362012247998,0.1680852936113765,0.1257139008095306,0.3766087953618002,0.6429301028419638,True
RPSAP15,3,-0.5124274463659386,0.6027597659687471,0.7822230379736262,7.491216592426149,73.3020668228701,-0.8501354524590279,0.39524978310789827,1,2,0.6666666666666666,-1.734288007835454,0.0050445912150737,,,-0.1921057235781918,0.68789005884717,0.5351393281270951,0.5946204793467231,0.6434763360506683,True
EIF1P7,2,-0.6694194008005903,0.790297534977932,0.0,0.2982902384115769,0.0,-0.8470473096177416,0.39696875222073,1,1,0.5,0.1497518566644743,0.9542328684519196,,,-0.8968482690784597,0.4393909821779052,,,0.6444556515177433,True
RPS2P17,3,-0.40919742637677314,0.4851727771315945,0.0,0.30999810212095963,0.0,-0.8434055776913172,0.3990016535348385,1,2,0.6666666666666666,-0.6640147244126946,0.548685050462516,,,-0.468358386766418,0.6412632620737836,0.0540379191231433,0.970671789133395,0.6459666931183535,True
RPS7P1,3,-0.20423421321056676,0.2423613960493248,0.07548371386635093,3.2539180557778473,38.53563716982107,-0.8426845881387872,0.39940486888307947,1,2,0.6666666666666666,-0.9572094754878157,0.0979993162580056,,,-0.126413508772188,0.550870274208721,0.1796326222507948,0.7515113026501593,0.6463129004667081,True
RPS20P10,2,0.5301430360027715,0.6311869599580232,0.0,0.13270335930053243,0.0,0.8399144304851107,0.4009563660129559,2,0,1.0,1.0120258844905636,0.6009330288107628,,,0.4204304418783625,0.6644325427274527,,,0.6478232755527196,True
RPL21P120,2,-0.7323965759832893,0.8818551160048416,0.0,0.044253356604919046,0.0,-0.8305180326007978,0.4062459567111768,0,2,1.0,-1.120427277858062,0.6854463265774928,,,-0.6437065860461154,0.631198394663179,,,0.6522704792331656,True
RPL23AP65,3,-0.2810776465075698,0.3391682284462378,0.04004031708148648,2.162935464654136,7.533071019305251,-0.8287263456108889,0.40725927435728704,0,3,1.0,-1.2517223084502354,0.1709685683426268,,,-0.0199255788616265,0.9705955112395204,-0.4608102179667574,0.7640474680515468,0.6529731026755279,True
RPL30P4,2,-0.7293983974028189,0.8833177798729238,0.0,0.2698961897519202,0.0,-0.8257485743214088,0.40894673151329575,1,1,0.5,0.0982958769477293,0.9722585626450506,,,-0.9838239620265506,0.454534650717349,,,0.6541059006324068,True
EIF1B,4,0.198397129968931,0.2435878915362901,0.1704029450733605,18.003400457332933,83.33648131024006,0.8144786209103234,0.4153708148693277,2,2,0.5,-0.5626020796847063,0.3404764050815707,-0.473672413746097,0.971302250255285,0.4088342954612626,6.901785587094099e-05,0.7900565502864996,1.515551330315273e-07,0.6586522867497477,True
DDX17,4,0.24458868165312841,0.3006781446560179,0.3175955816469446,50.96944635623378,94.11412088129718,0.813456800902317,0.4159562044370423,1,3,0.75,2.354269482597309,2.074318546208028e-08,-0.0229973975330894,0.999899862550801,-0.1737334472476655,0.016761861911133,-0.560152395746001,5.902276131416473e-05,0.6589603951739562,True
RPSAP8,2,-0.4365918757602438,0.5440656963385915,0.0,0.39053794217076104,0.0,-0.802461685598603,0.42228594303730127,1,1,0.5,0.0020358659239251,0.9989036613330696,,,-0.7001460057775499,0.4323147097017338,,,0.6646707659520821,True
RPL37P2,2,-0.29773958174191534,0.3711677880961272,0.0,0.9884473131534074,0.0,-0.8021697768255821,0.4224547565637782,1,1,0.5,0.4694999200691772,0.6852773083642035,,,-0.47522518383612994,0.3629417284135217,,,0.6647958993662391,True
DDX41,4,0.24121836400888427,0.3010764599936944,0.3015180610962653,41.41717580880781,92.75662827941538,0.8011863963523957,0.4230237454228236,2,2,0.5,-0.4695223818521469,0.0882025676774643,-0.283213882456554,0.999899862550801,0.3555883900216523,1.5252993712338605e-06,1.0586494609376806,1.862937684783413e-15,0.6652729678102639,True
EIF1AXP1,2,0.6566217049217441,0.8454884877743266,1.0529898300113927,3.427961580062716,70.82814446299295,0.7766181496453517,0.43738409025206115,1,1,0.5,-0.3743423933650471,0.7510278096266343,,,1.3500025744853144,0.001074165661355,,,0.6764853438058759,True
RPL36AP26,3,-0.3822644737931197,0.4925048884961005,0.0,0.2111480664569364,0.0,-0.7761638162829044,0.43765226756356534,1,2,0.6666666666666666,-0.6067171436968347,0.6482668406318276,,,-0.40047141853287194,0.6355913498144309,0.1993626944911294,,0.6767574479594259,True
RPS2P48,2,-0.7638452393736666,0.9864253909082219,0.0,0.8474069884908916,0.0,-0.7743568306472512,0.43871980482496664,0,2,1.0,-0.1031962891301722,0.955934606538755,,,-2.011946371846684,,,,0.6775391447664945,True
RPL23AP3,2,-0.6077827541620081,0.7905849948990354,0.0,0.039873594660458686,0.0,-0.7687759799180444,0.4420263106456256,0,2,1.0,-0.2934158502597283,0.9113887344805448,,,-0.6870594801974709,0.5623864229395353,,,0.680489165396339,True
RPL13AP3,2,-0.9053378878062973,1.203366328537208,0.0,0.009102904600389478,0.0,-0.7523377265398566,0.4518479856580624,0,2,1.0,-0.7283993400409176,0.817176289084704,,,-0.979837368155538,,,,0.688597307599245,True
RPL10P6,2,-0.6410628414746529,0.8575644516982163,0.9082303973521616,1.970859872091921,49.26072552593126,-0.7475389636372753,0.4547382923631841,0,2,1.0,-2.0329898864924294,0.1987869204969947,,,-0.1127184922152636,0.8140068283788329,,,0.6908283560309666,True
RPL12P17,2,-0.49774020435982813,0.6685694751071727,0.0,0.3086801516458005,0.0,-0.7444853869226375,0.4565828785975127,0,2,1.0,-1.0613413926681994,0.4946541549842937,,,-0.2529297877020783,0.830126466055096,,,0.6920752462157477,True
EIF2AK3,4,0.24285854412616548,0.3266300094681034,0.3895461461554867,39.70248833292155,92.44379854772885,0.7435279585046257,0.4571621010614755,3,1,0.75,1.2205972425997305,1.2076561028989096e-06,0.170897842296224,0.999899862550801,-0.3581819570001621,0.0015226281966455,0.0126653304893721,0.9662163213179488,0.6926193076520971,True
EIF2S3,4,-0.14857991070987925,0.20129799754699604,0.12182762265157587,23.126450660759737,87.02784078712818,-0.7381092336757649,0.4604480731172037,1,3,0.75,-0.6773798064394962,0.0008819421802532,-0.105098562681463,0.999899862550801,0.2111764196554217,0.0031869704078959,-0.0944212259063264,0.5217535856910861,0.6953957072144745,True
DDX10,4,0.3603247811574711,0.48938762635547145,0.8784576666587166,77.9071009270311,96.14925986937976,0.7362768524428235,0.4615622301931397,3,1,0.75,-1.143599329836826,5.672854561114797e-07,0.779206172454617,0.942366865147255,0.7773743260585211,4.846889791791962e-15,1.083990006634934,1.0558714186888417e-08,0.6960244204392613,True
EIF3G,4,-0.04429478325514226,0.06040966632774478,0.0,2.715128018812619,0.0,-0.7332399920043703,0.4634120675726906,1,3,0.75,-0.5378773532102249,0.1518136754529076,-0.046002957772423,0.999899862550801,-0.040608257296041,0.6764160871280764,0.0336441175597204,0.8644740757831434,0.6973836714671691,True
RPS20P33,3,-0.4273284911515227,0.5843481069089107,0.0,1.5440328406386603,0.0,-0.7312909652638534,0.4646014477938588,1,2,0.6666666666666666,0.6395879484568026,0.660427312361003,,,-1.1145639849388136,0.3263937333441332,-0.49612944662398295,0.7343012171933115,0.6980757280512725,True
EIF3LP3,2,0.658021617755633,0.9031474849425966,0.0,0.1269208985111117,0.0,0.7285871119903039,0.4662542644534561,2,0,1.0,1.0054220676344925,0.5619766894250436,,,0.3600189752633417,0.8430892962141309,,,0.6992701946409619,True
RPSAP61,2,-0.6758172372553577,0.9300210597934393,0.0,0.5679845220301425,0.0,-0.7266687459802887,0.46742890379948765,0,2,1.0,-1.8384975115468096,0.4149181500071907,,,-0.2532831383609326,0.8762138716198381,,,0.6998014304944676,True
RPL7AP31,2,-0.6040199845227284,0.8358289856308667,0.0,0.0219419330652998,0.0,-0.7226597724016791,0.46988893597221715,0,2,1.0,-0.7706049450808653,0.6842431697661778,,,-0.5120017383807406,0.7288467189751684,,,0.701518490829774,True
RPL19P5,2,-0.6238216052256687,0.8668249238644327,0.0,0.15989331546773355,0.0,-0.7196627462493584,0.47173266875189457,0,2,1.0,-1.2878304598408037,0.6026265466851864,,,-0.4428880081191835,0.752786705909107,,,0.7031740133125939,True
RPL24P8,3,-0.2520022944233196,0.35027520229937903,0.0,0.3348720326464267,0.0,-0.7194408646945384,0.47186932586283414,0,3,1.0,-0.6017704996610856,0.5014362777322677,,,-0.1318591993971964,0.8350225534803934,-0.1571171438547159,0.9298305584325592,0.7032677864739624,True
RPL5P29,2,-1.674005744463211,2.3359855620091876,7.9909093137417715,3.7201563880908686,73.11940962478769,-0.7166164772968007,0.47361077462874956,1,1,0.5,0.5772113562775717,0.7974040918402621,,,-4.097951682027279,0.0526351201257393,,,0.7044543720162126,True
RPS4XP3,2,-0.7344593109544651,1.03239073060319,1.5212407969257877,2.9521076241556474,66.12589623029015,-0.7114160261060714,0.4768264708246749,1,1,0.5,-2.0975305973369673,0.1297484906520832,,,0.04747383611081431,0.9385855488372268,,,0.706603406704839,True
RPL31P49,3,-0.3905880922619851,0.5525309521158897,0.0,0.31375120420318775,0.0,-0.7069071710213655,0.47962416732361934,1,2,0.6666666666666666,0.4107611606087704,0.8547737993148394,,,-0.4708337223131766,0.6235377109972027,-0.5949228330294776,0.6861862045625418,0.7085547253742474,True
EIF4A1P2,3,0.45334263086415766,0.6452410091927433,0.8623835486072278,6.5380742534093965,69.40995280136099,0.7025942623072449,0.48230863922297906,2,1,0.6666666666666666,-0.8385382249565729,0.2648405577199997,,,0.9105422045257093,0.1333054701416778,1.3352254128540624,0.1258959690010241,0.7102858117159743,True
EIF2S2P4,3,0.42213361339488337,0.6043055293733286,0.8236181264030549,8.375004946870899,76.11941709064605,0.6985433574182922,0.4848374528131114,2,1,0.6666666666666666,-1.065785076505264,0.1691796674783022,,,0.9575559597791716,0.0117823790245124,1.1261419934976256,0.0873907092341031,0.7121454550830065,True
RPS6P25,3,0.2788729656287871,0.40036525603436734,0.0,1.3474902648997555,0.0,0.6965463696601302,0.48608672866882463,2,1,0.6666666666666666,1.3916645826826182,0.3466385579304626,,,-0.0194867063305997,0.980662215418252,0.5734262461046634,0.5911511661224489,0.7131713093308554,True
RPL7L1P8,2,0.7407816707735748,1.0709237410122605,0.0,0.005680505502204612,0.0,0.6917221482767502,0.48911183520848134,2,0,1.0,0.8219477492959731,0.689690260437543,,,0.6605160601728477,,,,0.7155687375904102,True
EIF4EP2,3,0.4564988682922525,0.6715632755971036,0.698574666278758,4.103132893292821,51.256757896647784,0.6797555567438794,0.4966592517724725,2,1,0.6666666666666666,-1.3745185593762763,0.3270433863120487,,,1.16859412667774,0.0497919932204559,0.70979275838906,0.5280601506500486,0.7212935189250631,True
RPL32P3,2,0.6236787363429676,0.924816279690939,1.6870396742538454,72.38654379615153,98.61852777110603,0.6743812258056189,0.5000689755419978,1,1,0.5,1.5556581007814874,1.3374316039284028e-14,,,-0.2940295132347088,0.0101657155899622,,,0.7238618899388981,True
RPS15AP11,2,-0.5984328177176053,0.9016480268033822,0.0,0.037511844561483876,0.0,-0.6637100064858262,0.5068759336657023,0,2,1.0,-0.1544620824467963,0.9682462067788132,,,-0.6671219688248058,0.6140208278622147,,,0.7295685320808607,True
RPS6KB2,4,0.16203361340020647,0.2501668536514159,0.20582499441275892,26.580101978995835,88.71336158766184,0.6477021677139736,0.5171776019353498,2,2,0.5,-0.6083917775766209,0.0209520776853342,-0.162212245847379,0.999899862550801,0.533239681114441,1.5819642449940245e-11,0.6558294417950921,2.7233910638079356e-05,0.7369738971184923,True
RPL36AP16,2,-0.6431688383848925,0.9999074579285825,0.0,0.026428810710414148,0.0,-0.643228364070098,0.5200759311264065,0,2,1.0,-0.5046461585180333,0.7841466592414421,,,-0.8339240230836885,,,,0.738956031876723,True
RPS3AP25,2,-0.34382254886122915,0.5420267606179865,0.0,0.4562923909934395,0.0,-0.6343276270515191,0.5258670303018622,0,2,1.0,-1.1245314658460366,0.4904082471019972,,,-0.17211256615136,0.8456848744113846,,,0.7426939738497988,True
RPL7AP10,3,-0.34189871835903773,0.5396588883202197,0.24966730107654345,2.7572218157530624,27.463217193000744,-0.6335459783183703,0.5263771656844327,1,2,0.6666666666666666,0.8631406212581225,0.548972372570158,,,-0.1747342256015787,0.8423274642056336,-1.335831162319292,0.1679830719785809,0.7428685501473985,True
RPS3AP20,2,-0.3790506774527216,0.5990994587202295,0.1240474021986637,1.1085733914587435,9.793974155908117,-0.6327007509945566,0.5269290793579686,0,2,1.0,-1.6986401058842038,0.3234491970337883,,,-0.1070568635393295,0.8986543752144232,,,0.7431709136552087,True
RPL7P59,2,-0.5665225909493382,0.8993483711410754,0.0,0.0023749730509293374,0.0,-0.6299256318555907,0.5287432419161062,0,2,1.0,-0.6626896714346121,0.8306421534773099,,,-0.5465475278793316,0.692039695802653,,,0.7441083196707963,True
EIF6,4,0.25122434713117264,0.4066775063364742,0.606912018306155,64.99467112170652,95.3842369717014,0.617748321991815,0.5367412535037628,3,1,0.75,-1.6275222759930423,3.5049627656386015e-05,0.0824396427322026,0.999899862550801,0.9399679173902317,6.338118532983946e-33,1.3033537392843568,1.8482826965854763e-16,0.7493744131162342,True
RPS3P6,2,0.6461139417637164,1.0594076634352398,0.0,0.9992026865517261,0.0,0.6098822616296965,0.5419398037199881,1,1,0.5,-1.030110221263553,0.7025458052482673,,,1.3151472140671712,0.4150818810470421,,,0.7526694730910088,True
DHX16,4,0.12004463027327338,0.20052038302886055,0.11829522981049342,16.898474746340685,82.2469184643446,0.5986654746016297,0.5493959847983139,2,2,0.5,-0.5336824064533103,0.0760799250341769,-0.256372762717622,0.999899862550801,0.3355773350927403,3.597134263397713e-05,0.5743278015029083,9.41687864993745e-05,0.7575884354251612,True
EIF3B,4,0.20641789498500657,0.346649219796855,0.44209046959160003,65.95520371664479,95.4514582156572,0.5954662038644499,0.5515318834108451,3,1,0.75,-1.5469196224879147,8.07473518125793e-06,0.192990797147967,0.999899862550801,0.8249236678192462,1.7692783858281191e-25,1.0599752752507925,2.4808777747022736e-16,0.7590935665054901,True
EIF5A,4,0.33802997972661786,0.5831361287351843,1.2951357343835264,118.87194703503567,97.47627587935797,0.57967593340478,0.5621331758453371,2,2,0.5,-2.1138944578124153,1.0983961234367202e-06,-0.162061670581663,0.999899862550801,1.3213887470443768,2.9515051959152175e-84,2.050792192913421,1.3781304719758448e-29,0.7670173011270939,True
RPL34P34,2,-0.6881000693473882,1.1900852670480577,1.6711428664904655,2.3358994318002906,57.18993778643567,-0.5781939230742544,0.5631332011041159,1,1,0.5,-2.108363629101162,0.1804238507934729,,,0.3091112814038673,0.8065798215593066,,,0.7676709060059033,True
RPL12P38,2,-0.4757375648295552,0.8362029917067848,0.0,0.21634748319878408,0.0,-0.5689259301243602,0.5694064074127663,0,2,1.0,-1.2910854265934295,0.6156393120960462,,,-0.2901997895754508,0.8316349535859207,,,0.7719165765782305,True
EIF2B3,4,0.3331169045905214,0.5865134154205157,1.3196985606633842,109.71189991719335,97.26556553822849,0.5679612705050996,0.5700612663639244,3,1,0.75,-1.8686798838852883,1.5339692201174727e-08,0.289786089535981,0.999899862550801,1.0789104437097856,1.5657375897401517e-23,1.716265973598764,6.561237458726674e-23,0.7722415506895292,True
RPL7AP30,3,-0.36237273047393204,0.6404557203734036,0.550394447409779,3.371980464400894,40.687675355339174,-0.5658045028665817,0.571526685130977,1,2,0.6666666666666666,-2.8580579205060084,0.1082762255643103,,,-0.0581895494912181,0.919819161993168,0.2852935919812709,0.8385308542901636,0.7729341780169395,True
EIF1P5,2,0.49844496043653447,0.8824833664977676,0.0,0.38901412982788736,0.0,0.5648207993026182,0.5721956583438069,1,1,0.5,-0.3197043009320319,0.8916007939188748,,,0.868738291168354,0.5402306077566854,,,0.7736487433645931,True
RPL7P50,3,-0.4448957016345946,0.7886236758060541,0.4153681241780505,2.566990285790317,22.087745673558466,-0.5641419542468917,0.5726575276336442,1,2,0.6666666666666666,-0.542133051084744,0.7468908938488589,,,0.7377025203887726,0.6158253209345101,-2.028955884249107,0.2153595214802674,0.7738109488053219,True
RPL10P3,2,-0.3988681829493253,0.7088616332492111,0.0,0.0005055227803764533,0.0,-0.562688350222923,0.5736471184647023,0,2,1.0,-0.4199113023704955,0.8004643907513583,,,-0.3867968965711718,0.7629753850995381,,,0.7745168658542196,True
RPL3L,2,1.3650058026645195,2.4291177054188093,11.074307289895033,16.000211049085912,93.75008243996176,0.561934812635675,0.5741604338149986,1,1,0.5,3.719931739178286,1.1096385447736056e-08,,,-1.1406410778970035,0.3964096475790716,,,0.7747450086575827,True
RPL7P19,2,1.9984279664015996,3.5633409915905383,23.039363121183396,10.73765223019204,90.68697720356217,0.5608298423075077,0.5749135408142392,1,1,0.5,5.6352192759530695,0.0026298164623584,,,-1.492946143793201,0.3899277625202586,,,0.7754180732798498,True
RPS4XP11,2,-0.3135952556693935,0.5609875179090266,0.0,0.10184093914344257,0.0,-0.559005763333665,0.5761577868677907,0,2,1.0,-0.7435725035375812,0.7090930082976589,,,-0.2390562978288414,0.7872073942007439,,,0.7763825831857716,True
RPS6KA2,4,-0.48604897077074644,0.8727028110701317,2.845921631052431,107.5474804092079,97.21053437180929,-0.5569467229912324,0.5775638304677064,1,3,0.75,-1.9362830389745904,5.351027029781955e-10,-0.629511325126473,0.999899862550801,1.1481434264565291,1.1325916885511914e-17,-0.5908432701513658,0.1130883333534109,0.7768978330744255,True
RPL23AP49,2,-0.35035711774354467,0.6307074890294809,0.21114291642926483,1.2692559710948028,21.21368559428992,-0.5554985850614627,0.5785536776702568,1,1,0.5,-1.3718202650590974,0.3109018732885244,,,0.0390763510637114,0.9664531047987162,,,0.777279202285721,True
RPL26,4,0.14289167116599577,0.25822672905862293,0.2296596338737247,27.87428305631637,89.23739134764868,0.5533573990845709,0.580018703958035,1,3,0.75,1.218991151362814,1.0302414315172196e-05,-0.117823579543319,0.999899862550801,-0.2074797354853674,0.0853658937317297,-0.1800562765046807,0.2995290701440762,0.7782972598105349,True
RPSAP56,2,-0.7325583684996518,1.3265896047765002,0.0,0.09839801396394984,0.0,-0.5522117509906698,0.5808032843112194,0,2,1.0,-1.2043749704331697,0.6531883412661141,,,-0.3655412729425444,,,,0.7786915277902612,True
RPL39P36,3,0.4463067613190588,0.8116649939188257,0.9607820358480157,3.83380682796605,47.83253070001286,0.5498657262083348,0.5824114737206822,2,1,0.6666666666666666,2.5119486630924883,0.0944716627242881,,,0.0786031772581342,0.9398698729819912,-0.7599557912655154,0.6208816249447423,0.7797015891191299,True
RPL7P26,2,-0.4091626723924703,0.744634724643895,0.47158587199152757,1.2686751926067,21.17761852461724,-0.5494810527243988,0.5826753639203519,0,2,1.0,-2.211956505667207,0.321996296282378,,,-0.10159512755663812,0.8719622604341624,,,0.7799599856783254,True
RPL37AP1,2,-0.179627217952541,0.3328351070713304,0.0,0.20749136994166692,0.0,-0.5396883145324114,0.5894120000380467,0,2,1.0,-0.556159619230279,0.6395837347538149,,,-0.1185813965184528,0.8229012336872906,,,0.7844270200143941,True
RPL21P89,2,-0.41464276081485407,0.7699927234410912,0.0,0.8293806684599077,0.0,-0.5385021808541501,0.5902303999028788,1,1,0.5,0.8492270807588578,0.6930735948746913,,,-0.8037101222166295,0.4869195574354284,,,0.7850595800726694,True
DDX60L,4,0.24879810069996283,0.46411299943800005,0.5829826112993405,30.67440278823143,90.21985849011872,0.5360722518034087,0.5919086166265355,2,2,0.5,2.432371080715438,2.301943386769704e-05,0.729704503181375,,-0.4397218633166445,1.8816255172028222e-05,-0.6570496737157357,0.0027184340447268,0.7857247734217986,True
EIF3CL,3,-0.270014719998066,0.5070027957297211,0.5083847616729111,6.138404306544142,67.41824259005222,-0.532570475493016,0.5943309444284947,1,2,0.6666666666666666,-1.7257405941479642,0.0533450668214968,,,0.289697961557217,0.3298174841620996,-0.0190626245053342,0.9812572195306724,0.7873957827792895,True
RPL12P6,3,-0.2383264569486028,0.4538056429991665,0.0,0.7372204874635312,0.0,-0.5251729691449442,0.5994629540373152,0,3,1.0,-1.032429884430392,0.4411375461176234,,,-0.0244473037204883,0.9763988717037312,-0.4286493817223026,,0.7904258166429008,True
RPL39P16,2,-0.4269655493528828,0.8171132517613118,0.0,0.7722535306705933,0.0,-0.5225292190923914,0.6013019078600745,1,1,0.5,0.193074463511088,0.9045548806549332,,,-1.2585468090550809,0.4380221371266516,,,0.7909427259199366,True
RPL10P12,2,-0.383037748602269,0.736468546001123,0.0,0.18244297741100804,0.0,-0.5201006216519191,0.6029934451441501,0,2,1.0,-1.138218935402021,0.6565371660732174,,,-0.2520036289191009,0.830126466055096,,,0.7917009326598818,True
EIF3I,4,-0.2625545016250112,0.5092568900717033,0.9612982827522761,120.14939386771826,97.50310850231759,-0.5155639653457483,0.6061589834498673,2,2,0.5,-2.246011246805568,2.1701060504477152e-16,-0.271029304436418,0.999899862550801,0.4649450827872056,1.1025427806813861e-10,0.892765778808247,5.523894982664563e-11,0.7938208417677096,True
RPL23AP82,2,0.23130258374680826,0.44895294840149225,0.30838689325001767,3.6810437948088124,72.8337923767642,0.5152045098943367,0.6064101178962042,1,1,0.5,-0.3295456653711519,0.581426176271035,,,0.5906845559565497,0.0002601274287575,,,0.7940496723918532,True
RPS29P5,2,0.2972232881938618,0.5812502160001394,0.04490879831391695,1.06078367793022,5.7300728880764735,0.5113517036418452,0.6091048068020892,1,1,0.5,1.1556346951678886,0.3557644689823019,,,-0.0963546755370316,0.9250918750335456,,,0.7955484952173273,True
RPS19BP1,4,0.16556750215575974,0.3240816280852225,0.3543232620934048,37.644433106646545,92.03069417594625,0.5108820982355133,0.6094336171644674,2,2,0.5,-0.9519163617819023,0.0014491926028122,-0.0450269536315838,0.999899862550801,0.7262881852870207,8.301220413737792e-20,0.7026985303681764,1.56138589087409e-05,0.7957890525169246,True
RPL28P2,3,0.6940319462783537,1.3593358301460514,5.053411222948751,22.73891943305292,91.20450729469215,0.5105669481277373,0.609654324584457,1,2,0.6666666666666666,3.356937705711992,3.728311399892787e-06,,,-0.5407338744454123,0.5455081096966691,-0.7637681572434767,0.4200236336396479,0.7959827982309612,True
EIF4EBP3,2,0.1661099074695425,0.32679372779196275,0.0,0.08452353106884093,0.0,0.5083020062590927,0.6112415632837258,2,0,1.0,,,,,0.2516327937548652,0.6808856162405553,0.0605636818142261,0.9332277102357444,0.7967497019921669,True
RPS4XP2,2,0.6332884122555846,1.27379057071652,0.0,0.2806712994505562,0.0,0.49716839393728085,0.6190703075071993,1,1,0.5,-0.3429523081291472,0.9183673027234026,,,1.099772834977919,,,,0.8021107529485413,True
RPS4XP14,2,-0.5326185423098045,1.0834585458027028,0.1933102133913962,1.0864169089511375,7.954304488372446,-0.49159106674930786,0.6230084598792154,1,1,0.5,0.3666166524735339,0.8491709344649926,,,-1.8380416699663489,,,,0.804257915037929,True
RPL7P24,2,0.48657816677325544,0.996581534090328,0.0,0.26970002348344757,0.0,0.48824722326146675,0.6253747391633492,1,1,0.5,,,,,0.9826477606573312,0.5999330175267958,-0.0533848904339751,,0.8057058265085847,True
RPL21P10,3,0.7131524895842067,1.468076984561222,5.226351422630407,11.003584315529357,81.82410437681293,0.4857732238049855,0.627127960795546,2,1,0.6666666666666666,2.8027787640223067,0.0022486985525374,,,-1.6481483405699149,0.1985859130485446,0.8555915335346541,,0.807161361938548,True
RPS10P5,2,0.5542495325629399,1.1465902577694422,1.403710701254039,2.1396671725669165,53.2637592976519,0.4833893614630633,0.6288193005291207,1,1,0.5,1.6471277271807865,0.1869870138656491,,,-0.6486925937290983,0.6898592579768057,,,0.8082983287784966,True
RPL7P32,2,-0.3232003745556044,0.6790835216903999,0.0,0.7713853235020102,0.0,-0.47593611718199563,0.6341198903700043,0,2,1.0,-1.7293551048948468,0.4290671896820435,,,-0.07022127413645508,0.9519158052856438,,,0.8111194897347387,True
DHX40,4,-0.19253009507249513,0.41396062770936987,0.6473825352015703,65.97575842092854,95.4528753108682,-0.4650927701454379,0.6418650232265128,2,2,0.5,-1.3821128957947115,1.7700096243587196e-09,-0.311618365564445,0.999899862550801,0.0087325599204556,0.9565945404093172,0.8788738746442392,5.531408822906936e-06,0.8157768260202298,True
EIF2B5-DT,3,0.6239664332316189,1.3531215231086757,4.997685026086825,24.43322253541715,91.8144239995322,0.46113111245035243,0.6447045413022143,1,2,0.6666666666666666,3.1199952321428457,2.4783477048681337e-06,,,-0.6160202798394047,0.6257375902441851,-0.7100685404074516,0.2788107815875789,0.8176387143897911,True
RPS15A,4,0.140500123746279,0.30486469675070077,0.33888637778998554,46.29725361759178,93.52013399157639,0.4608605891195437,0.6448986286692009,1,3,0.75,1.3056600639873637,3.8560374606263404e-09,-0.441094300183366,0.856802849720016,-0.1837540660140738,0.1276461364771698,-0.1047919962797015,0.5101695833732451,0.8177129486541131,True
RPL13P5,2,-0.5626843945069545,1.2281473043839048,2.1271643507476865,2.6392038860618237,62.10978601231967,-0.4581570895432799,0.6468395859469511,1,1,0.5,-2.323029045710853,0.217260801202966,,,0.2941624736525824,0.5128156382582726,,,0.8190721159373135,True
RPL7P6,2,-0.5009191094777611,1.1159604169137267,0.0,0.46262553871203177,0.0,-0.44886816941329416,0.6535267591560443,1,1,0.5,-1.4653925710741358,0.5301890389684745,,,0.0964419418072952,,,,0.8229895103580441,True
EIF5AP4,3,0.4411107328065786,0.9879227254893532,2.3800703109148,11.371073095885812,82.41151047807772,0.4465032754338967,0.6552337471321801,2,1,0.6666666666666666,-1.4860162236194514,0.0594615143231602,,,0.9984639365479092,0.1262891619504207,1.991790261610195,0.0770456524992903,0.8243227399325602,True
RPSAP5,2,-0.5237085773617047,1.1932176193204582,0.0,0.0003017811631960183,0.0,-0.43890449561074923,0.6607307391274333,0,2,1.0,-0.491732168430234,0.8791853818019615,,,-0.537145559941907,,,,0.8279448210803735,True
RPSAP9,2,0.2164889615023294,0.49951394534735666,0.1538523239989469,1.3626097927413736,26.61141837325675,0.4333992344333556,0.6647247566123857,1,1,0.5,-0.5200567110464863,0.6236468309821626,,,0.5552516355576101,0.3367553903090312,,,0.8299255257704786,True
RPL10P1,2,-0.5816039514843989,1.342582386623886,0.0,0.11874132286883898,0.0,-0.4331979603478373,0.6648709605379304,0,2,1.0,-1.058583472728437,0.68475919692904,,,-0.1328750519120188,,,,0.8299308478848713,True
EIF4EBP1,4,-0.21544693111747612,0.5053482793354332,0.8876624199846055,66.60114048202041,95.4955726309073,-0.42633356029390906,0.669864806694241,3,1,0.75,-4.4135379447419165,7.918971248582481e-08,0.0163258432454942,0.999899862550801,1.1312887661118691,8.809510857472348e-50,0.795261971981008,0.0001423245118004,0.8330242316158064,True
RPL39P15,2,0.13533810665315232,0.3218688207181643,0.0,0.00406400150251208,0.0,0.4204759763657178,0.6741377756640619,2,0,1.0,0.0950359130032366,0.9294721625141698,,,0.1457848997169457,0.7814668947208516,,,0.8354047096958255,True
EIF3M,4,0.0922895231320651,0.22261087026638357,0.15500066145773972,24.20107872978744,87.60385835071266,0.41457779227774627,0.6784510081631603,3,1,0.75,-0.9368553835654584,0.001939996099164,0.37411615953853,0.999899862550801,0.2282327480841521,0.0021763559871839,0.5301287830950744,5.776871417681614e-05,0.838398713548824,True
RPS15AP10,2,-0.661711895196091,1.6045498178774797,3.9646542257595088,3.848867115930987,74.01832877365749,-0.4123972268255357,0.6800482954549845,1,1,0.5,,,,,0.652961941613062,0.3779661740480417,-2.620053231249009,0.1591730289591874,0.8390617185036862,True
RPL22L1,4,0.1592021439017683,0.3873769564698945,0.5537751699533222,66.68720456978645,95.50138588151408,0.4109747398310743,0.6810910571265997,2,2,0.5,-1.4468575996050528,0.0002480324200372,-0.184834167543846,0.999899862550801,0.8480286600817378,4.4448187554329724e-24,1.138921580012891,9.953012008785824e-13,0.839485283930037,True
RPSAP54,3,-0.15387897528453645,0.38318013341068335,0.0,0.7463805587206788,0.0,-0.40158390758639,0.6879902750117792,1,2,0.6666666666666666,-0.3841298885971389,0.59149449236256,,,-0.0677908994437921,0.9406200765202652,0.8822937761852323,,0.8432946235283435,True
DHX33,4,0.1801559410836382,0.45634096681252356,0.7750730901515487,87.12345297481019,96.55661030690854,0.39478362493291297,0.6930025808089626,3,1,0.75,-1.260003285741127,8.889607176545175e-10,0.585790105666086,0.991299984804734,0.5297136040491792,1.18559280384536e-07,0.901190250963256,8.210936292844133e-09,0.8457990240683446,True
RPL37P6,2,0.2993612267954613,0.7652768386884607,0.0,0.09647358545869045,0.0,0.391180304513736,0.6956639654700558,1,1,0.5,0.4675261245549095,0.7155780020426203,,,-0.036616286089036,0.9868423730918536,,,0.8467463895603615,True
RPL10AP2,3,-0.19649085236733005,0.5052188003193507,0.06399486516700675,2.1621489658688393,7.4994354426306264,-0.38892228920049576,0.6973336333086819,2,1,0.6666666666666666,-1.0375488085748603,0.2750519487948932,,,0.1323649696630209,0.8946195053760833,1.0784284194501006,,0.84774723461615,True
RPL29P12,2,-0.34136536348429947,0.8863014400586204,0.0,0.04702908244814404,0.0,-0.38515718022721634,0.7001209658821269,0,2,1.0,-0.0329985596210791,0.989070669641326,,,-0.4611667366680456,0.7591680120572238,,,0.8489013212312739,True
EIF4H,4,0.10727238085406289,0.28132446780925796,0.2821543945181773,55.559430828317154,94.60037665023923,0.38131194804852564,0.702971788931654,2,2,0.5,-1.271945929930445,0.0008246471857836,-0.132848732787346,0.999899862550801,0.5515409638325836,1.5333788895703034e-17,0.8973636693119134,9.689229138092778e-13,0.8507481635652026,True
RPS15AP24,2,0.29249908937087044,0.7933181732656744,0.0,0.4284593909161444,0.0,0.3687033768138769,0.7123488314886146,1,1,0.5,-0.5625973223964789,0.7940183973017109,,,0.6078465865178981,0.633381759632105,,,0.8559915544057198,True
DDX54,4,-0.15406874801716455,0.41976409045364893,0.6655163263453855,75.85721707477558,96.04520160943582,-0.3670365129391102,0.7135917824261103,3,1,0.75,-1.9417988273250204,5.6484053946149465e-11,0.0168651564216576,0.999899862550801,0.4044027448901549,2.305971382364664e-06,0.7698577251629858,1.275986620107169e-05,0.8566802334865244,True
RPL36AL,4,-0.09537034246606657,0.27590321250182653,0.25711665241848536,37.96718653087578,92.09844006334171,-0.3456659369830107,0.7295937863158,2,2,0.5,-1.2877617732327509,0.0009955836752563,-0.293914852874699,0.999899862550801,0.1254613279633669,0.1359654589711187,0.6826155830866398,8.88178649951977e-08,0.8659795666944483,True
RPS26P3,3,0.31724305865221053,0.9198181857728022,0.0,0.7493979908806175,0.0,0.34489757167137647,0.73017137625376,2,1,0.6666666666666666,-0.6331296751679999,0.7536537513401084,,,1.2047875776670576,,0.7602866611167259,,0.8663724092926306,True
EIF4HP1,3,0.18849985841182348,0.5543063759304747,0.663852847876468,7.286468690380033,72.55186174558739,0.340064387849413,0.7338080396225801,2,1,0.6666666666666666,-1.0835785444248542,0.1324587115863341,,,0.4218387602038506,0.3977734789430766,1.0610987780058656,0.0795921251400486,0.8685802486852408,True
RPL9P7,3,-0.11890075151430235,0.35844636115233286,0.0,1.1253546403151635,0.0,-0.331711420174724,0.7401071764469664,1,2,0.6666666666666666,-0.9291207273524903,0.5451407235265452,,,0.0899362409169022,0.8833290240048762,-0.715522366665235,0.560146130190093,0.8724874274990257,True
RPL4P5,3,-0.2329335219550655,0.7039240501458818,1.1536556971963379,9.915794042535609,79.83015791352024,-0.33090717941344977,0.7407145988138866,2,1,0.6666666666666666,-1.5586703364884584,0.01190464630881,,,0.4412593189086224,0.288825095696251,0.4550599755745669,0.6808674101288443,0.872999229157911,True
EIF2AK3-DT,3,0.3716374805542603,1.1391313504139673,3.6101753422544083,27.7865294252932,92.80226771257205,0.3262463809982975,0.7442379523912054,1,2,0.6666666666666666,2.430992254073856,4.103473134361499e-06,,,-1.2329318148989925,0.038858487828492,-0.1082128980414074,0.8980778354987262,0.8755362496175342,True
EIF3D,4,-0.08220355573515466,0.2525441474538573,0.20935668826688952,32.99431563772504,90.90752469928529,-0.32550172539703853,0.744801376986008,3,1,0.75,-1.019987120275798,8.137664757814566e-05,0.0145003486116474,0.999899862550801,0.0633915760446717,0.4481130423196142,0.4952764590804292,0.0001872297951997,0.8755362496175342,True
RPL12P8,2,-0.25759566744670914,0.7975144098779308,0.0,0.08530450822953138,0.0,-0.32299813552727813,0.7466966540859702,0,2,1.0,-0.8168114870979953,0.7782147204655324,,,-0.1605738037650855,0.9019132568571274,,,0.8766695113505878,True
RPL34P33,2,-0.37839306351649293,1.1894021819784621,0.0,0.06762309929243993,0.0,-0.3181371862687107,0.7503808772419227,0,2,1.0,-0.651529328137958,0.7681115986632577,,,-0.028147076970187996,,,,0.8788384805884142,True
RPS27L,4,-0.025643272393440292,0.08125263787032937,0.004508342272934299,3.488972373967215,14.014796380036046,-0.31559926010481343,0.7523066993527318,1,3,0.75,-0.49410057475304076,0.1678900311957452,-0.165471389204498,0.999899862550801,0.05551959855529891,0.6174303308976039,-0.0613047131277519,0.732678771014331,0.8798298605693328,True
RPL18AP7,3,-0.22196121858153894,0.7104668895279166,0.8708729804386561,4.712102430881203,57.55610092656702,-0.3124159927129403,0.7547243977765058,1,2,0.6666666666666666,1.2804897118926608,0.2123615548285471,,,-0.6833693462822189,0.4391668499413551,-1.1846662814256683,0.2668652936199475,0.8811689740659373,True
RPS19P1,2,0.287158957236396,0.9237774893194584,0.0,0.14406730155500672,0.0,0.310852949499716,0.7559124144221507,1,1,0.5,-0.2698306326442791,0.917217064050134,,,0.5078847542393167,0.7452964680683148,,,0.8814764450128187,True
EIF4G3,4,0.06010546461993483,0.19668408973876125,0.13068187964629852,26.177350328809823,88.53971100085592,0.3055939333972962,0.7599138400956822,3,1,0.75,0.1173549215387246,0.4610388150446036,0.0562827617861179,0.999899862550801,0.4195737561504891,4.638956983517859e-07,-0.39095457023645136,0.0135748773397825,0.8840756795996336,True
RPL5P4,3,-0.13858219082859138,0.45510317263422445,0.0,1.4884287372098706,0.0,-0.30450719564632145,0.7607415115470947,1,2,0.6666666666666666,-1.0617248314470085,0.3349891683575188,,,0.2558317541231401,0.7700609440688231,-0.0602336457699678,0.9697060608802764,0.8845242710993718,True
RPL21P11,2,-0.17892739403616742,0.5908325162698224,0.0,0.2637837943528435,0.0,-0.30283944960546916,0.7620122177832547,1,1,0.5,-0.5565771526026579,0.6591501497123918,,,0.0649029080472173,0.9566737392548914,,,0.8852067402719124,True
RPS6KA1,4,-0.11429325634980471,0.3983955735677992,0.5893799017036835,82.19194617407766,96.35000734299905,-0.28688385095813373,0.7742012560572233,2,2,0.5,-1.9890472666192243,4.361470957115947e-08,-0.332285453446941,0.977556066663073,0.5908201178148759,1.2899572067337416e-13,0.9814478383511136,1.3730317457665806e-14,0.892488762024064,True
RPS10P3,3,0.10299312170942548,0.3634581671449463,0.0,1.138179919637997,0.0,0.2833699474095242,0.7768932631378355,1,2,0.6666666666666666,-0.2272494672044009,0.814981802067224,,,0.4230753604017724,0.5023407817106958,-0.5573301740416119,0.6683986172013175,0.8935709583198583,True
RPL13AP20,2,-0.09069981035270809,0.3348780746060769,0.056841804161444416,1.2792348318555777,21.828269908077566,-0.2708442780537362,0.7865108032205956,1,1,0.5,0.4045192612067299,0.5728779229201372,,,-0.3171517612009164,0.4557843327474444,,,0.8989103322470836,True
RPL9P18,2,-0.21435945056884498,0.7922530994280302,0.0,0.5379014064716863,0.0,-0.2705694060693514,0.7867222287913497,1,1,0.5,0.2764485310504189,0.8533073761075755,,,-0.9022493886123736,0.5867075786747965,,,0.8990366561081651,True
RPL5P30,3,0.5325074289572966,1.9850810642138448,11.064998248291348,32.15501292355117,93.78013000724017,0.2682547521897734,0.7885032326492223,1,2,0.6666666666666666,4.163690195041129,5.1399084449472676e-08,,,-1.4105395005954096,0.1849381587936637,-1.271250431888297,0.2985590593635671,0.8994050048494878,True
RPL31P52,2,-0.31477312361946147,1.1851962868946109,0.0,0.3121043183936654,0.0,-0.2655873352794696,0.7905570403905116,1,1,0.5,,,,,0.2406951989082024,,-1.104034854039197,,0.9004020855907042,True
DDX6,4,0.03695118590676075,0.13971754123152824,0.048897384957109324,10.872137535631191,72.40653008510868,0.26447062824794726,0.7914172945686784,3,1,0.75,-0.4120988711050952,0.0356860231969584,0.0767278276378757,0.999899862550801,0.149961546892674,0.0561007519816354,0.253919325745612,0.069607306968341,0.9009622529437771,True
RPS15AP38,2,0.2658381201709287,1.026685006812731,0.0,0.037693044435090285,0.0,0.2589286084893787,0.7956903243308221,1,1,0.5,-0.3564474928836438,0.944810073573492,,,0.3296859140475269,0.8357869798459128,,,0.9029310826603282,True
RPL22P24,2,-0.12482442125299704,0.4898909160002998,0.0,0.04156977397831797,0.0,-0.2548004406207864,0.7988772349364163,1,1,0.5,,,,,-0.1739387495103509,0.8285674638284993,0.0783028468082217,0.9616739189427927,0.9046351648341009,True
DDX11,4,0.07930535689157395,0.31235446773028336,0.34203183589274305,37.71147096871142,92.04486082632775,0.2538953819609001,0.7995763825824592,2,2,0.5,1.1095799675718545,0.0003863940958825,0.49018074258256306,0.896938857894457,-0.4161411505756186,0.0001043524086065,-0.62754344144796,2.0961568969883284e-05,0.9050242123884843,True
RPL35P5,3,-0.19992524382051266,0.8089816997417418,0.9657001063690237,3.85388013757485,48.10425003880505,-0.24713197329968836,0.8048060898903503,2,1,0.6666666666666666,-2.3696328228436485,0.1274960201932553,,,0.3219298992425751,0.7119901400614548,0.7631411382091701,0.6249756602071694,0.9076484967127307,True
RPS3AP21,3,0.1186042914665101,0.48181359740684193,0.06092632830295827,2.1783840158721586,8.188823208966626,0.24616219240147552,0.8055566812584734,2,1,0.6666666666666666,0.9107364229198408,0.3277987618108597,,,-0.5585808043138574,0.520950999926987,0.3111041666873454,0.8509044414766586,0.9082050817762808,True
DDX59,4,-0.03901329657152697,0.1626316157544865,0.05200397394466169,6.172694466191203,51.398858044384646,-0.23988752980492178,0.8104174484136342,2,2,0.5,-0.6185977861653303,0.0664622154035828,0.282241723462523,,-0.0520149695519544,0.7846936573890302,0.2090924879264148,0.400495385296082,0.9109410238745036,True
RPSAP11,2,0.2934424204611865,1.2253072472304836,0.0,0.041710660148426115,0.0,0.23948476688148504,0.8107297071182407,2,0,1.0,0.5236821268232519,0.8254147791317216,,,0.0214499728941057,,,,0.9109410238745036,True
RPS20P22,2,-0.16486287166431496,0.706814957948401,0.0,0.8922361998159836,0.0,-0.23324757040066815,0.8155691685186959,1,1,0.5,0.4752847573563611,0.7237084989076482,,,-0.8611865468041922,0.525472437554013,,,0.91383620908565,True
DDX43,2,0.2392244511929009,1.0667928618796865,0.0,0.06326155952573104,0.0,0.2242463928483623,0.8225655862489288,2,0,1.0,,,0.707612997827308,,0.0855173864205633,0.96555976460145,,,0.9170099921834309,True
RPS26P47,2,-0.22134054618588367,1.0133734951600013,0.2033173593564977,1.109868880580779,9.89926670646772,-0.21841951387423672,0.8271022626873871,1,1,0.5,-1.232355762843087,0.4765519712740156,,,0.7943967283609822,,,,0.9198430368613796,True
EIF4A3,4,0.0713961811987712,0.3387064447794889,0.3962991432895719,41.25032747286608,92.72733046307728,0.21079073722749175,0.833050566776937,2,2,0.5,-1.5180539407605902,0.0001601946077792,-0.116945332114167,0.999899862550801,0.648011878015901,3.736276467948582e-19,0.8771824794253983,7.284270151290288e-08,0.92324484798637,True
RPL5P3,2,-0.20175792355442762,0.966115950160206,0.0,0.6945704355352648,0.0,-0.2088340675060495,0.8345777756129087,1,1,0.5,-1.5776666058023217,0.5226894251325437,,,0.2694202743403802,0.8722247077531715,,,0.924047804782398,True
EIF2S3B,3,-0.07130624329545683,0.3494635347636469,0.0,0.18676628700172615,0.0,-0.20404487507883612,0.8383184312735237,1,2,0.6666666666666666,-0.273874968379253,0.7490529891854562,,,-0.022632940402054,0.9772637793677522,0.1333969652755501,0.9055357640268968,0.925415423954351,True
RPS11P5,2,0.10055657343314055,0.4996303594617431,0.32939120261500343,2.85274066123138,64.94598988299371,0.2012619360069936,0.8404937642073445,1,1,0.5,0.6670455038052246,0.2605775945129375,,,-0.3401060462793172,0.4386134009377935,,,0.926425315200431,True
RPS15AP1,3,0.06690833411231208,0.33592090659455337,0.0,0.13428241900143081,0.0,0.19917883287052587,0.8421228566027492,2,1,0.6666666666666666,0.2641519091728593,0.765436603328608,,,-0.0147157820231814,0.983483254194719,0.0193810483686135,0.989741021858181,0.9273275270156227,True
RPL17P50,3,0.05916747336019408,0.3006176338753697,0.0,0.03945024705903409,0.0,0.19681970281465183,0.8439686320765795,3,0,1.0,0.1980918094501386,0.8840016655286299,,,0.0100141866828795,0.9879177615519226,0.0859347655893304,0.9025967370246032,0.9281419888759025,True
RPL9P28,2,0.19896819769470545,1.015831625106685,0.0,0.9195957710436738,0.0,0.19586730002997232,0.844714032283175,1,1,0.5,-0.8983156100678807,0.6608598997121463,,,1.063779692344824,,,,0.9285753001172088,True
RPL31P17,2,0.21136705745352782,1.0798222830117439,0.0,0.06794297210984443,0.0,0.19574244834437174,0.8448117580628589,1,1,0.5,0.5568112787991829,0.8194027616169646,,,-0.0179683858379187,,,,0.9285753001172088,True
RPL5P34,3,-0.0874634365216191,0.4528712439299133,0.2762640073321172,3.604768535610324,44.51793561104806,-0.19313091235961763,0.8468564438139445,1,2,0.6666666666666666,-0.6289711634902506,0.4218858557310913,,,-0.3769449363255213,0.5217985400709283,1.04393657962596,0.2298303585894369,0.9296455420171134,True
DDX60,4,0.03425529062324235,0.17933745169847906,0.0,1.5224481715364893,0.0,0.19101024520430868,0.8485175664296923,3,1,0.75,0.1335394306047767,0.8621411834791682,0.78002401427955,,-0.308021230333377,0.5013532317225609,0.1466438596739525,0.6298348299904882,0.9304781486098183,True
RPS18P9,2,-0.04126826927276084,0.21612356742266065,0.0,0.0020316128407518457,0.0,-0.19094756654675618,0.8485666730164539,0,2,1.0,-0.0322316573167688,0.9431775165604968,,,-0.0517694847684574,0.914557555250124,,,0.9304781486098183,True
RPL37P23,2,0.27445164185346765,1.4658687809060233,0.0,0.01260481446890529,0.0,0.1872279739007981,0.8514818926343577,1,1,0.5,-0.0784246977011841,0.9876652380675494,,,0.3512061881923584,,,,0.9317025442472695,True
RPS26P58,2,0.16872741972687993,0.9236715357952753,0.0,0.19174904663342773,0.0,0.18267036840277504,0.8550566671050699,1,1,0.5,-0.6332229642557383,0.8289112269454785,,,0.3727230358740046,0.805989656187456,,,0.9336182063955689,True
EIF5AL1,3,0.2025208530260547,1.1403166329511494,3.6052849816664163,35.61229492933748,94.38396204465779,0.177600542843902,0.8590366981935205,2,1,0.6666666666666666,-3.216578442919523,0.0002607752038839,,,1.1845535650749217,0.0002837972070262,2.2432493143669423,1.3603830968407846e-06,0.9354663521088318,True
RPL11P3,3,-0.14170060593290254,0.8245393703139969,0.6796616998100924,2.953146328373415,32.27562140134131,-0.17185426316143138,0.8635521042351211,2,1,0.6666666666666666,0.6890753561645974,0.7355035703269792,,,-1.3053756073742422,0.2173322791437506,1.0982600522283303,0.5082520936507069,0.9376378027681687,True
RPL23AP57,2,0.09172219681137542,0.5621578965544571,0.0,0.11623613708679496,0.0,0.16316091506239322,0.8703917390288396,1,1,0.5,0.4850322256390113,0.7880235569551572,,,-0.0016726209673944,0.9987736219490844,,,0.9403847973862272,True
RPL5P17,3,-0.0920054013620698,0.609811244041177,0.0,0.0757893519878552,0.0,-0.150875213045198,0.8800741537582836,1,2,0.6666666666666666,-0.0914263288305592,0.9617984131856776,,,-0.20682001262133407,0.8648743840968188,0.235162138612589,,0.9454634030471234,True
RPS4XP1,2,0.12903387478860226,0.8569084798097548,0.0,1.2269859512459965e-05,0.0,0.1505806954054761,0.880306490567843,2,0,1.0,0.1249280312663854,0.9553510732236066,,,0.1312282256897357,0.9365524207607564,,,0.9454809283564989,True
EIF4A1P4,3,0.1792123695437541,1.1983198578253436,3.1066519309624434,7.6712673908364275,73.92868872764019,0.14955303325189034,0.8811172653568208,2,1,0.6666666666666666,-2.1287277673213856,0.1005721417616444,,,1.373301744635037,0.0547698003092593,1.217773220683109,,0.945744694983563,True
RPL15P5,2,-0.12350096882816253,0.8640964121390553,0.4995721288853632,1.4614445575946682,31.574551028753422,-0.1429249874125019,0.8863494240634704,1,1,0.5,0.9767368964118859,0.53175836612007,,,-0.8021384099315754,0.465155568183027,,,0.9482755859008578,True
DHX35,4,-0.017808425158525806,0.12644052073770953,0.031867016180265634,6.16272091086881,51.320203471990986,-0.14084428832326562,0.8879929547463958,2,2,0.5,-0.2969883706972296,0.3753018898185471,0.319859887509078,0.922709574924338,0.0680438990939465,0.6267926660828166,-0.2559597930113219,0.2212565925466792,0.9489967528207359,True
RPL37P12,2,-0.24638744190012488,1.8082201798565727,4.607935992255676,3.237690326232758,69.11378485157478,-0.13625964616746408,0.8916160239775048,1,1,0.5,1.3265867966061609,0.3074704028599638,,,-2.3250357368305252,,,,0.9505558359907454,True
RPS10P2,2,0.1221090841824137,0.9010808216017817,0.0,0.25142767902311297,0.0,0.1355140196695673,0.8922054804095971,1,1,0.5,0.3903832223308172,0.791402715110931,,,-0.638850814410565,,,,0.9508559102573567,True
RPL19P16,2,-0.16138380597956387,1.19116681741983,0.24923711327854756,1.088981073520499,8.171039486741275,-0.13548379926258783,0.8922293724673965,1,1,0.5,-1.722298022952347,0.4765640113357973,,,0.7476209115723342,0.7065083387547184,,,0.9508559102573567,True
RPL32P16,3,-0.05102565248375369,0.3864085382607503,0.0,1.5559370972970623,0.0,-0.13205104813010457,0.8949439146730173,2,1,0.6666666666666666,-1.0340983200167535,0.33729375366764,,,0.1791420844621379,0.7872073942007439,0.23419599028318364,0.9019600705754046,0.95218121521988,True
EIF3LP2,3,0.07503782767787756,0.5934903343445151,0.0,0.4632267865087862,0.0,0.12643479318117903,0.8993877621556884,2,1,0.6666666666666666,-0.422411806408781,0.7670852887859495,,,0.1443819170500015,0.9172763988564032,0.6413165887769627,0.6912612483159849,0.9548125363256211,True
DDX12P,3,0.1555686151518273,1.23407303971029,3.812681219678179,71.067391881086,97.18576980657105,0.12606110833468048,0.899683552869068,1,2,0.6666666666666666,2.127717537106659,2.2788298584364784e-11,,,-0.694120465609913,2.2201345518918455e-05,-1.8757792574015164,,0.954863134470153,True
RPL7P22,2,0.1102851370900804,0.8834884090054653,0.0,0.11565999352736989,0.0,0.12482918390998175,0.9006587826747842,1,1,0.5,0.5716737159461228,0.8035127973745203,,,-0.08538206550183698,0.959272764261364,,,0.9550639701340986,True
RPL35P1,3,-0.06683793030955777,0.5749804192254708,0.27704937892330306,2.742879527007754,27.08392839324489,-0.11624383731117664,0.9074592950711472,1,2,0.6666666666666666,-1.055924046576731,0.3175407638987663,,,0.7187391526709969,0.3941299292572069,-0.2803969603060204,0.8621421625032323,0.9578724867355686,True
RPS24P17,2,-0.13746655389188828,1.1989986147064071,0.0,0.06370662231126076,0.0,-0.11465113654493174,0.908721645814792,1,1,0.5,-0.5820260960921153,0.8493330923105892,,,0.0685452029561223,,,,0.9584996982046275,True
RPS3AP38,3,0.08483034285386826,0.7509885874420311,1.2794864117317668,8.367558223046274,76.09816452198065,0.11295823168606582,0.9100636694914719,1,2,0.6666666666666666,1.7226272430063632,0.0341265301968783,,,-0.3406251182806056,0.6002823402031859,-1.0549006089263944,0.2297550257985952,0.9594554177925755,True
RPL26L1,4,0.027412614214129525,0.2497702202780732,0.198604388117239,20.522169499815266,85.3816624990501,0.10975133137813876,0.9126065897149739,2,2,0.5,-0.8981268373341972,0.0466305019400376,-0.259371233603917,0.896909477910821,0.2935611749364868,0.0147866554756508,0.6750237485995894,0.0068131594964338,0.9605147316240495,True
RPS3AP49,2,0.05636433758714264,0.5293351442920476,0.0,0.9531643482613545,0.0,0.10648138177661788,0.9152004266100999,1,1,0.5,-1.6593485457855346,0.47799897975188,,,0.212027065064485,0.792235203114752,,,0.9616005246222222,True
RPL23P2,2,0.19320595748030542,1.8516151417093,6.394821944764331,14.831156321760261,93.25743739527039,0.10434455472315335,0.9168959213085649,1,1,0.5,2.03451250465534,0.0048024390791892,,,-1.6687754916527495,0.0401577756615746,,,0.9625182745467499,True
RPL7P47,2,-0.11051318286650726,1.1525765358767723,0.7333490626206538,1.3390772082397508,25.321707079569816,-0.09588359594917414,0.9236130230823546,1,1,0.5,-1.6597461640905564,0.4479776194078413,,,0.7469644768229385,0.6376925569965353,,,0.9659312396799579,True
RPL12P12,3,-0.0483018065349568,0.579651854836319,0.0,0.3289112229064379,0.0,-0.08332899503719551,0.9335899457567729,2,1,0.6666666666666666,-0.6524846560998359,0.6899492379489816,,,0.1161074880648506,0.9160076108127544,0.2145535632567083,,0.9706354157570416,True
RPS18P12,3,-0.026880424123845906,0.32335711675020323,0.0,0.4495440701397576,0.0,-0.08312921760930753,0.9337487939505345,1,2,0.6666666666666666,-0.4854244420548017,0.6510486298794803,,,-0.0050803923717668,0.9944045406279064,0.1758334529532236,0.8291880652792304,0.9706755077306608,True
RPS27AP7,2,-0.076716457731226,0.9350148407672045,0.9257992271800737,1.833425618161559,45.45729098065426,-0.08204838510186438,0.9346082373822835,1,1,0.5,,,,,-0.7062749075285912,0.3403193317237421,1.3119596099735524,0.4479969359036911,0.9710519141078542,True
RPS29P16,3,-0.07370685546490363,0.9214369894455096,1.671350421174903,6.512281061009505,69.28879479765622,-0.07999120537722063,0.9362442506494089,1,2,0.6666666666666666,1.3496977244908128,0.0547447778556319,,,-0.461603945831304,0.6541894092870674,-2.2311463617466956,,0.9719716845539076,True
RPS10P7,2,-0.08755347658635207,1.122647793503779,2.08013230169179,5.079424080692601,80.31272868510625,-0.07798837453115909,0.9378373006061889,1,1,0.5,1.2366678142120802,0.2926050376733402,,,-1.0393113715972302,0.0012020298382611,,,0.9729371269875848,True
RPL7P15,2,-0.0627209535592829,0.8759372258665765,0.9448366316986271,2.6009924630374046,61.553137342343035,-0.07160439322262187,0.9429167437665722,1,1,0.5,0.8285369486321211,0.3970539715547763,,,-0.9236008647188904,0.3278227986455029,,,0.9752023873105744,True
EIF4A1P10,3,0.05531799627073258,0.847770021520461,2.0176385668612586,35.19791603726034,94.31784541481714,0.06525118235664987,0.947974010295453,2,1,0.6666666666666666,-2.0128390790582458,0.0001373898666155,,,0.49487108709077626,0.065773113260425,1.5750470941813632,7.389556170764204e-05,0.9776435862252073,True
RPS20P14,3,-0.017348829100413406,0.29890719528712556,0.0,0.2944443021053974,0.0,-0.05804085473335091,0.9537160859885879,1,2,0.6666666666666666,0.1723956293557087,0.8602380527357981,,,-0.0100644798830395,0.9865404829865356,-0.4724323497240249,0.7218364833625911,0.9796209145714674,True
EIF4A2,4,0.005021740514305243,0.08688107929296748,0.011050697959306651,4.767303967110867,37.07135058522202,0.05780016264958766,0.9539078086216592,1,3,0.75,0.301854850156218,0.117388520916702,-0.0167380052566566,0.999899862550801,-0.1019836999893681,0.3273724236643132,-0.0333273988266813,0.8466167110547075,0.9797421279549061,True
RPL13AP6,2,-0.03200949140445114,0.6276834608906576,0.2853719218333769,1.42179716560084,29.666479565852267,-0.05099623201642267,0.9593285230586465,1,1,0.5,-1.0204517270147486,0.4371245993615975,,,0.3665838839913435,0.6016936731634182,,,0.9823599062019146,True
RPL23AP43,2,0.05613303832461569,1.139413363363981,0.0,0.0165608190169513,0.0,0.049264858680338496,0.9607082242068636,1,1,0.5,-0.1897422596843559,0.9557349720498624,,,0.1435769403766548,,,,0.9829370147874252,True
RPS15AP12,2,0.02919393452538362,0.6300205422326887,0.0,0.0810416072736066,0.0,0.0463380676793889,0.963040798262316,1,1,0.5,-0.4238793906038546,0.8645893138166536,,,0.1001924016479296,0.922977055147188,,,0.9835564824005907,True
DDX50P1,3,0.03913561282452339,1.120369284601966,2.9982734815328933,10.288182799140484,80.56022099289403,0.0349309940591839,0.9721347660024953,1,2,0.6666666666666666,1.839663428481095,0.0096709650591068,,,-1.4271808854797117,0.1693310427500987,-0.5403300278793092,0.7206572251996107,0.9875047401969832,True
EIF1P4,2,0.025619050708048072,0.7822112912712781,0.0,0.49639632109042175,0.0,0.032752085010702245,0.9738722883146962,1,1,0.5,,,,,0.4206324975314908,0.7619519313123978,-0.7432720525343316,0.6782013736702763,0.9882854656013799,True
RPS26,4,-0.009366954049848688,0.42649615871642216,0.674327703848306,86.18211539229685,96.51899934650694,-0.021962575414604817,0.9824778088244743,2,2,0.5,-2.0809172675959964,1.7932918239690503e-06,-0.228178037009488,0.999899862550801,0.5839899395177868,2.5972557074679164e-13,1.3107215149826743,2.5831127600453647e-20,0.9927622282915319,True
RPL26P30,2,0.00886694711249259,0.739191382144973,0.0,0.15762817340805038,0.0,0.011995468733364602,0.9904292302236418,1,1,0.5,-0.2040081539986372,0.8796029512084317,,,0.4134640472984364,0.8239912966973758,,,0.9959381261591372,True
EIF3C,3,0.0015610198712472133,0.5184030820309464,0.747228573101866,52.66338297332952,96.20229486394206,0.0030112087010200823,0.9975974066989716,2,1,0.6666666666666666,-1.972701916547896,4.35735583365579e-06,,,0.573586404272483,3.142134323483124e-07,1.0998804789658134,3.8428282165360746e-12,0.9987998693371656,True
RPL7AP64,1,-1.5152817572485413,0.2525068162195143,0.0,,,-6.0009538749688485,1.9616171333610763e-09,0,1,1.0,,,,,-1.5152817572485413,1.1247824407582738e-08,,,,True
RPL7AP65,1,7.516041001424902,1.5803357710298882,0.0,,,4.7559772671137965,1.9748869386731513e-06,1,0,1.0,7.516041001424902,1.09901592720527e-05,,,,,,,,True
RPL39P14,1,5.433173215543023,1.2275382830064552,0.0,,,4.426072319501299,9.59643628574564e-06,1,0,1.0,5.433173215543023,4.572055949494865e-05,,,,,,,,True
RPS26P55,1,7.934741018018632,1.8546209144930614,0.0,,,4.278362740337962,1.8827303020288523e-05,1,0,1.0,7.934741018018632,8.405803047543397e-05,,,,,,,,True
RPLP0P2,1,4.863879338743115,1.1705203531250248,0.0,,,4.155313767725317,3.248414447102403e-05,1,0,1.0,4.863879338743115,0.0001370896267246,,,,,,,,True
DDX18P4,1,6.099145298435437,1.616735958010663,0.0,,,3.77250550296427,0.0001616164007687305,1,0,1.0,6.099145298435437,0.0005701801521782,,,,,,,,True
RPS26P41,1,8.20526615051673,2.187550966495171,0.0,,,3.7508914197610506,0.000176206998482612,1,0,1.0,8.20526615051673,0.0006146952394283,,,,,,,,True
DDX18P3,1,3.81563552568007,1.0722926955652572,0.0,,,3.5583899260534126,0.0003731351027334167,1,0,1.0,3.81563552568007,0.0011985385258638,,,,,,,,True
RPL21P121,1,7.571864946394183,2.197234951204529,0.0,,,3.4460879762736667,0.000568765162041016,1,0,1.0,7.571864946394183,0.001741020096016,,,,,,,,True
RPL23AP20,1,3.36456806687768,1.0231263889380278,0.0,,,3.2885165540202648,0.0010071686135900478,1,0,1.0,3.36456806687768,0.0028887884616516,,,,,,,,True
EIF4EBP2P2,1,7.369811563782932,2.2890424596798473,0.0,,,3.2196045698574314,0.0012836753301033563,1,0,1.0,7.369811563782932,0.0035948843027162,,,,,,,,True
RPSAP22,1,-2.993771203892856,1.108895022372386,0.0,,,-2.699778737835741,0.00693856050097758,0,1,1.0,,,,,-2.993771203892856,0.0167857340518679,,,,True
RPL35AP36,1,2.243415678130168,0.8876922709721294,0.0,,,2.527244802608633,0.011496133892714073,1,0,1.0,2.243415678130168,0.0249607446689989,,,,,,,,True
RPL12P25,1,2.578313838457002,1.0493434625440647,0.0,,,2.4570733325064498,0.014007409020037073,1,0,1.0,2.578313838457002,0.0296574692483261,,,,,,,,True
RPL6P24,1,2.2415430374598886,0.9362156637123452,0.0,,,2.394259276299193,0.0166539714837612,1,0,1.0,2.2415430374598886,0.0345466157562137,,,,,,,,True
RPL35P2,1,-1.2684510145248105,0.6226850722393785,0.0,,,-2.037066682782433,0.04164336010172626,0,1,1.0,-1.2684510145248105,0.0766966461593184,,,,,,,,True
RPL21P44,1,-2.4334432640534893,1.22615609377829,0.0,,,-1.984611320207244,0.047187731902388196,0,1,1.0,,,,,-2.4334432640534893,0.0915551483203088,,,,True
RPL35AP32,1,-2.954711671362241,1.5481900375064208,0.0,,,-1.9084941769301282,0.05632737507309399,0,1,1.0,,,,,-2.954711671362241,0.1067422138576961,,,,True
RPSAP1,1,3.575120611587457,1.8783534954730865,0.0,,,1.9033268339551916,0.05699791151582917,1,0,1.0,,,,,3.575120611587457,,,,,True
RPS28P5,1,-2.076095492326826,1.0910072824265948,0.0,,,-1.9029162552510366,0.05705147354987501,0,1,1.0,-2.076095492326826,0.1005326523489354,,,,,,,,True
RPSAP44,1,-4.353141226205571,2.3553724440106376,0.0,,,-1.8481753224527027,0.06457698414319399,0,1,1.0,,,,,,,-4.353141226205571,,,True
RPS26P21,1,2.4660679238240446,1.342783274708892,0.0,,,1.8365345847479926,0.06627863197601218,1,0,1.0,,,,,2.4660679238240446,0.122621334521284,,,,True
RPL13AP19,1,2.546056260811388,1.4078785547880268,0.0,,,1.8084345785029219,0.07053889027788199,1,0,1.0,,,,,2.546056260811388,0.1292677103917779,,,,True
RPL21P132,1,2.8703630161651597,1.6037790074265057,0.0,,,1.789749711695672,0.07349415681405057,1,0,1.0,,,,,2.8703630161651597,,,,,True
RPS27P16,1,2.55537545418689,1.433086208809089,0.0,,,1.783127517716074,0.07456554793950823,1,0,1.0,,,,,2.55537545418689,0.1352713767115028,,,,True
RPSAP52,1,2.0763931767489225,1.2082620480181012,0.0,,,1.7184957353868784,0.08570623165272198,1,0,1.0,2.0763931767489225,0.1428983191151951,,,,,,,,True
RPS20P4,1,3.3535467218386,1.9527390103721256,0.0,,,1.7173553168272744,0.08591427060401872,1,0,1.0,,,,,,,3.3535467218386,,,True
EIF4EP1,1,-1.530806004434604,0.9006124646502671,0.0,,,-1.6997388605198336,0.08918005627555708,0,1,1.0,,,,,-1.530806004434604,0.1574660689608782,,,,True
RPL17-C18ORF32,1,0.8933768009424413,0.5406226564709635,0.0,,,1.6524960436807443,0.09843347098838622,1,0,1.0,,,,,0.8933768009424413,0.1711594564154705,,,,True
RPL6P8,1,-3.273893588704428,1.9881001754167327,0.0,,,-1.6467447813680594,0.09961051548213139,0,1,1.0,,,,,-3.273893588704428,,,,,True
DHX9P1,1,1.579041813520317,0.9690200693266652,0.0,,,1.6295243653906286,0.10320206116805652,1,0,1.0,1.579041813520317,0.167797596099248,,,,,,,,True
EIF4A2P1,1,2.7902446934356355,1.7200214161756,0.0,,,1.6222150882514212,0.10475730214664819,1,0,1.0,,,,,,,2.7902446934356355,0.174412940604199,,True
DDX39BP2,1,-2.6682320211010313,1.6468807840576527,0.0,,,-1.6201731460652127,0.10519508824600929,0,1,1.0,,,,,-2.6682320211010313,,,,,True
RPL18P11,1,-4.164797000758837,2.646080181449033,0.0,,,-1.5739496595594966,0.11549908794366216,0,1,1.0,,,,,-4.164797000758837,,,,,True
DDX11L2,1,0.8859532333727735,0.5733338171088455,0.0,,,1.5452659636237336,0.12228194467870672,1,0,1.0,,,,,0.8859532333727735,0.2044617562188908,,,,True
RPL31P63,1,-2.3825524812544288,1.54671031676242,0.0,,,-1.5403999413682044,0.12346289570405271,0,1,1.0,,,,,,,-2.3825524812544288,,,True
RPS6KB2-AS1,1,-0.6447477890762687,0.4368164477566549,0.0,,,-1.4760153661508868,0.1399397671886311,0,1,1.0,-0.6447477890762687,0.2169369765003941,,,,,,,,True
RPS15AP17,1,-1.8698919058125096,1.3279745691456324,0.0,,,-1.408078098224069,0.1591079455779958,0,1,1.0,,,,,-1.8698919058125096,0.2536651193665508,,,,True
RPS12P31,1,2.0360975200138647,1.464907403816036,0.0,,,1.3899155091372308,0.16455453549260002,1,0,1.0,,,,,,,2.0360975200138647,0.2520008581217691,,True
DHX33-DT,1,-2.795268303734772,2.011979508079032,0.0,,,-1.3893125116386484,0.16473774093531823,0,1,1.0,,,,,,,-2.795268303734772,,,True
RPL22P12,1,1.3248048587312211,0.9754728355722804,0.0,,,1.3581155829459857,0.1744270113108597,1,0,1.0,1.3248048587312211,0.260672407612022,,,,,,,,True
RPL32P27,1,1.9659579840866408,1.468560666354378,0.0,,,1.3386971537015386,0.18066928326409137,1,0,1.0,,,,,1.9659579840866408,,,,,True
RPS20P24,1,-2.2341250357260214,1.8160661442762571,0.0,,,-1.2302002560685201,0.2186221240292523,0,1,1.0,,,,,-2.2341250357260214,,,,,True
RPL3P1,1,-1.5944313965991006,1.378570682989287,0.0,,,-1.1565829857499523,0.24744277690350736,0,1,1.0,,,,,-1.5944313965991006,0.3616750817272408,,,,True
RPL5P12,1,-1.229118187377583,1.1281015236944512,0.0,,,-1.0895457204528094,0.2759133044463904,0,1,1.0,-1.229118187377583,0.3797355442655249,,,,,,,,True
EIF3LP1,1,1.9414440293522113,1.8222879318222456,0.0,,,1.0653881834199563,0.286700301883525,1,0,1.0,,,,,1.9414440293522113,,,,,True
RPL4P7,1,-1.6393141945841492,1.57663718396702,0.0,,,-1.039753604224547,0.29845438933036883,0,1,1.0,,,,,-1.6393141945841492,,,,,True
RPL23AP37,1,-1.1826078869810732,1.1996770532228562,0.0,,,-0.9857718656900807,0.32424507464707775,0,1,1.0,-1.1826078869810732,0.4337454046892033,,,,,,,,True
EIF4HP2,1,-1.3786061506497278,1.4217248804287357,0.0,,,-0.9696715374594802,0.33221024210461536,0,1,1.0,,,,,-1.3786061506497278,0.4566798606943115,,,,True
DDX11L10,1,-0.4281588774378291,0.4451081053718218,0.0,,,-0.9619210979772337,0.33608923968447413,0,1,1.0,,,,,-0.4281588774378291,0.4607397799897452,,,,True
RPS26P28,1,-1.3385204932697856,1.4011261405783473,0.0,,,-0.9553176223785821,0.33941709842905554,0,1,1.0,-1.3385204932697856,0.4499057854837298,,,,,,,,True
RPL17P43,1,-1.3507510677045336,1.4531369719565077,0.0,,,-0.9295414635867936,0.3526085474250029,0,1,1.0,,,,,-1.3507510677045336,,,,,True
RPS4XP13,1,-0.7978201245484235,0.8588860139913145,0.0,,,-0.9289010550316069,0.3529403661832,0,1,1.0,,,,,-0.7978201245484235,0.4782274480151649,,,,True
RPL9P29,1,0.8396224261753104,0.9551385942082034,0.0,,,0.8790582134013187,0.37936971307030865,1,0,1.0,0.8396224261753104,0.4914500737742595,,,,,,,,True
RPS2P45,1,1.498798030123147,1.742255918533759,0.0,,,0.8602628432363137,0.3896441700956189,1,0,1.0,,,,,1.498798030123147,,,,,True
RPS7P14,1,-1.34046706539093,1.5697811393722951,0.0,,,-0.8539197164306227,0.3931494742897135,0,1,1.0,,,,,-1.34046706539093,,,,,True
RPL23AP94,1,-1.4294270529411808,1.7983448740505457,0.0,,,-0.7948570230144878,0.4266966763059421,0,1,1.0,-1.4294270529411808,0.5400252138474205,,,,,,,,True
RPL32P2,1,-0.8115972313881039,1.0274750320893542,0.0,,,-0.7898948451698469,0.42958918209369856,0,1,1.0,,,,,-0.8115972313881039,0.5547676860862345,,,,True
RPS3AP18,1,-1.314349690437706,1.667253966714715,0.0,,,-0.7883320218020542,0.43050252182803783,0,1,1.0,,,,,-1.314349690437706,,,,,True
DDX50P2,1,1.2170038058558246,1.5695777407455225,0.0,,,0.7753701994255912,0.43812093911624095,1,0,1.0,1.2170038058558246,0.5508738362558834,,,,,,,,True
RPL21P37,1,-0.8724034455833253,1.1434494247850775,0.0,,,-0.7629576146293502,0.4454886740912126,0,1,1.0,,,,,-0.8724034455833253,0.5706382097022789,,,,True
RPL36AP21,1,-1.1560579345081503,1.6013883584256083,0.0,,,-0.7219097906048968,0.4703499414469162,0,1,1.0,,,,,-1.1560579345081503,,,,,True
RPS3AP7,1,-1.0228468473597687,1.4307812128928,0.0,,,-0.7148869709378862,0.4746788884909553,0,1,1.0,-1.0228468473597687,0.5864249777947057,,,,,,,,True
RPSAP36,1,-0.6815257557879142,0.958951480724508,0.0,,,-0.710698892996137,0.4772708458036228,0,1,1.0,,,,,-0.6815257557879142,0.6006395558855367,,,,True
RPL23AP88,1,-1.272663146659601,1.8576969901531983,0.0,,,-0.6850757434637651,0.4932961259092793,0,1,1.0,,,,,-1.272663146659601,,,,,True
RPSAP70,1,0.871246872595729,1.299133457154558,0.0,,,0.6706369294067658,0.5024518507270357,1,0,1.0,0.871246872595729,0.6123421359162183,,,,,,,,True
RPL10P7,1,1.239658076265873,1.8621884077387252,0.0,,,0.6656995989848324,0.5056031298940589,1,0,1.0,,,,,1.239658076265873,,,,,True
RPL23AP74,1,-0.8196100892737959,1.2382987578419338,0.0,,,-0.6618839630447383,0.5080455902875538,0,1,1.0,-0.8196100892737959,0.6170903499761389,,,,,,,,True
RPS3AP24,1,0.6886087348955745,1.0670032193708427,0.0,,,0.6453670639359569,0.5186893419954864,1,0,1.0,0.6886087348955745,0.6268825011362316,,,,,,,,True
RPS25P3,1,-0.764220638986668,1.2064264841537244,0.0,,,-0.6334581087406649,0.526434528705944,0,1,1.0,,,,,-0.764220638986668,0.6456056935018748,,,,True
RPS26P8,1,-0.9586129931544042,1.554916062547718,0.0,,,-0.6165046565817348,0.5375614995320286,0,1,1.0,,,,,-0.9586129931544042,,,,,True
RPS26P6,1,1.0568449004133753,1.7223656132978111,0.0,,,0.613600789666159,0.539479161599244,1,0,1.0,,,,,1.0568449004133753,,,,,True
RPL22P3,1,-0.8622468743574431,1.4415971613098124,0.0,,,-0.598119153879312,0.5497604307155768,0,1,1.0,,,,,-0.8622468743574431,,,,,True
EIF4BP5,1,-0.5340169277631049,0.8930763047297269,0.0,,,-0.5979521849756336,0.5498718380211746,0,1,1.0,,,,,-0.5340169277631049,0.666258296375952,,,,True
RPL7P56,1,1.00674046109031,1.6840836335120135,0.0,,,0.5977971883681561,0.5499752669610514,1,0,1.0,,,,,1.00674046109031,,,,,True
RPS8P10,1,0.9682555835163192,1.6240926765144863,0.0,,,0.5961824700757357,0.5510533350781137,1,0,1.0,,,,,,,0.9682555835163192,,,True
RPL12P35,1,0.667697593802735,1.1292765787151848,0.0,,,0.5912613494228283,0.5543453223633501,1,0,1.0,,,,,0.667697593802735,0.6699314011982309,,,,True
RPS27AP12,1,-0.6985083905965305,1.354977901097659,0.0,,,-0.5155127548801152,0.6061947589270915,0,1,1.0,,,,,-0.6985083905965305,,,,,True
RPL35P6,1,0.7894364735714766,1.6096764695382575,0.0,,,0.49043176595476345,0.6238284028896761,1,0,1.0,,,,,0.7894364735714766,,,,,True
RPL9P33,1,0.8352007099149993,1.7348884460816227,0.0,,,0.4814146476111265,0.630221828327006,1,0,1.0,,,,,0.8352007099149993,,,,,True
RPL21P134,1,-0.4028021380271308,0.8369135416527679,0.0,,,-0.4812948028438663,0.6303069902789218,0,1,1.0,,,,,-0.4028021380271308,0.7355153712310865,,,,True
RPL21P7,1,-0.6726403925202215,1.4555036904334036,0.0,,,-0.462135820706803,0.6439839238825991,0,1,1.0,,,,,-0.6726403925202215,,,,,True
RPL21P3,1,-0.5575415374144342,1.393798390394525,0.0,,,-0.4000159142504232,0.6891447953301875,0,1,1.0,,,,,-0.5575415374144342,,,,,True
RPS21P4,1,-0.8127784988080861,2.072890328256814,0.0,,,-0.3920991321772377,0.6949849687060403,0,1,1.0,-0.8127784988080861,0.7792005667167234,,,,,,,,True
RPS4XP7,1,0.621071898236259,1.6992421972091405,0.0,,,0.36549933803216295,0.7147387008578658,1,0,1.0,,,,,0.621071898236259,,,,,True
RPL12P7,1,0.6124707662752313,1.6836198337327428,0.0,,,0.3637821044893052,0.7160207269406269,1,0,1.0,0.6124707662752313,0.7967150683421801,,,,,,,,True
RPL36AP15,1,0.5373128471487938,1.4968629368840405,0.0,,,0.35895928338455385,0.7196255491936304,1,0,1.0,,,,,0.5373128471487938,,,,,True
RPS6KA2-IT1,1,0.6001173760203681,1.6914952395194678,0.0,,,0.354785140389076,0.7227505614109271,1,0,1.0,0.6001173760203681,0.8023612819083946,,,,,,,,True
RPL39P40,1,-0.5983862242106924,1.720541815209352,0.0,,,-0.34778941082456755,0.7279983427515551,0,1,1.0,,,,,-0.5983862242106924,,,,,True
RPS20P2,1,0.5967761918199855,1.8095798457943053,0.0,,,0.32978715650871643,0.7415607925956507,1,0,1.0,,,,,0.5967761918199855,,,,,True
RPS26P39,1,0.5568102134419212,1.711091665324243,0.0,,,0.32541226441916454,0.7448690745399271,1,0,1.0,0.5568102134419212,0.8195913286852644,,,,,,,,True
RPL7AP60,1,-0.3740896495273743,1.1838686761741612,0.0,,,-0.31598914394483163,0.7520107481748035,0,1,1.0,,,,,-0.3740896495273743,0.8301144042104884,,,,True
DDX4,1,0.373837787162382,1.19728129669996,0.0,,,0.3122388933935432,0.7548589759346985,1,0,1.0,,,0.373837787162382,,,,,,,True
EIF4A2P4,1,0.3133046187017445,1.0554260465201448,0.0,,,0.29685132343923487,0.7665800201006283,1,0,1.0,0.3133046187017445,0.8362481987893114,,,,,,,,True
RPL5P18,1,-0.3345213069386694,1.130299580747386,0.0,,,-0.29595809167466425,0.7672620863709603,0,1,1.0,,,,,-0.3345213069386694,0.8413720513105035,,,,True
RPL12P33,1,-0.315959982145622,1.071700291495343,0.0,,,-0.2948212150850152,0.7681304590897934,0,1,1.0,,,,,-0.315959982145622,0.8419512073470993,,,,True
RPS9P1,1,-0.3722745652310654,1.2750960113288472,0.0,,,-0.29195806584250683,0.7703186863534812,0,1,1.0,-0.3722745652310654,0.8390675997287831,,,,,,,,True
RPL12P10,1,-0.3676648405110926,1.331451508781633,0.0,,,-0.2761383633471793,0.7824417960524479,0,1,1.0,,,,,-0.3676648405110926,0.851432864265692,,,,True
RPL10P19,1,0.3908666462926828,1.447173542630593,0.0,,,0.2700896850160671,0.7870912574854677,1,0,1.0,,,,,0.3908666462926828,0.8548015495579838,,,,True
RPS10P9,1,0.3433902902255744,1.3655041921938753,0.0,,,0.2514750904381109,0.8014468184752328,1,0,1.0,,,,,0.3433902902255744,0.8655360671062722,,,,True
RPS3AP34,1,-0.346372522115778,1.404068625361755,0.0,,,-0.24669201765443335,0.8051465846681518,0,1,1.0,,,,,-0.346372522115778,0.8687239109760725,,,,True
DDX18P1,1,0.3686715960014738,1.533651206528052,0.0,,,0.2403881628575046,0.8100293538822072,1,0,1.0,,,,,0.3686715960014738,,,,,True
RPS3AP44,1,0.5326378989630497,2.236096912552233,0.0,,,0.23819982755358673,0.8117261108629166,1,0,1.0,0.5326378989630497,0.8703906822969623,,,,,,,,True
RPS26P15,1,-0.5519833774562415,2.330994945807495,0.0,,,-0.23680161917512238,0.8128106953593947,0,1,1.0,-0.5519833774562415,0.8711681785733154,,,,,,,,True
RPL21P39,1,-0.5043533255794914,2.471830275491345,0.0,,,-0.20404043537303027,0.8383219006679404,0,1,1.0,-0.5043533255794914,0.890589413227851,,,,,,,,True
RPL21P116,1,-0.3617361096284297,1.8176206527243255,0.0,,,-0.19901628488114095,0.8422500059050686,0,1,1.0,,,,,-0.3617361096284297,,,,,True
RPL7P10,1,-0.3356110529370376,1.6990963381996962,0.0,,,-0.19752326303795079,0.8434180787565981,0,1,1.0,-0.3356110529370376,0.8937830182052089,,,,,,,,True
EIF4E1B,1,0.403204403393366,2.31091052553721,0.0,,,0.1744785870926934,0.8614893576748006,1,0,1.0,,,0.403204403393366,,,,,,,True
RPS29P14,1,0.335267153259514,2.0366639531116033,0.0,,,0.16461584285777475,0.8692463605456732,1,0,1.0,,,,,0.335267153259514,,,,,True
RPL23AP10,1,-0.3537653713192421,2.151748388093447,0.0,,,-0.16440833569425617,0.869409701930145,0,1,1.0,-0.3537653713192421,0.9126353948643432,,,,,,,,True
RPL32P32,1,-0.18399631141748,1.2782977249652747,0.0,,,-0.143938542503843,0.885549000059873,0,1,1.0,,,,,-0.18399631141748,,,,,True
RPL5P9,1,-0.2056411230899471,1.5164230761331103,0.0,,,-0.13560933378456191,0.8921301263293839,0,1,1.0,-0.2056411230899471,0.928530568133804,,,,,,,,True
RPL21P119,1,0.0924829204828596,0.695858074635048,0.0,,,0.13290486070936733,0.8942686227197018,1,0,1.0,,,,,0.0924829204828596,0.9312444720429456,,,,True
RPL10P15,1,-0.1298196947354336,1.0115482972716965,0.0,,,-0.1283376138199012,0.8978817996860071,0,1,1.0,,,,,-0.1298196947354336,0.9338864131460528,,,,True
EIF1P6,1,0.1832373634162564,1.446344250010603,0.0,,,0.1266900071783831,0.8991857552219883,1,0,1.0,,,,,0.1832373634162564,,,,,True
RPS27AP1,1,-0.288280655361658,2.3636359827728053,0.0,,,-0.12196491230577436,0.9029268066875694,0,1,1.0,-0.288280655361658,0.9359711812669148,,,,,,,,True
RPL12P1,1,-0.1116018311249317,0.9238955656677944,0.0,,,-0.12079485525430093,0.9038535251782108,0,1,1.0,-0.1116018311249317,0.9367537247736544,,,,,,,,True
RPL23AP25,1,0.1131342171791896,0.9555393852663306,0.0,,,0.11839827737467516,0.9057520906353682,1,0,1.0,,,,,0.1131342171791896,0.9394549120273372,,,,True
RPL7P42,1,-0.3587319133466952,3.3032265384634445,0.0,,,-0.10860045751314587,0.9135193978587457,0,1,1.0,-0.3587319133466952,0.9434106097737268,,,,,,,,True
RPS15AP16,1,-0.1270868999843974,1.3914521133726472,0.0,,,-0.09133400909957297,0.9272271955570123,0,1,1.0,,,,,-0.1270868999843974,,,,,True
EIF4BP9,1,-0.10910254565368,1.210456714953828,0.0,,,-0.09013337222706196,0.9281812299370346,0,1,1.0,,,,,-0.10910254565368,0.9543772637053018,,,,True
RPS3P2,1,0.1231458957453491,1.5059956372616343,0.0,,,0.08177041997894921,0.9348292787167305,1,0,1.0,,,,,0.1231458957453491,,,,,True
RPL9P21,1,0.1171813645207094,1.6365316978434208,0.0,,,0.07160347989295165,0.9429174706324588,1,0,1.0,0.1171813645207094,0.9635117504394262,,,,,,,,True
RPL21P4,1,-0.1290880419721913,2.3538413912115868,0.0,,,-0.05484143598381798,0.956264788914597,0,1,1.0,-0.1290880419721913,0.9719756195560432,,,,,,,,True
DDX10P2,1,0.1480502727590671,3.5425137861083646,0.0,,,0.04179243376261014,0.9666641667276408,1,0,1.0,0.1480502727590671,0.9782361486790018,,,,,,,,True
RPL31P44,1,-0.0381093384836693,1.3392973235558876,0.0,,,-0.02845472608164966,0.9772994767464513,0,1,1.0,,,,,-0.0381093384836693,,,,,True
RPL7P18,1,-0.0338292482297145,1.2099936219681846,0.0,,,-0.02795820375870047,0.9776954866729504,0,1,1.0,,,,,-0.0338292482297145,0.9867102024805552,,,,True
RPL19P21,1,0.0310172315687192,1.2018544079368654,0.0,,,0.025807811132435073,0.9794106315425328,1,0,1.0,,,,,0.0310172315687192,0.9875830156286206,,,,True
