gene_symbol,k_studies,pooled_log2FoldChange,pooled_SE,tau2,Q,I2,z,p,n_up,n_down,direction_concordance,log2fc_GSE287860,padj_GSE287860,log2fc_GSE288000,padj_GSE288000,meta_FDR,is_translation_factor
DDX39A,2,0.8204140048208483,0.06546417110960477,0.0,0.7402683757524104,0.0,12.532259874599998,4.9725277531621e-36,2,0,1.0,0.7910800922135749,1.6647836506446717e-25,0.9285640112504514,4.4534361607219653e-10,3.417433216050931e-34,True
RPS19BP1,2,0.7214047687916308,0.06887414908504166,0.0,0.019257403868523083,0.0,10.474245829170005,1.1343815765262966e-25,2,0,1.0,0.7262881852870207,8.301220413737792e-20,0.7026985303681764,1.56138589087409e-05,4.213321393997375e-24,True
RPS6KC1,2,0.6637258419012204,0.0716850305132966,0.0,0.2748984776774107,0.0,9.258918314586031,2.0651364780693103e-20,2,0,1.0,0.6428927685070118,4.0761111536232495e-14,0.7315330619882309,3.718697358695247e-06,5.371351521895467e-19,True
EIF1AX,2,1.2708037690025535,0.1399036455576415,0.02843429885893666,3.4106912303479957,70.68043008109036,9.083421407192505,1.0521432668588349e-19,2,0,1.0,1.1522510920697306,9.22776373799734e-56,1.4359036262702989,7.6660833187661005e-25,2.589922857283493e-18,True
RPS6KB2,2,0.5595439494466946,0.06724118492206314,0.0,0.5601655105068192,0.0,8.321446894418086,8.689594951387086e-17,2,0,1.0,0.533239681114441,1.5819642449940245e-11,0.6558294417950921,2.7233910638079356e-05,1.7407847077613851e-15,True
EIF4ENIF1,2,0.702094826154795,0.08458698099432126,0.0028082550369432496,1.2071034390056843,17.157058153713788,8.300270536927309,1.0387458182303477e-16,2,0,1.0,0.6437076988292919,2.180003852180066e-12,0.8246382305227715,2.0410319237929667e-08,2.059012895062703e-15,True
RPS6KA5,2,-1.6298711068706984,0.20038907865265407,0.0,0.01565747287679257,0.0,-8.133532614798074,4.169578412266808e-16,0,2,1.0,-1.6101645691711974,1.6743176366057354e-09,-1.66177615738247,1.5470785250867784e-06,7.773993176375867e-15,True
EIF3B,2,0.9219902494784217,0.1157313042001915,0.016884784344708866,2.572162797870711,61.12221198332312,7.966645289709749,1.6303977715062053e-15,2,0,1.0,0.8249236678192462,1.7692783858281191e-25,1.0599752752507925,2.4808777747022736e-16,2.8349049340012326e-14,True
DHX38,2,0.4753424663298567,0.062010187439810946,0.0,0.27863146058315325,0.0,7.665554418638698,1.7806034849834066e-14,2,0,1.0,0.4558908704174739,1.6487303516414891e-09,0.5304233628968107,5.204686173181348e-05,2.780310466477822e-13,True
EIF4B,2,-0.5107848814013983,0.06879867926292786,0.0025680688278207665,1.3016383408919208,23.17374430482966,-7.424341380876399,1.1334248123110831e-13,0,2,1.0,-0.4647667172324102,9.472171649344344e-12,-0.6136411850762195,3.0868479910986597e-07,1.6418094338946159e-12,True
DHX15,2,0.7948810708472807,0.10865865128478906,0.015444848718609313,2.7225496049367965,63.269723417097666,7.315396072457552,2.566233289858874e-13,2,0,1.0,0.7043737216176243,3.0608724449737533e-24,0.9253312784770574,1.4316478895113495e-14,3.590248074393199e-12,True
EIF3F,2,-0.4410789244578081,0.06454853828336192,0.0011316411351148966,1.1210843923229392,10.800649188599147,-6.833290670681244,8.298856089458803e-12,0,2,1.0,-0.40144485338928154,1.8532739106462195e-08,-0.5462034721560453,1.8658024318293113e-05,9.903406782040477e-11,True
RPL22L1,2,0.964633771010613,0.14255823126800227,0.027272329004115334,2.813679537628377,64.45934987881063,6.766594692081654,1.3184875855568383e-11,2,0,1.0,0.8480286600817378,4.4448187554329724e-24,1.138921580012891,9.953012008785824e-13,1.5430975589571674e-10,True
EIF4A3,2,0.7217280609667253,0.10704908384294347,0.011959169219157193,1.83628138378196,45.542115231793915,6.742029310830955,1.5618956252495207e-11,2,0,1.0,0.648011878015901,3.736276467948582e-19,0.8771824794253983,7.284270151290288e-08,1.8155590443872668e-10,True
EIF3E,2,-0.3834903873997439,0.05692435328044096,0.0,0.2493398833036511,0.0,-6.736842235351491,1.61865763416928e-11,0,2,1.0,-0.3950378581582014,8.30204782998934e-10,-0.3135221245878218,0.0743036624588606,1.8780617319187744e-10,True
DDX55,2,0.5640613882355595,0.08405432554784677,0.0,0.8632656421931768,0.0,6.710676512590364,1.937241467972602e-11,2,0,1.0,0.5081331661666331,3.828780674010678e-06,0.6731133740324224,1.4235442178487222e-05,2.2230465620592364e-10,True
DDX5,2,0.4357286496666619,0.0653554986614675,0.0,0.7755422248932018,0.0,6.6670541666842205,2.609887901931935e-11,2,0,1.0,0.4670073197346874,2.126467321122577e-09,0.3298224377201953,0.0351120441329072,2.951759704581397e-10,True
RPS17,2,0.6854687491809208,0.10313661874376877,0.0,0.19882780073733713,0.0,6.646220881876011,3.0071388353104765e-11,2,0,1.0,0.6587959762493549,1.6601654907965646e-07,0.7647617254682025,0.0006786147882416,3.374697938482216e-10,True
DDX21,2,1.6383891337102707,0.25145273470504187,0.11631670835959546,12.241949114025767,91.83136614369451,6.515694234274794,7.235422914098924e-11,2,0,1.0,1.3968904916090543,4.553831599052546e-81,1.9002062488729472,5.837058981462208e-51,7.785728508308391e-10,True
DHX36,2,0.47069090902013805,0.07437530857020587,0.0,0.5878190693903763,0.0,6.328591007805148,2.474099200813412e-10,2,0,1.0,0.4379071884346543,1.500738159003773e-06,0.5698752226722509,0.0004722490309344,2.4874405793121926e-09,True
EIF4EBP1,2,1.0101756422544037,0.16133463969800238,0.035080627118232,2.6410932800531204,62.13689203813782,6.2613685699817605,3.8161337401247924e-10,2,0,1.0,1.1312887661118691,8.809510857472348e-50,0.795261971981008,0.0001423245118004,3.7176210274335213e-09,True
EIF4G1,2,1.3319796469037188,0.21430616322059504,0.08114251957820962,8.46084281063828,88.18084649034438,6.215311901845081,5.122280042436642e-10,2,0,1.0,1.1265387236874305,8.256992578980947e-40,1.5555336052646838,5.602523680441123e-36,4.9213089530165514e-09,True
EIF6,2,1.0977129824995513,0.18010778597314697,0.05141144885408033,4.518156393338065,77.86707867229914,6.0947558517165605,1.096046023122716e-09,2,0,1.0,0.9399679173902317,6.338118532983946e-33,1.3033537392843568,1.8482826965854763e-16,1.0068118371426276e-08,True
EIF4E2,2,0.6277947081851489,0.10307970199081523,0.012029314823274313,2.172151802825957,53.96270192999376,6.090381482099043,1.126419483811794e-09,2,0,1.0,0.5450353967078951,1.2515311283361649e-12,0.7561841881463935,5.157907816140058e-09,1.0326974342580279e-08,True
DDX10,2,0.8930865018207128,0.14862657872225135,0.026302577870830842,2.27040983734461,55.95508865617125,6.008928614912711,1.8675332513708904e-09,2,0,1.0,0.7773743260585211,4.846889791791962e-15,1.083990006634934,1.0558714186888417e-08,1.6541636244856648e-08,True
EIF3J,2,0.981463081250146,0.16397936284645284,0.04130965326663805,4.1801479083250035,76.07740151949066,5.985284149257058,2.1601241593983213e-09,2,0,1.0,0.8328319417084794,2.791866802139318e-20,1.1623755839897931,1.1658847163175182e-16,1.899033522204939e-08,True
EIF4G2,2,1.243778719980233,0.20874438979768709,0.07861293474710943,9.998928598561278,89.99892848375887,5.958381545897787,2.5474819574499288e-09,2,0,1.0,1.0448021897173865,2.428644577701585e-52,1.4627704785280753,2.403438131871688e-36,2.2198812004044244e-08,True
RPL17,2,0.7679846552861181,0.13037585633575202,0.014111016190648891,1.646656525092108,39.270881039136945,5.890543516802346,3.8492748746759576e-09,2,0,1.0,0.6650654246186262,5.4129436581772696e-08,0.9331419714168302,4.3147968224553236e-07,3.2665928420470013e-08,True
RPS6KB1,2,0.6161490544423935,0.10483422017623968,0.010526555011853195,1.7802059942482131,43.82672548958003,5.877365743805491,4.168465417558762e-09,2,0,1.0,0.5384850957270653,1.6315574863728366e-10,0.7576588860522416,6.523850415757856e-07,3.526341971161233e-08,True
EIF2B4,2,0.4273416726431985,0.07371033363397826,0.0,0.04499443000704673,0.0,5.797581581508495,6.727805498301174e-09,2,0,1.0,0.4177080612003396,5.911177718484714e-06,0.4527178606169166,0.0036890383891422,5.537207401158628e-08,True
EIF2S1,2,1.24801164109463,0.22181715114019135,0.08550358828593438,7.509310507160132,86.68319815718768,5.626308131177243,1.8410735582379515e-08,2,0,1.0,1.0367360017678515,1.619818328602376e-28,1.480896268478712,5.049104891076468e-27,1.4150716806195456e-07,True
DHX37,2,0.5541482763385768,0.09952578837281913,0.005881382594924165,1.3186338188879023,24.163935000289076,5.567886327740125,2.57847936303388e-08,2,0,1.0,0.4914170768046807,1.8224050538832408e-07,0.7120502872172134,0.0001127736023926,1.9437688104600078e-07,True
DDX60L,2,-0.48113636717718533,0.08647480123193188,0.0,0.9742535791237003,0.0,-5.563890987002579,2.6382479322393496e-08,0,2,1.0,-0.4397218633166445,1.8816255172028222e-05,-0.6570496737157357,0.0027184340447268,1.9872338724799677e-07,True
RPL31,2,-0.4561546420447529,0.08301736285912034,0.00427124243556615,1.4121171685857379,29.184346579291365,-5.4946896207585265,3.9139817432608475e-08,0,2,1.0,-0.3912463230613037,9.113414382114707e-06,-0.5623333668063693,8.621859429221084e-06,2.863410652966007e-07,True
EIF4E,2,1.3398418016119618,0.2452063531773927,0.10672720675333727,8.774429706059545,88.60324792038156,5.464139832635834,4.651567688477315e-08,2,0,1.0,1.1045002975529197,1.1925776347077742e-30,1.5953265104352379,4.834542081145367e-30,3.354793992405834e-07,True
RPL10,2,-0.3338900129892799,0.0626659581493861,0.00013961474933736734,1.015292899006442,1.5062548966320513,-5.328092362257304,9.924965314100542e-08,0,2,1.0,-0.2924112971708279,0.000273637047315,-0.4285656130721941,0.0005154629096392,6.823549537416112e-07,True
DDX51,2,0.43485458233430596,0.08259149821801097,0.0,0.0503111453405262,0.0,5.26512524553618,1.4009381670308727e-07,2,0,1.0,0.4468040502997748,2.1462750001345516e-05,0.40613445748099375,0.0184235316797285,9.388279937138207e-07,True
DDX56,2,0.8732454015651502,0.1663268919978697,0.04512280603509259,5.2659065866579455,81.0099175983549,5.250175669586459,1.5195422783870274e-07,2,0,1.0,0.7199829580114668,2.4792645412298503e-19,1.0537503860885171,1.4048325408785224e-16,1.0114847133911758e-06,True
EIF2B5,2,0.5351529803332856,0.10411731658241262,0.012644613351600454,2.225342576374005,55.063098571123824,5.1399036961319755,2.748793158571614e-07,2,0,1.0,0.4533273532546064,5.935723330421256e-10,0.6676348933884555,5.662032377514969e-07,1.7588353370391458e-06,True
EIF2S2,2,1.0982498662338902,0.21675540367136584,0.08463994804042445,9.788684796889587,89.78412298741343,5.066770413248862,4.046218059693145e-07,2,0,1.0,0.8934862721371184,5.715850502931292e-41,1.327699369833307,5.1159672641183047e-26,2.526337277257348e-06,True
DDX23,2,0.434665388819424,0.08797508299896645,0.006867270948370997,1.7107401499828487,41.545768946264246,4.940778388632274,7.781130795068727e-07,2,0,1.0,0.3666698123026842,3.284884108723839e-06,0.5484906643028905,1.4138001683498377e-05,4.63251577622318e-06,True
EIF3J-DT,2,-0.8232642622808541,0.1666606082514434,0.02039140567555298,1.5332459625438049,34.77889233499742,-4.939765136574941,7.821672361213317e-07,0,2,1.0,-0.6912888361165614,4.276032209476377e-05,-1.033725854639448,2.386452012509534e-05,4.655180538369405e-06,True
RPL11,2,-0.3182458054321835,0.06451303408112001,0.0,0.19035647461578176,0.0,-4.933046631042259,8.095681774724043e-07,0,2,1.0,-0.2980777014238055,0.0005534288501542,-0.3575281603939464,0.0036199015726331,4.8076248344316755e-06,True
RPL7L1,2,0.9514052912657194,0.19323042125458587,0.06522427780501766,7.673105445370621,86.9674669907824,4.923682746684174,8.49304879070344e-07,2,0,1.0,0.7704562757408516,4.420601025288667e-27,1.1577506841374112,2.206858436662795e-20,5.019855674128577e-06,True
DDX18,2,0.9737576419717499,0.1991944332553142,0.06667895438619685,6.089106508467728,83.57722929284675,4.8884781871572285,1.0161845459274827e-06,2,0,1.0,0.7885983741106563,3.263493566028578e-19,1.1880511131993017,7.873647478614166e-17,5.931733163161942e-06,True
EIF1AD,2,0.6934583672318757,0.14233411864633996,0.027929313078264566,3.090193526067676,67.63956718035983,4.872045956563118,1.104484681059709e-06,2,0,1.0,0.5694367251968758,5.829412568152022e-10,0.8568089002389547,3.6707131652374202e-09,6.401523862430095e-06,True
DDX11,2,-0.5008181810927671,0.10358918253558264,0.007985255246361855,1.5560681756377834,35.735463544832704,-4.834657141161793,1.3337531115102466e-06,0,2,1.0,-0.4161411505756186,0.0001043524086065,-0.62754344144796,2.0961568969883284e-05,7.638657190647644e-06,True
RPL32P1,2,-2.7439062949668322,0.5768927598918946,0.0,0.7978519485326364,0.0,-4.75635418874215,1.97120497903044e-06,0,2,1.0,-3.19595082437715,0.0001108492458623,-2.1565099102355823,0.0306457843173923,1.1001707457060528e-05,True
DDX12P,2,-0.7023265013577539,0.15240319048303855,0.0,0.4145824332880142,0.0,-4.60834513458508,4.058865210573582e-06,0,2,1.0,-0.694120465609913,2.2201345518918455e-05,-1.8757792574015164,,2.1566729904150995e-05,True
EIF5A,2,1.6676922715530715,0.36423735805940194,0.2480912891453749,14.841750445678429,93.26225027391445,4.578586558057273,4.68128443675151e-06,2,0,1.0,1.3213887470443768,2.9515051959152175e-84,2.050792192913421,1.3781304719758448e-29,2.4603200454498376e-05,True
DDX42,2,0.2637777252471181,0.058048081860769214,0.0,0.745645863536466,0.0,4.54412474609928,5.5163983605816145e-06,2,0,1.0,0.23633565925898006,0.0010866009686646,0.355334725604322,0.0086760838000624,2.8727681838526654e-05,True
DHX9,2,0.9434289964839581,0.20878813658309453,0.07778968745864227,8.985041126332828,88.87039039733207,4.518594839359983,6.225138820364296e-06,2,0,1.0,0.747391359042762,3.65538045679862e-29,1.1657969384099929,6.230134596767971e-20,3.2046361160820134e-05,True
EIF2D,2,-0.48940014357074124,0.10938872717327001,0.011342003009266868,1.7847641098717546,43.97018662192531,-4.473954092139121,7.678623471960188e-06,0,2,1.0,-0.4063537577312979,1.1323720312401038e-05,-0.6334870115498271,6.1019801894771674e-05,3.871383095059767e-05,True
DHX8,2,0.27496484092669043,0.061643057110210904,0.0,0.7094815461975441,0.0,4.460597086141981,8.173162248840991e-06,2,0,1.0,0.2442447918465874,0.0019081839981701,0.362723006467495,0.0073611901909277,4.0965881902561806e-05,True
RPL18,2,-0.3200975625296954,0.07269588396028458,0.0,0.6963939953794929,0.0,-4.403241904377585,1.0664513850609916e-05,0,2,1.0,-0.290185614572814,0.0010518899229965,-0.4431329283478539,0.0169985538920338,5.229777612521754e-05,True
DHX58,2,-0.4802461537883214,0.10911481755784373,0.0,0.5183258052792257,0.0,-4.401291818443762,1.0760828342879808e-05,0,2,1.0,-0.5359245175030803,0.000209769470317,-0.3694093919512439,0.0938435844811933,5.271518171820231e-05,True
EIF2B3,2,1.3838096410946148,0.31837975586713896,0.1833073424699815,10.256220037866225,90.24981917014286,4.346412155903793,1.3838243443520014e-05,2,0,1.0,1.0789104437097856,1.5657375897401517e-23,1.716265973598764,6.561237458726674e-23,6.630736953814894e-05,True
DHX30,2,0.6432333449604799,0.14893746126750798,0.031662801692173274,3.2428671042120643,69.16309031902264,4.31881502132739,1.5686919034154983e-05,2,0,1.0,0.5185396114266061,1.9182855298873422e-10,0.8211281496162766,2.024233211265099e-07,7.448320028546962e-05,True
RPL7,2,-0.25159910206612207,0.058930786579208305,0.0,0.04552498268082183,0.0,-4.269400031305371,1.9599947078194016e-05,0,2,1.0,-0.2441394824849307,0.0011179292269759,-0.2727933292226279,0.0393307063271944,9.12902803436734e-05,True
EIF2B2,2,0.5666786227219338,0.13356269857799027,0.02168636385096054,2.369916836127675,57.80442652013268,4.242791054352929,2.207569554355469e-05,2,0,1.0,0.4600389348876145,5.396857174182446e-07,0.7339615059872208,1.0694354238626364e-05,0.0001017643629818062,True
EIF3A,2,0.5893979509866499,0.13938281140078818,0.029753657942704445,4.115341892753802,75.70068232336233,4.228627225001698,2.3512154546369084e-05,2,0,1.0,0.46419856323568304,1.3946012526618988e-09,0.7445709790898777,1.5939781111548264e-09,0.00010772685699821807,True
EIF4H,2,0.709119603528844,0.172230205878613,0.05057095719056281,6.481521948467288,84.5715248987705,4.117277802179648,3.833738524255931e-05,2,0,1.0,0.5515409638325836,1.5333788895703034e-17,0.8973636693119134,9.689229138092778e-13,0.00016899140952777024,True
DDX31,2,0.6942942592619832,0.16876323605540244,0.04098310572660021,3.416354816405707,70.72903566111192,4.114013664884079,3.8883840197135e-05,2,0,1.0,0.5462387146052312,9.412443985924215e-08,0.886661454357048,8.968056610644092e-08,0.0001711998117260344,True
EIF5B,2,1.0793224241540216,0.26334734432450635,0.1289241553683769,13.959772307336262,92.83655937945011,4.098474685296392,4.158817119986584e-05,2,0,1.0,0.8249948451270954,1.9806368049311168e-29,1.352009421089685,2.5853882633939216e-27,0.00018170460600108436,True
RPL19,2,-0.2577258776420636,0.06318721495331481,0.0,0.07101061544433439,0.0,-4.078766216116371,4.5275337159554e-05,0,2,1.0,-0.2684741626638727,0.0010477527435244,-0.23134783720245283,0.091619599103815,0.00019617576485309743,True
DDX20,2,0.5389082605241048,0.13263892392550145,0.02063315119235337,2.236714546387158,55.29156808966772,4.062972199825674,4.8451801924278014e-05,2,0,1.0,0.4349528146603659,3.460908024175758e-06,0.7081450330081106,4.084661476628401e-05,0.00020878634351001983,True
DDX27,2,0.25179263538889773,0.06280599561653488,0.0,0.7390717770285258,0.0,4.009054118435286,6.096244548296934e-05,2,0,1.0,0.2225834841742993,0.0049638733086584,0.351601678104671,0.0184977382561258,0.00025768435710208656,True
RPS6KA1,2,0.7744441666832436,0.1949637205283909,0.06583098078473035,7.2911706237901655,86.28478125670071,3.9722475780844975,7.119766502914164e-05,2,0,1.0,0.5908201178148759,1.2899572067337416e-13,0.9814478383511136,1.3730317457665806e-14,0.00029662018366455003,True
RPS9,2,-0.292091627691367,0.07438336825710987,0.0030422470767435105,1.2389583233404455,19.287034829079047,-3.9268405630911674,8.606899310805447e-05,0,2,1.0,-0.2518009740808122,0.0002889772998578,-0.4294159194924659,0.0086868472869534,0.00035165224760637316,True
EIF5A2,2,1.7252104646923638,0.4419853507630014,0.0,0.04496901637446113,0.0,3.903320464612967,9.48819388210887e-05,2,0,1.0,1.6606656420169126,0.0053243127241269,1.8613134736570096,0.0369130743889856,0.0003847376808656161,True
EIF3H,2,-0.23479491447054338,0.06016443677681597,0.0,0.02517664250748997,0.0,-3.902553186719439,9.518331383749446e-05,0,2,1.0,-0.2394418249142277,0.0010592409395922,-0.2151833056806907,0.1917759699020048,0.00038579358219411496,True
RPS2P5,2,-0.26308712967252634,0.06749634771551842,0.0,0.3598705315468884,0.0,-3.897798007995604,9.707133023402171e-05,0,2,1.0,-0.2813372154112353,0.0004696019169621,-0.1732528844835733,0.3980607511649101,0.00039268533182317136,True
DHX57,2,0.3439357498328625,0.08857089828474345,0.0019056974124928056,1.1085781094026945,9.794358059370012,3.883168811579122,0.00010310393376104737,2,0,1.0,0.2887044594540163,0.0061939198597572,0.4859712512516553,0.0071142104129907,0.0004143299566056942,True
RPS28,2,-0.29195861985655974,0.07531354996907653,0.0,0.9239146633646124,0.0,-3.876574932086416,0.00010593719487147026,0,2,1.0,-0.2560194755129792,0.0061959682979531,-0.4377763604462062,0.0226918000209262,0.00042453784137575157,True
RPL15,2,-0.34511657754229313,0.08984867658545555,0.00852362510083531,1.9726980764911408,49.3080055221268,-3.8410869325832633,0.00012249072193041793,0,2,1.0,-0.2760318607718269,9.603980123035392e-05,-0.4619699868278749,0.0002178740267497,0.00048407613529311645,True
DHX33,2,0.697982194263383,0.18491493509464185,0.05351908820827694,4.457671445281634,77.56676300003038,3.7746123313735946,0.0001602566837312354,2,0,1.0,0.5297136040491792,1.18559280384536e-07,0.901190250963256,8.210936292844133e-09,0.0006170095300230819,True
RPS25,2,-0.2316219343341471,0.06291515596184818,0.0,0.18343792997535815,0.0,-3.681496624988149,0.00023186885921867774,0,2,1.0,-0.21412364032411244,0.0108898782561228,-0.2731177195049659,0.0391085907222785,0.0008613774882515132,True
DHX16,2,0.4283346180554495,0.11636980290291227,0.016405954373572,2.356431430977837,57.562949345611344,3.6808055644195816,0.00023249825164946858,2,0,1.0,0.3355773350927403,3.597134263397713e-05,0.5743278015029083,9.41687864993745e-05,0.0008633749904971686,True
RPL34,2,-0.3884745432540194,0.10686747998530914,0.012642918878888658,2.1741239798937313,54.00446298150491,-3.6351053033852976,0.0002778671126864305,0,2,1.0,-0.2971583119374109,0.0012907984516171,-0.5135416656455812,7.69664337390147e-05,0.001010939226747004,True
DDX24,2,0.5947527302908435,0.16427289826542216,0.044517997444683204,5.505775047527528,81.83725285963021,3.620516448975523,0.0002940155572300999,2,0,1.0,0.44444347721378935,2.5578950316300752e-09,0.7742864885398312,1.2656378862599716e-09,0.0010620769150585098,True
RPS2,2,-0.25786950317493124,0.07150627753607064,0.0,0.03182878777096191,0.0,-3.606249857501693,0.0003106540326165029,0,2,1.0,-0.2648406491966529,0.0032469350659747,-0.2345239451649223,0.1893650958400786,0.0011163981084353753,True
DDX49,2,0.7458911407154574,0.2085739018623023,0.07205933948154751,5.519556336130535,81.88260180525585,3.5761479938553613,0.00034869429933809737,2,0,1.0,0.5584536480880096,4.1788557401772034e-11,0.9779849012979911,5.501036674824558e-09,0.0012412594235984332,True
RPL23,2,-0.22076777376345977,0.06256533746640001,0.0,0.04252465427339916,0.0,-3.528595588284336,0.0004177710362588362,0,2,1.0,-0.2294441173962161,0.0062252433717242,-0.2015823396699631,0.1274949937934874,0.0014582106364763939,True
RPL37,2,-0.48082244123996365,0.13878316848017938,0.02805438695892303,3.5135826705784243,71.53902174058211,-3.4645587538133875,0.000531102110940852,0,2,1.0,-0.3594222529097204,1.2659566210149505e-05,-0.6394776140062781,2.916806199474199e-06,0.0018150968876818846,True
RPS19P3,2,-1.290012623695759,0.37279371157967567,0.07371980753193898,1.3200487892980497,24.245224259342653,-3.460392661210568,0.0005393882276729445,0,2,1.0,-1.014358781754559,0.0168157625665353,-1.7941781031777948,0.0042836542640437,0.001840076035382105,True
EIF2S2P4,2,1.0021462748798728,0.2905135117917204,0.0,0.06551104976711009,0.0,3.4495685543133963,0.0005614831446943455,2,0,1.0,0.9575559597791716,0.0117823790245124,1.1261419934976256,0.0873907092341031,0.001905661090399602,True
RPL38,2,-0.23462523156427412,0.06847568031622772,0.0,0.7217763086619481,0.0,-3.4264023443177303,0.0006116336519316027,0,2,1.0,-0.1935733392253895,0.0450665159097545,-0.3170660231206526,0.0182139879640508,0.0020559930916679773,True
RPL7P21,2,1.0443022084066544,0.3087925995198686,0.0,0.12522304268377105,0.0,3.3818887176389767,0.0007198930105773102,2,0,1.0,0.9559244546994724,0.0357289695471351,1.1794083403102087,0.0357802355522624,0.002377882000031806,True
RPL13AP5,2,-0.33049394808576493,0.09931346032178474,0.0,0.2251970421605168,0.0,-3.327786052514273,0.0008753906647670672,0,2,1.0,-0.31584565083196,0.0063462058117754,-0.4821262631450211,0.2334522707301073,0.0028323851560530314,True
RPS6,2,-0.21101935182057707,0.06356803418453359,0.0,0.2633386340311529,0.0,-3.3195827828811337,0.0009015207111040548,0,2,1.0,-0.18995243882669993,0.0275830800418533,-0.2615309650785369,0.0527277916870773,0.002905945996371184,True
RPL10P16,2,-0.47249823794889817,0.14561412195976103,0.0,0.004083055736226152,0.0,-3.244865481381457,0.001175061183389542,0,2,1.0,-0.4654604151280198,0.0249444342752387,-0.48479962181150776,0.0848028095260308,0.003673846446024982,True
DDX3X,2,0.28912342412240327,0.08958520096258155,0.006278752496440168,1.531073948509973,34.68636828592174,3.227356985482077,0.0012493947927635703,2,0,1.0,0.3522394640034529,1.3181530611813912e-05,0.1619686113896775,0.3255427185005349,0.003886249313269044,True
EIF2B1,2,0.20490815041470392,0.06460107393516301,0.0,0.07754644232918784,0.0,3.1719000619147657,0.001514451138432527,2,0,1.0,0.2156133668022106,0.010469007997457,0.1746776105169431,0.2546677741819853,0.004622144147134994,True
EIF5AL1,2,1.6671852786979704,0.527282441099194,0.42013260554849985,3.994834741125956,74.96767539079359,3.161844864817591,0.0015677306036410866,2,0,1.0,1.1845535650749217,0.0002837972070262,2.2432493143669423,1.3603830968407846e-06,0.004767754360007316,True
RPL7P1,2,-0.4613067793155433,0.14643618750771253,0.0,0.6079727049886634,0.0,-3.1502239109526604,0.0016314537367303017,0,2,1.0,-0.4154378215173716,0.0201217625948772,-0.7455316230192869,0.1054808908145516,0.0049368319647064614,True
RPL22,2,-0.2172868867867629,0.06897820450912129,0.0010120353143735427,1.0876584319916631,8.059371344287527,-3.150080352671837,0.0016322556302239505,0,2,1.0,-0.1770443935637403,0.0348650891422584,-0.335519936387679,0.0267070578878254,0.004938464937780721,True
RPL15P3,2,-0.42461738297448093,0.1350703884084281,0.0,0.32724805296536075,0.0,-3.143674849668128,0.0016684070887193305,0,2,1.0,-0.3878279668095269,0.0223446465574635,-0.5869009230741276,0.111748808188198,0.005032480199851627,True
EIF3C,2,0.8255849181919468,0.26291077134594615,0.1213710425651378,8.088732791923873,87.6371240622704,3.140171526504772,0.0016884894081278072,2,0,1.0,0.573586404272483,3.142134323483124e-07,1.0998804789658134,3.8428282165360746e-12,0.005084097224888829,True
RPL14,2,-0.17729727896058636,0.0565647389380769,0.0,0.1002352664428568,0.0,-3.134413457731662,0.0017219803894256986,0,2,1.0,-0.1875313492943803,0.0101657155899622,-0.1459598237709178,0.2952847118694255,0.005173673819065229,True
RPS2P36,2,1.4247303334523886,0.4553291010760373,0.0,0.3544257557826137,0.0,3.1290122464947987,0.0017539499804293112,2,0,1.0,1.6394974159607296,0.0119279649901581,1.082586771475963,0.2209178641961923,0.005255152280264815,True
EIF3I,2,0.6646767342646895,0.21343992492175903,0.08069290202741722,8.456119826677732,88.17424515621035,3.1141162296994858,0.0018449679513577921,2,0,1.0,0.4649450827872056,1.1025427806813861e-10,0.892765778808247,5.523894982664563e-11,0.005502469352552833,True
DDX54,2,0.5590939871579657,0.18056385146812742,0.05003750823892967,3.9888907985131423,74.93037411872119,3.0963782762279815,0.001959002741769193,2,0,1.0,0.4044027448901549,2.305971382364664e-06,0.7698577251629858,1.275986620107169e-05,0.005802631435087641,True
EIF1B,2,0.5850301835703938,0.1900652592383276,0.05803488172975779,4.966753534379959,79.86612395646408,3.078049012822537,0.0020836064257820693,2,0,1.0,0.4088342954612626,6.901785587094099e-05,0.7900565502864996,1.515551330315273e-07,0.006136439256162363,True
RPL7A,2,-0.19224514379427166,0.06380074080037264,0.0,0.16993480407579462,0.0,-3.01321178065614,0.0025849845448933833,0,2,1.0,-0.1744360844183967,0.0500840540254141,-0.2310863578457867,0.0809809946755966,0.007415881164668998,True
DDX6,2,0.17487009666551312,0.05906836867202734,0.0,0.5643338850086428,0.0,2.960469378060297,0.003071706563486968,2,0,1.0,0.149961546892674,0.0561007519816354,0.253919325745612,0.069607306968341,0.008638486603498073,True
DDX1,2,0.9151538377625428,0.30921343741721824,0.18079590579926239,18.08336457284569,94.47005563609761,2.9596185903387373,0.0030802012541362406,2,0,1.0,0.6145676408645628,1.3888622045686812e-16,1.2332421294608582,3.3624443325477072e-21,0.008657204450244708,True
RPL36A,2,0.4233587134272551,0.14321408615402131,0.0,0.05385520851500292,0.0,2.956124811437535,0.003115309965904193,2,0,1.0,0.4032259602055568,0.0356313055887322,0.4782237930453366,0.1444864999562992,0.008748046818959418,True
RPL12,2,-0.19888981942365824,0.06729729071468794,0.0,0.2470545809836407,0.0,-2.955391180112539,0.0031227283612748204,0,2,1.0,-0.2219323376842237,0.0160601064526029,-0.1503321167056223,0.3005568254544548,0.00876495718753408,True
RPS18,2,-0.19845933228797677,0.06728714518296172,0.0,0.2544309087473669,0.0,-2.949439031011679,0.0031835137952516738,0,2,1.0,-0.1760823063440678,0.0597726199164851,-0.24993852279351372,0.0787350445468425,0.008910337140069006,True
EIF1,2,0.4574682772704031,0.15636795196896663,0.03987230047338658,5.152180224996997,80.59074107795632,2.925588469440298,0.0034380540470067764,2,0,1.0,0.3171153843295265,5.272913437616657e-06,0.6316786970960135,1.2270813896273537e-06,0.009536308110058124,True
RPL6,2,-0.17099481427689758,0.05930777177747151,0.0,0.04815468541699046,0.0,-2.88317718154185,0.003936859339243782,0,2,1.0,-0.17891528016857278,0.0232347791378101,-0.1496097264928568,0.2830800060422554,0.010734867972386283,True
EIF3L,2,-0.4860078514989647,0.1698631369284227,0.04852429286038851,6.1154052260244365,83.64785385366703,-2.8611731791092483,0.004220764261079018,0,2,1.0,-0.3280123318568826,2.535589119082258e-05,-0.6686300255487594,6.72279559799613e-08,0.011408240534000141,True
RPL4P6,2,1.6383807208272851,0.5870803485129437,0.2966117993741788,1.7444424681331974,42.6750942912928,2.790726558940787,0.005258988034752203,2,0,1.0,2.1744130802700607,0.0005556848902596,0.9953909282551185,0.2248095181101713,0.01385256730765404,True
RPL5,2,-0.19762272200626074,0.07086034000401221,0.0019803071084390604,1.1846550764849173,15.587243928656585,-2.7889045126663388,0.005288665550062711,0,2,1.0,-0.2408393877282305,0.0017352048413744,-0.0814363457182903,0.6307251177853772,0.013907395751044676,True
RPL13A,2,-0.3741894020809635,0.1346062169565821,0.02513260993167742,3.012881983039458,66.80918782649498,-2.779882018388944,0.00543786510813334,0,2,1.0,-0.2633183074820366,0.000898958407341,-0.5376119217999834,0.0004516538718363,0.014257927854533408,True
DDX59-AS1,2,-1.5176502224802615,0.5475079835028244,0.0,0.057868324833974194,0.0,-2.771923457208241,0.005572613846315734,0,2,1.0,-1.390281697452411,0.1251630687508598,-1.6538447644762355,0.07026317938368,0.014562571654173132,True
RPL29,2,-0.20389557081245574,0.07533066961768961,0.0035058979851604164,1.3810825167029956,27.593030256638034,-2.7066740790602997,0.0067960941393904045,0,2,1.0,-0.1502321707370772,0.0697500059528653,-0.3096419412824315,0.0177285901703468,0.017284879624373407,True
RPS15P4,2,-0.4190897830216624,0.15698396305068218,0.0,0.06718763776938486,0.0,-2.6696343682339037,0.0075933884042746055,0,2,1.0,-0.437973614554014,0.0261902736551836,-0.3314079072534109,0.4851867412896702,0.019017302439273187,True
RPL28,2,-0.413465992674387,0.1551099709485283,0.03330813521220969,3.0466870587567176,67.17746257772609,-2.6656312946612024,0.007684391907943627,0,2,1.0,-0.2830703496136189,0.0036382935252631,-0.597974481784265,0.0005112695063509,0.01921965520234911,True
RPL30,2,-0.4094402337767645,0.15386123063857288,0.036192680468436454,4.040389453564818,75.2499106461704,-2.661100733937053,0.007788565179635629,0,2,1.0,-0.2737310474642915,0.001112186611614,-0.5838814704894211,5.3581394195651626e-05,0.019449207120768936,True
EIF5AP4,2,1.2394042077625003,0.4772873693791949,0.0,0.7957749216705742,0.0,2.596767246060977,0.009410566798236928,2,0,1.0,0.9984639365479092,0.1262891619504207,1.991790261610195,0.0770456524992903,0.02291612354553208,True
RPS26,2,0.9384153454466206,0.36325578490593247,0.251668696437921,21.294725209678262,95.30400138929471,2.583345907869381,0.009784716532699222,2,0,1.0,0.5839899395177868,2.5972557074679164e-13,1.3107215149826743,2.5831127600453647e-20,0.02367720342164727,True
RPL37A,2,-0.18545037798005592,0.07253039831486081,0.0,0.04066379982103201,0.0,-2.5568641878264557,0.010562044544424174,0,2,1.0,-0.1975735190202499,0.0724036989503513,-0.1678049203573691,0.2209226289743657,0.02531422436248589,True
RPS2P16,2,2.4429208326870135,0.9576136118923241,0.0,0.09208001859895218,0.0,2.551050655869019,0.010739871468990215,2,0,1.0,2.713643009203228,0.0760993535811239,2.1310159404489224,0.2069267529855416,0.02566855180004502,True
DHX32,2,0.6602561445488743,0.25957833249296797,0.12011473655954516,8.970260570384873,88.85205181997189,2.5435718698391776,0.010972548152700655,2,0,1.0,0.4148183264491819,7.0451506320388496e-06,0.934789674962109,3.6802664772021267e-09,0.02614832374886181,True
DDX19A,2,0.5302514784827557,0.20964610631711963,0.06567233656631599,3.727746397545302,73.17414079835221,2.52926938543125,0.011430026105710516,2,0,1.0,0.3487895722833417,0.0028072759166516,0.7724592829440922,0.0002189229587115,0.02708428609495844,True
RPS2P46,2,-0.23554244242833097,0.0933733531211939,0.0,0.08896767391709952,0.0,-2.522587382318902,0.011649500296815454,0,2,1.0,-0.2514623922512779,0.0421420504627063,-0.18681916977402752,0.4294107076987365,0.02752468508021729,True
EIF4A1P2,2,1.0467329391952072,0.4188715634818042,0.0,0.22393413244745897,0.0,2.4989353072679457,0.012456704870786133,2,0,1.0,0.9105422045257093,0.1333054701416778,1.3352254128540624,0.1258959690010241,0.029157515154974972,True
RPL18AP3,2,-0.26399001945757883,0.10596681789596304,0.0,0.3014934011119859,0.0,-2.4912517399244836,0.012729389213327226,0,2,1.0,-0.2377701941424994,0.0807219187673732,-0.3931083205471711,0.2046885330099941,0.02969980526281316,True
RPL27A,2,-0.17095348133626373,0.06932507220479771,0.0,0.4314245511540446,0.0,-2.4659690339916116,0.01366431465698911,0,2,1.0,-0.1377522478575971,0.1853094032732024,-0.23340331678565426,0.0891722939185599,0.031545017691033704,True
RPL4,2,-0.1586365212246329,0.06434275050033732,0.0,0.2291608558794061,0.0,-2.4654917607819895,0.013682532192005567,0,2,1.0,-0.1782759394809011,0.0423235111296961,-0.1103294107804655,0.4670280847638757,0.031579331254768576,True
EIF3M,2,0.3621164382021418,0.14998037444826642,0.035836007232413945,4.681302209535595,78.63842248930123,2.4144254842292625,0.015760046266407795,2,0,1.0,0.2282327480841521,0.0021763559871839,0.5301287830950744,5.776871417681614e-05,0.03562234598540057,True
RPS15,2,-0.17610946938924413,0.07320593506117032,0.0,0.018666073755021894,0.0,-2.405672016102088,0.016142750237013434,0,2,1.0,-0.1705575334138761,0.0821771297630431,-0.1941272424612722,0.2925536478988093,0.0363530411041856,True
RPL26,2,-0.19803525431252705,0.08321208253067947,0.0,0.024522814855017824,0.0,-2.3798858085244223,0.01731800372067939,0,2,1.0,-0.2074797354853674,0.0853658937317297,-0.1800562765046807,0.2995290701440762,0.03864841527187884,True
RPS12P20,2,1.5792188271343088,0.6641102930673393,0.0,0.327974915556114,0.0,2.377946620643899,0.01740934590717992,2,0,1.0,1.2765393395843083,0.2184620909572584,2.0571199619317224,0.0994036440079265,0.03880627281937797,True
RPL23A,2,-0.22466850491600301,0.09475756752487656,0.00877358597265853,1.8170413186877377,44.96547823567395,-2.3709821894385494,0.017740885962718247,0,2,1.0,-0.1537697010097653,0.0680716821802421,-0.3513137529106813,0.0144690041107502,0.03943792038294738,True
EIF4EP2,2,1.0503915905062078,0.44426541380543294,0.0,0.20397875664130904,0.0,2.364333476938696,0.018062545558060764,2,0,1.0,1.16859412667774,0.0497919932204559,0.70979275838906,0.5280601506500486,0.04003010420193506,True
RPL26L1,2,0.43387975282380803,0.18394831489666827,0.04209192453448491,2.3726408023033807,57.85287014245093,2.3587046886922396,0.018338842998028963,2,0,1.0,0.2935611749364868,0.0147866554756508,0.6750237485995894,0.0068131594964338,0.04054699453984776,True
EIF4A1P4,2,1.3523017343211685,0.5741817503200742,0.0,0.008569097458024037,0.0,2.3551806262865997,0.018513703994912513,2,0,1.0,1.373301744635037,0.0547698003092593,1.217773220683109,,0.040880811436233296,True
RPS27,2,-0.7646073807098402,0.32476598047712696,0.20076253640673195,20.546314431872222,95.13294706300823,-2.3543333559337847,0.018555961770401468,0,2,1.0,-0.4463984932376083,4.0750054838989736e-08,-1.0960655713126202,1.669933585104271e-18,0.040954912810411394,True
RPS23,2,-0.29220241981318507,0.12499107596564217,0.021770250585982125,3.205868641434536,68.80720603846925,-2.337786258384609,0.019398338816070625,0,2,1.0,-0.1804606981476473,0.0497624187819203,-0.432013842424075,0.0006500420997185,0.04261508438432851,True
RPL13P12,2,-0.37194734578835204,0.15910281954782238,0.03687188730895312,3.4789217242681896,71.25546133952308,-2.3377797253715786,0.019398677889780894,0,2,1.0,-0.234746314667338,0.0144417074585059,-0.5564481981597875,0.00070115668895,0.04261508438432851,True
RPL3,2,-0.14208325002191569,0.060905065022572515,0.0,0.08111789375337428,0.0,-2.33286426948657,0.019655270203483857,0,2,1.0,-0.1312717239689215,0.1243002924350515,-0.1699147420211266,0.2211457624202388,0.04309330459911567,True
RPL39,2,-0.13540182159693243,0.05839723281615698,0.0,0.28259212506277326,0.0,-2.3186342069186248,0.02041487870883628,0,2,1.0,-0.1207479373060324,0.1151868864067604,-0.2011663687513606,0.2228723419538156,0.044494511685890734,True
DDX58,2,-0.59454122944551,0.2570134953269216,0.0,0.4329519650069209,0.0,-2.313268525799599,0.02070788003036078,0,2,1.0,-0.4644281830827134,0.2445539348095929,-0.8143427668685954,0.09878059878499,0.04503928030165441,True
RPL18A,2,-0.19884526482542034,0.08635428065083178,0.0038143201272327694,1.2266033748343181,18.47405440776048,-2.3026683023327927,0.021297512945620534,0,2,1.0,-0.1507795529476661,0.0974274528799284,-0.3539883282567537,0.0664651202260439,0.04610869927327895,True
RPS16,2,-0.2878194992160952,0.12507287467157366,0.01925675887975213,2.469387060522745,59.50412084088956,-2.3012143917845864,0.02137951581002098,0,2,1.0,-0.183805460693195,0.0623365982919217,-0.4382148131637129,0.0042266902047269,0.04625432700120692,True
RPS24,2,-0.15474398275837928,0.06756746371862596,0.0,0.04328889930963532,0.0,-2.290214464801967,0.022008887322342355,0,2,1.0,-0.1626323767017744,0.0721166947224937,-0.1296907838452301,0.4576878446122456,0.047371054653906605,True
EIF1B-AS1,2,-0.743296148523195,0.3278745206464073,0.05591663004295055,1.320143337211454,24.25064977320527,-2.2670140609211735,0.023389366774864882,0,2,1.0,-1.1710836715210624,0.0347972376245641,-0.49199919498944905,0.2293691845362755,0.04984102814727629,True
RPS3A,2,-0.34186261606373786,0.15341002111220123,0.03618030853828241,4.08196167546469,75.50197479778738,-2.2284242814470767,0.02585223539194699,0,2,1.0,-0.2076935152657931,0.0114035763829113,-0.5172728590904732,0.0004320620244176,0.054236123514455635,True
RPL13AP25,2,-0.29789697047977454,0.13611861607503573,0.0,0.1774768566798317,0.0,-2.1885101323360363,0.028632464019551638,0,2,1.0,-0.3207174296130536,0.0592124691911306,-0.1538008128862379,0.7601757962527204,0.059217784728410425,True
RPL22P2,2,-1.0735513946113444,0.49087928122826047,0.14231124483039584,1.294435574842693,22.74625176911369,-2.1869967539170583,0.0287427609656805,0,2,1.0,-1.3647885756109337,0.0039891186608663,-0.2461760302703693,0.844298604626901,0.05939371576261708,True
RPLP1,2,-0.1660210247110198,0.07632863358331093,0.001549803771495868,1.1436013928596962,12.556944557456836,-2.1750818391084086,0.029623984131265275,0,2,1.0,-0.1060399655164139,0.3438146517641912,-0.2631526923228395,0.0510007502747048,0.060887278451850727,True
DDX19B,2,0.20168485404828634,0.09334499155968999,0.0,0.009327350705957723,0.0,2.1606392659998024,0.030723215768152647,2,0,1.0,0.20623868910677448,0.0938557672639353,0.183837943302199,0.4855356673166866,0.06274933580586578,True
RPL13,2,-0.3236075330414901,0.15285939996848685,0.03594629067749682,4.137904754219579,75.83317984832149,-2.117027367032739,0.03425752522347574,0,2,1.0,-0.18795692010822912,0.0310757163876535,-0.49585884583299,0.0005199867479312,0.0688404073720277,True
EIF4HP1,2,0.6515832998518812,0.31194716901286973,0.0,0.9668373560481633,0.0,2.088761702546496,0.03672917943680363,2,0,1.0,0.4218387602038506,0.3977734789430766,1.0610987780058656,0.0795921251400486,0.0729970636384643,True
RPL10P9,2,-0.3127272957919391,0.14987857087192014,0.0,0.35827855829217703,0.0,-2.0865377483428404,0.03692993954719208,0,2,1.0,-0.2639507026684985,0.2038626684620346,-0.4777290044629887,0.2052103078651198,0.07333414442825836,True
DHX34,2,0.23993133265820438,0.11556015497702166,0.013370391895183563,1.8560364135462226,46.12174671242806,2.0762462001363104,0.037871186321824984,2,0,1.0,0.3265535282392487,0.0005177687154873,0.0857658866228516,0.6763580346358132,0.07488735793618463,True
DDX46,2,0.28525846907187014,0.13832437508682105,0.02857123986117943,3.7399020330169632,73.26133168270978,2.062242962549616,0.0391846102995293,2,0,1.0,0.1647463336078641,0.0450163063675268,0.4440278134992145,0.0013060552571019,0.07703961124978453,True
EIF2A,2,0.38771020019526586,0.1882543890155931,0.057365209314633805,4.989269423189266,79.95698537841689,2.059501519314654,0.03944621962225455,2,0,1.0,0.2191142548452015,0.015960025247054,0.5979152256485707,0.0002289959060772,0.0774569094584646,True
RPL5P30,2,-1.3498637879760553,0.6595342678243905,0.0,0.010965703329289497,0.0,-2.0466924219553575,0.04068829378199464,0,2,1.0,-1.4105395005954096,0.1849381587936637,-1.271250431888297,0.2985590593635671,0.07957225674615652,True
RPL34-DT,2,-1.3101258458236607,0.6402005479682679,0.0,0.20800484711036332,0.0,-2.0464303724535364,0.04071404637456478,0,2,1.0,-1.7272689637597824,0.2038626684620346,-1.1057542879291355,0.2427212761373308,0.07960608527457474,True
EIF4BP6,2,-0.6080762520720621,0.29770624974779025,0.11496802487459878,2.655487109641925,62.34212561721516,-2.0425377451337012,0.04109821928309349,0,2,1.0,-0.3642387359089276,0.0884100455906007,-0.9715519490587319,0.0075595481464972,0.08024059795955765,True
EIF5,2,0.7593057654210508,0.3750570874871103,0.2689070424086343,22.396102052210875,95.53493729547779,2.024507177049803,0.042917994270215976,2,0,1.0,0.3925056974382421,3.3191876992298867e-06,1.1428057457997534,1.0356499575701765e-15,0.08318978384996778,True
RPL7AP66,2,-0.5750363568474604,0.28496207423160225,0.0,0.005997929521170672,0.0,-2.0179399606001636,0.04359751461910835,0,2,1.0,-0.5669096725829317,0.1158378020893271,-0.6349688159859586,0.5512828868812656,0.08424677247741708,True
DDX28,2,0.40908690100394784,0.20352821319571882,0.06171118525169299,3.8120068620423435,73.76709863884572,2.0099763791006096,0.04443368891771872,2,0,1.0,0.2246831623513952,0.1047173524906849,0.6337229841404789,0.0008807918523442,0.0855815481241241,True
DDX41,2,0.6988811799430957,0.3514340007851729,0.23649643910845372,23.20416266802351,95.69042841878517,1.9886555608781658,0.046739234211287846,2,0,1.0,0.3555883900216523,1.5252993712338605e-06,1.0586494609376806,1.862937684783413e-15,0.08922815484922561,True
RPL7AP6,2,-0.2545427889019436,0.1281168010038492,0.0,0.7101332030047284,0.0,-1.9868025653738888,0.04694428023409741,0,2,1.0,-0.3122630884447178,0.0646227452454774,-0.0526022946268573,0.8933176043576341,0.08953790550879048,True
RPS4X,2,-0.44556174365749246,0.2276519733391548,0.09398455090963163,10.598790728642761,90.56496136585143,-1.957205716788129,0.050323286967583675,0,2,1.0,-0.2256782267436528,0.0104606683984437,-0.6812566319902036,2.5537939992766366e-08,0.0949251544512239,True
RPS15A,2,-0.15228748067313097,0.07851138612067436,0.0,0.24245807268657762,0.0,-1.9396865626478754,0.052417793611262926,0,2,1.0,-0.1837540660140738,0.1276461364771698,-0.1047919962797015,0.5101695833732451,0.09812898613119517,True
RPS12,2,-0.1269690902312066,0.06548919465084024,0.0,0.7803559802267679,0.0,-1.9387792277512386,0.05252822652804342,0,2,1.0,-0.0861016665402781,0.4021650842816467,-0.208863602743731,0.117928210901294,0.09830904766867901,True
RPL41P1,2,-0.20549818348606888,0.10758879762444913,0.010664276470065825,1.726112688699843,42.06635484771111,-1.910033275056977,0.05612892911479205,0,2,1.0,-0.1260816195259254,0.2256435370331942,-0.3512530335710455,0.0395032213892332,0.10385809808004806,True
RPS14,2,-0.3874405287273071,0.20299431559789946,0.07126723714455895,7.326662684007908,86.35122097018709,-1.9086274784894335,0.05631016456113387,0,2,1.0,-0.191995821656441,0.0677014219254008,-0.5982760779863542,3.056530177509471e-06,0.104142281364242,True
RPS2P55,2,-0.3078101986857172,0.16153951961427795,0.0,0.0093864151425018,0.0,-1.9054792252738062,0.056717805418884486,0,2,1.0,-0.3235050645527912,0.2514222495290621,-0.2922039068493229,0.2950782724968225,0.10482061918876373,True
RPS11,2,-0.26542433164190576,0.13993174431781819,0.02802452934788545,3.3439801261226862,70.09551605321617,-1.8968128564099376,0.05785264191163724,0,2,1.0,-0.1442698945277553,0.1247659882672537,-0.4270436130668058,0.0038049988788417,0.10654504643892819,True
RPS3,2,-0.18164247698703398,0.09803452510006763,0.00871509596766404,1.717582901204433,41.77864723159722,-1.852841912597878,0.06390502086213684,0,2,1.0,-0.10813838831457599,0.2717566130250953,-0.3123939533358177,0.042400379105743,0.11557774182240672,True
EIF4A1P10,2,0.9971841014999502,0.538765349451231,0.4891866135864883,6.192871472896262,83.85240184013824,1.8508690332732973,0.06418839669155718,2,0,1.0,0.49487108709077626,0.065773113260425,1.5750470941813632,7.389556170764204e-05,0.11602079836147873,True
RPS3AP26,2,-0.2407632935572824,0.13010129434234616,0.0,0.0489239898800541,0.0,-1.8505833840802712,0.06422951195253786,0,2,1.0,-0.231335034086259,0.1602366436551638,-0.3285954561726085,0.541711858924797,0.11606428745592942,True
EIF3FP3,2,-0.4296999188502615,0.23484841843016063,0.0,0.08752402607257792,0.0,-1.8296904945010133,0.06729623308639848,0,2,1.0,-0.3805288744590627,0.2882006639216364,-0.5278731609870918,0.2880648427042612,0.12059910213646458,True
DDX17,2,-0.3507419199791889,0.19252903284820475,0.06426074043453096,7.17947502050595,86.07140498234467,-1.8217611899381618,0.06849122888461849,0,2,1.0,-0.1737334472476655,0.016761861911133,-0.560152395746001,5.902276131416473e-05,0.12241442019041865,True
RPL41P2,2,-0.5017929410835944,0.27651220807064913,0.0,0.5044330528917301,0.0,-1.8147225563197769,0.06956655686811633,0,2,1.0,-0.4363841561593782,0.2208888245836099,-1.0914453470587435,0.3090253799793842,0.12405246903744416,True
DHX29,2,0.297219742209481,0.17100911757995982,0.04207662539406167,3.2969256179569086,69.66871213128259,1.7380344768489204,0.08220473900170792,2,0,1.0,0.1543243184016307,0.1381030562827207,0.5018737298333306,0.0085533908601478,0.1426988790690599,True
RPS8,2,-0.10048059347758312,0.05789540080564625,0.0,0.3156513486077048,0.0,-1.7355539832066202,0.08264272850028946,0,2,1.0,-0.11863240116583688,0.1338007143889299,-0.042193030568055,0.798436111266019,0.14327427917408864,True
RPL7P46,2,0.6312643454622676,0.3652767716046587,0.0,0.7399436494658259,0.0,1.7281809152252607,0.08395579421653898,2,0,1.0,0.4418009716444069,0.4224590787946882,1.1523600486990109,0.1722588717127542,0.1450626849973244,True
DDX25,2,-1.623177528910355,0.942880167321163,0.5022776248754939,1.3468005179188753,25.749954303163175,-1.721509885526598,0.08515833989405018,0,2,1.0,-0.9293319126950568,0.4426155923953259,-2.9044755426917424,0.0795850367671152,0.14666030528681362,True
RPS6KL1,2,1.0890046108531848,0.6392654343017034,0.7781252161943253,20.806342761620712,95.19377330529902,1.7035249403759027,0.08846987472582013,2,0,1.0,0.4564597093000482,0.0214741918264412,1.7350619808351893,2.5469070725145813e-14,0.15136981745974187,True
RPLP2,2,-0.12152240090493273,0.07152410722393622,0.0,0.07182380291302247,0.0,-1.6990411432114192,0.08931143175976516,0,2,1.0,-0.1087421409787116,0.3129149849078395,-0.1502721196799676,0.3447850448640411,0.15250485776823883,True
RPS3AP6,2,-0.21344344885201014,0.12630768887497446,0.0030615779695243503,1.0444089210673349,4.252062594596675,-1.6898690076048097,0.09105301804284888,0,2,1.0,-0.1652929642737692,0.2808787660092787,-0.544772041049538,0.1946354098277472,0.15497282924483796,True
EIF1AX-AS1,2,1.5344587374310448,0.924825926532376,0.0,0.4459886505849853,0.0,1.6591865489589805,0.09707820722406121,2,0,1.0,2.1254245661360684,0.1688625102665902,0.8889807592142724,0.6126526132840155,0.16324919565691295,True
RPS13,2,-0.2847376460042178,0.17187360097134058,0.050248599756283055,6.490037815447178,84.59176928646143,-1.6566688798921305,0.09758643805453109,0,2,1.0,-0.1250523120656762,0.1297193042128893,-0.4697298051603299,0.0002012157005178,0.1639295463875892,True
RPL9,2,-0.09401558448288763,0.05772936734040993,0.0,0.8026923700691554,0.0,-1.628557332501334,0.10340676294525208,0,2,1.0,-0.0644544846100176,0.4568469351027138,-0.184510075615202,0.1851813455857334,0.17180631313058425,True
RPL18AP7,2,-0.8719053376736291,0.5374346822943015,0.0,0.2041528303104552,0.0,-1.622346615130004,0.10472915285197514,0,2,1.0,-0.6833693462822189,0.4391668499413551,-1.1846662814256683,0.2668652936199475,0.1736816096306071,True
EIF4E3,2,-0.4869189379637113,0.30029155864269963,0.11621406762762551,2.4859628413322046,59.77413727294052,-1.6214872644591027,0.10491317911623471,0,2,1.0,-0.7148249967407868,3.413278668360479e-05,-0.0912514393639226,0.8594354939552625,0.17394084133983237,True
DDX50P1,2,-1.0969406762287093,0.6815577726812054,0.0,0.3957091670143177,0.0,-1.6094610320610292,0.10751556919356331,0,2,1.0,-1.4271808854797117,0.1693310427500987,-0.5403300278793092,0.7206572251996107,0.1774275421509062,True
RPL7P9,2,-0.2240517196186516,0.14032631724129765,0.008755978665601113,1.222614834572712,18.208092056278126,-1.5966478991491255,0.11034421541279917,0,2,1.0,-0.31313847799093636,0.0483731920686104,-0.0030146578791664,0.9931535098692964,0.18103785690841476,True
EIF4BP3,2,-0.3439491662437843,0.2199126816541555,0.0,0.0003021858826410147,0.0,-1.5640260655121931,0.11781144724884117,0,2,1.0,-0.3403406012510638,0.3767333338289986,-0.347999027906218,0.3823162572500376,0.1909872041273182,True
RPL41,2,-0.10042324766086684,0.06425831511675428,0.0,0.03866856034765746,0.0,-1.5628054902840607,0.11809835243942751,0,2,1.0,-0.0935683727524838,0.3062278216837329,-0.1237158030720982,0.468966139363337,0.19129250254968913,True
RPL21P75,2,-0.47081117813941264,0.3021558144756286,0.0,0.09529223720755269,0.0,-1.5581734839571901,0.11919212886267277,0,2,1.0,-0.4485623800056082,0.2400876931688273,-0.86184370048503,0.6142982356855222,0.1927939339128149,True
DDX50,2,0.5107648685403654,0.32904663674337314,0.19961691443054205,12.56495875830015,92.0413586766497,1.5522567669904985,0.12060079802490287,2,0,1.0,0.194387995231933,0.0753743270848904,0.8529886474781277,5.870670690330821e-07,0.1946044239594641,True
RPS23P8,2,-0.28553090083069327,0.18622151785735025,0.0,0.3764872617803302,0.0,-1.5332862932060094,0.12520533033862583,0,2,1.0,-0.3370676117469153,0.1718416260252192,-0.0321969986644681,0.9614672224527216,0.20042005913011415,True
RPLP0,2,-0.15262465429886768,0.10016364498996573,0.01181837615262937,2.2794131576731145,56.12905906795649,-1.5237529975487356,0.12757042496403154,0,2,1.0,-0.0722702100033126,0.4109623540559965,-0.2774809191343755,0.0393333730602808,0.2036347098836719,True
EIF3K,2,0.26508168428322343,0.17803047515577125,0.053051005110388696,5.901648585292838,83.0555820878247,1.4889680210721508,0.13649578990767078,2,0,1.0,0.1019350487867372,0.2548062320353323,0.4593538492453522,0.0010866138214175,0.21525435221098305,True
EIF2B5-DT,2,-0.6862680615467409,0.464232067719618,0.0,0.007757968928868857,0.0,-1.4782866356428137,0.139331073258625,0,2,1.0,-0.6160202798394047,0.6257375902441851,-0.7100685404074516,0.2788107815875789,0.21872837001812087,True
RPS7,2,-0.09581139848934155,0.06494321717016102,0.0,0.8508392582624216,0.0,-1.475310319756738,0.14012913322958648,0,2,1.0,-0.1356751247646874,0.1466467953729814,-0.005791767940566,0.9732860797037628,0.21969625408761492,True
RPS2P32,2,0.490373856476155,0.3330884176227719,0.0,0.45914659475656594,0.0,1.4722032665558231,0.1409659955860066,1,1,0.5,0.5936128153515144,0.1805751059565284,-0.0030575792873175,0.997600668794137,0.22078771212510107,True
EIF1P3,2,1.2356077600560287,0.8452466494666941,0.0,0.09411183292911537,0.0,1.461831006175099,0.14378752517210527,2,0,1.0,1.0304669149088583,0.4637978235442782,1.5633700666547317,0.3530619046310901,0.22429281697447934,True
RPL23AP42,2,-0.296328779168946,0.20425901886130882,0.0,0.4424534104002785,0.0,-1.450750036991768,0.14684947676671128,0,2,1.0,-0.1871885287483434,0.5986498080983363,-0.4654682953626846,0.2381627807300063,0.22797382497889038,True
RPL3P7,2,-0.7482854202419579,0.5203683126552686,0.0,0.5027246323185779,0.0,-1.4379919031266588,0.1504363515262318,0,2,1.0,-1.009687909736037,0.1923105159099384,-0.22752000872239067,0.8593357732072213,0.23235457148871977,True
RPL4P5,2,0.44319172014370123,0.3098296857141064,0.0,0.00023891209585203755,0.0,1.4304365933245464,0.1525917519278333,2,0,1.0,0.4412593189086224,0.288825095696251,0.4550599755745669,0.6808674101288443,0.23510516122999744,True
RPS28P7,2,-0.2708834644229211,0.1900226118228778,0.019530953622168754,1.284275565804662,22.13509104851258,-1.4255327922521905,0.15400324799237375,1,1,0.5,-0.3914322242127073,0.0554371258804366,0.0286517034788851,0.952408036546217,0.23694042416802683,True
RPL36AL,2,0.39546877446866313,0.27844528469177726,0.1454710691537771,15.936405125874083,93.72505912028795,1.4202746327933837,0.15552774327482366,2,0,1.0,0.1254613279633669,0.1359654589711187,0.6826155830866398,8.88178649951977e-08,0.23865245547654862,True
RPL35A,2,-0.09475589372488182,0.0668127461690369,0.0,0.38018294073009384,0.0,-1.41823078915434,0.15612339559769092,0,2,1.0,-0.11997952701281929,0.2089911944292576,-0.0274731602315004,0.8817066545718187,0.23941039596906497,True
RPS3AP38,2,-0.5568290787415012,0.39986281817072405,0.0,0.6734933599082058,0.0,-1.3925502783401067,0.163755827587171,0,2,1.0,-0.3406251182806056,0.6002823402031859,-1.0549006089263944,0.2297550257985952,0.248544046852101,True
RPS6KA3,2,0.37128072908513005,0.2667159090209287,0.1282061107945938,9.857275937633727,89.85520942776759,1.3920456805446741,0.16390856550431987,2,0,1.0,0.6241287073184127,4.255392005739589e-13,0.0899362760983338,0.6470425203276792,0.24871572900981848,True
RPL32,2,-0.09067260125517328,0.06674943345978045,0.0,0.12919027132352962,0.0,-1.3584025594735216,0.17433598257595828,0,2,1.0,-0.1072781343514034,0.2885485925221818,-0.056009121683844004,0.7240376465173222,0.26154564116378826,True
RPLP0P6,2,-0.1494332230536798,0.11001538034125055,0.0,0.03234933834707726,0.0,-1.358293927541415,0.1743704363681957,0,2,1.0,-0.1380097310384138,0.395859886956301,-0.1837078967505366,0.5144751668167408,0.26157649065956295,True
RPL29P24,2,-1.2471395247621928,0.9354818215710576,0.0,0.09182999230543495,0.0,-1.3331520677416628,0.18248190540366016,0,2,1.0,-0.9701254678061284,0.58256332227024,-1.5372433434270991,0.3526126352719953,0.2714149967082856,True
RPS19,2,-0.18819397587680498,0.14279667752588557,0.030470400511878132,3.7454298405158695,73.30079476639544,-1.3179156485814594,0.18753188662524745,0,2,1.0,-0.0638651485009043,0.5101277506306173,-0.3522017248663545,0.0161360801618329,0.27788896419893255,True
RPL15P2,2,-0.4067679521527487,0.31165553135719964,0.0,0.5778442098908569,0.0,-1.3051844463704938,0.1918300490775121,0,2,1.0,-0.3453565669915653,0.4027632175254801,-1.320695043668776,0.3937113227199643,0.282900121714984,True
RPL4P4,2,-0.1504159944668398,0.11532434519267169,0.0,0.6075905584795821,0.0,-1.3042865685952145,0.19213589310259127,1,1,0.5,-0.1986404210830652,0.2138101398079414,0.0171500194592873,0.9617618828516756,0.28324230172256504,True
RPS20,2,-0.08120822648564545,0.06231456582124552,0.0,0.12257122975248663,0.0,-1.3031981434099686,0.19250712382508106,0,2,1.0,-0.09413446228777299,0.29742355412881,-0.0443872233487274,0.7938161234777428,0.28367118522349943,True
RPL28P2,2,-0.6390815834795107,0.5012098555749631,0.0,0.04881403795785732,0.0,-1.2750778468759119,0.20228168957350745,0,2,1.0,-0.5407338744454123,0.5455081096966691,-0.7637681572434767,0.4200236336396479,0.2954216299332029,True
EIF2AK1,2,0.18402599585934945,0.14535319528285381,0.033327731425313534,4.5444771542430065,77.99526840912078,1.2660608905173312,0.20549128313524778,2,0,1.0,0.0532742232406653,0.5715965929725889,0.3456111962416834,0.0089021002174103,0.29905752014410153,True
RPSAP18,2,-0.9812592607164704,0.7797230440835599,0.0,0.05215743739614419,0.0,-1.2584715408402278,0.20822127322164918,0,2,1.0,-0.8840058445397901,0.4439854595779288,-1.3073152027510262,,0.3022223905055783,True
EIF2AK3-DT,2,-0.7015709730240604,0.5615044490082618,0.32739605264707805,2.073076908283826,51.76252284688082,-1.2494486450876503,0.21150102568525952,0,2,1.0,-1.2329318148989925,0.038858487828492,-0.1082128980414074,0.8980778354987262,0.30608483051637886,True
RPS20P33,2,-0.8596855554601054,0.6927026847672192,0.0,0.19311267829724652,0.0,-1.2410599444247865,0.21458360526932696,0,2,1.0,-1.1145639849388136,0.3263937333441332,-0.49612944662398295,0.7343012171933115,0.3096654050752315,True
EIF3D,2,0.26687013255088116,0.21558244274318436,0.0837546436195112,9.809200798858145,89.80548955510824,1.2379029069115521,0.21575206435484906,2,0,1.0,0.0633915760446717,0.4481130423196142,0.4952764590804292,0.0001872297951997,0.31103312543766015,True
RPL27,2,-0.08251790205075618,0.06696696988988761,0.0,0.821263185558951,0.0,-1.232217945450401,0.2178676815221663,0,2,1.0,-0.0537707591546637,0.5921405288723195,-0.2106355522072467,0.2689850938967982,0.3133480723091662,True
RPL26P36,2,-0.35664714653458746,0.2945818371625988,0.0,0.0012812813232256927,0.0,-1.210689531879492,0.22601441586912863,0,2,1.0,-0.3539135949685638,0.3587002393224739,-0.3973222959932346,0.8084021153801011,0.3225747438797349,True
EIF2AK3,2,-0.2148787483435108,0.18057629026971986,0.04252197059521549,2.620385541759344,61.83767678215041,-1.1899610298924332,0.23406170925133363,1,1,0.5,-0.3581819570001621,0.0015226281966455,0.0126653304893721,0.9662163213179488,0.33127516324027534,True
RPL26P6,2,0.6410134521159793,0.5444098151672531,0.0,0.7630397227842168,0.0,1.1774465379891208,0.23901732419634114,2,0,1.0,0.4379717957906324,0.5836713849201498,1.754830581861038,0.3011088567910045,0.3368963496962051,True
EIF4A2,2,-0.0802272691800248,0.06845631334253285,0.0,0.21773702179588827,0.0,-1.171948433427812,0.24121776001917672,0,2,1.0,-0.1019836999893681,0.3273724236643132,-0.0333273988266813,0.8466167110547075,0.3393562024619564,True
RPS12P3,2,0.44085797317784625,0.3774993487392922,0.0,0.006988117767115793,0.0,1.167837705283859,0.2428722357618508,2,0,1.0,0.4700814853735814,0.4863599569636109,0.40678106227088084,0.5725210820619521,0.34127307092481807,True
RPS7P10,2,-0.36407349226306984,0.3136130449006011,0.0,0.4257950707021945,0.0,-1.1609003457699345,0.24568242823157171,1,1,0.5,-0.4315844201992007,0.2943593178690574,0.2562450887859751,0.8576456507245761,0.34428083092935907,True
RPS29P16,2,-0.8048449510884693,0.6996893096182352,0.04987214778542744,1.0329022295609485,3.1854156782035488,-1.1502890497606848,0.25002483940220166,0,2,1.0,-0.461603945831304,0.6541894092870674,-2.2311463617466956,,0.3488860874978036,True
RPL39P3,2,-0.17371337129159056,0.1511376079725304,0.008972681160831851,1.121114533632048,10.803047324672189,-1.1493722417729633,0.2504025209824028,1,1,0.5,-0.2408023656137163,0.1368690591998905,0.1667683541309186,0.7328320578140062,0.3492191357957135,True
RPL29P11,2,-0.3150800966841088,0.27679923943339657,0.0,0.01963992264425351,0.0,-1.1382982746956694,0.2549959541872199,0,2,1.0,-0.3344116024186218,0.3982355800912182,-0.23723990885638394,0.7817657513664906,0.35419553096551876,True
EIF3CL,2,0.24228103631930586,0.21740535244051268,0.0,0.2621832211160693,0.0,1.1144207518331444,0.2650987247916051,1,1,0.5,0.289697961557217,0.3298174841620996,-0.0190626245053342,0.9812572195306724,0.36545184676707215,True
RPS10,2,0.22617887651861543,0.20325737573915872,0.0,0.7503565276134376,0.0,1.112770819243834,0.2658068710123891,2,0,1.0,0.132606210145469,0.6787689342671926,0.5574711354768945,0.2925144555228489,0.36610658192175977,True
RPL7AP10,2,-0.6232271010685259,0.5653298545979866,0.1672638765515223,1.33003324702738,24.81390955940411,-1.102413212392101,0.2702820700816254,0,2,1.0,-0.1747342256015787,0.8423274642056336,-1.335831162319292,0.1679830719785809,0.37099509160340316,True
EIF4EBP2,2,-0.15957278657169863,0.14719940278271762,0.03392729423853873,4.4390773725455945,77.47279634762148,-1.0840586548251523,0.2783387930633938,1,1,0.5,-0.2924271656496213,0.0002308474262842,0.0035205516379518,0.9839117303554664,0.3799766429010272,True
RPS3AP47,2,-0.5119061766583631,0.4737469096438302,0.0,0.14809248777701578,0.0,-1.0805477908937107,0.2798983172151023,0,2,1.0,-0.5832855787647837,0.3666718943103503,-0.0462633650197038,0.9805556100081608,0.3815800486120025,True
RPL37A-DT,2,-1.3250497125976863,1.2447308131406614,2.4971063358369556,4.9986084555224615,79.99443227254177,-1.0645271239444674,0.2870899736766379,0,2,1.0,-0.1827125210031895,0.8358200675224905,-2.6813522199328377,0.0115270820927481,0.38931252221301793,True
DHX40,2,0.4309900906787641,0.4348819387879303,0.35708311764852585,17.616372280412794,94.32346237873347,0.9910507938774986,0.3216607784040574,2,0,1.0,0.0087325599204556,0.9565945404093172,0.8788738746442392,5.531408822906936e-06,0.4254842735407983,True
RPL21P28,2,-0.13808884660401544,0.13937418158865458,0.0,0.09302144017233156,0.0,-0.9907778114282841,0.3217940861819448,0,2,1.0,-0.128787209337314,0.4923023218987014,-0.3323510543119269,0.7056398356411485,0.42563071130801455,True
RPL32P11,2,-1.101939255299688,1.1160152575544258,0.0,0.3901489408519744,0.0,-0.987387267190609,0.32345282398370767,0,2,1.0,-1.7752990002024445,,-0.3802943552071343,,0.42741037455386094,True
RPS27A,2,-0.06113340597645755,0.06205621089225419,0.0,0.2037301790072087,0.0,-0.9851295317176412,0.3245604490399283,0,2,1.0,-0.04346424085655091,0.6691378582718849,-0.1055361537314317,0.4747511906475628,0.4285372188943269,True
RPL41P5,2,-0.26846059939437344,0.27453426207162895,0.09009344948703216,2.0994087094103695,52.36754065477533,-0.9778764856837038,0.328135416279018,0,2,1.0,-0.0783733189873099,0.7026105986527429,-0.6649577289751338,0.1363416942574045,0.4321968261838279,True
RPS28P4,2,-0.35318125629777836,0.3678600217320231,0.0,0.09678063311361293,0.0,-0.960096872269154,0.3370064624840281,0,2,1.0,-0.39508284716521014,0.4371244807138943,-0.0406286453940097,0.9793436249615632,0.44116570698899776,True
RPL26P19,2,-0.23744603388608418,0.24857587616940596,0.022304284003269205,1.1453251007311356,12.688545866877893,-0.9552255735559121,0.3394636358086478,0,2,1.0,-0.1025405933187012,0.7676712284480375,-0.6954703059503736,0.2507747097034063,0.44345749052463734,True
RPS12P26,2,-1.0283026118191618,1.119748794016546,0.0,0.3514564289246422,0.0,-0.918333305928943,0.3584443955783724,0,2,1.0,-1.6683503229851615,,-0.3398083106785122,,0.4624780002148907,True
RPS15AP36,2,-0.5271828431053446,0.5826118113552845,0.0,0.18325807521561488,0.0,-0.9048612349258766,0.3655389060043055,0,2,1.0,-0.42558370486625613,0.6207529687559319,-1.139436892614346,,0.4698609651172066,True
RPL5P23,2,-0.4619272700128981,0.5158337535883316,0.0,0.14576817298475098,0.0,-0.8954964013106161,0.37052178866461716,0,2,1.0,-0.3770449018217739,0.6236160228152171,-0.9188731189079217,0.5883646348252722,0.47487210252116013,True
RPL3P2,2,-0.20426130851984073,0.23208535229194407,0.0,0.0007001348077161473,0.0,-0.8801128830521668,0.3787981606870623,0,2,1.0,-0.2004946216104455,0.5858937442158345,-0.2142732340292897,0.7212644291257885,0.48328763589761636,True
RPL7P57,2,1.192212302264071,1.3636043397677,1.9529246503156634,2.0358158960763415,50.87964476909159,0.8743095540948286,0.38194969769848086,2,0,1.0,0.0513007991426238,0.97636480895482,2.821976565614981,0.1360621988790626,0.48630796195808607,True
RPL12P4,2,-0.1843953797240282,0.2135462705388836,0.0,0.5080332182778792,0.0,-0.863491454375236,0.38786731592183465,0,2,1.0,-0.0886616455697627,0.8110238785774391,-0.4263929987735311,0.3938240251452204,0.4924108020039148,True
RPL21P16,2,-0.12039103537052932,0.13989398397242353,0.0,0.02804819393533678,0.0,-0.860587653249344,0.38946518844708733,0,2,1.0,-0.1101981234548669,0.5939221007364782,-0.1742433912675208,0.7125917149653835,0.4940135798211877,True
RPL24,2,-0.05404977142070767,0.0628416717942756,0.0,0.0010752841475006932,0.0,-0.8600944226571513,0.38973699540241435,0,2,1.0,-0.0528213565379721,0.5940452149351853,-0.057506566492239,0.7295213383457301,0.4942180040688798,True
RPL31P49,2,-0.5066707255224165,0.5911975269442722,0.0,0.009048811755715787,0.0,-0.8570244333416784,0.39143138148102075,0,2,1.0,-0.4708337223131766,0.6235377109972027,-0.5949228330294776,0.6861862045625418,0.49586574804366645,True
RPL7AP50,2,-0.43452370514131716,0.507251992273746,0.0,0.057620638963665406,0.0,-0.8566229640490404,0.3916532902327454,0,2,1.0,-0.5269239619606858,0.5342492969273531,-0.2740690156258996,0.8150694334323767,0.4960467519755737,True
EIF2AK2,2,0.2029932335187743,0.23865798270823685,0.08498015109495646,3.7973868284421055,73.666101317093,0.8505612559666053,0.3950131193303973,1,1,0.5,-0.0103084118194259,0.9609178979547623,0.4700218005983013,0.0496656977844727,0.49940387021199373,True
RPSAP47,2,-0.8823722345905078,1.0566299420962053,0.0,0.009836127891272889,0.0,-0.8350816112971448,0.40367175948862566,0,2,1.0,-0.995931300063308,,-0.7856674006336481,,0.508328400623934,True
RPL24P2,2,-0.47349860156985624,0.5671074887193688,0.0,0.25134587164420696,0.0,-0.8349362528065035,0.40375360158437734,1,1,0.5,-0.5838331004658042,0.4618679949032571,0.2591423561098495,,0.5083974638204888,True
RPL14P1,2,-0.15639024443319963,0.1902253441491134,0.0,0.36737220781109214,0.0,-0.822131483755439,0.4110020686231173,0,2,1.0,-0.2469248408254658,0.4302234797730034,-0.009555617071336,0.9830935026909836,0.5156282447862706,True
RPL35P1,2,0.465078915533331,0.5695780192630144,0.0,0.5828805263689263,0.0,0.8165324148833967,0.4141956919375892,1,1,0.5,0.7187391526709969,0.3941299292572069,-0.2803969603060204,0.8621421625032323,0.5187831433007509,True
RPSA,2,0.09892852253156703,0.12171743877561654,0.02049924829788014,3.0218197581752255,66.90735781660698,0.8127719702838935,0.416348808909635,1,1,0.5,-0.0023921419367428,0.982782067823258,0.2451487924028696,0.0940150372512989,0.5207401979660824,True
RPS26P3,2,0.9537859164904714,1.188589587646421,0.0,0.03437890588123972,0.0,0.8024518525179959,0.4222916289547093,2,0,1.0,1.2047875776670576,,0.7602866611167259,,0.5266688962743314,True
RPL21,2,-0.04407934760706473,0.05674427228568899,0.0,0.13099299042816442,0.0,-0.7768069944599787,0.43727264950556044,0,2,1.0,-0.0549726433568482,0.5184858651204346,-0.0053595727328448,0.9757532657310868,0.5408126108885295,True
DDX52,2,-0.05433234528651018,0.07030449390635367,0.0,0.0023735911804647724,0.0,-0.7728146846328406,0.43963206149468015,0,2,1.0,-0.052798845974783605,0.6158253209345101,-0.0619828221617265,0.7955613986410404,0.5430799888484861,True
RPS21,2,-0.06020860469744543,0.07834975590350936,0.0,0.4981999341250621,0.0,-0.7684593781197553,0.4422143153347802,1,1,0.5,-0.0966962349689786,0.4254558862579212,0.023608625039725696,0.9093636886884816,0.545641894326754,True
RPL35P5,2,0.41653865455417394,0.5491006861335143,0.0,0.10875745256506777,0.0,0.758583380194306,0.44810181772745816,2,0,1.0,0.3219298992425751,0.7119901400614548,0.7631411382091701,0.6249756602071694,0.550868607496133,True
RPS5,2,-0.05006472618451153,0.06848032506164528,0.0,0.0716327360718104,0.0,-0.7310819003771343,0.46472912899145014,0,2,1.0,-0.039314544686261,0.72656081347233,-0.08131309626761998,0.6494298955106456,0.5662906588786135,True
RPL35,2,0.050751296715012016,0.07151562353912119,0.0,0.1421069209505262,0.0,0.7096532785909296,0.47791917172017373,1,1,0.5,0.0636842823496821,0.5476477707141483,-0.0054463711949478,0.9819558270533668,0.5787958018305095,True
EIF4A1,2,0.14713571911835444,0.21085356415692189,0.06059918273249743,2.7521608715867933,63.66491471032951,0.6978099692393759,0.48529604367612456,1,1,0.5,0.3093185019291856,0.0057750298855989,-0.126994646307266,0.6973063937090166,0.5855830961466809,True
RPL39L,2,-0.158100866080864,0.24104901883070776,0.038986291485109986,1.4147513689632123,29.316201988704137,-0.6558867853840987,0.5118969713436219,1,1,0.5,-0.3243761025066616,0.2198713356825155,0.1913476190227901,0.7059819545363597,0.6101741908704736,True
EIF4BP7,2,-0.15230834366715515,0.2475867208200548,0.0,0.044822927730618384,0.0,-0.6151716988806211,0.5384413358240762,0,2,1.0,-0.1763262109770906,0.6376925569965353,-0.0379098055474643,0.965135533216363,0.6346192327487272,True
RPS6KA4,2,-0.07370656651363405,0.11986128635014102,0.013532855360997893,1.6686697144970988,40.07202316239206,-0.6149322167152541,0.5385994856957678,1,1,0.5,-0.1534624057341442,0.1291354734246716,0.1064273033813231,0.6596578953002374,0.634651580948439,True
RPS3AP21,2,-0.348701120982151,0.5716514640573146,0.0,0.4237635046719859,0.0,-0.6099890281172965,0.5418690756875748,1,1,0.5,-0.5585808043138574,0.520950999926987,0.3111041666873454,0.8509044414766586,0.6370691492959182,True
RPS7P1,2,-0.08760867870263891,0.14830635155250232,0.0,0.47148715022546145,0.0,-0.5907277590307677,0.5547028454173002,1,1,0.5,-0.126413508772188,0.550870274208721,0.1796326222507948,0.7515113026501593,0.6489317165358072,True
DDX11-AS1,2,0.49846667644136544,0.845946979044323,0.0,0.44798672475493606,0.0,0.5892410384921399,0.5556995912290628,1,1,0.5,0.9875256361934388,0.5031955092599931,-0.1570597626914937,,0.6497596400145595,True
RPS24P19,2,-0.3352453545829294,0.575421032101897,0.044328740652108685,1.0706719036655312,6.600705914069501,-0.5826087957861842,0.5601566828610933,1,1,0.5,-0.9831170858403112,0.3556363053866216,0.17582705097271842,0.8688383486753609,0.6532967443655774,True
EIF2AK4,2,-0.06848992235895394,0.12081669511203585,0.01640932925058442,2.1359518653025606,53.182465567483725,-0.5668912089959239,0.5707880971959582,1,1,0.5,0.0268950189276123,0.8306463659436417,-0.2215190443661862,0.2103191745192845,0.6627110585299395,True
DDX47,2,0.14912299537317916,0.2726361218424506,0.0,0.29815422884208176,0.0,0.546967123671725,0.5844013189309295,1,1,0.5,0.24605929789771291,0.5742144195348932,-0.0795007389033337,0.9133720923821522,0.6750620314555474,True
RPL36AP26,2,-0.30967668551992866,0.566573112624624,0.0,0.14397931920811669,0.0,-0.5465785061443625,0.5846683390551508,1,1,0.5,-0.40047141853287194,0.6355913498144309,0.1993626944911294,,0.6752462123733545,True
RPS10P3,2,0.23409951201182044,0.4295885269126243,0.0,0.8104258626338151,0.0,0.5449389295711682,0.5857955205911695,1,1,0.5,0.4230753604017724,0.5023407817106958,-0.5573301740416119,0.6683986172013175,0.6760090359267259,True
RPL7P23,2,-0.14194764606812468,0.2697815380564124,0.0,0.6976537744835515,0.0,-0.5261577463408295,0.5987786091563674,0,2,1.0,-0.0366558159840944,0.9368496504267868,-0.6241948592046385,0.4365208195005561,0.6867827986979872,True
EIF4EBP3,2,0.1661099074695425,0.32679372779196275,0.0,0.08452353106884093,0.0,0.5083020062590927,0.6112415632837258,2,0,1.0,0.2516327937548652,0.6808856162405553,0.0605636818142261,0.9332277102357444,0.6972975027682705,True
RPL10AP2,2,0.2946338531168982,0.6030226602334949,0.0,0.34976007367450795,0.0,0.48859499409659624,0.6251284577603162,2,0,1.0,0.1323649696630209,0.8946195053760833,1.0784284194501006,,0.7094725134256555,True
RPL7P24,2,0.48657816677325544,0.996581534090328,0.0,0.26970002348344757,0.0,0.48824722326146675,0.6253747391633492,1,1,0.5,0.9826477606573312,0.5999330175267958,-0.0533848904339751,,0.7096373433675822,True
RPL23AP64,2,-0.18598787414504728,0.38144112573515054,0.0,0.010885287832039379,0.0,-0.48759261022679007,0.6258384309068151,0,2,1.0,-0.2232411642158804,0.7675410082337558,-0.1434740360657966,0.857297576012032,0.7098783906566919,True
RPS2P17,2,-0.28688118425868475,0.5902412403568289,0.0,0.17758828469953863,0.0,-0.4860405621356641,0.626938407372027,1,1,0.5,-0.468358386766418,0.6412632620737836,0.0540379191231433,0.970671789133395,0.7107692443842649,True
RPL32P18,2,-0.1307577437756794,0.26917541356760905,0.02814931642888123,1.176495751065971,15.001817975632806,-0.4857714976365657,0.6271291847970589,1,1,0.5,-0.2908924825881552,0.3892200392405208,0.3217074977241151,0.624399821182548,0.7108999325134491,True
EIF2S3,2,0.07309768341465728,0.1520881300281933,0.03798964978632955,5.363962539078506,81.35706592440532,0.48062714296708636,0.6307815207255596,1,1,0.5,0.2111764196554217,0.0031869704078959,-0.0944212259063264,0.5217535856910861,0.7141068528020522,True
RPL21P10,2,-0.5856108045155368,1.2374698304312952,1.54896408887086,1.9770224100421072,49.41888392763835,-0.4732323892788836,0.636047392304784,1,1,0.5,-1.6481483405699149,0.1985859130485446,0.8555915335346541,,0.7188026432509985,True
EIF3LP2,2,0.3264815687060642,0.7281973377946453,0.0,0.10811699727555596,0.0,0.44834216188542747,0.653906276715216,2,0,1.0,0.1443819170500015,0.9172763988564032,0.6413165887769627,0.6912612483159849,0.7343576512896131,True
RPL15P18,2,-0.2737555706553737,0.6140497908268453,0.0,0.03717076856802648,0.0,-0.445819825598751,0.6557273996312991,0,2,1.0,-0.3330776317803641,0.7332470888851551,-0.0374943276917051,0.9850551761265236,0.736051660852229,True
RPL32P16,2,0.18505564429854243,0.43031172627093933,0.0,0.0015693537279995147,0.0,0.430050200821218,0.6671591241422132,2,0,1.0,0.1791420844621379,0.7872073942007439,0.23419599028318364,0.9019600705754046,0.7451526374093723,True
RPS15AP10,2,-0.661711895196091,1.6045498178774797,3.9646542257595088,3.848867115930987,74.01832877365749,-0.4123972268255357,0.6800482954549845,1,1,0.5,0.652961941613062,0.3779661740480417,-2.620053231249009,0.1591730289591874,0.7557831357243161,True
EIF3G,2,-0.025366979843133807,0.06241061329131514,0.0,0.23090756397158252,0.0,-0.406452981398018,0.6844097977473386,1,1,0.5,-0.040608257296041,0.6764160871280764,0.0336441175597204,0.8644740757831434,0.7595545085679003,True
RPL10A,2,-0.025154766886400712,0.06262861714722798,0.0,0.23662684836246722,0.0,-0.40164972551232664,0.6879418288630583,1,1,0.5,-0.04465317289305841,0.6648775188063125,0.0224456279480401,0.8934857444696086,0.7622614050791556,True
DHX35,2,-0.06361335180132018,0.15913454580698952,0.03221537787582967,2.589013834640302,61.37525467727243,-0.39974570875688603,0.6893438220467484,1,1,0.5,0.0680438990939465,0.6267926660828166,-0.2559597930113219,0.2212565925466792,0.7635452922158884,True
RPS2P7,2,-0.1291925080126401,0.32690419811740173,0.0,0.7079031090910488,0.0,-0.3951999049160052,0.6926953628486155,1,1,0.5,-0.3309148956741489,0.5405422352230328,0.2458329200494963,0.7432330758226282,0.7664010797768671,True
RPL7P50,2,-0.5209877807746445,1.3777027351018427,2.32399364947065,2.5460250230849435,60.72308830695115,-0.37815688936418634,0.705314048929377,1,1,0.5,0.7377025203887726,0.6158253209345101,-2.028955884249107,0.2153595214802674,0.7771206398331928,True
RPS6KA2,2,0.3027559111060011,0.8691591290220863,1.453250112475476,25.720497011926042,96.1120502471771,0.3483319693674963,0.7275908873399151,1,1,0.5,1.1481434264565291,1.1325916885511914e-17,-0.5908432701513658,0.1130883333534109,0.7952986846241251,True
RPL5P4,2,0.18081253458231464,0.5279954574160581,0.0,0.0648652988650404,0.0,0.3424509283984903,0.7320115673534384,1,1,0.5,0.2558317541231401,0.7700609440688231,-0.0602336457699678,0.9697060608802764,0.7990556967614979,True
RPS27L,2,0.023463061922363065,0.06931752665393463,0.0,0.5655373176145849,0.0,0.3384867154810874,0.7349964364343793,1,1,0.5,0.05551959855529891,0.6174303308976039,-0.0613047131277519,0.732678771014331,0.8014312619858597,True
RPL36,2,0.04244413041130589,0.1267102315800676,0.021389544290853033,2.901765325618677,65.53821940143307,0.3349700326645338,0.7376476920769535,1,1,0.5,-0.0690853244185602,0.5387906976509214,0.1864014626834522,0.2118758302303239,0.8035776749682466,True
RPL24P8,2,-0.13466997600266908,0.4047849951339231,0.0,0.0003850694578317422,0.0,-0.33269507916940827,0.7393644644120547,0,2,1.0,-0.1318591993971964,0.8350225534803934,-0.1571171438547159,0.9298305584325592,0.804982205674341,True
RPS6P25,2,0.1400005960976657,0.42461305016893364,0.0,0.38340171050005195,0.0,0.329713361475739,0.7416165568162603,1,1,0.5,-0.0194867063305997,0.980662215418252,0.5734262461046634,0.5911511661224489,0.8066879263751731,True
RPL5P34,2,0.22064794234885515,0.7014210053386838,0.6522983033367759,2.8263790955303127,64.61904202513321,0.3145727611084508,0.7530860634049799,1,1,0.5,-0.3769449363255213,0.5217985400709283,1.04393657962596,0.2298303585894369,0.8157241104388366,True
DDX59,2,0.03526414051043342,0.12317298188353817,0.005732440879178239,1.2021589215563626,16.816322528691934,0.2862976926528918,0.7746501251971918,1,1,0.5,-0.0520149695519544,0.7846936573890302,0.2090924879264148,0.400495385296082,0.8344260672456423,True
RPL31P52,2,-0.31477312361946147,1.1851962868946109,0.0,0.3121043183936654,0.0,-0.2655873352794696,0.7905570403905116,1,1,0.5,0.2406951989082024,,-1.104034854039197,,0.8462357678259278,True
RPS3AP5,2,0.08876616669655377,0.33879733881338986,0.0,0.5622242122007448,0.0,0.262003730629792,0.793318566008416,1,1,0.5,0.1791555472514605,0.7246924101946931,-0.6251909305857545,0.6394904069259902,0.8485165237137613,True
RPL22P24,2,-0.12482442125299704,0.4898909160002998,0.0,0.04156977397831797,0.0,-0.2548004406207864,0.7988772349364163,1,1,0.5,-0.1739387495103509,0.8285674638284993,0.0783028468082217,0.9616739189427927,0.8528633829064944,True
RPL11P3,2,-0.2981144783928735,1.1859653393730958,1.6710236281374704,2.3722689300627433,57.84626324075528,-0.2513686264646297,0.8015291215791968,1,1,0.5,-1.3053756073742422,0.2173322791437506,1.0982600522283303,0.5082520936507069,0.8546285537884521,True
RPSAP15,2,-0.071801353679062,0.31339870438521933,0.0,0.7434183172187987,0.0,-0.2291054579179311,0.8187869514751034,1,1,0.5,-0.1921057235781918,0.68789005884717,0.5351393281270951,0.5946204793467231,0.8678259789217194,True
RPL34P18,2,-0.1231255080444153,0.5473042183499126,0.11960754366663512,1.103076573665785,9.34446221836052,-0.22496721917406534,0.8220047759239748,1,1,0.5,-0.3396395913067609,0.5990851609024994,1.260349889538199,,0.8699096288313122,True
RPL39P36,2,-0.12885639232412507,0.5806416117535277,0.0,0.3883425037680004,0.0,-0.22192069895745326,0.824375616830791,1,1,0.5,0.0786031772581342,0.9398698729819912,-0.7599557912655154,0.6208816249447423,0.8718306885623174,True
RPL24P4,2,-0.046192546055550954,0.21580730408414214,0.0,0.29553612882517577,0.0,-0.2140453320224079,0.8305117064347945,1,1,0.5,0.0196118329354957,0.9602510297869792,-0.2553570882015696,0.6624134833231049,0.8769410084038138,True
RPL12P12,2,0.13286798986587003,0.6608690128994792,0.0,0.003134740544239381,0.0,0.20105041585007677,0.8406591526724093,2,0,1.0,0.1161074880648506,0.9160076108127544,0.2145535632567083,,0.8843334173495414,True
RPS20P14,2,-0.06343499981672555,0.33323600845431534,0.0,0.19657038131848711,0.0,-0.19036057991140568,0.8490265854904945,0,2,1.0,-0.0100644798830395,0.9865404829865356,-0.4724323497240249,0.7218364833625911,0.8907967256168655,True
RPL23AP65,2,-0.057568510218981746,0.3275704138054801,0.0,0.14146191809465736,0.0,-0.17574392494789667,0.8604951252059349,0,2,1.0,-0.0199255788616265,0.9705955112395204,-0.4608102179667574,0.7640474680515468,0.8994717570220905,True
RPS18P12,2,0.06169659728820244,0.35321050818434535,0.0,0.06109216413386649,0.0,0.17467373098651456,0.8613360100454088,1,1,0.5,-0.0050803923717668,0.9944045406279064,0.1758334529532236,0.8291880652792304,0.9000509630522775,True
RPSAP12,2,0.060811180438334736,0.4350828319003938,0.0,0.03113380192780995,0.0,0.13976920250499936,0.8888423472370381,1,1,0.5,0.1076321492293209,0.888125892855385,-0.0650627101326791,0.9577239452519232,0.9208224812026553,True
RPS29,2,-0.018328977860542012,0.13207813248652164,0.025081438714271594,3.4904987895794903,71.35079940479014,-0.13877375092665287,0.889628936977121,1,1,0.5,-0.1394362012247998,0.1680852936113765,0.1257139008095306,0.3766087953618002,0.9214117814195044,True
RPSAP54,2,0.07290692216510469,0.5398559518540605,0.0,0.3907398740550878,0.0,0.13504884389014507,0.8925732561899776,1,1,0.5,-0.0677908994437921,0.9406200765202652,0.8822937761852323,,0.9237220810789991,True
RPL17P50,2,0.04258440170435231,0.3180539753228239,0.0,0.013957631131151903,0.0,0.1338904871763645,0.8934891726875559,2,0,1.0,0.0100141866828795,0.9879177615519226,0.0859347655893304,0.9025967370246032,0.9243651582726824,True
RPL5P17,2,-0.09219728769607,0.7036303261006325,0.0,0.0757890531840289,0.0,-0.13103086134306843,0.8957508940456681,1,1,0.5,-0.20682001262133407,0.8648743840968188,0.235162138612589,,0.9259928132286986,True
DDX19A-DT,2,-0.10031027840859513,0.7909527038025076,0.0,0.11716494524274187,0.0,-0.1268220943254295,0.8990812081930263,1,1,0.5,-0.3312480635789622,0.8285674638284993,0.21708738663106772,0.902074851150717,0.9283653140035574,True
RPL12P6,2,-0.060957351276389904,0.501934005610859,0.0,0.05328480440606853,0.0,-0.1214449521151773,0.9033386137082025,0,2,1.0,-0.0244473037204883,0.9763988717037312,-0.4286493817223026,,0.9312804902408387,True
RPS27AP5,2,0.10040387055683711,0.8466435427354029,0.7979513307148077,1.6496248132262668,39.38015529457016,0.11859048760053653,0.9055998019621087,1,1,0.5,-0.36177881939311485,0.444404135081441,1.6513171869624652,,0.9327435251735748,True
RPL10AP6,2,-0.022838929874713212,0.19595363024465523,0.0,1.1067477932805432e-06,0.0,-0.1165527265108484,0.9072145010813396,0,2,1.0,-0.022929495227597102,0.9454856878038492,-0.0223696918387497,0.975011284522932,0.9337937288801696,True
RPL8,2,0.006903216688605845,0.06157328493745192,0.0,0.05950805871878514,0.0,0.11211382819055943,0.9107331532425513,1,1,0.5,0.015381452502840301,0.8845662727449177,-0.019707399964167,0.9143210665772318,0.9363918104674029,True
RPL9P7,2,-0.036954091895505664,0.3761366840598537,0.0,0.6085982572677624,0.0,-0.09824644460795336,0.9217366033607255,1,1,0.5,0.0899362409169022,0.8833290240048762,-0.715522366665235,0.560146130190093,0.944507916302216,True
RPS27AP7,2,-0.076716457731226,0.9350148407672045,0.9257992271800737,1.833425618161559,45.45729098065426,-0.08204838510186438,0.9346082373822835,1,1,0.5,-0.7062749075285912,0.3403193317237421,1.3119596099735524,0.4479969359036911,0.9538048839229233,True
RPS7P11,2,-0.019463661952359157,0.2821108771053602,0.0,2.40841614016601e-05,0.0,-0.06899295111223254,0.9449952303284985,0,2,1.0,-0.0188430782317871,0.9695318734641512,-0.0225523269936014,0.9821003606249386,0.9615157999690073,True
EIF2S3B,2,0.02414333365499087,0.4238743492319605,0.0,0.02844377504353125,0.0,0.05695870415074044,0.9545780910193069,1,1,0.5,-0.022632940402054,0.9772637793677522,0.1333969652755501,0.9055357640268968,0.9679946166927608,True
EIF4G3,2,0.022691153158369597,0.4051774813800673,0.3154936325479742,25.29780227719174,96.0470874543059,0.05600299671413547,0.9553394198772605,1,1,0.5,0.4195737561504891,4.638956983517859e-07,-0.39095457023645136,0.0135748773397825,0.968610166139487,True
RPS24P8,2,0.018154695334738243,0.3460980209393369,0.0,0.12083782225771937,0.0,0.05245535725822699,0.9581658660777693,1,1,0.5,0.0982536096410202,0.8747553008285098,-0.1625521033089632,0.8553012997273528,0.9709370426798902,True
DDX39B,2,0.003090055278394635,0.06723036871970714,0.0,0.24792501772414094,0.0,0.04596219442552085,0.9633403825242398,1,1,0.5,0.0154655996809177,0.8854586807547197,-0.0874596469462594,0.7395047285863859,0.9740999164105654,True
RPS13P2,2,0.015032908327151954,0.36232731081996244,0.0,0.07464674153556956,0.0,0.041489857038741654,0.9669053788034121,1,1,0.5,0.0392679340208179,0.9465432252555384,-0.3893283241936353,,0.9769702842864759,True
RPL7AP30,2,-0.01448181452145061,0.35381011646482186,0.0,0.10466797175888591,0.0,-0.04093103573789555,0.9673508752316631,1,1,0.5,-0.0581895494912181,0.919819161993168,0.2852935919812709,0.8385308542901636,0.9772045237405258,True
EIF1P4,2,0.025619050708048072,0.7822112912712781,0.0,0.49639632109042175,0.0,0.032752085010702245,0.9738722883146962,1,1,0.5,0.4206324975314908,0.7619519313123978,-0.7432720525343316,0.6782013736702763,0.9819022895140571,True
DDX60,2,-0.00661514377488763,0.21492602555151138,0.01633255661393386,1.1876709655295405,15.801595810323162,-0.030778700522250978,0.9754460268922822,1,1,0.5,-0.308021230333377,0.5013532317225609,0.1466438596739525,0.6298348299904882,0.9825420771547776,True
RPS15AP1,2,-0.009350917116814812,0.3955637725901374,0.0,0.0009851244681015703,0.0,-0.02363946793101234,0.9811401900824072,1,1,0.5,-0.0147157820231814,0.983483254194719,0.0193810483686135,0.989741021858181,0.9869051289697028,True
RPL7AP64,1,-1.5152817572485413,0.2525068162195143,0.0,,,-6.0009538749688485,1.9616171333610763e-09,0,1,1.0,-1.5152817572485413,1.1247824407582738e-08,,,,True
RPL23AP7,1,0.994707409453258,0.1810678072897501,0.0,,,5.493563015657982,3.9390446193099954e-08,1,0,1.0,0.994707409453258,1.972919664860933e-07,,,,True
RPL23AP82,1,0.5906845559565497,0.1494230858259149,0.0,,,3.9531010398535447,7.714484159079277e-05,1,0,1.0,0.5906845559565497,0.0002601274287575,,,,True
EIF1AXP1,1,1.3500025744853144,0.3776744407876419,0.0,,,3.5745139958898924,0.0003508790443601712,1,0,1.0,1.3500025744853144,0.001074165661355,,,,True
RPS10P7,1,-1.0393113715972302,0.2933408551202021,0.0,,,-3.543016096995259,0.0003955785557847956,0,1,1.0,-1.0393113715972302,0.0012020298382611,,,,True
RPL23AP53,1,0.6383735433916337,0.2019310060819604,0.0,,,3.161344836426599,0.0015704246185716461,1,0,1.0,0.6383735433916337,0.0043182029561829,,,,True
RPL32P3,1,-0.2940295132347088,0.1021465039561609,0.0,,,-2.8785078475216337,0.003995613396712987,0,1,1.0,-0.2940295132347088,0.0101657155899622,,,,True
RPS4XP16,1,-1.1778484957761897,0.4104349894268224,0.0,,,-2.8697565415196933,0.004107879514659809,0,1,1.0,-1.1778484957761897,0.0104247789674044,,,,True
RPSAP22,1,-2.993771203892856,1.108895022372386,0.0,,,-2.699778737835741,0.00693856050097758,0,1,1.0,-2.993771203892856,0.0167857340518679,,,,True
RPL23P2,1,-1.6687754916527495,0.7075532525248203,0.0,,,-2.358515752274364,0.01834818105421228,0,1,1.0,-1.6687754916527495,0.0401577756615746,,,,True
RPL5P29,1,-4.097951682027279,1.8279587359694305,0.0,,,-2.2418184838587134,0.0249731061191624,0,1,1.0,-4.097951682027279,0.0526351201257393,,,,True
RPL21P44,1,-2.4334432640534893,1.22615609377829,0.0,,,-1.984611320207244,0.047187731902388196,0,1,1.0,-2.4334432640534893,0.0915551483203088,,,,True
RPL35AP32,1,-2.954711671362241,1.5481900375064208,0.0,,,-1.9084941769301282,0.05632737507309399,0,1,1.0,-2.954711671362241,0.1067422138576961,,,,True
RPSAP1,1,3.575120611587457,1.8783534954730865,0.0,,,1.9033268339551916,0.05699791151582917,1,0,1.0,3.575120611587457,,,,,True
RPS27P29,1,-0.8755225237328594,0.4639996709705978,0.0,,,-1.886903328835202,0.059173329306038726,0,1,1.0,-0.8755225237328594,0.1114484344569411,,,,True
RPSAP19,1,-0.6961132797029349,0.3694432414893408,0.0,,,-1.8842225314413261,0.059534881059720296,0,1,1.0,-0.6961132797029349,0.1119982204116361,,,,True
RPL21P93,1,1.8084116302382895,0.9681993481360592,0.0,,,1.8678091797105372,0.06178867347572838,1,0,1.0,1.8084116302382895,0.1156449424962915,,,,True
RPSAP44,1,-4.353141226205571,2.3553724440106376,0.0,,,-1.8481753224527027,0.06457698414319399,0,1,1.0,,,-4.353141226205571,,,True
RPS26P21,1,2.4660679238240446,1.342783274708892,0.0,,,1.8365345847479926,0.06627863197601218,1,0,1.0,2.4660679238240446,0.122621334521284,,,,True
RPL13AP19,1,2.546056260811388,1.4078785547880268,0.0,,,1.8084345785029219,0.07053889027788199,1,0,1.0,2.546056260811388,0.1292677103917779,,,,True
RPL29P33,1,-1.911814050956119,1.0572661105766008,0.0,,,-1.8082619236830297,0.07056574498969653,0,1,1.0,-1.911814050956119,0.1293055889871676,,,,True
RPL21P132,1,2.8703630161651597,1.6037790074265057,0.0,,,1.789749711695672,0.07349415681405057,1,0,1.0,2.8703630161651597,,,,,True
RPL36AP54,1,4.3419767489513665,2.433246184146615,0.0,,,1.784437915588134,0.07435253466134477,1,0,1.0,4.3419767489513665,,,,,True
RPS27P16,1,2.55537545418689,1.433086208809089,0.0,,,1.783127517716074,0.07456554793950823,1,0,1.0,2.55537545418689,0.1352713767115028,,,,True
EIF2S2P3,1,-1.5709067937513856,0.894482184447242,0.0,,,-1.756219208236271,0.0790509861297598,0,1,1.0,-1.5709067937513856,0.1422115064132827,,,,True
RPS20P4,1,3.3535467218386,1.9527390103721256,0.0,,,1.7173553168272744,0.08591427060401872,1,0,1.0,,,3.3535467218386,,,True
EIF4EP1,1,-1.530806004434604,0.9006124646502671,0.0,,,-1.6997388605198336,0.08918005627555708,0,1,1.0,-1.530806004434604,0.1574660689608782,,,,True
RPL23AP87,1,0.8961547484954175,0.5422329852889407,0.0,,,1.6527116070186727,0.0983895710144318,1,0,1.0,0.8961547484954175,0.171097352489412,,,,True
RPL17-C18ORF32,1,0.8933768009424413,0.5406226564709635,0.0,,,1.6524960436807443,0.09843347098838622,1,0,1.0,0.8933768009424413,0.1711594564154705,,,,True
RPL6P8,1,-3.273893588704428,1.9881001754167327,0.0,,,-1.6467447813680594,0.09961051548213139,0,1,1.0,-3.273893588704428,,,,,True
RPL39P38,1,3.2717362435931556,1.9963856448842423,0.0,,,1.6388297781929115,0.10124871560445736,1,0,1.0,3.2717362435931556,,,,,True
EIF4A2P1,1,2.7902446934356355,1.7200214161756,0.0,,,1.6222150882514212,0.10475730214664819,1,0,1.0,,,2.7902446934356355,0.174412940604199,,True
DDX39BP2,1,-2.6682320211010313,1.6468807840576527,0.0,,,-1.6201731460652127,0.10519508824600929,0,1,1.0,-2.6682320211010313,,,,,True
RPL18P11,1,-4.164797000758837,2.646080181449033,0.0,,,-1.5739496595594966,0.11549908794366216,0,1,1.0,-4.164797000758837,,,,,True
DDX11L2,1,0.8859532333727735,0.5733338171088455,0.0,,,1.5452659636237336,0.12228194467870672,1,0,1.0,0.8859532333727735,0.2044617562188908,,,,True
RPL31P63,1,-2.3825524812544288,1.54671031676242,0.0,,,-1.5403999413682044,0.12346289570405271,0,1,1.0,,,-2.3825524812544288,,,True
RPL3P6,1,2.491343636011492,1.636889651266509,0.0,,,1.5219985257307156,0.12800945009442144,1,0,1.0,2.491343636011492,,,,,True
RPL23P8,1,-0.6790313166148757,0.4705161474461689,0.0,,,-1.4431626210927495,0.14897466639207502,0,1,1.0,-0.6790313166148757,0.2403692502579856,,,,True
RPS15AP17,1,-1.8698919058125096,1.3279745691456324,0.0,,,-1.408078098224069,0.1591079455779958,0,1,1.0,-1.8698919058125096,0.2536651193665508,,,,True
RPL23AP18,1,-1.8467490823309614,1.3258049498188913,0.0,,,-1.392926676418905,0.16364196461541547,0,1,1.0,-1.8467490823309614,0.2597645339597478,,,,True
RPS12P31,1,2.0360975200138647,1.464907403816036,0.0,,,1.3899155091372308,0.16455453549260002,1,0,1.0,,,2.0360975200138647,0.2520008581217691,,True
DHX33-DT,1,-2.795268303734772,2.011979508079032,0.0,,,-1.3893125116386484,0.16473774093531823,0,1,1.0,,,-2.795268303734772,,,True
RPS2P35,1,-0.9919724960494728,0.7302089860544242,0.0,,,-1.3584775249198848,0.17431220943848502,0,1,1.0,-0.9919724960494728,0.27342219766814,,,,True
RPL12P42,1,-0.6112411490348194,0.45105922155096073,0.0,,,-1.3551239390097722,0.17537807278264406,0,1,1.0,-0.6112411490348194,0.2747848302176389,,,,True
RPL37P12,1,-2.3250357368305252,1.726992461072694,0.0,,,-1.3462917697894095,0.17820843903824068,0,1,1.0,-2.3250357368305252,,,,,True
RPL32P27,1,1.9659579840866408,1.468560666354378,0.0,,,1.3386971537015386,0.18066928326409137,1,0,1.0,1.9659579840866408,,,,,True
RPS26P13,1,2.2211051895724356,1.670973394939162,0.0,,,1.3292283385836332,0.18377264835200358,1,0,1.0,,,2.2211051895724356,,,True
RPL22P1,1,-0.4156309344622585,0.3142634791731334,0.0,,,-1.32255563247704,0.18598319705301192,0,1,1.0,-0.4156309344622585,0.2882043120614991,,,,True
RPL7AP11,1,-0.6041892437784833,0.45986013412158394,0.0,,,-1.313854363419856,0.1888952189497306,0,1,1.0,-0.6041892437784833,0.2916575662749681,,,,True
RPL29P14,1,1.77111448335028,1.3739092489077966,0.0,,,1.2891058741749106,0.197361281668459,1,0,1.0,1.77111448335028,0.3019860173139725,,,,True
RPL7P15,1,-0.9236008647188904,0.7506954198597328,0.0,,,-1.2303270278263652,0.21857466709651152,0,1,1.0,-0.9236008647188904,0.3278227986455029,,,,True
RPS20P24,1,-2.2341250357260214,1.8160661442762571,0.0,,,-1.2302002560685201,0.2186221240292523,0,1,1.0,-2.2341250357260214,,,,,True
RPSAP9,1,0.5552516355576101,0.458717785714288,0.0,,,1.2104427882450761,0.22610903155878082,1,0,1.0,0.5552516355576101,0.3367553903090312,,,,True
RPS2P48,1,-2.011946371846684,1.67669242561371,0.0,,,-1.199949579965606,0.23015892277094951,0,1,1.0,-2.011946371846684,,,,,True
RPL14P3,1,-1.3656855110855612,1.1611546407213509,0.0,,,-1.1761443852449733,0.2395371839268704,0,1,1.0,-1.3656855110855612,0.3528333944321252,,,,True
RPL22P16,1,-1.044647251501836,0.8982900925945552,0.0,,,-1.16292861305478,0.24485846720420112,0,1,1.0,-1.044647251501836,0.3587002393224739,,,,True
RPL3P1,1,-1.5944313965991006,1.378570682989287,0.0,,,-1.1565829857499523,0.24744277690350736,0,1,1.0,-1.5944313965991006,0.3616750817272408,,,,True
RPL37P2,1,-0.47522518383612994,0.411867505502776,0.0,,,-1.153830242703929,0.24856977266932,0,1,1.0,-0.47522518383612994,0.3629417284135217,,,,True
RPL23AP2,1,-1.2953674767905672,1.1247367439622322,0.0,,,-1.1517072628277756,0.24944138678069072,0,1,1.0,-1.2953674767905672,0.364035448033129,,,,True
RPL15P20,1,-0.5782622967815328,0.5072907322321771,0.0,,,-1.139903136485595,0.2543266582029394,0,1,1.0,-0.5782622967815328,0.3695863869764587,,,,True
RPS4XP14,1,-1.8380416699663489,1.6385059503407688,0.0,,,-1.1217790631667108,0.26195639034459406,0,1,1.0,-1.8380416699663489,,,,,True
RPS27AP11,1,-1.2338817321802529,1.1127748783578195,0.0,,,-1.1088332026340828,0.26750214413745776,0,1,1.0,-1.2338817321802529,0.3848334589414872,,,,True
RPL7P19,1,-1.492946143793201,1.359311987184907,0.0,,,-1.0983101435639113,0.2720690840850958,0,1,1.0,-1.492946143793201,0.3899277625202586,,,,True
RPL3L,1,-1.1406410778970035,1.0509861211984677,0.0,,,-1.0853055572192523,0.27778634540483094,0,1,1.0,-1.1406410778970035,0.3964096475790716,,,,True
RPL23AP97,1,-1.0435171141176862,0.9629751351420048,0.0,,,-1.0836386901763608,0.2785250291616781,0,1,1.0,-1.0435171141176862,0.3971304754491082,,,,True
EIF3LP1,1,1.9414440293522113,1.8222879318222456,0.0,,,1.0653881834199563,0.286700301883525,1,0,1.0,1.9414440293522113,,,,,True
RPS3P6,1,1.3151472140671712,1.2531190220678776,0.0,,,1.0494990427141833,0.2939484955946359,1,0,1.0,1.3151472140671712,0.4150818810470421,,,,True
RPL4P7,1,-1.6393141945841492,1.57663718396702,0.0,,,-1.039753604224547,0.29845438933036883,0,1,1.0,-1.6393141945841492,,,,,True
RPL17P36,1,-0.5881365735668003,0.5741227294178193,0.0,,,-1.0244091436045244,0.30564206497191726,0,1,1.0,-0.5881365735668003,0.4285548631993902,,,,True
RPSAP8,1,-0.7001460057775499,0.6883797763312034,0.0,,,-1.0170926425367346,0.3091093600220758,0,1,1.0,-0.7001460057775499,0.4323147097017338,,,,True
RPL39P16,1,-1.2585468090550809,1.2502563168818783,0.0,,,-1.0066310340217908,0.3141121151728098,0,1,1.0,-1.2585468090550809,0.4380221371266516,,,,True
RPS11P5,1,-0.3401060462793172,0.338264449643638,0.0,,,-1.0054442511993775,0.3146829809942582,0,1,1.0,-0.3401060462793172,0.4386134009377935,,,,True
EIF1P7,1,-0.8968482690784597,0.893292454915493,0.0,,,-1.0039805711370338,0.3153879785019442,0,1,1.0,-0.8968482690784597,0.4393909821779052,,,,True
RPL30P4,1,-0.9838239620265506,1.0099960524819431,0.0,,,-0.9740869378735909,0.33001337456528523,0,1,1.0,-0.9838239620265506,0.454534650717349,,,,True
RPL13AP20,1,-0.3171517612009164,0.3264689981198646,0.0,,,-0.9714605767389671,0.33131897564158197,0,1,1.0,-0.3171517612009164,0.4557843327474444,,,,True
EIF4HP2,1,-1.3786061506497278,1.4217248804287357,0.0,,,-0.9696715374594802,0.33221024210461536,0,1,1.0,-1.3786061506497278,0.4566798606943115,,,,True
DDX11L10,1,-0.4281588774378291,0.4451081053718218,0.0,,,-0.9619210979772337,0.33608923968447413,0,1,1.0,-0.4281588774378291,0.4607397799897452,,,,True
RPL15P5,1,-0.8021384099315754,0.8412129677160315,0.0,,,-0.9535497439007068,0.34031160505880576,0,1,1.0,-0.8021384099315754,0.465155568183027,,,,True
RPL17P43,1,-1.3507510677045336,1.4531369719565077,0.0,,,-0.9295414635867936,0.3526085474250029,0,1,1.0,-1.3507510677045336,,,,,True
RPS4XP13,1,-0.7978201245484235,0.8588860139913145,0.0,,,-0.9289010550316069,0.3529403661832,0,1,1.0,-0.7978201245484235,0.4782274480151649,,,,True
RPL21P89,1,-0.8037101222166295,0.8805694675791261,0.0,,,-0.9127163180279242,0.3613917594072641,0,1,1.0,-0.8037101222166295,0.4869195574354284,,,,True
RPL7P48,1,-1.1122306079994695,1.2328022880528746,0.0,,,-0.9021970666165459,0.3669521928103193,0,1,1.0,-1.1122306079994695,0.492615587420056,,,,True
RPL13P5,1,0.2941624736525824,0.3396586610003798,0.0,,,0.8660532099673252,0.38646098266965223,1,0,1.0,0.2941624736525824,0.5128156382582726,,,,True
RPL9P32,1,-0.4341746574857319,0.5029762133098149,0.0,,,-0.8632111141571942,0.38802140407418595,0,1,1.0,-0.4341746574857319,0.5142950278054227,,,,True
RPS2P45,1,1.498798030123147,1.742255918533759,0.0,,,0.8602628432363137,0.3896441700956189,1,0,1.0,1.498798030123147,,,,,True
RPS7P3,1,1.4669252010435374,1.7135487026718934,0.0,,,0.8560744137334397,0.39195662016976107,1,0,1.0,1.4669252010435374,,,,,True
RPS7P14,1,-1.34046706539093,1.5697811393722951,0.0,,,-0.8539197164306227,0.3931494742897135,0,1,1.0,-1.34046706539093,,,,,True
RPS20P22,1,-0.8611865468041922,1.0212815358132423,0.0,,,-0.8432410815284473,0.39909362687661964,0,1,1.0,-0.8611865468041922,0.525472437554013,,,,True
EIF1P5,1,0.868738291168354,1.0636025281521346,0.0,,,0.8167884789420998,0.4140493173292533,1,0,1.0,0.868738291168354,0.5402306077566854,,,,True
RPL7P16,1,-0.7632665239702313,0.9351063071165044,0.0,,,-0.8162350292811535,0.41436572570957253,0,1,1.0,-0.7632665239702313,0.5405422352230328,,,,True
RPL9P3,1,-0.6128133914480258,0.7590845669419503,0.0,,,-0.8073058235353239,0.4194903097071101,0,1,1.0,-0.6128133914480258,0.5452200444349918,,,,True
RPL32P2,1,-0.8115972313881039,1.0274750320893542,0.0,,,-0.7898948451698469,0.42958918209369856,0,1,1.0,-0.8115972313881039,0.5547676860862345,,,,True
RPS3AP18,1,-1.314349690437706,1.667253966714715,0.0,,,-0.7883320218020542,0.43050252182803783,0,1,1.0,-1.314349690437706,,,,,True
RPL9P28,1,1.063779692344824,1.3583831726956763,0.0,,,0.7831219597882537,0.43355549681593586,1,0,1.0,1.063779692344824,,,,,True
RPL23AP3,1,-0.6870594801974709,0.8846709617670242,0.0,,,-0.7766271414912861,0.4373787836302452,0,1,1.0,-0.6870594801974709,0.5623864229395353,,,,True
RPL7P8,1,-0.7886814608902891,1.0332711614484071,0.0,,,-0.7632860475702623,0.44529282119248426,0,1,1.0,-0.7886814608902891,0.5704572412433406,,,,True
RPL21P37,1,-0.8724034455833253,1.1434494247850775,0.0,,,-0.7629576146293502,0.4454886740912126,0,1,1.0,-0.8724034455833253,0.5706382097022789,,,,True
RPL9P18,1,-0.9022493886123736,1.227748457193829,0.0,,,-0.73488130514501,0.4624117848380668,0,1,1.0,-0.9022493886123736,0.5867075786747965,,,,True
RPL6P27,1,-0.089107417285124,0.1216473939887189,0.0,,,-0.7325057641052917,0.46385992582394286,0,1,1.0,-0.089107417285124,0.5880453343808957,,,,True
RPL36AP21,1,-1.1560579345081503,1.6013883584256083,0.0,,,-0.7219097906048968,0.4703499414469162,0,1,1.0,-1.1560579345081503,,,,,True
RPSAP36,1,-0.6815257557879142,0.958951480724508,0.0,,,-0.710698892996137,0.4772708458036228,0,1,1.0,-0.6815257557879142,0.6006395558855367,,,,True
RPS4XP2,1,1.099772834977919,1.5485005736411466,0.0,,,0.7102179060818243,0.4775690185899628,1,0,1.0,1.099772834977919,,,,,True
RPL13AP6,1,0.3665838839913435,0.5171955956422191,0.0,,,0.7087915811350715,0.4784538229536336,1,0,1.0,0.3665838839913435,0.6016936731634182,,,,True
RPL4P2,1,-1.1664126577614122,1.6722307224743318,0.0,,,-0.6975189739580426,0.48547806936772775,0,1,1.0,-1.1664126577614122,,,,,True
RPL12P14,1,0.7113424498355981,1.0270035307279577,0.0,,,0.6926387578544997,0.48853628103274105,1,0,1.0,0.7113424498355981,0.6116138386292881,,,,True
RPS15AP11,1,-0.6671219688248058,0.9688901326440096,0.0,,,-0.6885424325710625,0.4911112587897458,0,1,1.0,-0.6671219688248058,0.6140208278622147,,,,True
RPL23AP88,1,-1.272663146659601,1.8576969901531983,0.0,,,-0.6850757434637651,0.4932961259092793,0,1,1.0,-1.272663146659601,,,,,True
RPL13AP3,1,-0.979837368155538,1.434505134774752,0.0,,,-0.6830490490432393,0.4945758493298015,0,1,1.0,-0.979837368155538,,,,,True
RPL10P7,1,1.239658076265873,1.8621884077387252,0.0,,,0.6656995989848324,0.5056031298940589,1,0,1.0,1.239658076265873,,,,,True
RPL21P120,1,-0.6437065860461154,0.9774537012050787,0.0,,,-0.6585545537885891,0.5101818543536678,0,1,1.0,-0.6437065860461154,0.631198394663179,,,,True
RPS15AP24,1,0.6078465865178981,0.928143578126132,0.0,,,0.6549057719551377,0.5125284237872534,1,0,1.0,0.6078465865178981,0.633381759632105,,,,True
RPL7P47,1,0.7469644768229385,1.1534086636138712,0.0,,,0.6476147616947338,0.5172341472334958,1,0,1.0,0.7469644768229385,0.6376925569965353,,,,True
RPSAP17,1,-0.37365522366008275,0.5874002357513474,0.0,,,-0.6361169112949674,0.5247002237455517,0,1,1.0,-0.37365522366008275,0.6439698765776977,,,,True
RPS25P3,1,-0.764220638986668,1.2064264841537244,0.0,,,-0.6334581087406649,0.526434528705944,0,1,1.0,-0.764220638986668,0.6456056935018748,,,,True
RPS26P8,1,-0.9586129931544042,1.554916062547718,0.0,,,-0.6165046565817348,0.5375614995320286,0,1,1.0,-0.9586129931544042,,,,,True
RPS26P6,1,1.0568449004133753,1.7223656132978111,0.0,,,0.613600789666159,0.539479161599244,1,0,1.0,1.0568449004133753,,,,,True
RPS20P10,1,0.4204304418783625,0.6993582354758411,0.0,,,0.6011660699073672,0.5477293811042246,1,0,1.0,0.4204304418783625,0.6644325427274527,,,,True
RPL22P3,1,-0.8622468743574431,1.4415971613098124,0.0,,,-0.598119153879312,0.5497604307155768,0,1,1.0,-0.8622468743574431,,,,,True
EIF4BP5,1,-0.5340169277631049,0.8930763047297269,0.0,,,-0.5979521849756336,0.5498718380211746,0,1,1.0,-0.5340169277631049,0.666258296375952,,,,True
RPL7P56,1,1.00674046109031,1.6840836335120135,0.0,,,0.5977971883681561,0.5499752669610514,1,0,1.0,1.00674046109031,,,,,True
RPL5P1,1,-0.2347660369775268,0.3932010975068997,0.0,,,-0.597063534323953,0.5504649629180931,0,1,1.0,-0.2347660369775268,0.6666678551017062,,,,True
RPS8P10,1,0.9682555835163192,1.6240926765144863,0.0,,,0.5961824700757357,0.5510533350781137,1,0,1.0,,,0.9682555835163192,,,True
RPL12P35,1,0.667697593802735,1.1292765787151848,0.0,,,0.5912613494228283,0.5543453223633501,1,0,1.0,0.667697593802735,0.6699314011982309,,,,True
RPS26P47,1,0.7943967283609822,1.3621052427181222,0.0,,,0.583212444565399,0.5597502946940913,1,0,1.0,0.7943967283609822,,,,,True
RPS7P4,1,-0.5417124974508885,0.95675433594518,0.0,,,-0.5661981107362627,0.5712591141013503,0,1,1.0,-0.5417124974508885,0.6844855451794095,,,,True
RPS10P5,1,-0.6486925937290983,1.165344703152576,0.0,,,-0.5566529731282147,0.5777645531386153,0,1,1.0,-0.6486925937290983,0.6898592579768057,,,,True
RPL7P59,1,-0.5465475278793316,0.9883474708149896,0.0,,,-0.5529912748485605,0.5802693847634808,0,1,1.0,-0.5465475278793316,0.692039695802653,,,,True
RPL36AP16,1,-0.8339240230836885,1.5416317054466735,0.0,,,-0.540935957750082,0.58855172545235,0,1,1.0,-0.8339240230836885,,,,,True
RPL19P16,1,0.7476209115723342,1.4127741681440615,0.0,,,0.5291864251414446,0.596676132643897,1,0,1.0,0.7476209115723342,0.7065083387547184,,,,True
RPS27AP12,1,-0.6985083905965305,1.354977901097659,0.0,,,-0.5155127548801152,0.6061947589270915,0,1,1.0,-0.6985083905965305,,,,,True
RPL7AP31,1,-0.5120017383807406,1.0413973919059858,0.0,,,-0.4916487619041037,0.6229676658072938,0,1,1.0,-0.5120017383807406,0.7288467189751684,,,,True
RPL35P6,1,0.7894364735714766,1.6096764695382575,0.0,,,0.49043176595476345,0.6238284028896761,1,0,1.0,0.7894364735714766,,,,,True
RPL9P33,1,0.8352007099149993,1.7348884460816227,0.0,,,0.4814146476111265,0.630221828327006,1,0,1.0,0.8352007099149993,,,,,True
RPL21P134,1,-0.4028021380271308,0.8369135416527679,0.0,,,-0.4812948028438663,0.6303069902789218,0,1,1.0,-0.4028021380271308,0.7355153712310865,,,,True
EIF4A1P7,1,-0.4452623310632436,0.9517481133847352,0.0,,,-0.467836315934204,0.6399016481222195,0,1,1.0,-0.4452623310632436,0.7437473650771735,,,,True
RPS19P1,1,0.5078847542393167,1.0915765107969138,0.0,,,0.46527636790986965,0.6417335559981697,1,0,1.0,0.5078847542393167,0.7452964680683148,,,,True
RPL21P7,1,-0.6726403925202215,1.4555036904334036,0.0,,,-0.462135820706803,0.6439839238825991,0,1,1.0,-0.6726403925202215,,,,,True
RPL4P3,1,-0.6040090579949604,1.3252545249157517,0.0,,,-0.45576834233662256,0.6485565712883834,0,1,1.0,-0.6040090579949604,,,,,True
RPL19P5,1,-0.4428880081191835,0.9778179828297456,0.0,,,-0.45293502052139867,0.650595532496209,0,1,1.0,-0.4428880081191835,0.752786705909107,,,,True
RPS4XP6,1,-0.2586965400307749,0.5719015545900663,0.0,,,-0.4523445301983943,0.651020800896797,0,1,1.0,-0.2586965400307749,0.7531953992002457,,,,True
RPL29P12,1,-0.4611667366680456,1.0443710824461316,0.0,,,-0.4415736364395482,0.6587977649833616,0,1,1.0,-0.4611667366680456,0.7591680120572238,,,,True
RPL7L1P8,1,0.6605160601728477,1.5103084769800958,0.0,,,0.437338510801163,0.6618658703245068,1,0,1.0,0.6605160601728477,,,,,True
RPL10P3,1,-0.3867968965711718,0.8892316140409837,0.0,,,-0.43497879569691583,0.6635778187762278,0,1,1.0,-0.3867968965711718,0.7629753850995381,,,,True
RPL39P15,1,0.1457848997169457,0.3611837923918614,0.0,,,0.4036307907160418,0.6864842400051872,1,0,1.0,0.1457848997169457,0.7814668947208516,,,,True
RPL21P3,1,-0.5575415374144342,1.393798390394525,0.0,,,-0.4000159142504232,0.6891447953301875,0,1,1.0,-0.5575415374144342,,,,,True
RPS4XP11,1,-0.2390562978288414,0.6076703142992569,0.0,,,-0.3933980189644649,0.6940255325972761,0,1,1.0,-0.2390562978288414,0.7872073942007439,,,,True
RPS3AP49,1,0.212027065064485,0.5528265669054598,0.0,,,0.38353269860264194,0.7013248303857609,1,0,1.0,0.212027065064485,0.792235203114752,,,,True
RPSAP5,1,-0.537145559941907,1.4219907826025195,0.0,,,-0.37774194215157025,0.7056223069231276,0,1,1.0,-0.537145559941907,,,,,True
RPL7P44,1,-0.4434984123312613,1.1751239407987,0.0,,,-0.37740564797771664,0.7058721702191262,0,1,1.0,-0.4434984123312613,0.7956523206233381,,,,True
RPS4XP7,1,0.621071898236259,1.6992421972091405,0.0,,,0.36549933803216295,0.7147387008578658,1,0,1.0,0.621071898236259,,,,,True
RPS10P2,1,-0.638850814410565,1.7649459585959648,0.0,,,-0.3619662184550842,0.7173772749183411,0,1,1.0,-0.638850814410565,,,,,True
RPS26P58,1,0.3727230358740046,1.0345015475379868,0.0,,,0.3602923908244016,0.7186284890143586,1,0,1.0,0.3727230358740046,0.805989656187456,,,,True
RPL34P34,1,0.3091112814038673,0.8599945083670739,0.0,,,0.35943401777157447,0.7192704301793817,1,0,1.0,0.3091112814038673,0.8065798215593066,,,,True
RPL36AP15,1,0.5373128471487938,1.4968629368840405,0.0,,,0.35895928338455385,0.7196255491936304,1,0,1.0,0.5373128471487938,,,,,True
RPL39P40,1,-0.5983862242106924,1.720541815209352,0.0,,,-0.34778941082456755,0.7279983427515551,0,1,1.0,-0.5983862242106924,,,,,True
RPL10P6,1,-0.1127184922152636,0.3260891639699613,0.0,,,-0.34566770279323666,0.7295924591104264,0,1,1.0,-0.1127184922152636,0.8140068283788329,,,,True
RPL37AP1,1,-0.1185813965184528,0.3588027821946817,0.0,,,-0.33049185347206167,0.7410283471442141,0,1,1.0,-0.1185813965184528,0.8229012336872906,,,,True
RPS20P2,1,0.5967761918199855,1.8095798457943053,0.0,,,0.32978715650871643,0.7415607925956507,1,0,1.0,0.5967761918199855,,,,,True
RPL26P30,1,0.4134640472984364,1.2589345910515073,0.0,,,0.32842377216206,0.7425912713185072,1,0,1.0,0.4134640472984364,0.8239912966973758,,,,True
RPL7AP60,1,-0.3740896495273743,1.1838686761741612,0.0,,,-0.31598914394483163,0.7520107481748035,0,1,1.0,-0.3740896495273743,0.8301144042104884,,,,True
RPL12P17,1,-0.2529297877020783,0.8007129707663706,0.0,,,-0.31588071748106766,0.7520930483631788,0,1,1.0,-0.2529297877020783,0.830126466055096,,,,True
RPL10P12,1,-0.2520036289191009,0.7978077402634255,0.0,,,-0.3158701228392352,0.752101090287457,0,1,1.0,-0.2520036289191009,0.830126466055096,,,,True
RPL12P38,1,-0.2901997895754508,0.9264723812105544,0.0,,,-0.31323091271891745,0.7541052343081781,0,1,1.0,-0.2901997895754508,0.8316349535859207,,,,True
RPS15AP38,1,0.3296859140475269,1.0780691592289693,0.0,,,0.3058114697236279,0.7597481950153891,1,0,1.0,0.3296859140475269,0.8357869798459128,,,,True
RPLP1P6,1,0.2156223955357863,0.7270155432951385,0.0,,,0.29658567485159315,0.7667828488547094,1,0,1.0,0.2156223955357863,0.841135598601981,,,,True
RPL5P18,1,-0.3345213069386694,1.130299580747386,0.0,,,-0.29595809167466425,0.7672620863709603,0,1,1.0,-0.3345213069386694,0.8413720513105035,,,,True
RPL12P33,1,-0.315959982145622,1.071700291495343,0.0,,,-0.2948212150850152,0.7681304590897934,0,1,1.0,-0.315959982145622,0.8419512073470993,,,,True
EIF3LP3,1,0.3600189752633417,1.2310027115709714,0.0,,,0.2924599368297861,0.7699349872438624,1,0,1.0,0.3600189752633417,0.8430892962141309,,,,True
RPS3AP25,1,-0.17211256615136,0.5986736745731268,0.0,,,-0.28748978527255553,0.7737373221562776,0,1,1.0,-0.17211256615136,0.8456848744113846,,,,True
RPL12P10,1,-0.3676648405110926,1.331451508781633,0.0,,,-0.2761383633471793,0.7824417960524479,0,1,1.0,-0.3676648405110926,0.851432864265692,,,,True
RPL10P19,1,0.3908666462926828,1.447173542630593,0.0,,,0.2700896850160671,0.7870912574854677,1,0,1.0,0.3908666462926828,0.8548015495579838,,,,True
RPS27AP16,1,-0.0344697284616013,0.1365879506152704,0.0,,,-0.2523628790558017,0.8007605899491335,0,1,1.0,-0.0344697284616013,0.8650630887493064,,,,True
RPS10P9,1,0.3433902902255744,1.3655041921938753,0.0,,,0.2514750904381109,0.8014468184752328,1,0,1.0,0.3433902902255744,0.8655360671062722,,,,True
RPS3AP34,1,-0.346372522115778,1.404068625361755,0.0,,,-0.24669201765443335,0.8051465846681518,0,1,1.0,-0.346372522115778,0.8687239109760725,,,,True
RPL7P26,1,-0.10159512755663812,0.4212989387481334,0.0,,,-0.24114736167748832,0.8094409063544337,0,1,1.0,-0.10159512755663812,0.8719622604341624,,,,True
RPL5P3,1,0.2694202743403802,1.1193814570199965,0.0,,,0.24068674056619405,0.8097979164095366,1,0,1.0,0.2694202743403802,0.8722247077531715,,,,True
DDX18P1,1,0.3686715960014738,1.533651206528052,0.0,,,0.2403881628575046,0.8100293538822072,1,0,1.0,0.3686715960014738,,,,,True
RPSAP61,1,-0.2532831383609326,1.0859420031548168,0.0,,,-0.23323818180446915,0.8155764585169767,0,1,1.0,-0.2532831383609326,0.8762138716198381,,,,True
RPL37P23,1,0.3512061881923584,1.6174526403717413,0.0,,,0.21713537659541005,0.8281028450454972,1,0,1.0,0.3512061881923584,,,,,True
RPSAP56,1,-0.3655412729425444,1.7688374104052593,0.0,,,-0.20665623125801882,0.8362783418425089,0,1,1.0,-0.3655412729425444,,,,,True
RPL3P4,1,0.038102415043360406,0.1859992801340792,0.0,,,0.20485248661120595,0.8376873780821686,1,0,1.0,0.038102415043360406,0.8916849453251434,,,,True
RPL21P116,1,-0.3617361096284297,1.8176206527243255,0.0,,,-0.19901628488114095,0.8422500059050686,0,1,1.0,-0.3617361096284297,,,,,True
RPS3AP20,1,-0.1070568635393295,0.5557457998468016,0.0,,,-0.19263638801920066,0.8472437451198832,0,1,1.0,-0.1070568635393295,0.8986543752144232,,,,True
RPL13AP7,1,-0.0818061974079999,0.4382828077016023,0.0,,,-0.1866516230399261,0.8519337886044049,0,1,1.0,-0.0818061974079999,0.901703095176692,,,,True
RPL12P8,1,-0.1605738037650855,0.8639316750642976,0.0,,,-0.18586400799939984,0.8525514077997184,0,1,1.0,-0.1605738037650855,0.9019132568571274,,,,True
RPS29P14,1,0.335267153259514,2.0366639531116033,0.0,,,0.16461584285777475,0.8692463605456732,1,0,1.0,0.335267153259514,,,,,True
RPS18P9,1,-0.0517694847684574,0.3177879648350546,0.0,,,-0.1629057437569354,0.8705926483800209,0,1,1.0,-0.0517694847684574,0.914557555250124,,,,True
RPS15AP12,1,0.1001924016479296,0.6775882334115144,0.0,,,0.14786620650639387,0.8824483582838416,1,0,1.0,0.1001924016479296,0.922977055147188,,,,True
RPS29P5,1,-0.0963546755370316,0.6692134404066077,0.0,,,-0.1439819790207552,0.885514700008231,0,1,1.0,-0.0963546755370316,0.9250918750335456,,,,True
RPL32P32,1,-0.18399631141748,1.2782977249652747,0.0,,,-0.143938542503843,0.885549000059873,0,1,1.0,-0.18399631141748,,,,,True
RPL21P119,1,0.0924829204828596,0.695858074635048,0.0,,,0.13290486070936733,0.8942686227197018,1,0,1.0,0.0924829204828596,0.9312444720429456,,,,True
RPL10P15,1,-0.1298196947354336,1.0115482972716965,0.0,,,-0.1283376138199012,0.8978817996860071,0,1,1.0,-0.1298196947354336,0.9338864131460528,,,,True
EIF1P6,1,0.1832373634162564,1.446344250010603,0.0,,,0.1266900071783831,0.8991857552219883,1,0,1.0,0.1832373634162564,,,,,True
RPS4XP1,1,0.1312282256897357,1.0614760986004108,0.0,,,0.1236280551797296,0.9016097780651958,1,0,1.0,0.1312282256897357,0.9365524207607564,,,,True
RPS4XP3,1,0.04747383611081431,0.3949800883449859,0.0,,,0.12019298570147016,0.9043302740949134,1,0,1.0,0.04747383611081431,0.9385855488372268,,,,True
RPL23AP25,1,0.1131342171791896,0.9555393852663306,0.0,,,0.11839827737467516,0.9057520906353682,1,0,1.0,0.1131342171791896,0.9394549120273372,,,,True
DDX39B-AS1,1,0.1414076457573359,1.2958183149056015,0.0,,,0.10912613607227586,0.9131024450908672,1,0,1.0,0.1414076457573359,0.9446417120481824,,,,True
RPL23AP43,1,0.1435769403766548,1.3266428614610843,0.0,,,0.1082257663667883,0.9138166063897608,1,0,1.0,0.1435769403766548,,,,,True
RPL7P32,1,-0.07022127413645508,0.7376449025627713,0.0,,,-0.09519658292558929,0.9241586840926954,0,1,1.0,-0.07022127413645508,0.9519158052856438,,,,True
RPS15AP16,1,-0.1270868999843974,1.3914521133726472,0.0,,,-0.09133400909957297,0.9272271955570123,0,1,1.0,-0.1270868999843974,,,,,True
EIF4BP9,1,-0.10910254565368,1.210456714953828,0.0,,,-0.09013337222706196,0.9281812299370346,0,1,1.0,-0.10910254565368,0.9543772637053018,,,,True
RPL21P11,1,0.0649029080472173,0.7579374784741951,0.0,,,0.08563095227573839,0.9317597924646972,1,0,1.0,0.0649029080472173,0.9566737392548914,,,,True
RPS3P2,1,0.1231458957453491,1.5059956372616343,0.0,,,0.08177041997894921,0.9348292787167305,1,0,1.0,0.1231458957453491,,,,,True
RPL7P22,1,-0.08538206550183698,1.0543105606204557,0.0,,,-0.0809837904417747,0.9354548435124668,0,1,1.0,-0.08538206550183698,0.959272764261364,,,,True
RPSAP58,1,-0.0227625654504808,0.3145339826088003,0.0,,,-0.07236917696995432,0.9423081136719748,0,1,1.0,,,-0.0227625654504808,0.9607687601081496,,True
RPL10P1,1,-0.1328750519120188,1.8703728334400216,0.0,,,-0.0710420134084351,0.9433643180776307,0,1,1.0,-0.1328750519120188,,,,,True
DDX43,1,0.0855173864205633,1.2294348976388136,0.0,,,0.0695582877831135,0.9445452380113009,1,0,1.0,0.0855173864205633,0.96555976460145,,,,True
RPL7P6,1,0.0964419418072952,1.4201072909869037,0.0,,,0.06791172921890491,0.9458559017443334,1,0,1.0,0.0964419418072952,,,,,True
RPL23AP49,1,0.0390763510637114,0.5816420264353841,0.0,,,0.06718281913566725,0.9464361625630976,1,0,1.0,0.0390763510637114,0.9664531047987162,,,,True
RPS24P17,1,0.0685452029561223,1.4504446582944126,0.0,,,0.04725806156349671,0.9623075527371844,1,0,1.0,0.0685452029561223,,,,,True
RPL31P44,1,-0.0381093384836693,1.3392973235558876,0.0,,,-0.02845472608164966,0.9772994767464513,0,1,1.0,-0.0381093384836693,,,,,True
RPL7P18,1,-0.0338292482297145,1.2099936219681846,0.0,,,-0.02795820375870047,0.9776954866729504,0,1,1.0,-0.0338292482297145,0.9867102024805552,,,,True
RPL37P6,1,-0.036616286089036,1.3250354957862365,0.0,,,-0.02763419259746622,0.9779539103228554,0,1,1.0,-0.036616286089036,0.9868423730918536,,,,True
RPL19P21,1,0.0310172315687192,1.2018544079368654,0.0,,,0.025807811132435073,0.9794106315425328,1,0,1.0,0.0310172315687192,0.9875830156286206,,,,True
RPL34P33,1,-0.028147076970187996,1.7968683722897199,0.0,,,-0.01566451800491131,0.9875020340527103,0,1,1.0,-0.028147076970187996,,,,,True
RPL31P17,1,-0.0179683858379187,1.3928810070800304,0.0,,,-0.012900158553806955,0.9897074481297435,0,1,1.0,-0.0179683858379187,,,,,True
RPSAP11,1,0.0214499728941057,1.809702338943163,0.0,,,0.011852762983459556,0.9905430848436613,1,0,1.0,0.0214499728941057,,,,,True
RPL23AP57,1,-0.0016726209673944,0.6253507006795119,0.0,,,-0.0026746927213432627,0.9978659065172928,0,1,1.0,-0.0016726209673944,0.9987736219490844,,,,True
