priority_rank,gene_id,gene_symbol,baseMean,log2FoldChange,lfcSE,stat,pvalue,padj,gene_id_base,gencode_symbol,gene_type,gencode_release,host_gene,target_family,translation_target,protein_coding,gencode_pseudogene,symbol_pseudogene_like,curated_host_protein_coding_target,significant,passes_effect_size,significant_with_effect,log2FoldChange_strict,padj_strict,significant_strict,direction_agreement,dataset_count,significant_dataset_count,mean_log2_fold_change,direction_consistency,log2fc_GSE278320_primary,log2fc_GSE287860,log2fc_GSE288000_NTC,padj_GSE278320_primary,padj_GSE287860,padj_GSE288000_NTC,n_infected_samples,pearson_r_viral_load,pearson_p_viral_load,spearman_r_viral_load,spearman_p_viral_load,viral_load_correlation_q,candidate_priority_score,priority_interpretation
1,ENSG00000100129.18,EIF3L,152.62138130187498,-2.229925088818498,0.3180995537828833,-7.010148434035586,2.3806542171753698e-12,3.817799152690796e-11,ENSG00000100129,EIF3L,protein_coding,v44,True,EIF,True,True,False,False,True,True,True,True,-2.337112811037723,4.616062939614107e-06,True,True,3,3.0,-1.0755224820747131,1.0,-2.229925088818498,-0.3280123318568826,-0.6686300255487594,3.817799152690796e-11,2.535589119082258e-05,6.72279559799613e-08,6,-0.6339228817790348,0.1764892377895853,-0.48571428571428577,0.3287230320699708,0.9264161857994898,9.187531021719282,cross-dataset conserved translation factor
2,ENSG00000187840.5,EIF4EBP1,125.15219736994634,-4.4135379447419165,0.7680727076506764,-5.746250193216365,9.124426752722502e-09,7.918971248582481e-08,ENSG00000187840,EIF4EBP1,protein_coding,v44,True,EIF,True,True,False,False,True,True,True,True,-3.9970088984235113,5.551633892138006e-05,True,True,3,3.0,-0.8289957355496796,0.6666666666666666,-4.4135379447419165,1.1312887661118691,0.795261971981008,7.918971248582481e-08,8.809510857472348e-50,0.0001423245118004,6,-0.31663122098851243,0.5409251523080563,-0.6571428571428573,0.1561749271137024,0.9462584097748057,9.136031138816689,cross-dataset conserved translation factor
3,ENSG00000265681.8,RPL17,16.700680490958725,1.9611105712888413,0.3318958995821335,5.908812292522854,3.4458306636889703e-09,3.251993369755796e-08,ENSG00000265681,RPL17,protein_coding,v44,True,RPL,True,True,False,False,True,True,True,True,1.7986206450786273,0.0001995127517848,True,True,3,3.0,1.1864393224414325,1.0,1.9611105712888413,0.6650654246186262,0.9331419714168302,3.251993369755796e-08,5.4129436581772696e-08,4.3147968224553236e-07,6,-0.6434102254754007,0.1680630886011099,-0.3714285714285715,0.4684781341107872,0.9264161857994898,9.061082731822673,cross-dataset conserved translation factor
4,ENSG00000198034.11,RPS4X,674.01662888699,-2.0775528781919763,0.4072422492201191,-5.101516068557601,3.3694340768096713e-07,2.2068275440005685e-06,ENSG00000198034,RPS4X,protein_coding,v44,True,RPS,True,True,False,False,True,True,True,True,-1.917021544778457,0.0010013691859845,True,True,3,3.0,-0.9948292456419444,1.0,-2.0775528781919763,-0.2256782267436528,-0.6812566319902036,2.2068275440005685e-06,0.0104606683984437,2.5537939992766366e-08,6,0.44538702251707374,0.3760950889367312,0.2571428571428572,0.6227871720116619,0.9264161857994898,9.053493959420484,cross-dataset conserved translation factor
5,ENSG00000253626.4,EIF5AL1,6.0924774700493,-3.216578442919523,0.8064363661264503,-3.988632678322395,6.645523077428881e-05,0.0002607752038839,ENSG00000253626,EIF5AL1,protein_coding,v44,True,EIF,True,True,False,False,True,True,True,True,-3.1424217641421146,0.0033502557414325,True,True,3,3.0,0.070408145507447,0.6666666666666666,-3.216578442919523,1.1845535650749217,2.2432493143669423,0.0002607752038839,0.0002837972070262,1.3603830968407846e-06,6,-0.5510682179455747,0.25707081898281137,-0.5768179036829705,0.23073225195460048,0.9264161857994898,9.027607095584104,cross-dataset conserved translation factor
6,ENSG00000175376.9,EIF1AD,87.8176006172651,1.774602850976282,0.282298188018868,6.2862707813685015,3.2518255840796315e-10,3.732753473093515e-09,ENSG00000175376,EIF1AD,protein_coding,v44,True,EIF,True,True,False,False,True,True,True,True,1.7691898302273426,3.954645892831064e-05,True,True,3,3.0,1.0669494921373708,1.0,1.774602850976282,0.5694367251968758,0.8568089002389547,3.732753473093515e-09,5.829412568152022e-10,3.6707131652374202e-09,6,-0.5948391455403071,0.21297832253000437,-0.48571428571428577,0.3287230320699708,0.9264161857994898,9.027561638874424,cross-dataset conserved translation factor
7,ENSG00000147604.14,RPL7,688.2448262187836,-2.3336055056538227,0.4346794926770294,-5.368565908830928,7.936518766897152e-08,5.863667828794949e-07,ENSG00000147604,RPL7,protein_coding,v44,True,RPL,True,True,False,False,True,True,True,True,-2.1664981647507924,0.0006073109448459,True,True,3,3.0,-0.9501794391204604,1.0,-2.3336055056538227,-0.2441394824849307,-0.2727933292226279,5.863667828794949e-07,0.0011179292269759,0.0393307063271944,6,0.30597010058653484,0.5553669580382998,0.028571428571428574,0.9571545189504373,0.9462584097748057,9.013585004651405,cross-dataset conserved translation factor
8,ENSG00000142541.18,RPL13A,1248.1610756340826,-1.856025140073757,0.4727764290120985,-3.925798805054769,8.644238795552003e-05,0.0003273673348341,ENSG00000142541,RPL13A,protein_coding,v44,True,RPL,True,True,False,False,True,True,True,True,-1.5597122913988304,0.0133557508396817,True,True,3,3.0,-0.885651789785259,1.0,-1.856025140073757,-0.2633183074820366,-0.5376119217999834,0.0003273673348341,0.000898958407341,0.0004516538718363,6,0.4025538087225443,0.42878612250088144,0.2571428571428572,0.6227871720116619,0.9264161857994898,8.984888617356532,cross-dataset conserved translation factor
9,ENSG00000147403.18,RPL10,1123.427782689725,-2.4499401794467626,0.5352822076283316,-4.57691315820431,4.718872331445073e-06,2.4227543679100055e-05,ENSG00000147403,RPL10,protein_coding,v44,True,RPL,True,True,False,False,True,True,True,True,-2.225286705523535,0.0024612395371128,True,True,3,3.0,-1.0569723632299282,1.0,-2.4499401794467626,-0.2924112971708279,-0.4285656130721941,2.4227543679100055e-05,0.000273637047315,0.0005154629096392,6,0.14090355868165028,0.7900433984194473,-0.08571428571428573,0.8717434402332361,0.9525454590517624,8.933899095688039,cross-dataset conserved translation factor
10,ENSG00000108107.15,RPL28,386.863420025444,-2.4088305404373793,0.4134684329546105,-5.825911601580028,5.680167814596396e-09,5.144703489881536e-08,ENSG00000108107,RPL28,protein_coding,v44,True,RPL,True,True,False,False,True,True,True,True,-2.1533059465962605,0.0001044623697598,True,True,3,3.0,-1.0966251239450877,1.0,-2.4088305404373793,-0.2830703496136189,-0.597974481784265,5.144703489881536e-08,0.0036382935252631,0.0005112695063509,6,0.18505330242155066,0.7255885960692348,-0.08571428571428573,0.8717434402332361,0.9462584097748057,8.924047342954648,cross-dataset conserved translation factor
11,ENSG00000116251.11,RPL22,94.13907785834436,-1.9316100662101736,0.2930489175212205,-6.591425358431157,4.3562382357321495e-11,5.765142956390665e-10,ENSG00000116251,RPL22,protein_coding,v44,True,RPL,True,True,False,False,True,True,True,True,-1.9484142358277103,4.644306332902006e-05,True,True,3,3.0,-0.814724798720531,1.0,-1.9316100662101736,-0.1770443935637403,-0.335519936387679,5.765142956390663e-10,0.0348650891422584,0.0267070578878254,6,-0.4005232051151827,0.4313409258726371,-0.48571428571428577,0.3287230320699708,0.9264161857994898,8.923187930005593,cross-dataset conserved translation factor
12,ENSG00000186468.13,RPS23,601.9063166681855,-1.71333215349277,0.4328342462655875,-3.958402479182453,7.545273637501977e-05,0.0002903359527768,ENSG00000186468,RPS23,protein_coding,v44,True,RPS,True,True,False,False,True,True,True,True,-1.5304773794179265,0.0123299791823172,True,True,3,3.0,-0.7752688980214973,1.0,-1.71333215349277,-0.1804606981476473,-0.432013842424075,0.0002903359527768,0.0497624187819203,0.0006500420997185,6,0.3558137910363632,0.4888029408892012,0.14285714285714288,0.7871720116618076,0.9462584097748057,8.891789413522224,cross-dataset conserved translation factor
13,ENSG00000100664.11,EIF5,623.7952319971358,1.4226433594061156,0.330491906838863,4.30462389537348,1.672696615595155e-05,7.542177627895458e-05,ENSG00000100664,EIF5,protein_coding,v44,True,EIF,True,True,False,False,True,True,True,True,1.3379187391468748,0.007866337592235,True,True,3,3.0,0.9859849342147036,1.0,1.4226433594061156,0.3925056974382421,1.1428057457997534,7.542177627895458e-05,3.3191876992298867e-06,1.0356499575701765e-15,6,-0.4412328424750527,0.38110175781345035,-0.6571428571428573,0.1561749271137024,0.9264161857994898,8.884276676490435,cross-dataset conserved translation factor
14,ENSG00000182774.13,RPS17,68.28531471423204,2.6774472050696803,0.283212846459584,9.453833886916447,3.2664239647172207e-21,1.4421195682283926e-19,ENSG00000182774,RPS17,protein_coding,v44,True,RPS,True,True,False,False,True,True,True,True,2.831840569959582,8.196246747600218e-12,True,True,3,3.0,1.367001635595746,1.0,2.6774472050696803,0.6587959762493549,0.7647617254682025,1.4421195682283926e-19,1.6601654907965646e-07,0.0006786147882416,6,0.09547942005015031,0.8572160803815101,-0.028571428571428574,0.9571545189504373,0.966988858164536,8.871126128087228,cross-dataset conserved translation factor
15,ENSG00000142676.14,RPL11,551.5421382362537,-1.6220877706998853,0.444891687231785,-3.646028499190164,0.0002663244525726,0.0008897880377771,ENSG00000142676,RPL11,protein_coding,v44,True,RPL,True,True,False,False,True,True,True,True,-1.2880081836498851,0.0256400940181196,True,True,3,3.0,-0.7592312108392124,1.0,-1.6220877706998853,-0.2980777014238055,-0.3575281603939464,0.0008897880377771,0.0005534288501542,0.0036199015726331,6,0.36161924472498663,0.4812153320647285,0.2571428571428572,0.6227871720116619,0.9462584097748057,8.87065353782546,cross-dataset conserved translation factor
16,ENSG00000063046.18,EIF4B,575.4764267035536,-2.0729162729545703,0.2742110098357153,-7.559566168391603,4.044159247500803e-14,8.344665391484628e-13,ENSG00000063046,EIF4B,protein_coding,v44,True,EIF,True,True,False,False,True,True,True,True,-1.9991737821340945,1.604167691214438e-06,True,True,3,3.0,-1.0504413917544,1.0,-2.0729162729545703,-0.4647667172324102,-0.6136411850762195,8.344665391484628e-13,9.472171649344344e-12,3.0868479910986597e-07,6,-0.20829570183422053,0.6920751204089779,-0.4285714285714286,0.3965014577259473,0.9462584097748057,8.869670242348993,cross-dataset conserved translation factor
17,ENSG00000109475.17,RPL34,211.23478819804916,-1.8773797993492107,0.3079315893026325,-6.096743122720476,1.0825126073232422e-09,1.1242666650342816e-08,ENSG00000109475,RPL34,protein_coding,v44,True,RPL,True,True,False,False,True,True,True,True,-1.610310600085504,4.232948259204288e-05,True,True,3,3.0,-0.8960265923107343,1.0,-1.8773797993492107,-0.2971583119374109,-0.5135416656455812,1.1242666650342816e-08,0.0012907984516171,7.69664337390147e-05,6,0.31058527543903075,0.5491021136807452,0.2571428571428572,0.6227871720116619,0.9462584097748057,8.866816927657839,cross-dataset conserved translation factor
18,ENSG00000174748.22,RPL15,706.157577056546,-1.7292620577997757,0.3950335823189406,-4.377506458181601,1.200448051735435e-05,5.5970225573868234e-05,ENSG00000174748,RPL15,protein_coding,v44,True,RPL,True,True,False,False,True,True,True,True,-1.623312716891161,0.0055918559210634,True,True,3,3.0,-0.8224213017998259,1.0,-1.7292620577997757,-0.2760318607718269,-0.4619699868278749,5.5970225573868234e-05,9.603980123035392e-05,0.0002178740267497,6,0.3015619241076114,0.5613690733214641,0.028571428571428574,0.9571545189504373,0.9462584097748057,8.85998092783813,cross-dataset conserved translation factor
19,ENSG00000063177.13,RPL18,535.7962837317442,-1.5960648149559462,0.318679008389711,-5.008377624308803,5.489075860082981e-07,3.41657375880165e-06,ENSG00000063177,RPL18,protein_coding,v44,True,RPL,True,True,False,False,True,True,True,True,-1.3485257192759526,0.0016640573319476,True,True,3,3.0,-0.7764611192922047,1.0,-1.5960648149559462,-0.290185614572814,-0.4431329283478539,3.41657375880165e-06,0.0010518899229965,0.0169985538920338,6,0.34725705486613356,0.5000518411815416,0.2571428571428572,0.6227871720116619,0.9462584097748057,8.852488307940078,cross-dataset conserved translation factor
20,ENSG00000163577.8,EIF5A2,51.85271829702807,1.555477623977144,0.2967829501995785,5.241128652879579,1.5959738985947806e-07,1.1092476331533515e-06,ENSG00000163577,EIF5A2,protein_coding,v44,True,EIF,True,True,False,False,True,True,True,True,1.4215309155935822,0.0025482881531357,True,True,3,3.0,1.6924855798836884,1.0,1.555477623977144,1.6606656420169124,1.8613134736570096,1.1092476331533515e-06,0.0053243127241269,0.0369130743889856,6,0.4481647912113473,0.37276013881706827,0.3142857142857143,0.5440932944606415,0.9264161857994898,8.846833920070448,cross-dataset conserved translation factor
21,ENSG00000071082.11,RPL31,366.53130149216656,-1.4646685480070374,0.4010589277421722,-3.652003350860763,0.0002602024888997,0.0008718722204491,ENSG00000071082,RPL31,protein_coding,v44,True,RPL,True,True,False,False,True,True,True,True,-1.2314619176069572,0.0321121961192306,True,True,3,3.0,-0.8060827459582368,1.0,-1.4646685480070374,-0.3912463230613037,-0.5623333668063693,0.0008718722204491,9.113414382114707e-06,8.621859429221084e-06,6,0.38965271371578036,0.44510126659518345,0.14285714285714288,0.7871720116618076,0.9264161857994898,8.83980284761926,cross-dataset conserved translation factor
22,ENSG00000175390.15,EIF3F,213.15013192424328,-1.2930986121678836,0.3635987176713297,-3.556389363663167,0.0003759867124948,0.0012066318716176,ENSG00000175390,EIF3F,protein_coding,v44,True,EIF,True,True,False,False,True,True,True,True,-1.2164356428042369,0.0325040062542562,True,True,3,3.0,-0.7469156459044034,1.0,-1.2930986121678836,-0.4014448533892815,-0.5462034721560453,0.0012066318716176,1.8532739106462195e-08,1.8658024318293113e-05,6,-0.46440910698981364,0.3534672466857298,-0.6571428571428573,0.1561749271137024,0.9264161857994898,8.836390405376028,cross-dataset conserved translation factor
23,ENSG00000170889.14,RPS9,637.1659764968356,-1.8235420518412873,0.3637957022058671,-5.012544240584154,5.371502013404364e-07,3.3529610450014077e-06,ENSG00000170889,RPS9,protein_coding,v44,True,RPS,True,True,False,False,True,True,True,True,-1.4419548147650123,0.0005597673755983,True,True,3,3.0,-0.8349196484715217,1.0,-1.8235420518412873,-0.2518009740808122,-0.4294159194924659,3.3529610450014077e-06,0.0002889772998578,0.0086868472869534,6,0.23278438916686234,0.6571305430474814,0.3714285714285715,0.4684781341107872,0.9462584097748057,8.828815269612234,cross-dataset conserved translation factor
24,ENSG00000106263.19,EIF3B,307.43563910612744,-1.5469196224879147,0.3205998049692262,-4.82507973651575,1.3994726724050883e-06,8.07473518125793e-06,ENSG00000106263,EIF3B,protein_coding,v44,True,EIF,True,True,False,False,True,True,True,True,-1.5339502711023132,0.0021078155873534,True,True,3,3.0,0.1126597735273746,0.6666666666666666,-1.5469196224879147,0.8249236678192462,1.0599752752507925,8.07473518125793e-06,1.7692783858281191e-25,2.4808777747022736e-16,6,-0.6468841923237305,0.16502101882607545,-0.7142857142857143,0.11078717201166179,0.9264161857994898,8.797905963535168,cross-dataset conserved translation factor
25,ENSG00000118181.11,RPS25,350.11222894023183,-1.880219891939944,0.4321774446470215,-4.350573856244632,1.3578171019980373e-05,6.248995778556065e-05,ENSG00000118181,RPS25,protein_coding,v44,True,RPS,True,True,False,False,True,True,True,True,-1.6676467874329537,0.0055818269682691,True,True,3,3.0,-0.7891537505896741,1.0,-1.880219891939944,-0.2141236403241124,-0.2731177195049659,6.248995778556065e-05,0.0108898782561228,0.0391085907222785,6,0.1776266779015826,0.7363621538271891,-0.08571428571428573,0.8717434402332361,0.9462584097748057,8.783267645430273,cross-dataset conserved translation factor
26,ENSG00000156482.11,RPL30,393.5005190287707,-1.0448061534562243,0.3088324298601171,-3.3830843280592644,0.0007167661988231,0.0021385322566802,ENSG00000156482,RPL30,protein_coding,v44,True,RPL,True,True,False,False,True,True,True,True,-0.7464939240180645,0.0472061137333831,True,True,3,3.0,-0.6341395571366456,1.0,-1.0448061534562243,-0.2737310474642915,-0.5838814704894211,0.0021385322566802,0.001112186611614,5.3581394195651626e-05,6,0.43863507507930216,0.3842442415058607,0.2571428571428572,0.6227871720116619,0.9264161857994898,8.773748632566551,cross-dataset conserved translation factor
27,ENSG00000167526.14,RPL13,636.1797070993226,-1.6179962634549554,0.4704823221721166,-3.4390160633135194,0.0005838325903936,0.0017801466233027,ENSG00000167526,RPL13,protein_coding,v44,True,RPL,True,True,False,False,True,True,True,True,-1.439935828935791,0.0292624734770879,True,True,3,3.0,-0.7672706764653915,1.0,-1.6179962634549554,-0.1879569201082291,-0.49585884583299,0.0017801466233027,0.0310757163876535,0.0005199867479312,6,0.13233753981581858,0.8026525187948861,-0.08571428571428573,0.8717434402332361,0.9525454590517624,8.70204618776094,cross-dataset conserved translation factor
28,ENSG00000141543.12,EIF4A3,111.27234535008444,-1.51805394076059,0.3688432622997981,-4.1157155245164985,3.859801301604367e-05,0.0001601946077792,ENSG00000141543,EIF4A3,protein_coding,v44,True,EIF,True,True,False,False,True,True,True,True,-1.4209023965558736,0.0097662114839582,True,True,3,3.0,0.0023801388935698,0.6666666666666666,-1.51805394076059,0.648011878015901,0.8771824794253984,0.0001601946077792,3.736276467948582e-19,7.284270151290288e-08,6,-0.565433296736271,0.24223875527700983,-0.6,0.208,0.9264161857994898,8.69856661432268,cross-dataset conserved translation factor
29,ENSG00000233927.5,RPS28,215.10924109275064,-1.8076062173018952,0.423426326890601,-4.268998176320102,1.9635287409392585e-05,8.727239013630574e-05,ENSG00000233927,RPS28,protein_coding,v44,True,RPS,True,True,False,False,True,True,True,True,-1.5683053236813926,0.0080903348365621,True,True,3,3.0,-0.8338006844203601,1.0,-1.8076062173018952,-0.2560194755129792,-0.4377763604462062,8.727239013630574e-05,0.0061959682979531,0.0226918000209262,6,0.09593768234783427,0.8565349835581266,0.14285714285714288,0.7871720116618076,0.966988858164536,8.68894340215527,cross-dataset conserved translation factor
30,ENSG00000106682.16,EIF4H,434.2600678934765,-1.271945929930445,0.3467634933858232,-3.668050282661174,0.0002444071255802,0.0008246471857836,ENSG00000106682,EIF4H,protein_coding,v44,True,EIF,True,True,False,False,True,True,True,True,-1.1942682226096628,0.0228044443482141,True,True,3,3.0,0.0589862344046839,0.6666666666666666,-1.271945929930445,0.5515409638325836,0.8973636693119134,0.0008246471857836,1.5333788895703034e-17,9.689229138092778e-13,6,-0.5596164147684881,0.2482030629217538,-0.8285714285714287,0.04156268221574335,0.9264161857994898,8.674289056724309,cross-dataset conserved translation factor
31,ENSG00000109606.13,DHX15,545.3155060624982,0.7642139391541203,0.1151021973716811,6.639438313122435,3.1488074607354966e-11,4.286859595420798e-10,ENSG00000109606,DHX15,protein_coding,v44,True,DHX,True,True,False,False,True,True,True,True,0.751908477040268,0.0008926865155596,True,True,3,3.0,0.7979729797496007,1.0,0.7642139391541203,0.7043737216176243,0.9253312784770574,4.286859595420798e-10,3.0608724449737533e-24,1.4316478895113495e-14,6,-0.3768064768561388,0.4615403645144549,-0.2571428571428572,0.6227871720116619,0.9277903245851797,8.667227470050074,cross-dataset conserved translation factor
32,ENSG00000163584.18,RPL22L1,41.47205051719492,-1.4468575996050528,0.3615338241943031,-4.001997884511774,6.280986042484974e-05,0.0002480324200372,ENSG00000163584,RPL22L1,protein_coding,v44,True,RPL,True,True,False,False,True,True,True,True,-1.29404211234528,0.0218080576034267,True,True,3,3.0,0.1800308801631919,0.6666666666666666,-1.4468575996050528,0.8480286600817378,1.138921580012891,0.0002480324200372,4.4448187554329724e-24,9.953012008785824e-13,6,0.576882539504133,0.23066756017612328,0.2571428571428572,0.6227871720116619,0.9264161857994898,8.659502157739736,cross-dataset conserved translation factor
33,ENSG00000084623.12,EIF3I,160.7761913098953,-2.246011246805568,0.2606248988016002,-8.617792302781234,6.8257347574834136e-18,2.1701060504477152e-16,ENSG00000084623,EIF3I,protein_coding,v44,True,EIF,True,True,False,False,True,True,True,True,-2.173985071314421,1.0985258041690916e-07,True,True,3,3.0,-0.2961001284033718,0.6666666666666666,-2.246011246805568,0.4649450827872056,0.892765778808247,2.1701060504477152e-16,1.1025427806813861e-10,5.523894982664563e-11,6,-0.23901394335970494,0.6483062392181171,-0.5428571428571429,0.26570262390670546,0.9462584097748057,8.646959248839336,cross-dataset conserved translation factor
34,ENSG00000132507.18,EIF5A,621.1639643924874,-2.1138944578124153,0.4031704994478557,-5.24317741676885,1.5783463781983865e-07,1.0983961234367202e-06,ENSG00000132507,EIF5A,protein_coding,v44,True,EIF,True,True,False,False,True,True,True,True,-1.9075041568600208,0.0006369334201696,True,True,3,3.0,0.4194288273817942,0.6666666666666666,-2.1138944578124153,1.3213887470443768,2.050792192913421,1.0983961234367202e-06,2.9515051959152175e-84,1.3781304719758448e-29,6,-0.19128453852006727,0.716572721301705,-0.2571428571428572,0.6227871720116619,0.9462584097748057,8.619498619052164,cross-dataset conserved translation factor
35,ENSG00000104131.13,EIF3J,122.32087023555184,-1.4478004696111413,0.3237940434446577,-4.4713622715502375,7.772290803384658e-06,3.785477052742728e-05,ENSG00000104131,EIF3J,protein_coding,v44,True,EIF,True,True,False,False,True,True,True,True,-1.3675778390921904,0.0076142990031611,True,True,3,3.0,0.1824690186957105,0.6666666666666666,-1.4478004696111413,0.8328319417084794,1.1623755839897931,3.785477052742728e-05,2.791866802139318e-20,1.1658847163175182e-16,6,0.44668109500381004,0.37454015703560894,0.2571428571428572,0.6227871720116619,0.9264161857994898,8.59482156946812,cross-dataset conserved translation factor
36,ENSG00000184110.15,EIF3C,18.63029675955532,-1.972701916547896,0.3979091584598365,-4.95766904230985,7.134396002744074e-07,4.35735583365579e-06,ENSG00000184110,EIF3C,protein_coding,v44,True,EIF,True,True,False,False,True,True,True,True,-2.097298737213353,0.000672772458147,True,True,3,3.0,-0.0997450111031998,0.6666666666666666,-1.972701916547896,0.573586404272483,1.0998804789658134,4.35735583365579e-06,3.142134323483124e-07,3.8428282165360746e-12,6,-0.3139178936169921,0.5445905917080531,-0.6,0.208,0.9462584097748057,8.570038881400983,cross-dataset conserved translation factor
37,ENSG00000070785.17,EIF2B3,42.41987590397136,-1.868679883885288,0.3092770883684949,-6.0420896153122365,1.521309226553917e-09,1.5339692201174727e-08,ENSG00000070785,EIF2B3,protein_coding,v44,True,EIF,True,True,False,False,True,True,True,True,-1.604248509015361,0.0001533735476619,True,True,3,3.0,0.3088321778077538,0.6666666666666666,-1.868679883885288,1.0789104437097856,1.716265973598764,1.5339692201174727e-08,1.5657375897401517e-23,6.561237458726674e-23,6,0.31475092862909304,0.5434645027007362,0.028571428571428574,0.9571545189504373,0.9462584097748057,8.569036816423221,cross-dataset conserved translation factor
38,ENSG00000158417.11,EIF5B,219.4405534103676,-0.6376778748940607,0.1603190557991285,-3.977555080495471,6.962749741012833e-05,0.0002713195852268,ENSG00000158417,EIF5B,protein_coding,v44,True,EIF,True,True,False,False,True,True,True,True,-0.5882621883112202,0.0339038728699713,True,True,3,3.0,0.5131087971075732,0.6666666666666666,-0.6376778748940607,0.8249948451270954,1.352009421089685,0.0002713195852268,1.9806368049311168e-29,2.5853882633939216e-27,6,0.591213022650816,0.21650464890353174,0.2,0.7040000000000001,0.9264161857994898,8.518527225632226,cross-dataset conserved translation factor
39,ENSG00000163214.21,DHX57,77.08689902307738,1.0027515035896104,0.2301193345639724,4.3575282602377285,1.3153951859027897e-05,6.084574550273562e-05,ENSG00000163214,DHX57,protein_coding,v44,True,DHX,True,True,False,False,True,True,True,True,0.8762917692197559,0.027087885138907,True,True,3,3.0,0.5924757380984274,1.0,1.0027515035896104,0.2887044594540163,0.4859712512516553,6.084574550273562e-05,0.0061939198597572,0.0071142104129907,6,0.15906818109818868,0.7634101544910965,0.3714285714285715,0.4684781341107872,0.9462584097748057,8.503816322835638,cross-dataset conserved translation factor
40,ENSG00000197728.11,RPS26,207.968413907319,-2.0809172675959964,0.4045466146509285,-5.143825685926353,2.6919933203460205e-07,1.7932918239690503e-06,ENSG00000197728,RPS26,protein_coding,v44,True,RPS,True,True,False,False,True,True,True,True,-1.724019201000411,0.0006892549671063,True,True,3,3.0,-0.0620686043651784,0.6666666666666666,-2.0809172675959964,0.5839899395177868,1.3107215149826743,1.7932918239690503e-06,2.5972557074679164e-13,2.5831127600453647e-20,6,0.09097846027255194,0.8639088275987732,0.028571428571428574,0.9571545189504373,0.966988858164536,8.50251987496538,cross-dataset conserved translation factor
41,ENSG00000146223.16,RPL7L1,271.6951681579688,-0.9356132677696006,0.2479152790483767,-3.773923379635793,0.0001607001343661,0.0005672228403504,ENSG00000146223,RPL7L1,protein_coding,v44,True,RPL,True,True,False,False,True,True,True,True,-1.0119449419745126,0.0125176389241998,True,True,3,3.0,0.3308645640362207,0.6666666666666666,-0.9356132677696006,0.7704562757408516,1.1577506841374112,0.0005672228403504,4.420601025288667e-27,2.206858436662795e-20,6,-0.3980558233333428,0.43445192681941325,-0.7142857142857143,0.11078717201166179,0.9264161857994898,8.454675936628844,cross-dataset conserved translation factor
42,ENSG00000173674.11,EIF1AX,183.461664940384,-0.9334573816980656,0.2453893754601606,-3.80398450400561,0.0001423870910974,0.0005084748173404,ENSG00000173674,EIF1AX,protein_coding,v44,True,EIF,True,True,False,False,True,True,True,True,-1.0481429620132072,0.0082174175215559,True,True,3,3.0,0.5515657788806548,0.6666666666666666,-0.9334573816980656,1.1522510920697306,1.435903626270299,0.0005084748173404,9.22776373799734e-56,7.6660833187661005e-25,6,0.3944516960657659,0.439009247764466,0.14285714285714288,0.7871720116618076,0.9264161857994898,8.43942906090172,cross-dataset conserved translation factor
43,ENSG00000117676.14,RPS6KA1,26.590002103134392,-1.989047266619224,0.3396636585559022,-5.855931938894381,4.743424626446138e-09,4.361470957115947e-08,ENSG00000117676,RPS6KA1,protein_coding,v44,True,RPS,True,True,False,False,True,True,True,True,-1.8460495640147656,0.0002624423494754,True,True,3,3.0,-0.1389264368177449,0.6666666666666666,-1.989047266619224,0.5908201178148759,0.9814478383511136,4.361470957115947e-08,1.2899572067337416e-13,1.3730317457665806e-14,6,-0.07096999823057437,0.8937237313916067,0.14285714285714288,0.7871720116618076,0.9670946448949179,8.402367236610436,cross-dataset conserved translation factor
44,ENSG00000005100.13,DHX33,76.7956627608616,-1.260003285741127,0.1931847063048432,-6.522272439894162,6.925008066460456e-11,8.889607176545175e-10,ENSG00000005100,DHX33,protein_coding,v44,True,DHX,True,True,False,False,True,True,True,True,-1.2893279183153603,6.182545633022994e-05,True,True,3,3.0,0.0569668564237694,0.6666666666666666,-1.260003285741127,0.5297136040491792,0.901190250963256,8.889607176545173e-10,1.18559280384536e-07,8.210936292844133e-09,6,-0.24261709407308082,0.6432149504860686,-0.14285714285714288,0.7871720116618076,0.9462584097748057,8.380676202851964,cross-dataset conserved translation factor
45,ENSG00000145191.15,EIF2B5,135.06450373305483,0.6171419322872697,0.167236934167774,3.6902251010422464,0.0002240556990157,0.000763778492581,ENSG00000145191,EIF2B5,protein_coding,v44,True,EIF,True,True,False,False,True,True,True,True,0.6642910170309365,0.0266517230274278,True,True,3,3.0,0.5793680596434438,1.0,0.6171419322872697,0.4533273532546064,0.6676348933884555,0.000763778492581,5.935723330421256e-10,5.662032377514969e-07,6,-0.08440278925275979,0.8736964517171224,-0.3714285714285715,0.4684781341107872,0.9670946448949179,8.368468177119102,cross-dataset conserved translation factor
46,ENSG00000242372.9,EIF6,39.46239167534439,-1.6275222759930423,0.3625006322125657,-4.4897087932213156,7.132060868365023e-06,3.5049627656386015e-05,ENSG00000242372,EIF6,protein_coding,v44,True,EIF,True,True,False,False,True,True,True,True,-1.3660235699520753,0.0110844241933658,True,True,3,3.0,0.2052664602271821,0.6666666666666666,-1.6275222759930423,0.9399679173902318,1.3033537392843568,3.5049627656386015e-05,6.338118532983946e-33,1.8482826965854763e-16,6,0.12375349525607929,0.8153173950251914,-0.028571428571428574,0.9571545189504373,0.9617815977243276,8.363332944843298,cross-dataset conserved translation factor
47,ENSG00000145592.14,RPL37,735.7894806229823,0.5651841399334386,0.203436984748618,2.778177923900231,0.005466467628182,0.0129436173022094,ENSG00000145592,RPL37,protein_coding,v44,True,RPL,True,True,False,False,True,True,True,True,0.7171604385140036,0.014867963807448,True,True,3,3.0,-0.1445719089941866,0.6666666666666666,0.5651841399334386,-0.3594222529097204,-0.6394776140062781,0.0129436173022094,1.2659566210149505e-05,2.916806199474199e-06,6,0.17212441253842517,0.7443631301175782,0.14285714285714288,0.7871720116618076,0.9462584097748057,8.223143906526403,cross-dataset conserved translation factor
48,ENSG00000140988.16,RPS2,1324.865246481149,-1.9285841757717943,0.4988043144322567,-3.866414383297636,0.0001104472127161,0.0004064203997536,ENSG00000140988,RPS2,protein_coding,v44,True,RPS,True,True,False,False,True,True,True,True,-1.7491907318059774,0.0128032291545909,True,True,3,2.0,-0.8093162567111231,1.0,-1.9285841757717943,-0.2648406491966529,-0.2345239451649223,0.0004064203997536,0.0032469350659747,0.1893650958400786,6,0.4978122169446959,0.31496484049744333,0.2571428571428572,0.6227871720116619,0.9264161857994898,8.076302266508506,strict-sensitivity-supported primary target
49,ENSG00000104408.11,EIF3E,385.57762825662303,-1.2271808517746154,0.2018239112854761,-6.080453222605478,1.1984331188283547e-09,1.2294367978196812e-08,ENSG00000104408,EIF3E,protein_coding,v44,True,EIF,True,True,False,False,True,True,True,True,-1.2199309477646754,0.0002151770347905,True,True,3,2.0,-0.6452469448402129,1.0,-1.2271808517746154,-0.3950378581582014,-0.3135221245878218,1.2294367978196812e-08,8.30204782998934e-10,0.0743036624588606,6,0.7339451998184107,0.09676136968872222,0.6571428571428573,0.1561749271137024,0.9264161857994898,8.040201870200034,strict-sensitivity-supported primary target
50,ENSG00000089157.16,RPLP0,1418.1080753185097,-2.350456924182879,0.5000212246685548,-4.7007143061595205,2.592530156260901e-06,1.4051461905579088e-05,ENSG00000089157,RPLP0,protein_coding,v44,True,RPL,True,True,False,False,True,True,True,True,-2.119939392736344,0.0021453173504583,True,True,3,2.0,-0.9000693511068557,1.0,-2.350456924182879,-0.0722702100033126,-0.2774809191343755,1.4051461905579088e-05,0.4109623540559965,0.0393333730602808,6,0.2790383445487591,0.5923057804592418,0.028571428571428574,0.9571545189504373,0.9462584097748057,8.019777180112152,strict-sensitivity-supported primary target
51,ENSG00000089009.16,RPL6,702.0681000570545,-1.863662606809818,0.3440103018219722,-5.41746161943219,6.04511206968855e-08,4.555766905318151e-07,ENSG00000089009,RPL6,protein_coding,v44,True,RPL,True,True,False,False,True,True,True,True,-1.7229151129740143,0.0005982850662147,True,True,3,2.0,-0.7307292044904159,1.0,-1.863662606809818,-0.1789152801685728,-0.1496097264928568,4.555766905318151e-07,0.0232347791378101,0.2830800060422554,6,0.4302054002977461,0.39450239454238084,0.2571428571428572,0.6227871720116619,0.9264161857994898,7.989885563341828,strict-sensitivity-supported primary target
52,ENSG00000067248.11,DHX29,126.64784963204478,0.9748369892726652,0.2084341388468345,4.676954527055729,2.911667916221196e-06,1.563354929906063e-05,ENSG00000067248,DHX29,protein_coding,v44,True,DHX,True,True,False,False,True,True,True,True,0.9128525830978348,0.0093589470181432,True,True,3,2.0,0.5436783458358755,1.0,0.9748369892726652,0.1543243184016307,0.5018737298333306,1.563354929906063e-05,0.1381030562827207,0.0085533908601478,6,0.779290985192624,0.06769306328097768,0.6,0.208,0.9264161857994898,7.97709715979769,mentor-focal DHX29 candidate
53,ENSG00000197958.13,RPL12,470.8884572778673,-1.835396406785477,0.4499569619912346,-4.079048802052387,4.522034429468569e-05,0.0001848998329709,ENSG00000197958,RPL12,protein_coding,v44,True,RPL,True,True,False,False,True,True,True,True,-1.5923971110185673,0.010775197698885,True,True,3,2.0,-0.7358869537251077,1.0,-1.835396406785477,-0.2219323376842237,-0.1503321167056223,0.0001848998329709,0.0160601064526029,0.3005568254544548,6,0.4110864540508068,0.41810549488909515,0.14285714285714288,0.7871720116618076,0.9264161857994898,7.956235514326097,strict-sensitivity-supported primary target
54,ENSG00000145425.10,RPS3A,681.104522787978,-1.3496427999389784,0.4892505240736504,-2.758592446056955,0.005805088304049,0.0136579262040246,ENSG00000145425,RPS3A,protein_coding,v44,True,RPS,True,True,False,False,True,True,True,True,-1.1537322706552473,0.1167867585408221,False,True,3,3.0,-0.6915363914317482,1.0,-1.3496427999389784,-0.2076935152657931,-0.5172728590904732,0.0136579262040246,0.0114035763829113,0.0004320620244176,6,0.5298034228883515,0.2796505686185175,0.48571428571428577,0.3287230320699708,0.9264161857994898,7.935149520494336,cross-dataset conserved translation factor
55,ENSG00000174444.15,RPL4,2537.1643800294664,-1.8923327544684423,0.3741765303780889,-5.0573261571385135,4.251757127604449e-07,2.718581734185079e-06,ENSG00000174444,RPL4,protein_coding,v44,True,RPL,True,True,False,False,True,True,True,True,-1.6961999205219431,0.0004826262961597,True,True,3,2.0,-0.7269793682432697,1.0,-1.8923327544684423,-0.1782759394809011,-0.1103294107804655,2.718581734185079e-06,0.0423235111296961,0.4670280847638757,6,0.2131264824344435,0.6851506875329981,-0.08571428571428573,0.8717434402332361,0.9462584097748057,7.873667232985611,strict-sensitivity-supported primary target
56,ENSG00000122406.14,RPL5,779.0635397012089,-1.334228238999401,0.3355415959521772,-3.976342292863029,6.998337300722465e-05,0.000272511581019,ENSG00000122406,RPL5,protein_coding,v44,True,RPL,True,True,False,False,True,True,True,True,-1.2147043343913333,0.0159947597586515,True,True,3,2.0,-0.5521679908153072,1.0,-1.334228238999401,-0.2408393877282305,-0.0814363457182903,0.000272511581019,0.0017352048413744,0.6307251177853772,6,0.43853487156264526,0.3843656345421839,0.2571428571428572,0.6227871720116619,0.9264161857994898,7.866965474117965,strict-sensitivity-supported primary target
57,ENSG00000161960.16,EIF4A1,19.13333735274787,3.528223314647347,0.6333811510062797,5.570458339408913,2.5407006511101506e-08,2.047014451448555e-07,ENSG00000161960,EIF4A1,protein_coding,v44,True,EIF,True,True,False,False,True,True,True,True,3.1757373448418234,0.0005856708818951,True,True,3,2.0,1.236849056756422,0.6666666666666666,3.528223314647347,0.3093185019291856,-0.126994646307266,2.047014451448555e-07,0.0057750298855989,0.6973063937090166,6,0.18975266884951458,0.7187871211705832,0.3714285714285715,0.4684781341107872,0.9462584097748057,7.866572355908441,strict-sensitivity-supported primary target
58,ENSG00000241343.10,RPL36A,28.0120837911832,1.8518376166882875,0.4277445030707463,4.329307807333775,1.495787450958685e-05,6.82777821377332e-05,ENSG00000241343,RPL36A,protein_coding,v44,True,RPL,True,True,False,False,True,True,True,True,1.63733795098993,0.004705792656493,True,True,3,2.0,0.9110957899797272,1.0,1.8518376166882875,0.4032259602055568,0.4782237930453366,6.82777821377332e-05,0.0356313055887322,0.1444864999562992,6,0.389042557196279,0.44587775945865277,0.14285714285714288,0.7871720116618076,0.9264161857994898,7.858162679770095,strict-sensitivity-supported primary target
59,ENSG00000108298.12,RPL19,577.7943924669296,-1.969920552251659,0.4240347101698032,-4.645658727944255,3.389930082141073e-06,1.7967041334507122e-05,ENSG00000108298,RPL19,protein_coding,v44,True,RPL,True,True,False,False,True,True,True,True,-1.8202444523108776,0.0022975314039074,True,True,3,2.0,-0.8232475173726614,1.0,-1.969920552251659,-0.2684741626638727,-0.2313478372024528,1.7967041334507122e-05,0.0010477527435244,0.091619599103815,6,0.2203561406087084,0.6748156867736393,0.14285714285714288,0.7871720116618076,0.9462584097748057,7.853089874823413,strict-sensitivity-supported primary target
60,ENSG00000071242.12,RPS6KA2,55.77245142622675,-1.9362830389745904,0.2932259104678743,-6.603383159029285,4.018790589079708e-11,5.351027029781955e-10,ENSG00000071242,RPS6KA2,protein_coding,v44,True,RPS,True,True,False,False,True,True,True,True,-1.9088147356587497,1.9172406970274214e-05,True,True,3,2.0,-0.459660960889809,0.6666666666666666,-1.9362830389745904,1.1481434264565291,-0.5908432701513658,5.351027029781953e-10,1.1325916885511914e-17,0.1130883333534109,6,-0.649957839253966,0.16234902347930474,-0.5428571428571429,0.26570262390670546,0.9264161857994898,7.845577093118434,strict-sensitivity-supported primary target
61,ENSG00000149273.15,RPS3,792.8209741516116,-1.9037624779309008,0.3824870913668055,-4.977324780106608,6.446909698264319e-07,3.965231261115194e-06,ENSG00000149273,RPS3,protein_coding,v44,True,RPS,True,True,False,False,True,True,True,True,-1.6372565083585628,0.0011613243990894,True,True,3,2.0,-0.7747649398604315,1.0,-1.9037624779309008,-0.108138388314576,-0.3123939533358177,3.965231261115194e-06,0.2717566130250953,0.042400379105743,6,0.1881533819246351,0.7211004014453043,0.028571428571428574,0.9571545189504373,0.9462584097748057,7.822099801142838,strict-sensitivity-supported primary target
62,ENSG00000172071.15,EIF2AK3,47.48181068821891,1.2205972425997305,0.2336590546910723,5.223838828816279,1.752513326765268e-07,1.2076561028989096e-06,ENSG00000172071,EIF2AK3,protein_coding,v44,True,EIF,True,True,False,False,True,True,True,True,1.0180364028230984,0.007117895269594,True,True,3,2.0,0.2916935386963135,0.6666666666666666,1.2205972425997305,-0.3581819570001621,0.0126653304893721,1.2076561028989096e-06,0.0015226281966455,0.9662163213179488,6,-0.8280830243233851,0.04179262829794756,-0.7142857142857143,0.11078717201166179,0.9264161857994898,7.795401626350323,strict-sensitivity-supported primary target
63,ENSG00000125691.14,RPL23,320.01219109322625,-2.151858986420453,0.440552767573706,-4.884452317191356,1.0371673731657422e-06,6.14523781818659e-06,ENSG00000125691,RPL23,protein_coding,v44,True,RPL,True,True,False,False,True,True,True,True,-2.005826270402086,0.002118237767818,True,True,3,2.0,-0.8609618144955441,1.0,-2.151858986420453,-0.2294441173962161,-0.2015823396699631,6.14523781818659e-06,0.0062252433717242,0.1274949937934874,6,0.08038389604347435,0.8796838590502349,-0.14285714285714288,0.7871720116618076,0.9670946448949179,7.7754929222916305,strict-sensitivity-supported primary target
64,ENSG00000177954.14,RPS27,271.74392604159146,-1.3077240503458296,0.4478422233267156,-2.9200552833800177,0.0034996929663576,0.0087212412701394,ENSG00000177954,RPS27,protein_coding,v44,True,RPS,True,True,False,False,True,True,True,True,-1.1326846345733983,0.1009909968345405,False,True,3,3.0,-0.9500627049653528,1.0,-1.3077240503458296,-0.4463984932376083,-1.0960655713126202,0.0087212412701394,4.0750054838989736e-08,1.669933585104271e-18,6,0.3083752302044896,0.5520996695253998,0.3142857142857143,0.5440932944606415,0.9462584097748057,7.730448677824114,cross-dataset conserved translation factor
65,ENSG00000100353.18,EIF3D,217.244383331578,-1.019987120275798,0.2379743806451282,-4.286121545986169,1.8181953399738827e-05,8.137664757814566e-05,ENSG00000100353,EIF3D,protein_coding,v44,True,EIF,True,True,False,False,True,True,True,True,-1.0294551012510575,0.010775197698885,True,True,3,2.0,-0.1537730283835656,0.6666666666666666,-1.019987120275798,0.0633915760446717,0.4952764590804292,8.137664757814566e-05,0.4481130423196142,0.0001872297951997,6,-0.7274227258419919,0.10132153194382378,-0.8857142857142858,0.01884548104956266,0.9264161857994898,7.7159543306645375,strict-sensitivity-supported primary target
66,ENSG00000188846.14,RPL14,647.9102931053244,-1.71696336461623,0.2950925020181367,-5.818390344972923,5.941701808830895e-09,5.3571110562464585e-08,ENSG00000188846,RPL14,protein_coding,v44,True,RPL,True,True,False,False,True,True,True,True,-1.539828675491569,0.0002249470033599,True,True,3,2.0,-0.6834848458938426,1.0,-1.71696336461623,-0.1875313492943803,-0.1459598237709178,5.3571110562464585e-08,0.0101657155899622,0.2952847118694255,6,0.11584785399344544,0.8270056001208977,0.2571428571428572,0.6227871720116619,0.966988858164536,7.714980927730582,strict-sensitivity-supported primary target
67,ENSG00000108406.10,DHX40,88.93634505838776,-1.3821128957947115,0.2156151234416361,-6.410092547004612,1.4543132722837348e-10,1.7700096243587196e-09,ENSG00000108406,DHX40,protein_coding,v44,True,DHX,True,True,False,False,True,True,True,True,-1.453948160169882,0.0002424585465403,True,True,3,2.0,-0.1648354870766722,0.6666666666666666,-1.3821128957947115,0.0087325599204556,0.8788738746442392,1.7700096243587192e-09,0.9565945404093172,5.531408822906936e-06,6,-0.6264331609849003,0.18326224083756845,-0.7142857142857143,0.11078717201166179,0.9264161857994898,7.703519064119742,strict-sensitivity-supported primary target
68,ENSG00000134815.19,DHX34,31.16047844103035,1.3091297032950695,0.2899261020389821,4.515390970624129,6.320005649699998e-06,3.148454162173526e-05,ENSG00000134815,DHX34,protein_coding,v44,True,DHX,True,True,False,False,True,True,True,True,1.367385939598155,0.0035633584647848,True,True,3,2.0,0.5738163727190566,1.0,1.3091297032950695,0.3265535282392487,0.0857658866228516,3.148454162173526e-05,0.0005177687154873,0.6763580346358132,6,0.3468542951131009,0.5005832136093824,0.4285714285714286,0.3965014577259473,0.9462584097748057,7.694008396735709,strict-sensitivity-supported primary target
69,ENSG00000130741.11,EIF2S3,569.9646167407815,-0.6773798064394962,0.1856516878903482,-3.64865956316852,0.00026361215374,0.0008819421802532,ENSG00000130741,EIF2S3,protein_coding,v44,True,EIF,True,True,False,False,True,True,True,True,-0.7272835112483325,0.0227148779156004,True,True,3,2.0,-0.1868748708968003,0.6666666666666666,-0.6773798064394962,0.2111764196554217,-0.0944212259063264,0.0008819421802532,0.0031869704078959,0.5217535856910861,6,0.7305143825398048,0.09914838766692581,0.8285714285714287,0.04156268221574335,0.9264161857994898,7.6621551020053165,strict-sensitivity-supported primary target
70,ENSG00000172809.13,RPL38,226.81955071634613,-1.1301195604630223,0.3395613120250734,-3.3281752674449954,0.0008741685133203,0.0025481608018747,ENSG00000172809,RPL38,protein_coding,v44,True,RPL,True,True,False,False,True,True,True,True,-0.8766174219968402,0.0833022432211444,False,True,3,3.0,-0.5469196409363548,1.0,-1.1301195604630223,-0.1935733392253895,-0.3170660231206526,0.0025481608018747,0.0450665159097545,0.0182139879640508,6,-0.22185795108373302,0.6726731029840223,-0.48571428571428577,0.3287230320699708,0.9462584097748057,7.6156324843663885,cross-dataset conserved translation factor
71,ENSG00000086232.13,EIF2AK1,207.3400766542973,-1.631465085265922,0.3309107636932777,-4.930226708425031,8.213424429136867e-07,4.963557406469245e-06,ENSG00000086232,EIF2AK1,protein_coding,v44,True,EIF,True,True,False,False,True,True,True,True,-1.611152540708548,0.0014705418707198,True,True,3,2.0,-0.4108598885945244,0.6666666666666666,-1.631465085265922,0.0532742232406653,0.3456111962416834,4.963557406469245e-06,0.5715965929725889,0.0089021002174103,6,-0.3882861242882887,0.44684100866822035,-0.6571428571428573,0.1561749271137024,0.9264161857994898,7.613045098815753,strict-sensitivity-supported primary target
72,ENSG00000147677.12,EIF3H,219.6183581063539,-1.4122132355481232,0.3066721758274184,-4.604960432872314,4.125442911796052e-06,2.1458600025345077e-05,ENSG00000147677,EIF3H,protein_coding,v44,True,EIF,True,True,False,False,True,True,True,True,-1.3321074595657687,0.0040511496359349,True,True,3,2.0,-0.6222794553810139,1.0,-1.4122132355481232,-0.2394418249142277,-0.2151833056806907,2.1458600025345077e-05,0.0010592409395922,0.1917759699020048,6,0.1124556493787317,0.8320275983574608,-0.2,0.7040000000000001,0.966988858164536,7.603117795912371,strict-sensitivity-supported primary target
73,ENSG00000175634.15,RPS6KB2,49.84906679146846,-0.6083917775766209,0.234323249302666,-2.5963782056930484,0.0094212299798291,0.0209520776853342,ENSG00000175634,RPS6KB2,protein_coding,v44,True,RPS,True,True,False,False,True,True,True,True,-0.5481118074237515,0.1784927432451967,False,True,3,3.0,0.1935591151109707,0.6666666666666666,-0.6083917775766209,0.533239681114441,0.6558294417950921,0.0209520776853342,1.5819642449940245e-11,2.7233910638079356e-05,6,-0.7567641520731061,0.08155015291712325,-0.7142857142857143,0.11078717201166179,0.9264161857994898,7.590325130747985,cross-dataset conserved translation factor
74,ENSG00000164587.13,RPS14,466.1303640362026,-1.5379706094250634,0.4042861046216276,-3.804163912248367,0.0001422839459134,0.0005082235277387,ENSG00000164587,RPS14,protein_coding,v44,True,RPS,True,True,False,False,True,True,True,True,-1.2859359101220096,0.0301234606936868,True,True,3,2.0,-0.7760808363559528,1.0,-1.5379706094250634,-0.191995821656441,-0.5982760779863542,0.0005082235277387,0.0677014219254008,3.056530177509471e-06,6,0.007256259561052521,0.9891158016914372,-0.08571428571428573,0.8717434402332361,0.9891158016914371,7.578695199046318,strict-sensitivity-supported primary target
75,ENSG00000110700.7,RPS13,311.4004506666022,-1.3024182717082375,0.3946154877087945,-3.30047429022693,0.0009652155676659,0.0027823620844297,ENSG00000110700,RPS13,protein_coding,v44,True,RPS,True,True,False,False,True,True,True,True,-1.1748788876834375,0.0443285563572376,True,True,3,2.0,-0.6324001296447479,1.0,-1.3024182717082375,-0.1250523120656762,-0.4697298051603299,0.0027823620844297,0.1297193042128893,0.0002012157005178,6,0.09452583081231594,0.8586335542020321,0.14285714285714288,0.7871720116618076,0.966988858164536,7.572904099088184,strict-sensitivity-supported primary target
76,ENSG00000144895.12,EIF2A,137.31409354430508,-0.9080977062303786,0.3669791716236261,-2.4745211075949665,0.0133414936861085,0.0284575038918364,ENSG00000144895,EIF2A,protein_coding,v44,True,EIF,True,True,False,False,True,True,True,True,-0.8599904216616274,0.1600633814839128,False,True,3,3.0,-0.0303560752455354,0.6666666666666666,-0.9080977062303786,0.2191142548452015,0.5979152256485707,0.0284575038918364,0.015960025247054,0.0002289959060772,6,-0.5517685717790091,0.2563397150151854,-0.2571428571428572,0.6227871720116619,0.9264161857994898,7.5422350370289,cross-dataset conserved translation factor
77,ENSG00000178982.10,EIF3K,94.84735659889768,-2.269866339717014,0.2561174659253412,-8.862598774808607,7.817050105690054e-19,2.7767078632752456e-17,ENSG00000178982,EIF3K,protein_coding,v44,True,EIF,True,True,False,False,True,True,True,True,-2.160902946965725,3.5042677889552973e-08,True,True,3,2.0,-0.5695258138949748,0.6666666666666666,-2.269866339717014,0.1019350487867372,0.4593538492453522,2.7767078632752456e-17,0.2548062320353323,0.0010866138214175,6,0.04159733538131964,0.9376399856595398,0.2571428571428572,0.6227871720116619,0.9670946448949179,7.4887853725778655,strict-sensitivity-supported primary target
78,ENSG00000125977.7,EIF2S2,309.6342250437667,-1.2828823553277708,0.4316321123250593,-2.972166154221724,0.0029570660684035,0.0075123600409879,ENSG00000125977,EIF2S2,protein_coding,v44,True,EIF,True,True,False,False,True,True,True,True,-0.9775933325087908,0.1165799322267275,False,True,3,3.0,0.3127677622142182,0.6666666666666666,-1.2828823553277708,0.8934862721371184,1.327699369833307,0.0075123600409879,5.715850502931292e-41,5.1159672641183047e-26,6,-0.2717215847014641,0.6024485811469951,-0.5428571428571429,0.26570262390670546,0.9462584097748057,7.450742818738204,cross-dataset conserved translation factor
79,ENSG00000108443.14,RPS6KB1,72.28049570113568,-0.7122745665439228,0.2173351014068187,-3.2773103006985136,0.0010480112585608,0.002996084093487,ENSG00000108443,RPS6KB1,protein_coding,v44,True,RPS,True,True,False,False,True,True,True,True,-0.6888748445696283,0.0836990132184619,False,True,3,3.0,0.1946231384117946,0.6666666666666666,-0.7122745665439228,0.5384850957270653,0.7576588860522416,0.002996084093487,1.6315574863728366e-10,6.523850415757856e-07,6,-0.401413580382483,0.43022008905608494,-0.48571428571428577,0.3287230320699708,0.9264161857994898,7.361005219516386,cross-dataset conserved translation factor
80,ENSG00000124614.16,RPS10,18.260697629666844,3.79151563254222,0.3997013026439507,9.485872594014682,2.4036352269415064e-21,1.0720508036726842e-19,ENSG00000124614,RPS10,protein_coding,v44,True,RPS,True,True,False,False,True,True,True,True,3.5249043265399904,9.530339200073166e-11,True,True,3,1.0,1.493864326054861,1.0,3.79151563254222,0.132606210145469,0.5574711354768945,1.0720508036726842e-19,0.6787689342671926,0.2925144555228489,6,0.3897034284706964,0.44503674593998555,0.3142857142857143,0.5440932944606415,0.9264161857994898,7.330997747420125,strict-sensitivity-supported primary target
81,ENSG00000149100.13,EIF3M,228.05172913211052,-0.9368553835654584,0.2744949732583814,-3.4130147173354564,0.0006424847237167,0.001939996099164,ENSG00000149100,EIF3M,protein_coding,v44,True,EIF,True,True,False,False,True,True,True,True,-0.8269920955511767,0.0627116871539224,False,True,3,3.0,-0.0594979507954106,0.6666666666666666,-0.9368553835654584,0.2282327480841521,0.5301287830950744,0.001939996099164,0.0021763559871839,5.776871417681614e-05,6,-0.2210861937178208,0.6737739570674789,-0.2571428571428572,0.6227871720116619,0.9462584097748057,7.316903270051362,cross-dataset conserved translation factor
82,ENSG00000165502.7,RPL36AL,115.08682444984272,-1.2877617732327509,0.356440440932693,-3.612838570907053,0.000302863267586,0.0009955836752563,ENSG00000165502,RPL36AL,protein_coding,v44,True,RPL,True,True,False,False,True,True,True,True,-1.0732357326822397,0.0454930121928634,True,True,3,2.0,-0.1598949540609147,0.6666666666666666,-1.2877617732327509,0.1254613279633669,0.6826155830866398,0.0009955836752563,0.1359654589711187,8.88178649951977e-08,6,0.04384083689809927,0.9342808761131578,-0.2571428571428572,0.6227871720116619,0.9670946448949179,7.250825263121412,strict-sensitivity-supported primary target
83,ENSG00000037241.7,RPL26L1,39.22755846383753,-0.8981268373341973,0.3963754352215851,-2.265848883476139,0.0234606372209093,0.0466305019400376,ENSG00000037241,RPL26L1,protein_coding,v44,True,RPL,True,True,False,False,True,True,True,True,-0.6521216867214576,0.2935238547184516,False,True,3,3.0,0.0234860287339596,0.6666666666666666,-0.8981268373341973,0.2935611749364868,0.6750237485995894,0.0466305019400376,0.0147866554756508,0.0068131594964338,6,-0.1588484610102044,0.7637314068740817,-0.2571428571428572,0.6227871720116619,0.9462584097748057,7.207126559297778,cross-dataset conserved translation factor
84,ENSG00000140986.8,RPL3L,5.865997092556461,3.7199317391782856,0.6099030278243801,6.099218350248017,1.0658838841360403e-09,1.1096385447736056e-08,ENSG00000140986,RPL3L,protein_coding,v44,True,RPL,True,True,False,False,True,True,True,True,3.65068841073464,2.0138520245524035e-05,True,True,2,1.0,1.2896453306406412,0.5,3.7199317391782856,-1.1406410778970033,,1.1096385447736056e-08,0.3964096475790716,,6,-0.6416794260678702,0.16958741029572189,-0.6571428571428573,0.1561749271137024,0.9264161857994898,7.095407191125151,strict-sensitivity-supported primary target
85,ENSG00000148303.17,RPL7A,712.4028261195897,-2.8708626321729707,0.476967197254737,-6.018993860996504,1.7550452510492155e-09,1.751832353564457e-08,ENSG00000148303,RPL7A,protein_coding,v44,True,RPL,True,True,False,False,True,True,True,True,-2.726221290699316,6.723044412929339e-05,True,True,3,1.0,-1.092128358145718,1.0,-2.8708626321729707,-0.1744360844183967,-0.2310863578457867,1.751832353564457e-08,0.0500840540254141,0.0809809946755966,6,0.22572714988996032,0.6671599842541676,0.028571428571428574,0.9571545189504373,0.9462584097748057,7.088775012107555,strict-sensitivity-supported primary target
86,ENSG00000143947.15,RPS27A,388.6336658075544,-1.716458379337338,0.4373769776999289,-3.924436965941422,8.693281728324493e-05,0.0003288249644376,ENSG00000143947,RPS27A,protein_coding,v44,True,RPS,True,True,False,False,True,True,True,True,-1.5504973029023486,0.0145345323008837,True,True,3,1.0,-0.6218195913084402,1.0,-1.716458379337338,-0.0434642408565509,-0.1055361537314317,0.0003288249644376,0.6691378582718849,0.4747511906475628,6,0.5587600279589381,0.24908596578598632,0.48571428571428577,0.3287230320699708,0.9264161857994898,7.031374189848097,strict-sensitivity-supported primary target
87,ENSG00000142937.12,RPS8,751.0912493970461,-1.9092607974445437,0.4412316881218858,-4.327116226786344,1.5107425306918355e-05,6.888834328745334e-05,ENSG00000142937,RPS8,protein_coding,v44,True,RPS,True,True,False,False,True,True,True,True,-1.6964711466787326,0.0037507814608058,True,True,3,1.0,-0.6900287430594786,1.0,-1.9092607974445437,-0.1186324011658369,-0.042193030568055,6.888834328745334e-05,0.1338007143889299,0.798436111266019,6,0.33833956178654356,0.5118561411430926,0.2571428571428572,0.6227871720116619,0.9462584097748057,6.934455684086502,strict-sensitivity-supported primary target
88,ENSG00000138326.21,RPS24,512.2952113646213,-1.2726389693860718,0.3243085705741622,-3.924160768039423,8.703260257730736e-05,0.0003291453203071,ENSG00000138326,RPS24,protein_coding,v44,True,RPS,True,True,False,False,True,True,True,True,-1.1036322047612797,0.0240356225839491,True,True,3,1.0,-0.5216540433110254,1.0,-1.2726389693860718,-0.1626323767017744,-0.1296907838452301,0.0003291453203071,0.0721166947224937,0.4576878446122456,6,0.5243216324959634,0.28558901342871384,0.48571428571428577,0.3287230320699708,0.9264161857994898,6.90305548366388,strict-sensitivity-supported primary target
89,ENSG00000083845.9,RPS5,350.5824331146939,-2.205590233352372,0.3563382234176853,-6.189597658646538,6.031797391537506e-10,6.600777777693577e-09,ENSG00000083845,RPS5,protein_coding,v44,True,RPS,True,True,False,False,True,True,True,True,-2.037194864180205,5.625194492251695e-05,True,True,3,1.0,-0.7754059581020843,1.0,-2.205590233352372,-0.039314544686261,-0.08131309626762,6.600777777693577e-09,0.72656081347233,0.6494298955106456,6,-0.17787915072656796,0.7359954103261104,-0.3714285714285715,0.4684781341107872,0.9462584097748057,6.864840683821734,strict-sensitivity-supported primary target
90,ENSG00000182899.17,RPL35A,332.318168763353,-1.3469937255922948,0.390369772964014,-3.450558467590334,0.0005594279772666,0.0017170171945096,ENSG00000182899,RPL35A,protein_coding,v44,True,RPL,True,True,False,False,True,True,True,True,-1.166373144845888,0.042832055049025,True,True,3,1.0,-0.4981488042788716,1.0,-1.3469937255922948,-0.1199795270128193,-0.0274731602315004,0.0017170171945096,0.2089911944292576,0.8817066545718187,6,0.4450265122536514,0.3765286697222616,0.2571428571428572,0.6227871720116619,0.9264161857994898,6.848913817957157,strict-sensitivity-supported primary target
91,ENSG00000100316.16,RPL3,1458.1376678175802,-2.2046986153829,0.3714267864072599,-5.935755567627545,2.924953038125534e-09,2.7951297939002384e-08,ENSG00000100316,RPL3,protein_coding,v44,True,RPL,True,True,False,False,True,True,True,True,-1.990670504852757,7.99583688783609e-05,True,True,3,1.0,-0.835295027124316,1.0,-2.2046986153829,-0.1312717239689215,-0.1699147420211266,2.7951297939002384e-08,0.1243002924350515,0.2211457624202388,6,0.055939285616427664,0.9161785942844303,-0.08571428571428573,0.8717434402332361,0.9670946448949179,6.816867561751509,strict-sensitivity-supported primary target
92,ENSG00000137154.13,RPS6,853.3544370960014,-1.132295559347832,0.331175435927693,-3.419020363560572,0.0006284702293483,0.0019011006521618,ENSG00000137154,RPS6,protein_coding,v44,True,RPS,True,True,False,False,True,True,True,True,-0.9301591244443504,0.056399460043606,False,True,3,2.0,-0.5279263210843563,1.0,-1.132295559347832,-0.1899524388266999,-0.2615309650785369,0.0019011006521618,0.0275830800418533,0.0527277916870773,6,0.41453044452551563,0.4138198541228315,0.2571428571428572,0.6227871720116619,0.9264161857994898,6.801272666557152,primary significant translation target
93,ENSG00000115268.10,RPS15,336.94638602869196,-2.14816904640535,0.4535125843980165,-4.736735253458923,2.171885912359002e-06,1.19992319804842e-05,ENSG00000115268,RPS15,protein_coding,v44,True,RPS,True,True,False,False,True,True,True,True,-1.8482538316717976,0.0029205008621483,True,True,3,1.0,-0.8376179407601662,1.0,-2.14816904640535,-0.1705575334138761,-0.1941272424612722,1.19992319804842e-05,0.0821771297630431,0.2925536478988093,6,-0.05704707047933507,0.914522220368467,-0.2,0.7040000000000001,0.9670946448949179,6.758646546080213,strict-sensitivity-supported primary target
94,ENSG00000181381.15,DDX60L,12.401803094983627,2.432371080715438,0.530085240427931,4.588641401808917,4.461400594165767e-06,2.301943386769704e-05,ENSG00000181381,DDX60L,protein_coding,v44,True,DDX,True,True,False,False,True,True,True,True,,,False,False,2,2.0,-0.5483857685161901,1.0,,-0.4397218633166445,-0.6570496737157357,,1.8816255172028222e-05,0.0027184340447268,6,0.721577552461168,0.10548706583056663,0.7714285714285715,0.07239650145772594,0.9264161857994898,6.728979497899201,primary significant translation target
95,ENSG00000177189.14,RPS6KA3,146.84233331472805,0.9940020750592174,0.3487286732172786,2.8503594668279413,0.0043669843767971,0.0105991463674545,ENSG00000177189,RPS6KA3,protein_coding,v44,True,RPS,True,True,False,False,True,True,True,True,0.8301486011932842,0.1409680328278447,False,True,3,2.0,0.5693556861586546,1.0,0.9940020750592174,0.6241287073184127,0.0899362760983338,0.0105991463674545,4.255392005739589e-13,0.6470425203276792,6,-0.4289940061046271,0.3959841306824306,-0.2571428571428572,0.6227871720116619,0.9264161857994898,6.7236760606108925,primary significant translation target
96,ENSG00000163682.17,RPL9,388.2360605888631,-1.2712256060294695,0.3615341934361688,-3.5161974416505983,0.0004377752987929,0.0013805493445163,ENSG00000163682,RPL9,protein_coding,v44,True,RPL,True,True,False,False,True,True,True,True,-1.1830549823907004,0.0351400956294511,True,True,3,1.0,-0.5067300554182298,1.0,-1.2712256060294695,-0.0644544846100176,-0.184510075615202,0.0013805493445163,0.4568469351027138,0.1851813455857334,6,0.28121991431656423,0.589290216396709,0.028571428571428574,0.9571545189504373,0.9462584097748057,6.7118795573205965,strict-sensitivity-supported primary target
97,ENSG00000162244.12,RPL29,600.243635541231,-1.5263625766796216,0.5050694141151176,-3.0220847551297703,0.0025104024797764,0.0065126535130157,ENSG00000162244,RPL29,protein_coding,v44,True,RPL,True,True,False,False,True,True,True,True,-1.346894453512475,0.0597815423789436,False,True,3,2.0,-0.6620788962330435,1.0,-1.5263625766796216,-0.1502321707370772,-0.3096419412824315,0.0065126535130157,0.0697500059528653,0.0177285901703468,6,0.16312761481620114,0.7574790411556298,-0.08571428571428573,0.8717434402332361,0.9462584097748057,6.700447579724009,primary significant translation target
98,ENSG00000100201.23,DDX17,3430.513372298427,2.354269482597309,0.3930944178670083,5.989068721382367,2.110459813863188e-09,2.074318546208028e-08,ENSG00000100201,DDX17,protein_coding,v44,True,DDX,True,True,False,False,True,True,True,True,,,False,False,2,2.0,-0.3669429214968333,1.0,,-0.1737334472476655,-0.560152395746001,,0.016761861911133,5.902276131416473e-05,6,0.47801672214125646,0.33758832410119677,0.6571428571428573,0.1561749271137024,0.9264161857994898,6.69707991225527,primary significant translation target
99,ENSG00000144713.13,RPL32,402.6288229916151,-1.2889702665868112,0.3392158308216264,-3.799852923917943,0.0001447819886722,0.0005162163107636,ENSG00000144713,RPL32,protein_coding,v44,True,RPL,True,True,False,False,True,True,True,True,-1.072051751568059,0.0310752876329621,True,True,3,1.0,-0.4840858408740195,1.0,-1.2889702665868112,-0.1072781343514034,-0.056009121683844,0.0005162163107636,0.2885485925221818,0.7240376465173222,6,0.2501973761509785,0.6325349544005356,0.14285714285714288,0.7871720116618076,0.9462584097748057,6.694163878008673,strict-sensitivity-supported primary target
100,ENSG00000105372.8,RPS19,632.2571829694454,-1.2733966722199173,0.3851478609542518,-3.3062540424472777,0.0009455232000767,0.0027302874346186,ENSG00000105372,RPS19,protein_coding,v44,True,RPS,True,True,False,False,True,True,True,True,-1.0010293676160706,0.0574533841519956,False,True,3,2.0,-0.5631545151957253,1.0,-1.2733966722199173,-0.0638651485009043,-0.3522017248663544,0.0027302874346186,0.5101277506306173,0.0161360801618329,6,0.2320253832389661,0.6582075587069598,0.14285714285714288,0.7871720116618076,0.9462584097748057,6.690472537238733,primary significant translation target
101,ENSG00000198242.14,RPL23A,450.7954208273314,-1.201547400684184,0.4440539358632578,-2.70585913926949,0.0068127937195107,0.015735151013717,ENSG00000198242,RPL23A,protein_coding,v44,True,RPL,True,True,False,False,True,True,True,True,-0.9797417324709686,0.138380978183122,False,True,3,2.0,-0.5688769515348769,1.0,-1.201547400684184,-0.1537697010097653,-0.3513137529106813,0.015735151013717,0.0680716821802421,0.0144690041107502,6,0.25519791293528615,0.6255131370162175,0.028571428571428574,0.9571545189504373,0.9462584097748057,6.679520581616288,primary significant translation target
102,ENSG00000123064.13,DDX54,132.99342916378964,-1.9417988273250204,0.2793815562043804,-6.9503472373262385,3.6438818845590234e-12,5.6484053946149465e-11,ENSG00000123064,DDX54,protein_coding,v44,True,DDX,True,True,False,False,True,True,True,True,,,False,False,2,2.0,0.5871302350265704,1.0,,0.4044027448901549,0.7698577251629858,,2.305971382364664e-06,1.275986620107169e-05,6,-0.7117319863521379,0.11267035931195947,-0.3142857142857143,0.5440932944606415,0.9264161857994898,6.6696582643928,primary significant translation target
103,ENSG00000161970.15,RPL26,41.28208503716404,1.218991151362814,0.2555287014938969,4.770466660833905,1.8379960614550672e-06,1.0302414315172196e-05,ENSG00000161970,RPL26,protein_coding,v44,True,RPL,True,True,False,False,True,True,True,True,1.2963412206350142,0.002532822956958,True,True,3,1.0,0.2771517131242553,0.6666666666666666,1.218991151362814,-0.2074797354853674,-0.1800562765046807,1.0302414315172196e-05,0.0853658937317297,0.2995290701440762,6,0.6300237002187877,0.1800020601278871,0.4285714285714286,0.3965014577259473,0.9264161857994898,6.6422537524165115,strict-sensitivity-supported primary target
104,ENSG00000184708.18,EIF4ENIF1,68.34132761951766,0.4746335764623669,0.1844112087968722,2.57377834871834,0.0100594694655745,0.0221926996807789,ENSG00000184708,EIF4ENIF1,protein_coding,v44,True,EIF,True,True,False,False,True,True,False,False,0.3820517306146104,0.2854667634857585,False,True,3,3.0,0.6476598352714767,1.0,0.4746335764623669,0.6437076988292919,0.8246382305227715,0.0221926996807789,2.180003852180066e-12,2.0410319237929667e-08,6,0.16764680897783463,0.7508856812515667,0.08571428571428573,0.8717434402332361,0.9462584097748057,6.6245730794808235,cross-dataset conserved translation factor
105,ENSG00000108654.16,DDX5,1041.1604948084923,2.0883950759151233,0.3164033003904602,6.600421276699457,4.099910527259533e-11,5.452381012166489e-10,ENSG00000108654,DDX5,protein_coding,v44,True,DDX,True,True,False,False,True,True,True,True,,,False,False,2,2.0,0.3984148787274413,1.0,,0.4670073197346874,0.3298224377201953,,2.126467321122577e-09,0.0351120441329072,6,-0.5093856888900432,0.3020075817637487,-0.2571428571428572,0.6227871720116619,0.9264161857994898,6.6175411481282085,primary significant translation target
106,ENSG00000112306.8,RPS12,369.7327406159067,-1.6437415183623614,0.3807530046633855,-4.317080885062361,1.581062328122677e-05,7.17797031148118e-05,ENSG00000112306,RPS12,protein_coding,v44,True,RPS,True,True,False,False,True,True,True,True,-1.4825463224441926,0.0077401834207232,True,True,3,1.0,-0.6462355958821235,1.0,-1.6437415183623614,-0.0861016665402781,-0.208863602743731,7.17797031148118e-05,0.4021650842816467,0.117928210901294,6,-0.025294469417543833,0.9620663877032392,-0.3142857142857143,0.5440932944606415,0.9719337352694263,6.611568750105905,strict-sensitivity-supported primary target
107,ENSG00000198755.11,RPL10A,517.3979693248987,-1.476665220709604,0.3046020718114451,-4.8478502195601925,1.2480657230805715e-06,7.282052814442821e-06,ENSG00000198755,RPL10A,protein_coding,v44,True,RPL,True,True,False,False,True,True,True,True,-1.277836529316244,0.0033432211056508,True,True,3,1.0,-0.4996242552182073,0.6666666666666666,-1.476665220709604,-0.0446531728930584,0.0224456279480401,7.282052814442821e-06,0.6648775188063125,0.8934857444696086,6,0.3846727085795732,0.45145154231853313,0.028571428571428574,0.9571545189504373,0.9264161857994898,6.599629136358033,strict-sensitivity-supported primary target
108,ENSG00000163412.13,EIF4E3,28.984688436240376,-0.9941325690522308,0.342182602063357,-2.905269183931688,0.003669373756343,0.0090807944656578,ENSG00000163412,EIF4E3,protein_coding,v44,True,EIF,True,True,False,False,True,True,True,True,-1.0486456867294576,0.0839267713531093,False,True,3,2.0,-0.6000696683856468,1.0,-0.9941325690522308,-0.7148249967407868,-0.0912514393639226,0.0090807944656578,3.413278668360479e-05,0.8594354939552625,6,0.3257036004296013,0.5287203800614357,0.08571428571428573,0.8717434402332361,0.9462584097748057,6.59724483466515,primary significant translation target
109,ENSG00000064703.13,DDX20,72.08873374777691,1.193139822971212,0.201150388628996,5.931580998194598,3.0003148671996213e-09,2.8587534842124836e-08,ENSG00000064703,DDX20,protein_coding,v44,True,DDX,True,True,False,False,True,True,True,True,,,False,False,2,2.0,0.5715489238342383,1.0,,0.4349528146603659,0.7081450330081106,,3.460908024175758e-06,4.084661476628401e-05,6,-0.873718895995879,0.02291347868621079,-0.8857142857142858,0.01884548104956266,0.9264161857994898,6.585370053272489,primary significant translation target
110,ENSG00000072133.11,RPS6KA6,53.40385293558879,-0.8612549678143229,0.2879391242514898,-2.9911008795806833,0.002779736471498,0.0071126933683678,ENSG00000072133,RPS6KA6,protein_coding,v44,True,RPS,True,True,False,False,True,True,True,True,-0.7860675998326775,0.022002859850353,True,True,1,1.0,-0.8612549678143229,1.0,-0.8612549678143229,,,0.0071126933683678,,,6,0.3243399034923806,0.5305498354942992,0.2571428571428572,0.6227871720116619,0.9462584097748057,6.581297893177246,strict-sensitivity-supported primary target
111,ENSG00000161016.18,RPL8,1044.8618207393529,-2.2482275495588206,0.4823981535448228,-4.660522709380402,3.1540735698686574e-06,1.681504389118441e-05,ENSG00000161016,RPL8,protein_coding,v44,True,RPL,True,True,False,False,True,True,True,True,-1.983581838704746,0.002806626634566,True,True,3,1.0,-0.7508511656733825,0.6666666666666666,-2.2482275495588206,0.0153814525028403,-0.019707399964167,1.681504389118441e-05,0.8845662727449177,0.9143210665772318,6,0.049791138224191206,0.9253750126992415,-0.08571428571428573,0.8717434402332361,0.9670946448949179,6.562912228467556,strict-sensitivity-supported primary target
112,ENSG00000168028.14,RPSA,832.7039410895862,-1.8692242847560416,0.3525709019793913,-5.301697542996053,1.1473081001419729e-07,8.217664914317381e-07,ENSG00000168028,RPSA,protein_coding,v44,True,RPS,True,True,False,False,True,True,True,True,-1.6799225950618075,0.0007516438805325,True,True,3,1.0,-0.5421558780966382,0.6666666666666666,-1.8692242847560416,-0.0023921419367428,0.2451487924028696,8.217664914317381e-07,0.982782067823258,0.0940150372512989,6,0.09176792261868402,0.8627345210439585,-0.08571428571428573,0.8717434402332361,0.966988858164536,6.492681558672763,strict-sensitivity-supported primary target
113,ENSG00000128829.12,EIF2AK4,124.76130343252868,-1.641752124053751,0.198779901197372,-8.259145487871164,1.4671900979313696e-16,3.984983317046472e-15,ENSG00000128829,EIF2AK4,protein_coding,v44,True,EIF,True,True,False,False,True,True,True,True,-1.6088484842625472,1.1080730516997248e-08,True,True,3,1.0,-0.6121253831641084,0.6666666666666666,-1.641752124053751,0.0268950189276123,-0.2215190443661862,3.984983317046472e-15,0.8306463659436417,0.2103191745192845,6,-0.2118197369687767,0.6870223162647271,-0.2,0.7040000000000001,0.9462584097748057,6.467765252389056,strict-sensitivity-supported primary target
114,ENSG00000134419.15,RPS15A,169.62307276503938,1.3056600639873637,0.2078834342835928,6.280731644091434,3.3698337459668974e-10,3.8560374606263404e-09,ENSG00000134419,RPS15A,protein_coding,v44,True,RPS,True,True,False,False,True,True,True,True,1.50601010521588,3.2199333579291325e-08,True,True,3,1.0,0.3390380005645295,0.6666666666666666,1.3056600639873637,-0.1837540660140738,-0.1047919962797015,3.8560374606263404e-09,0.1276461364771698,0.5101695833732451,6,0.2311983943479982,0.6593814974014622,0.2571428571428572,0.6227871720116619,0.9462584097748057,6.4076448674520154,strict-sensitivity-supported primary target
115,ENSG00000130255.13,RPL36,248.1510362730058,-1.8221747584760204,0.3670573542247542,-4.964278027679232,6.895710164158872e-07,4.223404624552232e-06,ENSG00000130255,RPL36,protein_coding,v44,True,RPL,True,True,False,False,True,True,True,True,-1.592537118093024,0.0016658724051492,True,True,3,1.0,-0.5682862067370428,0.6666666666666666,-1.8221747584760204,-0.0690853244185602,0.1864014626834522,4.223404624552232e-06,0.5387906976509214,0.2118758302303239,6,-0.03658923146136532,0.9451406451246622,-0.08571428571428573,0.8717434402332361,0.969753682758117,6.402443426380077,strict-sensitivity-supported primary target
116,ENSG00000013573.17,DDX11,132.20120994374145,1.1095799675718545,0.2859862521371195,3.879836737885753,0.0001045266009035,0.0003863940958825,ENSG00000013573,DDX11,protein_coding,v44,True,DDX,True,True,False,False,True,True,True,True,,,False,False,2,2.0,-0.5218422960117893,1.0,,-0.4161411505756186,-0.62754344144796,,0.0001043524086065,2.0961568969883284e-05,6,-0.6303364835024096,0.17971920721257809,-0.48571428571428577,0.3287230320699708,0.9264161857994898,6.400374816366288,primary significant translation target
117,ENSG00000088205.13,DDX18,152.5053081280301,-0.6757828783302132,0.2445786316921554,-2.7630495503826475,0.0057264072479238,0.0134917297263929,ENSG00000088205,DDX18,protein_coding,v44,True,DDX,True,True,False,False,True,True,True,True,,,False,False,2,2.0,0.9883247436549788,1.0,,0.7885983741106563,1.1880511131993017,,3.263493566028578e-19,7.873647478614166e-17,6,-0.6555818705086626,0.15750766997623372,-0.7714285714285715,0.07239650145772594,0.9264161857994898,6.315216498270762,primary significant translation target
118,ENSG00000178105.12,DDX10,58.08935045310846,-1.143599329836826,0.2127473486573401,-5.37538698862356,7.641837093331168e-08,5.672854561114797e-07,ENSG00000178105,DDX10,protein_coding,v44,True,DDX,True,True,False,False,True,True,True,True,,,False,False,2,2.0,0.9306821663467276,1.0,,0.7773743260585211,1.083990006634934,,4.846889791791962e-15,1.0558714186888417e-08,6,0.4882329350419752,0.32584098128470396,0.2,0.7040000000000001,0.9264161857994898,6.277340859818408,primary significant translation target
119,ENSG00000055332.19,EIF2AK2,203.1190460725636,0.9982891366943348,0.3158938547481808,3.160204358803165,0.0015765851529758,0.0043132616892125,ENSG00000055332,EIF2AK2,protein_coding,v44,True,EIF,True,True,False,False,True,True,True,True,0.885115838716303,0.08630577658616,False,True,3,2.0,0.4860008418244033,0.6666666666666666,0.9982891366943348,-0.0103084118194259,0.4700218005983013,0.0043132616892125,0.9609178979547623,0.0496656977844727,6,-0.09894551276282587,0.8520660797524386,0.08571428571428573,0.8717434402332361,0.966988858164536,6.237117076763592,primary significant translation target
120,ENSG00000079785.16,DDX1,228.0726327091481,-0.876766756333737,0.2468806850227818,-3.551378497887876,0.0003832188837758,0.0012278542463863,ENSG00000079785,DDX1,protein_coding,v44,True,DDX,True,True,False,False,True,True,True,True,,,False,False,2,2.0,0.9239048851627106,1.0,,0.6145676408645628,1.2332421294608584,,1.3888622045686812e-16,3.3624443325477072e-21,6,-0.41920047534216154,0.40803213522774695,-0.4285714285714286,0.3965014577259473,0.9264161857994898,6.2004696269412465,primary significant translation target
121,ENSG00000089737.18,DDX24,531.7324827904584,1.4303855066646942,0.2544996895521723,5.620382127701833,1.9053555168936073e-08,1.5705141278703547e-07,ENSG00000089737,DDX24,protein_coding,v44,True,DDX,True,True,False,False,True,True,True,True,,,False,False,2,2.0,0.6093649828768103,1.0,,0.4444434772137894,0.7742864885398312,,2.5578950316300752e-09,1.2656378862599716e-09,6,0.1962826754776159,0.7093570671787871,0.48571428571428577,0.3287230320699708,0.9462584097748057,6.197604325116015,primary significant translation target
122,ENSG00000111364.16,DDX55,113.39785695169074,0.7887067446153465,0.2232500672192879,3.532839897605215,0.0004111213628317,0.0013061262816256,ENSG00000111364,DDX55,protein_coding,v44,True,DDX,True,True,False,False,True,True,True,True,,,False,False,2,2.0,0.5906232700995278,1.0,,0.5081331661666331,0.6731133740324224,,3.828780674010678e-06,1.4235442178487222e-05,6,-0.39555451389781465,0.43761312597014557,-0.14285714285714288,0.7871720116618076,0.9264161857994898,6.139396681109373,primary significant translation target
123,ENSG00000122026.11,RPL21,412.7678658740001,-1.2182808739483844,0.3904394983462403,-3.1202808094687624,0.001806787089411,0.0048577448742671,ENSG00000122026,RPL21,protein_coding,v44,True,RPL,True,True,False,False,True,True,True,True,-0.9112398029195002,0.1058293069244679,False,True,3,1.0,-0.4262043633460258,1.0,-1.2182808739483844,-0.0549726433568482,-0.0053595727328448,0.0048577448742671,0.5184858651204346,0.9757532657310868,6,0.6337417235935695,0.17665180641227024,0.48571428571428577,0.3287230320699708,0.9264161857994898,5.964911679235751,primary significant translation target
124,ENSG00000165732.14,DDX21,472.4365073603646,-0.8215908775585082,0.118179627863562,-6.9520516556968,3.600115215851941e-12,5.592486670778549e-11,ENSG00000165732,DDX21,protein_coding,v44,True,DDX,True,True,False,False,True,True,True,True,,,False,False,2,2.0,1.6485483702410009,1.0,,1.3968904916090543,1.9002062488729472,,4.553831599052546e-81,5.837058981462208e-51,6,-0.05604127979829218,0.9160260826259061,-0.2571428571428572,0.6227871720116619,0.9670946448949179,5.936600830836178,primary significant translation target
125,ENSG00000171863.15,RPS7,535.1802312199123,-0.811177024710131,0.3194833182145753,-2.539027794137653,0.0111160991774636,0.0242128759410464,ENSG00000171863,RPS7,protein_coding,v44,True,RPS,True,True,False,False,True,True,True,True,-0.6638593412523409,0.1785776958872391,False,True,3,1.0,-0.3175479724717948,1.0,-0.811177024710131,-0.1356751247646874,-0.005791767940566,0.0242128759410464,0.1466467953729814,0.9732860797037628,6,0.673748965416015,0.14229656909962043,0.6,0.208,0.9264161857994898,5.901100029191779,primary significant translation target
126,ENSG00000136271.11,DDX56,124.43544188080529,0.5355141318440979,0.2303257448610838,2.325029415044688,0.0200703873836411,0.0407233369464334,ENSG00000136271,DDX56,protein_coding,v44,True,DDX,True,True,False,False,True,True,True,True,,,False,False,2,2.0,0.886866672049992,1.0,,0.7199829580114668,1.0537503860885171,,2.4792645412298503e-19,1.4048325408785224e-16,6,-0.13252991875083064,0.8023690115057787,-0.08571428571428573,0.8717434402332361,0.9525454590517624,5.881658715211631,primary significant translation target
127,ENSG00000114391.13,RPL24,392.1131716226196,-1.2248034063415,0.3549235399564491,-3.450893695278113,0.0005587335977264,0.0017151273422118,ENSG00000114391,RPL24,protein_coding,v44,True,RPL,True,True,False,False,True,True,True,True,-0.9519586665725444,0.0535506870604817,False,True,3,1.0,-0.4450437764572371,1.0,-1.2248034063415,-0.0528213565379721,-0.057506566492239,0.0017151273422118,0.5940452149351853,0.7295213383457301,6,0.44913395109650767,0.3715990169534915,0.028571428571428574,0.9571545189504373,0.9264161857994898,5.826513915160021,primary significant translation target
128,ENSG00000166441.13,RPL27A,548.3064465626162,-1.3206868487156764,0.4536122058209685,-2.9114887821976394,0.003597108236542,0.0089323614526906,ENSG00000166441,RPL27A,protein_coding,v44,True,RPL,True,True,False,False,True,True,True,True,-1.0797482616117644,0.1067675153657878,False,True,3,1.0,-0.5639474711196426,1.0,-1.3206868487156764,-0.1377522478575971,-0.2334033167856543,0.0089323614526906,0.1853094032732024,0.0891722939185599,6,0.29314581912535326,0.572876936797843,0.028571428571428574,0.9571545189504373,0.9462584097748057,5.743767873367811,primary significant translation target
129,ENSG00000177600.9,RPLP2,391.28948421823185,-1.6842557000260725,0.5117106500832708,-3.2914220170168296,0.0009968224975366,0.0028636325963215,ENSG00000177600,RPLP2,protein_coding,v44,True,RPL,True,True,False,False,True,True,True,True,-1.452912919610059,0.0527182199312112,False,True,3,1.0,-0.647756653561584,1.0,-1.6842557000260725,-0.1087421409787116,-0.1502721196799676,0.0028636325963215,0.3129149849078395,0.3447850448640411,6,0.1725861748820336,0.7436910625232759,0.2571428571428572,0.6227871720116619,0.9462584097748057,5.733901743135071,primary significant translation target
130,ENSG00000105640.13,RPL18A,695.66209804647,-1.2858337356827527,0.5584298677801148,-2.302587683560396,0.0213020527882217,0.0428912270412773,ENSG00000105640,RPL18A,protein_coding,v44,True,RPL,True,True,False,False,True,True,True,True,-0.8944908883341499,0.2471735471111958,False,True,3,1.0,-0.5968672056290575,1.0,-1.2858337356827527,-0.1507795529476661,-0.3539883282567537,0.0428912270412773,0.0974274528799284,0.0664651202260439,6,0.27915294451958156,0.5921472705435027,0.14285714285714288,0.7871720116618076,0.9462584097748057,5.731857910097897,primary significant translation target
131,ENSG00000197756.10,RPL37A,477.2279452017661,-1.1851787623344978,0.4628826146812685,-2.5604304952144026,0.0104542572841758,0.0229753477799149,ENSG00000197756,RPL37A,protein_coding,v44,True,RPL,True,True,False,False,True,True,True,True,-0.8796818287362239,0.1900635751223021,False,True,3,1.0,-0.5168524005707056,1.0,-1.1851787623344978,-0.1975735190202499,-0.1678049203573691,0.0229753477799149,0.0724036989503513,0.2209226289743657,6,0.2949306707235462,0.5704311334709868,0.14285714285714288,0.7871720116618076,0.9462584097748057,5.706974081839987,primary significant translation target
132,ENSG00000231500.7,RPS18,789.9519966799254,-1.094319131525381,0.4602421843481379,-2.377702802439362,0.0174208603985784,0.0359663920194052,ENSG00000231500,RPS18,protein_coding,v44,True,RPS,True,True,False,False,True,True,True,True,-0.8401799774032298,0.2256199524668111,False,True,3,1.0,-0.5067799868876542,1.0,-1.094319131525381,-0.1760823063440678,-0.2499385227935137,0.0359663920194052,0.0597726199164851,0.0787350445468425,6,0.260472402315552,0.6181273852081202,0.14285714285714288,0.7871720116618076,0.9462584097748057,5.673867039819811,primary significant translation target
133,ENSG00000137818.12,RPLP1,1021.9930874921496,-1.144039783126377,0.4051638024713216,-2.823647562166798,0.004748056374902,0.0114009809024126,ENSG00000137818,RPLP1,protein_coding,v44,True,RPL,True,True,False,False,True,True,True,True,-0.9025482200060428,0.1247497874537498,False,True,3,1.0,-0.5044108136552102,1.0,-1.144039783126377,-0.1060399655164139,-0.2631526923228395,0.0114009809024126,0.3438146517641912,0.0510007502747048,6,0.16875424439863768,0.7492715246663658,0.14285714285714288,0.7871720116618076,0.9462584097748057,5.625408670863782,primary significant translation target
134,ENSG00000171858.18,RPS21,214.39010972100652,-1.1817281505079786,0.4416785543923699,-2.675538893061531,0.0074609215871541,0.017033675265972,ENSG00000171858,RPS21,protein_coding,v44,True,RPS,True,True,False,False,True,True,True,True,-0.8058780806634743,0.1986719589617523,False,True,3,1.0,-0.4182719201457438,0.6666666666666666,-1.1817281505079786,-0.0966962349689786,0.0236086250397257,0.017033675265972,0.4254558862579212,0.9093636886884816,6,0.48349662144727173,0.33126832455706123,0.08571428571428573,0.8717434402332361,0.9264161857994898,5.573040728969538,primary significant translation target
135,ENSG00000163923.10,RPL39L,25.789145846975387,-1.2505136023638312,0.4506236269445772,-2.7750733152694487,0.0055189264947164,0.0130579070134264,ENSG00000163923,RPL39L,protein_coding,v44,True,RPL,True,True,False,False,True,True,True,True,-0.853043931089278,0.1931829967347131,False,True,3,1.0,-0.4611806952825675,0.6666666666666666,-1.2505136023638312,-0.3243761025066616,0.1913476190227901,0.0130579070134264,0.2198713356825155,0.7059819545363597,6,-0.23572538865094844,0.6529611295783109,-0.5428571428571429,0.26570262390670546,0.9462584097748057,5.340395758731112,primary significant translation target
136,ENSG00000136942.15,RPL35,391.7125374388903,-1.1572433680542404,0.3646250973055296,-3.1737896722028256,0.0015046267922317,0.0041371546064769,ENSG00000136942,RPL35,protein_coding,v44,True,RPL,True,True,False,False,True,True,True,True,-0.7987052038657113,0.0954701608536408,False,True,3,1.0,-0.3663351522998353,0.6666666666666666,-1.1572433680542404,0.0636842823496821,-0.0054463711949478,0.0041371546064769,0.5476477707141483,0.9819558270533668,6,-0.046336661585225425,0.9305447520256427,-0.3714285714285715,0.4684781341107872,0.9670946448949179,5.257494625284584,primary significant translation target
137,ENSG00000182810.7,DDX28,26.4167646194199,0.9292950980003432,0.2857663247945614,3.251940545018442,0.0011461999520327,0.0032516416433188,ENSG00000182810,DDX28,protein_coding,v44,True,DDX,True,True,False,False,True,True,True,True,,,False,False,2,1.0,0.4292030732459371,1.0,,0.2246831623513952,0.6337229841404789,,0.1047173524906849,0.0008807918523442,6,0.42563906641297744,0.40009762042604774,0.3142857142857143,0.5440932944606415,0.9264161857994898,5.15323756176919,primary significant translation target
138,ENSG00000198208.12,RPS6KL1,14.129577360698084,0.8433111563455399,0.3917682351894908,2.152576652718275,0.0313519650645882,0.0600233811498129,ENSG00000198208,RPS6KL1,protein_coding,v44,True,RPS,True,True,False,False,True,False,True,False,0.5014539709979481,0.4824866048771094,False,True,3,2.0,1.0116109488269258,1.0,0.8433111563455399,0.4564597093000482,1.7350619808351893,0.0600233811498129,0.0214741918264412,2.5469070725145813e-14,6,-0.5168884648392063,0.2937168007053982,-0.2571428571428572,0.6227871720116619,0.9264161857994898,4.68192162815852,audited host protein-coding translation target
139,ENSG00000204560.10,DHX16,81.16824255367955,-0.5336824064533103,0.2614787523215271,-2.0410163415384064,0.0412492028211435,0.0760799250341769,ENSG00000204560,DHX16,protein_coding,v44,True,DHX,True,True,False,False,True,False,True,False,-0.5259491493083464,0.2899498505731752,False,True,3,2.0,0.1254075767141127,0.6666666666666666,-0.5336824064533103,0.3355773350927403,0.5743278015029083,0.0760799250341769,3.597134263397713e-05,9.41687864993745e-05,6,-0.8672242781032042,0.02527371084153173,-0.5428571428571429,0.26570262390670546,0.9264161857994898,4.669230674495038,audited host protein-coding translation target
140,ENSG00000157349.17,DDX19B,5.002352254090212,1.931682750587991,0.6377037774873566,3.029122327296061,0.002452653504368,0.0063848618918915,ENSG00000157349,DDX19B,protein_coding,v44,True,DDX,True,True,False,False,True,True,True,True,,,False,False,2,0.0,0.1950383162044868,1.0,,0.2062386891067745,0.183837943302199,,0.0938557672639353,0.4855356673166866,6,0.8267339272576939,0.04243087612801244,0.7714285714285715,0.07239650145772594,0.9264161857994898,4.658007523126199,primary significant translation target
141,ENSG00000107581.13,EIF3A,597.9815952787646,-0.5737572167811188,0.2653768318385111,-2.162047126744905,0.0306145438548443,0.0588595911031518,ENSG00000107581,EIF3A,protein_coding,v44,True,EIF,True,True,False,False,True,False,True,False,-0.5798601390415198,0.2083071541287814,False,True,3,2.0,0.2116707751814806,0.6666666666666666,-0.5737572167811188,0.464198563235683,0.7445709790898777,0.0588595911031518,1.3946012526618988e-09,1.5939781111548264e-09,6,-0.6021627740030677,0.20592795184759105,-0.2571428571428572,0.6227871720116619,0.9264161857994898,4.541456853189415,audited host protein-coding translation target
142,ENSG00000198563.14,DDX39B,967.0441898230288,3.414831867781934,0.2612572610228157,13.070763485818349,4.8377527016905366e-39,4.414702360831407e-37,ENSG00000198563,DDX39B,protein_coding,v44,True,DDX,True,True,False,False,True,True,True,True,,,False,False,2,0.0,-0.0359970236326708,0.5,,0.0154655996809177,-0.0874596469462594,,0.8854586807547197,0.7395047285863859,6,0.4124605057065997,0.41639388866640326,0.5428571428571429,0.26570262390670546,0.9264161857994898,4.4991908984409426,primary significant translation target
143,ENSG00000173812.11,EIF1,519.3765504828074,-1.1604851785788148,0.565615646948901,-2.05172043036436,0.0401968400636891,0.0744095299430537,ENSG00000173812,EIF1,protein_coding,v44,True,EIF,True,True,False,False,True,False,True,False,-0.9394533986622696,0.278169051361444,False,True,3,2.0,-0.0705636990510916,0.6666666666666666,-1.1604851785788148,0.3171153843295265,0.6316786970960135,0.0744095299430537,5.272913437616657e-06,1.2270813896273537e-06,6,-0.3205662813548599,0.5356217127984075,-0.8285714285714287,0.04156268221574335,0.9462584097748057,4.472621292604245,audited host protein-coding translation target
144,ENSG00000114784.4,EIF1B,72.63240310724382,-0.5626020796847063,0.4807141319872836,-1.1703464538454404,0.2418615746872432,0.3404764050815707,ENSG00000114784,EIF1B,protein_coding,v44,True,EIF,True,True,False,False,True,False,True,False,-0.4438724011418453,0.5859866541216574,False,True,3,2.0,0.2120962553543519,0.6666666666666666,-0.5626020796847063,0.4088342954612626,0.7900565502864995,0.3404764050815707,6.901785587094099e-05,1.515551330315273e-07,6,-0.5332506102777661,0.27594064673902746,-0.5428571428571429,0.26570262390670546,0.9264161857994898,4.422611991179831,audited host protein-coding translation target
145,ENSG00000174243.10,DDX23,164.35860309037608,-0.6330342831488488,0.4085927322694092,-1.5493038254323432,0.1213087006047369,0.1924176552864954,ENSG00000174243,DDX23,protein_coding,v44,True,DDX,True,True,False,False,True,False,True,False,,,False,False,2,2.0,0.4575802383027874,1.0,,0.3666698123026842,0.5484906643028905,,3.284884108723839e-06,1.4138001683498377e-05,6,-0.6615713631298852,0.15242013040449517,-0.7142857142857143,0.11078717201166179,0.9264161857994898,4.3113056952023445,audited host protein-coding translation target
146,ENSG00000150990.9,DHX37,37.95581752359083,-0.5707444174104155,0.3493810621994124,-1.6335871607278416,0.1023455655438746,0.1666410440098473,ENSG00000150990,DHX37,protein_coding,v44,True,DHX,True,True,False,False,True,False,True,False,-0.4439308326308772,0.4750518533950574,False,True,3,2.0,0.2109076488704928,0.6666666666666666,-0.5707444174104155,0.4914170768046807,0.7120502872172134,0.1666410440098473,1.8224050538832408e-07,0.0001127736023926,6,-0.3910946825968313,0.4432679296181585,-0.08571428571428573,0.8717434402332361,0.9264161857994898,4.298479097505815,audited host protein-coding translation target
147,ENSG00000213782.7,DDX47,2.482694591727235,3.9665488147587338,1.0031513824390903,3.954087971363161,7.682714068026174e-05,0.0002948961524527,ENSG00000213782,DDX47,protein_coding,v44,True,DDX,True,True,False,False,True,True,True,True,,,False,False,2,0.0,0.0832792794971895,0.5,,0.2460592978977129,-0.0795007389033337,,0.5742144195348932,0.9133720923821522,6,-0.01488939030739389,0.9776675649827378,-0.14285714285714288,0.7871720116618076,0.9826556648040783,4.166123973761296,primary significant translation target
148,ENSG00000140829.12,DHX38,139.20113852144485,0.0805547189859051,0.2619129379358152,0.3075629620314746,0.7584149068722142,0.8295816800683581,ENSG00000140829,DHX38,protein_coding,v44,True,DHX,True,True,False,False,True,False,False,False,0.0884881213697789,0.8727905278415298,False,True,3,2.0,0.3556229841000632,1.0,0.0805547189859051,0.4558908704174739,0.5304233628968107,0.8295816800683581,1.6487303516414891e-09,5.204686173181348e-05,6,-0.8457929187148492,0.033836227257755466,-0.8285714285714287,0.04156268221574335,0.9264161857994898,4.056283695894594,audited host protein-coding translation target
149,ENSG00000132153.15,DHX30,233.34905489505377,0.0536306445737988,0.190052390026069,0.282188740517509,0.7777987914102225,0.8449365762144221,ENSG00000132153,DHX30,protein_coding,v44,True,DHX,True,True,False,False,True,False,False,False,0.0443175732546039,0.9199313267197342,False,True,3,2.0,0.4644328018722272,1.0,0.0536306445737988,0.5185396114266061,0.8211281496162766,0.8449365762144221,1.9182855298873422e-10,2.024233211265099e-07,6,-0.7175609072993228,0.10839241841873547,-0.2571428571428572,0.6227871720116619,0.9264161857994898,3.9691552610579626,audited host protein-coding translation target
150,ENSG00000145833.16,DDX46,250.29835457513116,0.6273653983291235,0.3132482085125548,2.0027740982403066,0.0452015412419139,0.0822634858549851,ENSG00000145833,DDX46,protein_coding,v44,True,DDX,True,True,False,False,True,False,True,False,,,False,False,2,2.0,0.3043870735535393,1.0,,0.1647463336078641,0.4440278134992145,,0.0450163063675268,0.0013060552571019,6,-0.09710089308910629,0.8548064223025723,0.08571428571428573,0.8717434402332361,0.966988858164536,3.899388371117251,audited host protein-coding translation target
151,ENSG00000114867.22,EIF4G1,533.682104103696,-0.3601593595278601,0.3566946021055055,-1.0097135123489471,0.3126325667629472,0.4209480356278479,ENSG00000114867,EIF4G1,protein_coding,v44,True,EIF,True,True,False,False,True,False,False,False,-0.4627501981797067,0.4537774260196432,False,True,3,2.0,0.7739709898080847,0.6666666666666666,-0.3601593595278601,1.1265387236874305,1.5555336052646838,0.4209480356278479,8.256992578980947e-40,5.602523680441123e-36,6,-0.8160246765919945,0.04765688044260984,-0.8285714285714287,0.04156268221574335,0.9264161857994898,3.894966471081366,audited host protein-coding translation target
152,ENSG00000278053.5,DDX52,110.2300998562183,0.6551761176945347,0.1713170993922144,3.824347482060563,0.0001311188829975,0.0004725219494674,ENSG00000278053,DDX52,protein_coding,v44,True,DDX,True,True,False,False,True,True,True,True,,,False,False,2,0.0,-0.0573908340682551,1.0,,-0.0527988459747836,-0.0619828221617265,,0.6158253209345101,0.7955613986410404,6,0.07715843503383105,0.884492025892457,0.08571428571428573,0.8717434402332361,0.9670946448949179,3.8663545970368944,primary significant translation target
153,ENSG00000105671.12,DDX49,48.09572543993842,-0.7575352199850586,0.3649088140558966,-2.0759575839377216,0.037897874131608,0.070687816198612,ENSG00000105671,DDX49,protein_coding,v44,True,DDX,True,True,False,False,True,False,True,False,,,False,False,2,2.0,0.7682192746930003,1.0,,0.5584536480880096,0.9779849012979912,,4.1788557401772034e-11,5.501036674824558e-09,6,0.04185849105521958,0.9372489342446473,0.08571428571428573,0.8717434402332361,0.9670946448949179,3.840354149275599,audited host protein-coding translation target
154,ENSG00000119718.11,EIF2B2,75.33502499687887,0.3197481205790236,0.358147520734664,0.8927832864042388,0.3719732384986796,0.4840716211018952,ENSG00000119718,EIF2B2,protein_coding,v44,True,EIF,True,True,False,False,True,False,False,False,0.5067673370228066,0.3899948723574407,False,True,3,2.0,0.504582853817953,1.0,0.3197481205790236,0.4600389348876145,0.7339615059872208,0.4840716211018952,5.396857174182446e-07,1.0694354238626364e-05,6,-0.4811905213399182,0.33392268349444965,-0.6571428571428573,0.1561749271137024,0.9264161857994898,3.8239604168032306,audited host protein-coding translation target
155,ENSG00000067596.12,DHX8,100.36803386966596,-0.0556915321343172,0.1722982579730414,-0.3232274823291072,0.7465229691442484,0.8206172071942043,ENSG00000067596,DHX8,protein_coding,v44,True,DHX,True,True,False,False,True,False,False,False,-0.0832047524999478,0.8325642144779538,False,True,3,2.0,0.183758755393255,0.6666666666666666,-0.0556915321343172,0.2442447918465874,0.362723006467495,0.8206172071942043,0.0019081839981701,0.0073611901909277,6,-0.8736295327974802,0.022945206200607162,-0.8285714285714287,0.04156268221574335,0.9264161857994898,3.81098558833621,audited host protein-coding translation target
156,ENSG00000143486.16,EIF2D,79.68909052254816,-0.097266661704109,0.1693990435820678,-0.5741866048788331,0.5658415327828712,0.6689978766192021,ENSG00000143486,EIF2D,protein_coding,v44,True,EIF,True,True,False,False,True,False,False,False,-0.192586113891482,0.5571520257495187,False,True,3,2.0,-0.3790358103284113,1.0,-0.097266661704109,-0.4063537577312979,-0.6334870115498271,0.6689978766192021,1.1323720312401038e-05,6.1019801894771674e-05,6,-0.5347278576183198,0.2743566195669826,-0.48571428571428577,0.3287230320699708,0.9264161857994898,3.8101965662238695,audited host protein-coding translation target
157,ENSG00000134001.15,EIF2S1,242.90148994910552,0.1731592839494001,0.2842314509567161,0.6092192942285247,0.5423790931021186,0.6481446507346013,ENSG00000134001,EIF2S1,protein_coding,v44,True,EIF,True,True,False,False,True,False,False,False,0.2304755995297464,0.642787844480553,False,True,3,2.0,0.8969305180653212,1.0,0.1731592839494001,1.0367360017678515,1.480896268478712,0.6481446507346013,1.619818328602376e-28,5.049104891076468e-27,6,-0.37781075211882265,0.4602484073839653,-0.4285714285714286,0.3965014577259473,0.9277903245851797,3.7454517396849627,audited host protein-coding translation target
158,ENSG00000105193.9,RPS16,693.4061541981987,-0.7987353964116787,0.3868349923655366,-2.064796133171221,0.038942293897908,0.0723574228926029,ENSG00000105193,RPS16,protein_coding,v44,True,RPS,True,True,False,False,True,False,True,False,-0.5009219560656532,0.3465559571293932,False,True,3,1.0,-0.4735852234228622,1.0,-0.7987353964116787,-0.183805460693195,-0.4382148131637129,0.0723574228926029,0.0623365982919217,0.0042266902047269,6,0.44101731352557316,0.3813621411375835,0.3714285714285715,0.4684781341107872,0.9264161857994898,3.731381996044126,audited host protein-coding translation target
159,ENSG00000174953.14,DHX36,170.7981735170525,0.1743752487869281,0.22876896983447,0.7622329589240208,0.4459209782904557,0.5585215951596416,ENSG00000174953,DHX36,protein_coding,v44,True,DHX,True,True,False,False,True,False,False,False,0.1757316163885754,0.7051375430288733,False,True,3,2.0,0.3940525532979445,1.0,0.1743752487869281,0.4379071884346543,0.5698752226722509,0.5585215951596416,1.500738159003773e-06,0.0004722490309344,6,-0.3546603060514345,0.4903148249546762,-0.2571428571428572,0.6227871720116619,0.9462584097748057,3.717630873515982,audited host protein-coding translation target
160,ENSG00000142534.7,RPS11,715.0087273552431,-0.9720706641950688,0.5658444055516656,-1.7179115931125204,0.0858127419142436,0.1430540320377324,ENSG00000142534,RPS11,protein_coding,v44,True,RPS,True,True,False,False,True,False,True,False,-0.6146805661403903,0.4587964942430291,False,True,3,1.0,-0.5144613905965433,1.0,-0.9720706641950688,-0.1442698945277553,-0.4270436130668058,0.1430540320377324,0.1247659882672537,0.0038049988788417,6,0.2890424971319038,0.5785103636895168,0.14285714285714288,0.7871720116618076,0.9462584097748057,3.6616755017557523,audited host protein-coding translation target
161,ENSG00000075151.24,EIF4G3,245.9340000731708,0.1173549215387246,0.1255048593807558,0.9350627706190572,0.3497559513707751,0.4610388150446036,ENSG00000075151,EIF4G3,protein_coding,v44,True,EIF,True,True,False,False,True,False,False,False,0.0320013472898792,0.9053841129116288,False,True,3,2.0,0.0486580358175874,0.6666666666666666,0.1173549215387246,0.4195737561504891,-0.3909545702364513,0.4610388150446036,4.638956983517859e-07,0.0135748773397825,6,-0.570068744454731,0.23752688996863816,-0.6,0.208,0.9264161857994898,3.6260736129954036,audited host protein-coding translation target
162,ENSG00000124228.15,DDX27,91.24390484634208,-0.4517000988783554,0.3671556001153693,-1.2302688525966106,0.2185964440405046,0.3137809954273663,ENSG00000124228,DDX27,protein_coding,v44,True,DDX,True,True,False,False,True,False,False,False,,,False,False,2,2.0,0.2870925811394851,1.0,,0.2225834841742993,0.351601678104671,,0.0049638733086584,0.0184977382561258,6,-0.7743405501117864,0.07063774459647439,-0.6571428571428573,0.1561749271137024,0.9264161857994898,3.5826244076855147,audited host protein-coding translation target
163,ENSG00000100784.12,RPS6KA5,19.057001939423422,0.3718001823859373,0.3032577494469853,1.2260203838614003,0.2201910043790613,0.3157373968117901,ENSG00000100784,RPS6KA5,protein_coding,v44,True,RPS,True,True,False,False,True,False,False,False,0.3828599691081907,0.56647388619776,False,True,3,2.0,-0.9667135147225766,0.6666666666666666,0.3718001823859373,-1.6101645691711974,-1.66177615738247,0.3157373968117901,1.6743176366057354e-09,1.5470785250867784e-06,6,-0.505334451623092,0.30652016010418637,-0.2571428571428572,0.6227871720116619,0.9264161857994898,3.5640362531009413,audited host protein-coding translation target
164,ENSG00000115211.17,EIF2B4,42.815314607597735,-0.1779566017794195,0.2618219074958827,-0.6796856820784486,0.4967035038239022,0.6071006174848301,ENSG00000115211,EIF2B4,protein_coding,v44,True,EIF,True,True,False,False,True,False,False,False,-0.2470133560442786,0.6498763681679538,False,True,3,2.0,0.2308231066792789,0.6666666666666666,-0.1779566017794195,0.4177080612003396,0.4527178606169166,0.6071006174848301,5.911177718484714e-06,0.0036890383891422,6,-0.49274538914938976,0.32070071833805136,-0.7714285714285715,0.07239650145772594,0.9264161857994898,3.530130258233236,audited host protein-coding translation target
165,ENSG00000136643.12,RPS6KC1,40.536383297612176,-0.3206132879224272,0.2360118794122674,-1.3584625007895363,0.1743169737157883,0.2605436675398399,ENSG00000136643,RPS6KC1,protein_coding,v44,True,RPS,True,True,False,False,True,False,False,False,-0.4770046706258603,0.2585913399501359,False,True,3,2.0,0.3512708475242718,0.6666666666666666,-0.3206132879224272,0.6428927685070118,0.7315330619882309,0.2605436675398399,4.0761111536232495e-14,3.718697358695247e-06,6,0.38744635699476376,0.4479111573691085,0.48571428571428577,0.3287230320699708,0.9264161857994898,3.485179839587832,audited host protein-coding translation target
166,ENSG00000125485.18,DDX31,47.87974188466339,0.0570043977323151,0.2007898983850746,0.2839007250404208,0.7764864608476529,0.8439109281032274,ENSG00000125485,DDX31,protein_coding,v44,True,DDX,True,True,False,False,True,False,False,False,,,False,False,2,2.0,0.7164500844811397,1.0,,0.5462387146052312,0.886661454357048,,9.412443985924215e-08,8.968056610644092e-08,6,0.7958521198606555,0.05826046548487488,0.7142857142857143,0.11078717201166179,0.9264161857994898,3.4805812682432173,audited host protein-coding translation target
167,ENSG00000198231.14,DDX42,288.11070281275323,-0.0865612851772568,0.2481733058010351,-0.3487936984111198,0.7272441946220487,0.8060369897706516,ENSG00000198231,DDX42,protein_coding,v44,True,DDX,True,True,False,False,True,False,False,False,,,False,False,2,2.0,0.2958351924316511,1.0,,0.2363356592589801,0.355334725604322,,0.0010866009686646,0.0086760838000624,6,-0.7100289890589102,0.11393393738353111,-0.8285714285714287,0.04156268221574335,0.9264161857994898,3.47818795240896,audited host protein-coding translation target
168,ENSG00000185163.10,DDX51,68.22223756894886,-0.1373073072165741,0.19911211454871,-0.6895979560449287,0.4904470531079543,0.6014078754561206,ENSG00000185163,DDX51,protein_coding,v44,True,DDX,True,True,False,False,True,False,False,False,,,False,False,2,2.0,0.4264692538903842,1.0,,0.4468040502997748,0.4061344574809937,,2.1462750001345516e-05,0.0184235316797285,6,-0.7176840614274128,0.10830282047117579,-0.6,0.208,0.9264161857994898,3.452716663924599,audited host protein-coding translation target
169,ENSG00000183258.12,DDX41,86.018080133245,-0.4695223818521469,0.2385437667156038,-1.9682861066410504,0.0490351276061098,0.0882025676774643,ENSG00000183258,DDX41,protein_coding,v44,True,DDX,True,True,False,False,True,False,False,False,,,False,False,2,2.0,0.7071189254796665,1.0,,0.3555883900216523,1.0586494609376806,,1.5252993712338605e-06,1.862937684783413e-15,6,-0.5841904947692784,0.2234000957140985,-0.4285714285714286,0.3965014577259473,0.9264161857994898,3.4426764395871468,audited host protein-coding translation target
170,ENSG00000110367.14,DDX6,150.08228512431364,-0.4120988711050952,0.1730826941170598,-2.38093631028405,0.0172686973324484,0.0356860231969584,ENSG00000110367,DDX6,protein_coding,v44,True,DDX,True,True,False,False,True,True,False,False,,,False,False,2,0.0,0.201940436319143,1.0,,0.149961546892674,0.253919325745612,,0.0561007519816354,0.069607306968341,6,-0.5770649258794349,0.2304850548915586,-0.6,0.208,0.9264161857994898,3.4399191809519687,primary significant translation target
171,ENSG00000123136.15,DDX39A,142.6314058812867,0.1558140913912757,0.3310852707923141,0.4706161981123468,0.6379148381947319,0.73276044772882,ENSG00000123136,DDX39A,protein_coding,v44,True,DDX,True,True,False,False,True,False,False,False,,,False,False,2,2.0,0.8598220517320132,1.0,,0.7910800922135749,0.9285640112504514,,1.6647836506446717e-25,4.4534361607219653e-10,6,-0.6161601295766135,0.19272342052279667,-0.7714285714285715,0.07239650145772594,0.9264161857994898,3.40361626884403,audited host protein-coding translation target
172,ENSG00000110321.19,EIF4G2,1186.7401326494046,-0.1727839475244643,0.2095269126091102,-0.824638445595803,0.4095768877120148,0.5227570178487269,ENSG00000110321,EIF4G2,protein_coding,v44,True,EIF,True,True,False,False,True,False,False,False,-0.2129606086623073,0.5825403298235972,False,True,3,2.0,0.7782629069069991,0.6666666666666666,-0.1727839475244643,1.0448021897173865,1.4627704785280753,0.5227570178487269,2.428644577701585e-52,2.403438131871688e-36,6,-0.13663093913199875,0.7963289054120379,-0.2,0.7040000000000001,0.9525454590517624,3.3630877933564625,audited host protein-coding translation target
173,ENSG00000089876.12,DHX32,56.2569057393787,-0.2862909493856261,0.2222035764697991,-1.2884173780368358,0.197600712627703,0.2889294410304507,ENSG00000089876,DHX32,protein_coding,v44,True,DHX,True,True,False,False,True,False,False,False,-0.5237738791371173,0.1294841163417157,False,True,3,2.0,0.3544390173418881,0.6666666666666666,-0.2862909493856261,0.4148183264491819,0.9347896749621089,0.2889294410304507,7.0451506320388496e-06,3.6802664772021267e-09,6,-0.1634520935096217,0.7570053007634528,-0.14285714285714288,0.7871720116618076,0.9462584097748057,3.318460703417901,audited host protein-coding translation target
174,ENSG00000135829.17,DHX9,411.44213418420054,0.0716318623289401,0.2291643708337412,0.3125785307215537,0.7546008913426572,0.8267365971860828,ENSG00000135829,DHX9,protein_coding,v44,True,DHX,True,True,False,False,True,False,False,False,-0.0232790343568186,0.9619383041110716,False,False,3,2.0,0.6616067199272316,1.0,0.0716318623289401,0.747391359042762,1.1657969384099929,0.8267365971860828,3.65538045679862e-29,6.230134596767971e-20,6,-0.41597293352735937,0.41202922214285564,-0.2,0.7040000000000001,0.9264161857994898,3.2648242805666916,audited host protein-coding translation target
175,ENSG00000151247.13,EIF4E,176.01185882201182,-0.0399051056484286,0.1971446893184322,-0.2024153213885112,0.8395920515703721,0.8915997454547744,ENSG00000151247,EIF4E,protein_coding,v44,True,EIF,True,True,False,False,True,False,False,False,0.1142513346027112,0.7262413711942421,False,False,3,2.0,0.8866405674465764,0.6666666666666666,-0.0399051056484286,1.1045002975529197,1.595326510435238,0.8915997454547744,1.1925776347077742e-30,4.834542081145367e-30,6,0.588652175244336,0.21900907693201663,0.7714285714285715,0.07239650145772594,0.9264161857994898,3.1104253468896035,audited host protein-coding translation target
176,ENSG00000168872.17,DDX19A,23.88256542154527,0.4582713789307978,0.2568826114160025,1.783971972274375,0.0744282195870486,0.1266801521143694,ENSG00000168872,DDX19A,protein_coding,v44,True,DDX,True,True,False,False,True,False,False,False,,,False,False,2,2.0,0.5606244276137169,1.0,,0.3487895722833417,0.7724592829440922,,0.0028072759166516,0.0002189229587115,6,0.07632923534932373,0.8857284998460593,-0.08571428571428573,0.8717434402332361,0.9670946448949179,3.0205208101574033,audited host protein-coding translation target
177,ENSG00000229117.9,RPL41,314.3837461665359,-0.7400201200170147,0.3966136544487739,-1.8658463008428636,0.0620628723399536,0.1080177784367013,ENSG00000229117,RPL41,protein_coding,v44,True,RPL,True,True,False,False,True,False,True,False,-0.2582037171376138,0.6548928274023138,False,True,3,0.0,-0.3191014319471989,1.0,-0.7400201200170147,-0.0935683727524838,-0.1237158030720982,0.1080177784367013,0.3062278216837329,0.468966139363337,6,0.5462069424819863,0.26216782865272265,0.2571428571428572,0.6227871720116619,0.9264161857994898,2.771357268235073,audited host protein-coding translation target
178,ENSG00000135930.15,EIF4E2,111.155277624197,-0.1857835562245388,0.2957333799128341,-0.6282130082146884,0.5298644098683045,0.6370434501400484,ENSG00000135930,EIF4E2,protein_coding,v44,True,EIF,True,True,False,False,True,False,False,False,0.0002065080751102,0.9997735605605828,False,False,3,2.0,0.37181200954325,0.6666666666666666,-0.1857835562245388,0.5450353967078951,0.7561841881463935,0.6370434501400484,1.2515311283361649e-12,5.157907816140058e-09,6,0.06888540924242421,0.8968353236447788,-0.14285714285714288,0.7871720116618076,0.9670946448949179,2.743056064513259,audited host protein-coding translation target
179,ENSG00000111361.13,EIF2B1,100.57133034176152,-0.269238024948396,0.2208613585542926,-1.219036352537021,0.2228303952258249,0.3187478673216382,ENSG00000111361,EIF2B1,protein_coding,v44,True,EIF,True,True,False,False,True,False,False,False,-0.344646524210482,0.4420793010383531,False,True,3,1.0,0.0403509841235859,0.6666666666666666,-0.269238024948396,0.2156133668022106,0.1746776105169431,0.3187478673216382,0.010469007997457,0.2546677741819853,6,-0.6638613801808204,0.1504937454803345,-0.5428571428571429,0.26570262390670546,0.9264161857994898,2.707107624528231,audited host protein-coding translation target
180,ENSG00000205609.13,EIF3CL,5.479249759222547,-1.7257405941479642,0.7822087563544776,-2.206240444291193,0.0273671688521654,0.0533450668214968,ENSG00000205609,EIF3CL,protein_coding,v44,True,EIF,True,True,False,False,True,False,True,False,-1.9915789004810065,0.102807855873091,False,True,3,0.0,-0.4850350856986938,0.6666666666666666,-1.7257405941479642,0.289697961557217,-0.0190626245053342,0.0533450668214968,0.3298174841620996,0.9812572195306724,6,-0.5942273462954446,0.21357164255148486,-0.5768179036829705,0.23073225195460048,0.9264161857994898,2.6844899040963592,audited host protein-coding translation target
181,ENSG00000198918.8,RPL39,276.8859066391918,-0.9984209599756276,0.4821724830490083,-2.0706717929279836,0.038389477950835,0.0714337099315513,ENSG00000198918,RPL39,protein_coding,v44,True,RPL,True,True,False,False,True,False,True,False,-0.6667297722418605,0.3406454310132954,False,True,3,0.0,-0.4401117553443401,1.0,-0.9984209599756276,-0.1207479373060324,-0.2011663687513606,0.0714337099315513,0.1151868864067604,0.2228723419538156,6,0.2532945769692945,0.6281835893560175,0.028571428571428574,0.9571545189504373,0.9462584097748057,2.612385988110473,audited host protein-coding translation target
182,ENSG00000131469.15,RPL27,419.1135916520491,-0.5648032474235871,0.2672652652381098,-2.113268429851508,0.0345777992327071,0.0652033374775498,ENSG00000131469,RPL27,protein_coding,v44,True,RPL,True,True,False,False,True,False,True,False,-0.2251059371387466,0.510036433923952,False,True,3,0.0,-0.2764031862618325,1.0,-0.5648032474235871,-0.0537707591546637,-0.2106355522072467,0.0652033374775498,0.5921405288723195,0.2689850938967982,6,-0.06761301179662817,0.898735029401408,-0.08571428571428573,0.8717434402332361,0.9670946448949179,2.3774131407915395,audited host protein-coding translation target
183,ENSG00000215301.11,DDX3X,439.4374531370427,-0.2681449178850456,0.2509536579781286,-1.0685037231392551,0.2852933518403816,0.390011784106727,ENSG00000215301,DDX3X,protein_coding,v44,True,DDX,True,True,False,False,True,False,False,False,,,False,False,2,1.0,0.2571040376965652,1.0,,0.3522394640034529,0.1619686113896775,,1.3181530611813912e-05,0.3255427185005349,6,-0.21979491857506459,0.6756167471009091,0.028571428571428574,0.9571545189504373,0.9462584097748057,2.1688358153499103,audited host protein-coding translation target
184,ENSG00000130811.12,EIF3G,202.1324215946925,-0.5378773532102249,0.319123795337521,-1.6854818132296885,0.0918956507716316,0.1518136754529076,ENSG00000130811,EIF3G,protein_coding,v44,True,EIF,True,True,False,False,True,False,True,False,-0.244133219950008,0.5725271805497377,False,True,3,0.0,-0.1816138309821818,0.6666666666666666,-0.5378773532102249,-0.040608257296041,0.0336441175597204,0.1518136754529076,0.6764160871280764,0.8644740757831434,6,-0.13733564381620517,0.7952916834937445,-0.4285714285714286,0.3965014577259473,0.9525454590517624,2.1506579317942323,audited host protein-coding translation target
185,ENSG00000107625.14,DDX50,119.68133388245028,-0.0998789358172912,0.185152152773963,-0.5394424764762262,0.5895815785892704,0.6905522919838886,ENSG00000107625,DDX50,protein_coding,v44,True,DDX,True,True,False,False,True,False,False,False,,,False,False,2,1.0,0.5236883213550304,1.0,,0.194387995231933,0.8529886474781279,,0.0753743270848904,5.870670690330821e-07,6,-0.14810514390483595,0.7794666372057281,-0.14285714285714288,0.7871720116618076,0.9525454590517624,2.0332447822342212,audited host protein-coding translation target
186,ENSG00000107201.11,DDX58,0.9359546498224192,1.5954025367388662,1.536904343927246,1.0380623511429083,0.2992410278002619,0.4058988006918162,ENSG00000107201,RIGI,protein_coding,v44,True,DDX,True,True,False,False,True,False,True,False,,,False,False,2,0.0,-0.6393854749756545,1.0,,-0.4644281830827134,-0.8143427668685954,,0.2445539348095929,0.09878059878499,6,0.03137429509550785,0.9529539989438394,0.13522468075656266,0.7983993188035018,0.9719337352694263,1.9426681848377954,audited host protein-coding translation target
187,ENSG00000148730.7,EIF4EBP2,364.9123820325916,0.0761284033739803,0.2207850737566869,0.3448077448291482,0.7302389102291921,0.808575449667395,ENSG00000148730,EIF4EBP2,protein_coding,v44,True,EIF,True,True,False,False,True,False,False,False,-0.0808832387181382,0.8498862845922813,False,False,3,1.0,-0.070926070212563,0.6666666666666666,0.0761284033739803,-0.2924271656496213,0.0035205516379518,0.808575449667395,0.0002308474262842,0.9839117303554664,6,-0.2658949294578265,0.6105570066606449,-0.08571428571428573,0.8717434402332361,0.9462584097748057,1.8997139030143504,audited host protein-coding translation target
188,ENSG00000162302.13,RPS6KA4,35.63154426954899,-0.4217464401377406,0.3948460794412505,-1.068128726856189,0.2854624492579197,0.3901940347402375,ENSG00000162302,RPS6KA4,protein_coding,v44,True,RPS,True,True,False,False,True,False,False,False,-0.4129319730582965,0.584809131094971,False,True,3,0.0,-0.1562605141635205,0.6666666666666666,-0.4217464401377406,-0.1534624057341442,0.1064273033813231,0.3901940347402375,0.1291354734246716,0.6596578953002374,6,-0.8766821917769574,0.021873258405562118,-0.942857142857143,0.004804664723032055,0.9264161857994898,1.8735310253839812,audited host protein-coding translation target
189,ENSG00000156976.17,EIF4A2,550.5636394620709,0.301854850156218,0.1655513160712566,1.8233310209765627,0.0682532706898073,0.117388520916702,ENSG00000156976,EIF4A2,protein_coding,v44,True,EIF,True,True,False,False,True,False,False,False,0.4361920146072687,0.0763792804816,False,True,3,0.0,0.0555145837800561,0.6666666666666666,0.301854850156218,-0.1019836999893681,-0.0333273988266813,0.117388520916702,0.3273724236643132,0.8466167110547075,6,0.7849155835871993,0.06441691625395207,0.7714285714285715,0.07239650145772594,0.9264161857994898,1.858013129753937,audited host protein-coding translation target
190,ENSG00000008988.11,RPS20,578.8136988439096,-0.3970254568492106,0.4045135773086258,-0.981488580657202,0.32635186295895,0.4359753847320042,ENSG00000008988,RPS20,protein_coding,v44,True,RPS,True,True,False,False,True,False,False,False,-0.0494687229375538,0.9410168856811972,False,True,3,0.0,-0.1785157141619037,1.0,-0.3970254568492106,-0.094134462287773,-0.0443872233487274,0.4359753847320042,0.29742355412881,0.7938161234777428,6,0.27990005726518935,0.5911141650312942,-0.08571428571428573,0.8717434402332361,0.9462584097748057,1.7545780732625487,audited host protein-coding translation target
191,ENSG00000185088.14,RPS27L,64.19140054935077,-0.4941005747530408,0.303281220260962,-1.62918288949077,0.1032743080477816,0.1678900311957452,ENSG00000185088,RPS27L,protein_coding,v44,True,RPS,True,True,False,False,True,False,False,False,-0.2889373317070657,0.5829405556157363,False,True,3,0.0,-0.1666285631084979,0.6666666666666666,-0.4941005747530408,0.0555195985552989,-0.0613047131277519,0.1678900311957452,0.6174303308976039,0.732678771014331,6,0.29531371636055737,0.5699066082739631,0.2571428571428572,0.6227871720116619,0.9462584097748057,1.4732948073889767,audited host protein-coding translation target
192,ENSG00000109832.14,DDX25,6.343483339555053,0.1739407122294437,0.4862430040126943,0.3577238351894162,0.7205499940015274,0.8004643907513583,ENSG00000109832,DDX25,protein_coding,v44,True,DDX,True,True,False,False,True,False,False,False,,,False,False,2,0.0,-1.9169037276933996,1.0,,-0.9293319126950568,-2.9044755426917424,,0.4426155923953259,0.0795850367671152,6,-0.7648009261267679,0.07647246427060213,-0.5428571428571429,0.26570262390670546,0.9264161857994898,1.428315233230553,audited host protein-coding translation target
193,ENSG00000118197.14,DDX59,32.425965651305255,-0.6185977861653303,0.2939631735889879,-2.104337691734947,0.0353490003980541,0.0664622154035828,ENSG00000118197,DDX59,protein_coding,v44,True,DDX,True,True,False,False,True,False,True,False,,,False,False,2,0.0,0.0785387591872302,0.5,,-0.0520149695519544,0.2090924879264148,,0.7846936573890302,0.400495385296082,6,-0.025634446188238735,0.9615567532332064,0.08571428571428573,0.8717434402332361,0.9719337352694263,1.406645761235727,audited host protein-coding translation target
194,ENSG00000101452.15,DHX35,25.566397952170657,-0.2969883706972296,0.2703295890916267,-1.0986158477700607,0.2719356622022154,0.3753018898185471,ENSG00000101452,DHX35,protein_coding,v44,True,DHX,True,True,False,False,True,False,False,False,-0.283319495769707,0.6051643962105264,False,True,3,0.0,-0.1616347548715349,0.6666666666666666,-0.2969883706972296,0.0680438990939465,-0.2559597930113219,0.3753018898185471,0.6267926660828166,0.2212565925466792,6,0.2357032165478832,0.652992539868849,0.6,0.208,0.9462584097748057,1.3517414076909515,audited host protein-coding translation target
195,ENSG00000180574.4,EIF2S3B,5.6704898438105324,-0.273874968379253,0.6174991007400414,-0.4435228618973335,0.6573875867032928,0.7490529891854562,ENSG00000180574,EIF2S3B,protein_coding,v44,True,EIF,True,True,False,False,True,False,False,False,-0.6365910058640879,0.5793108699638998,False,True,3,0.0,-0.0543703145019189,0.6666666666666666,-0.273874968379253,-0.022632940402054,0.1333969652755501,0.7490529891854562,0.9772637793677522,0.9055357640268968,6,-0.1849278555439215,0.7257703269122542,-0.2,0.7040000000000001,0.9462584097748057,1.2654421801931879,audited host protein-coding translation target
196,ENSG00000213741.11,RPS29,274.48446339051776,-0.1623182409699894,0.4049265879737315,-0.4008584414825321,0.6885243486686503,0.7740575280651166,ENSG00000213741,RPS29,protein_coding,v44,True,RPS,True,True,False,False,True,False,False,False,0.2540364497020565,0.6548928274023138,False,False,3,0.0,-0.0586801804617528,0.6666666666666666,-0.1623182409699894,-0.1394362012247998,0.1257139008095306,0.7740575280651166,0.1680852936113765,0.3766087953618002,6,0.14589428538167384,0.7827112622551443,0.2571428571428572,0.6227871720116619,0.9525454590517624,0.822543548446661,audited host protein-coding translation target
197,ENSG00000137628.18,DDX60,5.306044150599773,0.1335394306047767,0.529991417593114,0.2519652699495182,0.8010679084459122,0.8621411834791682,ENSG00000137628,DDX60,protein_coding,v44,True,DDX,True,True,False,False,True,False,False,False,,,False,False,2,0.0,-0.0806886853297122,0.5,,-0.308021230333377,0.1466438596739525,,0.5013532317225609,0.6298348299904882,6,-0.44674643603561276,0.37446170400477463,0.028571428571428574,0.9571545189504373,0.9264161857994898,0.7999968161178607,audited host protein-coding translation target
