gene_symbol,k_studies,pooled_log2FoldChange,pooled_SE,tau2,Q,I2,z,p,n_up,n_down,direction_concordance,log2fc_GSE278320,padj_GSE278320,log2fc_GSE284044,padj_GSE284044,log2fc_GSE287860,padj_GSE287860,log2fc_GSE288000,padj_GSE288000,meta_FDR,is_translation_factor,direction
LINC02384,3,6.457300410899282,1.0817647390031604,2.565359497049444,13.985249674203429,85.69921848668093,5.969228038297537,2.383787460033773e-09,3,0,1.0,7.435946683711582,0.0017634109030173,,,5.071294926586056,4.451528753351872e-44,7.556971379409271,1.5244236525684502e-37,8.32774257267989e-08,False,up
SLC1A2,3,6.29088552542964,1.7276187707769002,3.5674831262181024,3.3232672062886985,39.818260890507034,3.6413621059469414,0.0002711993730125,3,0,1.0,9.52532674527589,6.495613426633766e-05,,,4.1335297742178225,,4.83554888132185,0.0690255015033879,0.0027684726348024,False,up
FCRL5,3,6.1064436360731,1.93058302116482,8.890842567140787,10.97265299505901,81.77286750159145,3.163004941579134,0.001561496810655,3,0,1.0,,,0.5549608570424,,8.762957085401803,5.0632031231010426e-11,7.651857122442247,3.754692217343403e-12,0.0119205630612929,False,up
IL6,3,5.128857582972793,0.2658794705249524,0.1276747717485868,9.427337314260736,78.78510195053062,19.29016020998679,6.497166864543445e-83,3,0,1.0,3.776413871429522,0.0461069788620788,,,4.89398159601478,0.0,5.446250544584281,3.804528739165332e-302,1.1916345460144722e-79,False,up
IL1B,3,4.941024951652548,0.5828028273002533,0.7265446486656718,45.095355695331946,95.56495348764476,8.478038746896793,2.290217031428678e-17,3,0,1.0,,,0.766349867466184,,4.7631664183840545,0.0,5.9132430285130475,0.0,2.4830239726459988e-15,False,up
EDN1,3,4.7476111833482815,1.130788447813854,3.356648494409182,28.295673411787263,92.93178158054776,4.198496361124672,2.6869317038839805e-05,3,0,1.0,,,0.0952255666299369,0.999899862550801,6.370189904369489,1.66226068832008e-182,6.578840909085482,2.6755916233095236e-37,0.000378353677996,False,up
ADORA2A-AS1,3,4.4870018404554255,1.0034454687245498,2.8014055306081147,32.75609329827668,93.89426577281968,4.471595099391622,7.763832044539783e-06,3,0,1.0,1.9398071630678029,0.0070456833319617,,,4.999892056921828,7.186077411710809e-58,6.306261674069527,3.54026474942893e-53,0.0001290590479367,False,up
ASTL,3,4.422025647692155,1.5686293691799835,4.624915439330292,5.357089733593726,62.66629645088418,2.8190379031369353,0.0048167829925716,3,0,1.0,,,0.510983284909819,,5.820588333604804,0.0150679668354684,5.823993688921877,3.5197108868929377e-12,0.0296124516434385,False,up
GRIA4,4,4.333803387516171,1.0537113474436015,2.481580454381356,6.924999630912524,56.678698052079426,4.112894293138598,3.9072932600856486e-05,4,0,1.0,5.623752915284265,6.02540402104839e-08,1.28424507187693,,6.293226391432735,9.89717993177198e-05,3.2607150032534817,0.0576078669546525,0.0005253244799097,False,up
BIRC3,4,4.2344659934875,1.1089344328319422,4.564032475478,43.498359406227905,93.10318816398744,3.8184998753025727,0.000134265652331,4,0,1.0,3.886918280930445,9.150595453560936e-16,1.02017841456951,0.860515646338543,5.7235814400132154,1.2036951125393022e-20,6.36034467185219,1.0933154909518008e-18,0.0015185265889799,False,up
MAB21L1,3,4.194734780444875,1.0056783474652735,2.0298979790245166,6.24423623201941,67.97046226815809,4.17105010863299,3.0319917472604565e-05,3,0,1.0,2.8084711901680426,9.605394038111032e-09,,,5.430543419862601,0.0005314057069,5.258579158341626,2.0146520716676575e-05,0.0004207509859108,False,up
FFAR2,3,4.189169226710856,0.2196154013929555,0.0732475261726602,4.8672705210786456,58.90920812108927,19.075024793981637,4.0722926842802885e-81,3,0,1.0,,,0.4291032084692,,4.089468622949618,3.532440127073367e-273,4.40463504964652,7.45407100267578e-110,6.8943915144865285e-78,False,up
SFRP2,3,4.165222396852399,1.3891694981638965,0.6829676437190448,2.2448173073982014,10.905890051335655,2.99835434218624,0.0027144187347749,3,0,1.0,7.350231638835883,0.0697005985569677,,,2.289258919575037,,5.436462557799994,0.02717117240834,0.0186401378888178,False,up
SLAMF7,3,4.154244735542604,1.5552448479372054,6.160420919397048,137.4299802358679,98.54471346312688,2.6711194324498644,0.0075598743088536,3,0,1.0,,,0.217316625317636,,3.516649799807793,5.2507055253477445e-120,7.033528807220632,4.4903768249985924e-153,0.0421309612746562,False,up
MORC1,3,4.118561465458148,0.6785340858961039,0.0698929636363068,2.0560027589061898,2.723865941502126,6.069793030395788,1.280751995514838e-09,3,0,1.0,,,1.3486480385298802,,4.542361911202966,1.5428316421701882e-09,3.5363853155084843,,4.7221785363946425e-08,False,up
ENSG00000233251,3,4.038148632656489,0.5395327112491682,0.4557153671806145,4.507680213351655,55.63128027414097,7.484529757810331,7.180376395723768e-14,3,0,1.0,2.1132096816815524,0.1881029153454456,,,3.860111673854023,7.000902938677604e-16,4.776120087043929,3.8000067799293965e-24,5.25026259446792e-12,False,up
TNFSF18,3,4.004954067347318,0.3548630576547681,0.1540044911230234,2.8166190318389424,28.992881983964296,11.28591432936244,1.5403154054488277e-29,3,0,1.0,,,0.460260659659801,,4.167341196276928,2.3357954641501044e-252,3.83148521987495,5.8112865446362774e-09,4.4027015270809406e-27,False,up
CNGB3,3,3.983412661343257,1.3241502615355716,3.384577522771272,5.963218101638969,66.46106236747727,3.008278423570925,0.002627323126971,3,0,1.0,,,0.532771667101081,,6.072326891686156,1.635412199702466e-07,3.95384240718396,0.0005977290672976,0.0181896051278719,False,up
MARCO,3,3.970047496359048,0.2835755807693053,0.1495199537957633,12.955402489049105,84.56242481319624,13.999962498847054,1.5595300599899032e-44,3,0,1.0,,,0.592940538849971,,3.749387055356672,1.3021339513290896e-230,4.292683880619018,6.999062394778564e-281,7.982255137283204e-42,False,up
SLC5A1,4,3.9227833514773898,1.3522226786347695,5.147358093829857,10.898676194638778,72.47372115270527,2.9009891739413125,0.0037198672972371,4,0,1.0,7.835814443200561,5.476371662132432e-07,0.0196994729586638,,3.691053460424031,0.0004589026383628,3.27213814222957,0.0431182724310384,0.0240160045012884,False,up
DLL4,4,3.886225582478831,1.0940656542804286,4.276225107797811,62.52077794529176,95.20159521587348,3.552095404214857,0.0003821762641703,4,0,1.0,1.810819839537191,0.0014531719132511,0.806102428619077,,5.563603234855113,3.1356622734889185e-111,6.412928620020411,5.389601851173757e-47,0.0037119670777251,False,up
LINC01750,3,3.882265489947281,1.008728734461411,0.0,0.7413634683080355,0.0,3.8486714587546,0.0001187601591959,3,0,1.0,3.1911956302824587,0.0294611189897143,,,4.674688998337529,,5.172042804627739,0.0405444296037959,0.0013656177344529,False,up
CCL2,4,3.827261715184235,0.3985970289349688,0.3436008292019954,24.521822109345145,87.7659988453439,9.60183201919614,7.853589230683558e-22,4,0,1.0,0.2582285303796321,0.9017041531385428,0.0516811644878894,,4.016621286514314,0.0,4.616418155488023,7.920182091103876e-195,1.2996213938204093e-19,False,up
TDO2,3,3.8034498435826447,0.3226534544281764,0.0,1.6728590415922269,0.0,11.78803385298732,4.499221094231521e-32,3,0,1.0,2.216978128568836,0.1472785019308462,,,3.8273615357845143,2.374091084026393e-18,4.035143141084249,6.020589320625529e-13,1.4562258391609056e-29,False,up
RIMS1,4,3.730915142361017,0.7288647399514391,1.3809187871240274,14.465884059191344,79.26155091714662,5.11880317136701,3.074806520914945e-07,4,0,1.0,2.886846912290571,0.0108570172266006,0.167543153455153,,3.605131338273494,8.474239695701489e-30,5.338246724286693,3.740351630673445e-30,7.025341398102667e-06,False,up
ENSG00000254343,3,-3.712222751031681,1.181803050399962,2.555446266448306,5.151588033322235,61.1770198419727,-3.1411517763263,0.0016828479720489,0,3,1.0,-3.1149268895323527,0.0664421155588483,,,-2.547312935205879,6.268664456200307e-06,-7.228171125579954,0.0009859705008291,0.0126882251563407,False,down
IGSF21,3,3.693891964003446,1.0485914100641072,0.9733187484350648,2.63198708791642,24.011785271208332,3.5227181231416105,0.0004271453917056,3,0,1.0,,,0.46970748436746,,4.133309817386976,7.328773866356224e-06,5.211222298226098,0.0406099605669381,0.004067954533124,False,up
CHI3L2,3,3.682634583273979,1.2113780375562335,3.624993868032083,46.54154787254295,95.7027643225852,3.040037435962699,0.0023654874394389,3,0,1.0,,,0.58510957439134,,3.161690231104128,1.3348326394315071e-39,5.859393445024865,1.0005227742622745e-65,0.0166758529963522,False,up
BMP6,3,-3.668790934922407,1.0718767954569757,3.3625504495415948,89.68790559869343,97.77004492785352,-3.422772981439796,0.0006198582267458,0,3,1.0,-1.5118262501024862,0.0001702921354988,,,-3.873337680348063,2.916501570493228e-51,-5.571205133145269,8.115865853431006e-125,0.0055344664147872,False,down
MACC1,3,3.6489818714293487,0.1462298993129222,0.0,0.1995648390979046,0.0,24.95373305031669,1.945165066352808e-137,3,0,1.0,4.041027184904532,0.0008409302968456,,,3.614432223602893,1.7966355764520885e-87,3.698142071259877,3.5605891245841436e-45,6.115876849336993e-134,False,up
IGF1,3,-3.620195317914543,1.177348504341817,2.792397152467993,7.076918552893757,71.73911236858592,-3.0748714629219926,0.0021059329214136,0,3,1.0,,,-0.0747325690022585,,-3.386407136871376,2.988661829351418e-15,-5.840187380591319,6.002231623853295e-07,0.0152365146835614,False,down
TNF,3,3.589217532893098,0.5234445778076138,0.5653389288820041,29.953301930300064,93.32293980592222,6.856919882380127,7.0361064178610754e-12,3,0,1.0,,,0.430834490273345,,3.285398211700185,2.3855203593673346e-153,4.336846372985557,1.2888821702736876e-159,3.713613097139194e-10,False,up
ENSG00000232618,3,3.557263589131782,0.5855451947368131,0.6195366889648191,5.235583284294526,61.799862758376655,6.075130700595497,1.238867748795054e-09,3,0,1.0,2.9277610070600444,0.00692140169652,,,3.001610672128555,3.2654158825125154e-11,4.60228581958742,3.3852460701160784e-14,4.5902761419579713e-08,False,up
DNAJC5B,3,3.4991315085899477,0.549295157030649,0.0397939494905049,2.0739831404297115,3.56720066752244,6.370220934598021,1.887560953836547e-10,3,0,1.0,,,1.10122424331022,,3.2727372494820703,9.728745019485307e-06,4.2834346369889085,8.175122050199768e-06,7.973767568711815e-09,False,up
MYCN,4,3.4911707598914488,1.1039536553014206,4.095635874437322,28.739196440701715,89.56129477666512,3.162425110081481,0.0015646097367369,4,0,1.0,2.109824945073705,0.0001423933212937,0.393070909661252,,5.741852466904579,4.3890859587804116e-23,4.694929289331283,2.5091143319230435e-10,0.0119401857475188,False,up
SPTLC3,3,-3.4860394456321853,1.0313818379025514,2.874941979622628,33.24370616452656,93.98382361430524,-3.379969781823479,0.0007249379971913,0,3,1.0,,,-0.970882599378764,0.999899862550801,-3.4850752528730826,1.5139483159338773e-23,-5.508039740090148,5.008813467105414e-64,0.0063099631391889,False,down
ENSG00000255045,3,-3.471537123772563,0.7295759885671792,0.3920538283734865,2.5912185513254524,22.816236439146905,-4.758294102565444,1.9523589989090835e-06,0,3,1.0,-3.7304891556730864,0.0064512672217968,,,-2.6425024472460867,0.0022810942895098,-5.333698269643141,0.0015041839781643,3.772560948813873e-05,False,down
DEPTOR,4,-3.4211619094089416,0.7718456084245386,1.7860725488229046,22.43828574312587,86.62999466918247,-4.432443317766729,9.31712009175283e-06,0,4,1.0,-4.554462043814871,4.872981142642431e-05,-1.04254243319693,0.999899862550801,-2.6670363767517276,5.456377113955839e-24,-4.720095623563007,1.1751198953396117e-29,0.0001508907256066,False,down
CFD,3,-3.374001275339928,1.1352890000692342,3.6951387661415698,63.95459847157413,96.87278155473224,-2.971931618410967,0.0029593258759682,0,3,1.0,-3.070440643922829,3.6319669131096567e-06,,,-1.9609600558527116,2.3133109463744602e-12,-5.07131367657042,5.552376203790066e-70,0.0199729540644545,False,down
CDA,3,-3.3253557952135027,0.6809864548536098,0.6861053615804816,4.349656924509192,54.019362108066105,-4.883145283599433,1.0440688512680811e-06,0,3,1.0,-0.3163522635445969,0.9320273331977073,,,-2.936012633720429,2.6505633204316144e-08,-4.248295200901905,4.242815261870261e-11,2.123744117149649e-05,False,down
ZC3H12D,3,3.3234135828580724,0.8368298345579469,1.749959740809435,78.12191214938521,97.4398988133117,3.9714329552000938,7.144160741421376e-05,3,0,1.0,7.662490084074812,1.1370781014880512e-08,,,1.342193302232057,2.825637408786199e-20,2.9975047680393248,4.110263908447179e-72,0.0008818610979133,False,up
TNFRSF25,4,3.3161513633610324,0.8608319214428417,2.7331244189702963,48.37302645737914,93.79819659900076,3.8522634683467896,0.0001170310033549,4,0,1.0,3.0273991078311724,9.899596765318546e-10,0.321696934493003,,4.5023243418394205,1.1059624999891876e-24,5.059144888290042,5.721606262333252e-79,0.0013471419209405,False,up
C3ORF70,3,3.273209494811253,0.7882558050572653,1.726963877745599,27.591023762700154,92.75126571162696,4.152471156965929,3.289042191877842e-05,3,0,1.0,2.454534547703564,3.4274540843713365e-13,,,2.503545804404776,3.955081409491366e-09,4.873687498045316,9.928086569531028e-36,0.0004510188760189,False,up
HSPA1A,3,3.2395682477765613,0.9785702104440746,2.7406978590286113,122.8842181624335,98.37245170298736,3.3105118193884597,0.0009312551923481,3,0,1.0,7.741298112789128,7.194275094041176e-35,,,0.953445682546815,1.241365048093858e-18,1.5300370863849324,1.2570115363145536e-13,0.0077931541933045,False,up
IL18R1,3,3.234238414107484,1.2267847157535754,4.255988490432574,45.93603284621075,95.64611944898289,2.6363536915446426,0.0083802330699811,3,0,1.0,,,0.865892832190777,,3.52619806449913,1.0653166315505146e-21,5.510922687757469,9.883106993562165e-13,0.0457668857660585,False,up
ENSG00000249738,3,3.225856120271485,0.8317359731812762,1.0650641286933675,4.108480431325077,51.32020138757348,3.8784617045395153,0.0001051190701426,3,0,1.0,3.7603388143001943,0.0012118479064333,,,1.7009218918335796,0.1291921384594015,4.3586544455252785,7.918374704993853e-05,0.0012260549097873,False,up
FCGBP,3,3.1845667290592052,0.911896474601956,2.260083064103956,37.39834766798812,94.65217014998782,3.4922459048317656,0.0004789770698891,3,0,1.0,3.632634402452932,2.212811309205921e-05,,,4.1772336571124615,0.0,1.7582389461974328,2.0126551734126505e-05,0.0044630848142211,False,up
DUSP2,3,3.1550022593910905,0.8765734602956469,2.1346812454922555,32.31531467479935,93.81098398661216,3.5992445611198236,0.0003191429475231,3,0,1.0,1.292128642851918,0.009372250059111,,,2.9734423588535592,7.157149312336281e-65,5.30121051318833,5.407724832187551e-21,0.0031977783867501,False,up
CACNG5,3,3.1451774890834643,1.0572192019426068,1.4900077583695357,3.456532500772152,42.138544927518495,2.9749530497595016,0.0029303339340202,3,0,1.0,2.8152955296501694,0.0008139474522907,0.687425392884497,,,,5.375681746554797,0.0020681812421874,0.0198259205514453,False,up
ENPP2,4,3.1433038863007554,0.4914324948952399,0.5753177428535605,31.258205232025965,90.40251998561224,6.396206842143849,1.5928420089262684e-10,4,0,1.0,4.834826911401891,0.0001732591528216,0.7381069441801,,2.5578475276422163,8.66875070405318e-90,3.625777983172571,1.5775053525867302e-108,6.8336958624674945e-09,False,up
SIK1,3,3.13282579907027,0.1710456011740629,0.0,0.1307230488845773,0.0,18.315734386423536,6.198504417316422e-75,3,0,1.0,3.193866913606201,0.0379793671599264,,,3.156140942252327,3.2152864631056467e-63,2.97443660232897,2.0497996513690683e-09,8.526430232544822e-72,False,up
HMGA2-AS1,3,3.1192737232949033,0.4897401965763635,0.0,1.6218291960251634,0.0,6.369241783910881,1.8996494302315622e-10,3,0,1.0,4.218071206656235,9.369624841782944e-05,,,2.767385007360247,0.0002412025944604,2.761275048560139,0.010085851869086,8.009460595779015e-09,False,up
LILRA4,3,3.117783463053416,0.4185253502362361,0.0625480733593973,2.1475790786712325,6.871881000188542,7.449449504775724,9.373050586515549e-14,3,0,1.0,,,0.84682165018652,,3.4085515220849234,5.996400242026528e-16,2.376452662367629,0.0200886224809152,6.676099364356655e-12,False,up
LINC01686,3,3.0768420100216716,1.0823123845056466,2.67773455218768,9.81742727995763,79.62806402362645,2.842840989412719,0.0044713372192798,3,0,1.0,0.6264363366607182,0.7501458774769549,,,2.8369040759580058,0.0001000606295939,4.938350272146652,5.447282537895103e-13,0.0278465367456507,False,up
DGKI,4,3.0493725597070527,0.716051821160538,1.6292246566238011,18.297848661648608,83.60462994599003,4.25859200352957,2.0571854915897752e-05,4,0,1.0,5.680079375653498,5.4427417143914496e-08,0.62291380376686,,2.938412479886344,6.585667997344751e-19,3.353393764504647,8.1427243897783e-10,0.0003006414042788,False,up
CCDC33,3,-3.0385702766470386,1.114497721463457,1.4575657624418212,3.256477369027321,38.58394291260249,-2.7264033098758285,0.0064028709025105,0,3,1.0,-1.4467418425177856,0.3111461968995916,,,-4.967664451217066,0.0059407886971602,-3.4831065641019388,0.1055819193157067,0.0370350663946233,False,down
CLCA2,3,3.03774602087745,0.91772642780847,1.7380656272476869,10.937459359338042,81.71421776948166,3.3100779587786144,0.0009326998984427,3,0,1.0,,,1.36873734877321,,2.296714633353597,5.16164089203636e-10,4.379647198543418,5.927357759860338e-15,0.0078022774856812,False,up
INPP4B,4,3.0234627951308295,0.931573651170696,2.839775416664119,58.90965619791036,94.90745627521348,3.2455434858331222,0.0011722665900131,4,0,1.0,5.69891393541969,0.0054645338575806,0.121689470311851,0.999899862550801,2.6967571050616708,9.708174666398012e-26,4.663111423757712,9.721051432391779e-78,0.009481140501812,False,up
C16ORF74,3,-3.0147898547667915,0.364914105293131,0.1274255950456135,2.8103918138759076,28.835545630140036,-8.2616424277298,1.4368157219458115e-16,0,3,1.0,-3.1921247446492527,0.0230726570420756,,,-2.634170502442812,5.397090010900755e-16,-3.647744922906037,2.738731473294188e-11,1.4117355903707754e-14,False,down
ENSG00000258745,3,-3.007651036247197,0.3623590561439589,0.0,1.101160198477274,0.0,-8.300195580188038,1.0394014156266324e-16,0,3,1.0,-3.0323260556903855,7.98833036998493e-13,,,-2.366904359915309,0.0370725517661606,-4.361886827876424,0.0190764776804907,1.044574692078838e-14,False,down
AFTPH-DT,3,3.005423617169209,0.6925879699300377,1.266314879429828,25.717567468749852,92.22321472499196,4.339410656342767,1.4286533421341505e-05,3,0,1.0,5.118980057079072,6.270125270277453e-13,,,2.735864953623574,1.341179041681527e-34,1.62626629360798,6.762361736173743e-08,0.0002189640070127,False,up
ENSG00000231359,3,-2.9747985923077964,0.7378714443006693,0.0,1.3247582775289006,0.0,-4.0315946839861985,5.539966900499912e-05,0,3,1.0,-0.4878311091589459,0.8870458330009403,,,-3.3611281245640376,0.0007363289306639,-2.9700296045292327,0.0863533173492502,0.000708478393452,False,down
MIR503HG,3,2.954437206818894,0.5592411000954964,0.8201576439993564,33.33539047773512,94.00037026314178,5.282940052714996,1.27126999707847e-07,3,0,1.0,2.653205166242658,5.492801356371449e-05,,,2.369852900560216,3.485139697705068e-44,3.756829289219416,3.074800074008537e-100,3.10192698067628e-06,False,up
TNFRSF10D,3,2.9482730404233894,0.0621638996759089,0.0,0.2760675496500948,0.0,47.42741455722999,0.0,3,0,1.0,2.728266456003234,1.454324079025454e-09,,,2.9535637312123733,0.0,2.951252050901384,3.377148299553054e-92,0.0,False,up
KCNQ3,3,2.90486013590288,0.9297748696498054,1.8485795890327108,14.79385078639288,86.48086945800775,3.1242618301750613,0.0017825176274284,3,0,1.0,,,0.42960275988174,,2.31237920187587,1.5167215085033025e-15,4.342638614062198,1.008964995211559e-18,0.0132807821469443,False,up
THBS1,4,2.898696453583468,0.1670374037465362,0.0,2.864433855269629,0.0,17.3535770346501,1.853359167742016e-67,4,0,1.0,3.445332095486746,3.875586772785568e-05,0.980681050738934,,3.155451784318104,1.1394676498153049e-23,2.769240524826987,6.845946961043115e-39,2.1468727327807392e-64,False,up
MEGF6,3,-2.897307856335051,0.8990547851513049,2.237328254212303,97.79661650614618,97.95493947392924,-3.2226154670290237,0.0012702595626573,0,3,1.0,-1.8673106731349056,0.0323974473581165,,,-2.220565722687378,2.7164681385436496e-69,-4.405716502511409,6.783350158152923e-123,0.0101110823560668,False,down
KCND3,4,2.8750282110713665,0.8723048426016244,2.3698825525798144,28.077908506922977,89.31544349444577,3.295898487158086,0.0009810745814913,4,0,1.0,1.5184054346322302,0.0002351468960767,0.160382522812587,,3.860369633107709,7.835244083392447e-15,4.3180663550713705,8.413535048699178e-19,0.0081481020619029,False,up
RUFY4,3,-2.860579177576935,0.6064898138644497,0.7158563119693387,6.866475608754255,70.87297597838771,-4.71661536959675,2.398004132967147e-06,0,3,1.0,,,-0.692881111206589,,-2.812763151816096,4.182685058245969e-19,-3.8641697378565008,1.6526039344496096e-13,4.565542643812625e-05,False,down
LINC00877,3,2.8591957842839353,0.6438387660775592,1.0641755094333962,19.96601248983188,89.98297731698534,4.440856833928987,8.960139347074011e-06,3,0,1.0,5.132848777086731,1.3367052310247398e-12,,,1.927007677071364,1.6677757354542015e-17,2.110506071561301,1.0846702541723363e-10,0.0001460768199183,False,up
ENSG00000254528,3,-2.855210749586859,0.4137614230592123,0.1498453361116377,2.7380578675664236,26.95552480132229,-6.9006209628640445,5.177571194447527e-12,0,3,1.0,-2.7138709636538803,4.671468405461055e-11,,,-2.7305652905824696,1.5320701126550749e-06,-6.161790417231252,0.0073621494884281,2.772583075878239e-10,False,down
ENSG00000237773,3,2.8409537646504153,0.3970259591269537,0.0,0.977007092798289,0.0,7.155586931639367,8.331567029548359e-13,3,0,1.0,2.848244140292151,0.0001419893942487,,,2.691793193378874,5.618086665875448e-07,4.426344572102372,0.0199555055498023,5.0515002411385625e-11,False,up
SGK1,4,2.839070055724884,0.6098034302284511,1.4128547294228897,135.73321286574622,97.78978192834256,4.655713488953778,3.228606574046956e-06,4,0,1.0,3.556080425254573,2.1610832376341604e-16,0.423645775739391,0.999899862550801,4.131947350751978,0.0,3.155626664184547,3.347005038234162e-104,5.9512899571356325e-05,False,up
ZC3H12A,4,2.8360046217153365,0.4770949108199929,0.8013358170287327,66.78117010452193,95.50771572989126,5.944319583793163,2.7760753164144173e-09,4,0,1.0,2.731656137257243,7.051241707978258e-08,0.238964200698687,,3.6465566579169946,1.1171756209793782e-298,4.1650319410966326,2.348741042333315e-183,9.576589598583845e-08,False,up
PLVAP,3,2.8302988298106633,0.6552051794929477,0.99319197329648,21.18452234441604,90.5591451745563,4.319713760506265,1.562317121653716e-05,3,0,1.0,6.139471219421536,1.3228635455871572e-06,,,1.655588370336812,2.9311667741788383e-34,2.585023412155094,3.0262223686060045e-16,0.0002359988849037,False,up
TRIM50,3,-2.8204614019927594,0.6448729473590832,0.0,1.5733649988141398,0.0,-4.373669904348225,1.221750751186462e-05,0,3,1.0,,,-0.250352172982002,,-2.6936305654609165,0.010652094821529,-3.382483069402927,0.0013075221791926,0.0001913844290595,False,down
TRPC6,3,2.8015709111670857,0.8893156080473,1.4934619143031824,5.8995845561571425,66.0993078247741,3.150254966646305,0.0016312803123202,3,0,1.0,,,0.282673223678625,,4.074706810870493,1.2580388906485154e-10,2.695772619247572,0.0017365720085821,0.012371760301122,False,up
RUBCNL,3,2.767085623713234,0.7358611168728478,0.2417612323531224,2.280496418233665,12.299796482509738,3.760336781310555,0.0001696847590845,3,0,1.0,,,0.286083051207784,,3.209243210052039,0.0001922748152345,3.2422718585695134,0.0540218736286407,0.0018580059018368,False,up
ENSG00000263050,3,2.7534295885935114,0.9714300979046132,1.785850007774387,5.455104476351632,63.33709081704705,2.8344083578763857,0.0045910623700169,3,0,1.0,4.070605435987353,9.392337994015972e-06,,,0.9844881621907206,0.4582636545497723,3.0838132740473276,0.0254659688447932,0.0284552778658698,False,up
BATF,3,2.751873959917038,0.8855609174987561,1.76396874271065,76.76504279121858,97.39464744983016,3.1074925570220904,0.0018868173657036,3,0,1.0,,,1.34553981639935,,1.9999353049131232,4.45317561126053e-59,3.9066565466285943,6.984455281662016e-101,0.0139445813975059,False,up
LINC00926,3,2.74409733824942,0.9504962535216552,2.5081639757826606,36.38963611509436,94.50392965273318,2.8870154175593505,0.0038891517263933,3,0,1.0,5.670566716877469,7.561721514046095e-16,,,1.3525331940335332,7.777888760474057e-06,1.5613997576359508,8.648356147659181e-06,0.0249116240821277,False,up
ENSG00000235027,3,-2.7440906886053305,0.6416865620532638,1.0399014809111082,13.858827993270296,85.56876525943478,-4.276372376919987,1.899633749535687e-05,0,3,1.0,-3.883733766361378,3.55818507878616e-10,,,-1.719689586795255,2.408853016955973e-10,-2.867412105615364,2.681877661343175e-09,0.0002802214423158,False,down
SBSN,3,2.7261917412578955,0.6698133265366394,0.1571596461085853,2.2067296888568264,9.368147349479882,4.07007689045848,4.6997623792931206e-05,3,0,1.0,2.7804177348629344,0.1221901132297303,,,0.8005142052537536,,3.2792097825148088,4.067178025712163e-05,0.0006164306925259,False,up
LINGO3,3,-2.7258059958571,0.4022397671741569,0.3128882641958811,8.939301424752141,77.62688710258527,-6.776570141253372,1.2306232997273116e-11,0,3,1.0,-1.4473450695473111,0.2965267215322391,,,-2.461087213019144,1.2947642426671357e-43,-3.316733793534369,3.383163597996452e-37,6.313470443752541e-10,False,down
GABRA4,3,2.7154516128077435,0.5280448796461664,0.0,0.894655021933583,0.0,5.1424636758665665,2.71158880676624e-07,3,0,1.0,,,0.765544590647568,,2.847539355164885,0.0001771220566452,2.837097213403102,0.0029851899810076,6.2556979086077755e-06,False,up
B3GNT7,4,-2.698949851496496,0.7934196131737457,1.3796462361796735,7.334521830172166,59.09753806091569,-3.401667675822215,0.0006697602787526,0,4,1.0,-0.9907032566257552,0.7036810254639142,-0.626819003348383,,-4.441181350242844,4.879390124179657e-07,-2.980128864999154,8.523488201172748e-07,0.0059057507912928,False,down
LINC00884,3,2.6583767488007912,0.3100832463560253,0.0,0.4831044585944009,0.0,8.573106673904427,1.0073011991669882e-17,3,0,1.0,3.18631408908372,0.0024429716228415,,,2.3474153605916936,0.0041782302039232,2.6566496701777917,3.603941543514671e-12,1.131106739411543e-15,False,up
CDH5,3,-2.654392917869606,0.5560920462144097,0.2723466075347086,2.4182740949528716,17.29638901668932,-4.773297758778167,1.8123353479114208e-06,0,3,1.0,,,-0.344991567736708,,-2.5212545770832713,1.1279558074455636e-11,-4.066914756041563,0.0034417576009492,3.548726750194169e-05,False,down
MYEOV,3,2.6496819028619827,0.7941405842665007,0.0,1.2188027489679785,0.0,3.33654009800964,0.0008482819096651,3,0,1.0,,,1.29242625355683,,3.357728767801728,0.0127301986974952,2.9317340831344763,0.0977522115969709,0.0072084311003164,False,up
ASB2,3,2.638145148584399,0.3230790991303464,0.0,0.878455656343854,0.0,8.165632365837563,3.197557029981966e-16,3,0,1.0,,,0.847955150591527,0.999899862550801,2.6548022683943016,6.874300793177438e-13,2.8626521784290446,0.0020243622358698,3.007480028755261e-14,False,up
TMEM163,3,2.631302078257599,0.3697431763531281,0.1716698658351177,3.438370875195527,41.83291818727183,7.116566975517457,1.1064842084472772e-12,3,0,1.0,2.0072746108185457,0.0002012575761558,,,3.2490593901050877,7.664981034371528e-12,2.5738773179507795,3.2352848491488446e-06,6.564046076473349e-11,False,up
NCF1,3,2.6226515541252873,0.451381476495555,0.4244364709986393,37.561811641372685,94.67544318922816,5.8102773168431385,6.236944201157102e-09,3,0,1.0,,,0.0707881311814287,,2.34864946164319,9.393905704525986e-133,3.265481497242914,8.362350959587484e-154,2.0216333567491408e-07,False,up
OPRK1,3,2.612311312922792,0.512592524836772,0.0,0.6919798476203876,0.0,5.096272743646908,3.4640595463990753e-07,3,0,1.0,,,0.835687391111508,,2.664929211991502,0.0001311944564744,2.806093027010559,0.0056327737072607,7.787588003748441e-06,False,up
ENSG00000272744,3,2.610026433473989,0.6300441991704423,0.0,1.991396503760136,0.0,4.142608466057654,3.433778797495306e-05,3,0,1.0,3.678187450168608,0.00108369763769,,,1.6591496643150638,0.1712841740962261,2.4819886902645294,0.1082029838129969,0.0004694039599631,False,up
NEURL1,4,2.5807004822963635,0.8913654551260464,2.6980425784077022,58.22257618253777,94.84735956960324,2.895221558627074,0.0037889100231701,4,0,1.0,1.810214035662025,8.983597499938633e-05,0.188896559941414,,2.316204899164792,1.8976334947129796e-17,4.857837365513622,2.1746250572825183e-61,0.0244116278395645,False,up
TNFAIP3,4,2.5668298913275436,0.5808337040600415,1.247872238823284,101.95860687087092,97.0576294713408,4.419216504457887,9.905937173077084e-06,4,0,1.0,1.5598558807395084,4.683397332683288e-05,1.6229147683592302,0.145746318021565,2.6536592528691334,3.1747236294915714e-134,4.191998645868133,1.6006129886361126e-184,0.0001592547635078,False,up
ACKR3,4,-2.545668840125027,0.3625268241469417,0.2271712301121482,7.1651075732853915,58.1304262453045,-7.022015118785251,2.1869086419144933e-12,0,4,1.0,-0.1349170016027689,0.9717952959165485,-0.115776009259172,,-2.442843419945666,1.2306130452421724e-33,-3.0675910785356644,1.917667178661869e-27,1.221616048220713e-10,False,down
CEBPA-DT,3,-2.5328698922415778,0.9083910888169552,2.038722595488544,26.79918970695057,92.5370877930638,-2.788303323781242,0.0052984908630443,0,3,1.0,-3.045821519822726,0.0360561425250157,,,-1.3281980373107432,6.779501869868427e-09,-3.483303747858679,1.0772747669753703e-20,0.032010564206627,False,down
SULF1,4,2.514091893542469,0.5628137773924742,0.0,2.4452244215130134,0.0,4.467004886039392,7.932231885259554e-06,4,0,1.0,2.256233881208654,0.0063714249508442,0.871294636051979,,3.2511406341859233,0.0208228587887358,4.219270523478434,0.0305492857340139,0.0001314612135261,False,up
ONECUT1,4,2.5106689429589695,0.9345998149156725,2.6921968155409703,20.24761020229588,85.18343661288071,2.686357201114472,0.0072235818101721,4,0,1.0,1.7277980765202432,0.0850939391473472,0.167643095956032,,2.190274033259993,0.0001623731383386,4.632298083535864,1.1354515690060508e-25,0.0406712233461446,False,up
CDH26,3,-2.5003438233956765,0.5460067102057992,0.235381217211787,2.6531099211159495,24.616768265720356,-4.579328013117741,4.664721722732184e-06,0,3,1.0,,,-0.286576375954444,,-2.835852733045156,4.68803387986896e-06,-2.772691720812744,0.0010917703992434,8.174033470988267e-05,False,down
RCN3,4,-2.4978967500276403,0.7982091393734332,2.0176007727688328,78.8670991431061,96.1961324397688,-3.1293762834993393,0.0017517782248891,0,4,1.0,-5.30062814895114,6.521516698069465e-08,-0.74362793174271,,-0.9833758303825616,1.4817357536855422e-10,-2.881203726607958,3.832658583506117e-51,0.0130979259176774,False,down
BACH1-IT1,3,2.4864100376952485,0.5459444578212104,0.4187499564600004,3.703113878148625,45.991398973668566,4.554327829644376,5.255334590141446e-06,3,0,1.0,2.233550345009668,0.0965050717856229,,,1.927990205468793,8.485237630032331e-06,3.5088953686160727,4.471866441155882e-06,9.114630338410012e-05,False,up
MAP3K7CL,4,2.478944509903651,0.5372657812912227,0.7123446798025747,18.30275508284662,83.60902505431214,4.614000362997154,3.949917325734861e-06,4,0,1.0,6.117258435263766,0.0003529052791654,0.169283999918688,,2.0491637908798617,1.3765052179270618e-25,2.979649788313348,8.287501280662872e-30,7.090842611916685e-05,False,up
QPCT,3,2.4752266490740524,0.4609376468940289,0.3730600635141004,5.178927716199351,61.38196727974926,5.369981527334684,7.874470776401618e-08,3,0,1.0,0.6982228627887094,0.5818361388457133,,,2.5832645325831263,9.792584710093956e-22,3.1394477624338433,2.38716342144927e-10,2.0152235734630603e-06,False,up
SOCS1,4,2.4575572371434427,0.7826160081839008,2.043873331531593,23.518436516862156,87.24405001221459,3.140182684029587,0.0016884250976903,4,0,1.0,1.1896802063082548,0.07496711182806,0.508598001334054,,3.061841930891692,2.50502383254709e-41,4.929490519964494,1.160412860654137e-09,0.0127175044404749,False,up
A2ML1,3,2.4572403454321914,0.3567160606577587,0.0,1.375070857545692,0.0,6.888504938356903,5.638177720634958e-12,3,0,1.0,,,0.0383945433300381,,2.590161388123767,5.8838446805130674e-08,2.415501908148475,0.000215761543888,3.0119090644042416e-10,False,up
SPOCK3,4,-2.442244714349089,0.4109973869805254,0.2337569016113913,4.479636546053886,33.03028115879844,-5.942239030499753,2.8115503822263995e-09,0,4,1.0,-2.8652427063589214,0.0008823430834965,-0.490224628290875,0.999899862550801,-2.322585950605876,5.550561183618647e-12,-3.3459382662524595,8.493503081857031e-05,9.668658181628255e-08,False,down
AVPI1,4,-2.439408970349002,0.5318844181328451,0.9000140409705094,23.08650736700509,87.00539690863955,-4.5863516342750374,4.510586727042335e-06,0,4,1.0,-1.928953232564894,0.005270577054383,-0.399315634254021,,-2.761982526058609,2.4826486861824035e-78,-3.8957182012570306,3.031490926295296e-30,7.948238853120476e-05,False,down
PCP4L1,3,-2.435628980683132,0.4512469565283643,0.0,0.2090641858971521,0.0,-5.3975521506482105,6.755624081375368e-08,0,3,1.0,-1.859025862508046,0.2493703967440825,,,-2.5034457951004394,5.1290175259654376e-05,-2.5226171159460407,0.0092207522696472,1.7533553114031896e-06,False,down
ENSG00000260430,3,2.4196045602479623,0.84997456114485,1.621381324568085,9.51776074998786,78.98665397738066,2.846678795879422,0.0044177912873434,3,0,1.0,1.104200736484273,0.4677724238418255,,,1.8117806509401737,0.0007429199999467,3.8754085738906783,1.5335939843488223e-11,0.027583310196636,False,up
PHF24,4,2.4165512858659417,0.6711336062500183,0.6729042574617846,4.8343953732061475,37.94467004856463,3.600700759672137,0.0003173606688232,4,0,1.0,1.4815570061293215,0.097063782238311,0.822787359167176,,2.9346867660983724,0.0014513509221862,4.297799923496222,0.0025631576620428,0.0031850391975065,False,up
SLIT3,4,-2.4134712466567008,0.665208467971293,0.0,1.2929541406730305,0.0,-3.628142699411418,0.0002854674728872,0,4,1.0,-2.765683078140353,0.0067776001281847,-0.15451506932633,,-2.3410807725934317,0.1244787288061551,-2.85553475482287,,0.0028993325384287,False,down
ACE,3,-2.412066805279513,0.4725355673007534,0.5593230790398901,19.504377250562385,89.7458915283115,-5.1045190504026365,3.316368664639361e-07,0,3,1.0,-1.37243237357458,0.03487979032059,,,-2.2340693201289588,2.216465662121923e-55,-3.3200875781766745,1.9632432794398993e-43,7.493835517458695e-06,False,down
DSEL,4,2.400646764963593,0.3344824952833231,0.2430537659216245,6.896706458793758,56.50097596694432,7.177197009757199,7.115511964842531e-13,4,0,1.0,2.776674625242793,5.537037136420555e-10,0.692306064149108,0.999899862550801,2.6090425728540025,4.642396299317488e-20,2.7063193762938833,7.082738349769172e-08,4.350147300950535e-11,False,up
AKR1C3,3,-2.395680644393375,0.3969231213909862,0.2610366585100536,5.1885888936537885,61.45387424225846,-6.035628854267544,1.5834481675011795e-09,0,3,1.0,-0.117362420629601,0.9482793186629708,,,-2.444878680982598,1.2463314789233357e-22,-2.8612744830119308,2.2136240894515684e-15,5.74136914638113e-08,False,down
ICAM1,4,2.391488627787378,0.2240672395106892,0.0989188702487212,10.159152018583956,70.46997628825562,10.673084708901817,1.3603386013359966e-26,4,0,1.0,0.8884921115710385,0.2994927606924628,0.138926261772004,,2.54869940865321,3.8007270156620903e-131,2.679055936253141,3.9432964182406433e-84,3.2543143779134726e-24,False,up
FAXDC2,4,-2.387841781912722,0.8030350258907641,2.293189942233212,83.58600093882427,96.41088224546635,-2.9735213345943605,0.0029440393941154,0,4,1.0,-0.4373556846523473,0.3316296325187641,-0.650274155234967,,-3.75802619875629,5.4011378369655635e-152,-4.045752834202802,2.148278428790849e-53,0.0199064095315163,False,down
CHST8,3,-2.386976632942639,0.576671996676773,0.0,0.4331127561869837,0.0,-4.139227579452846,3.484771307092911e-05,0,3,1.0,-2.280038898987005,0.0289245263811802,,,-2.8656488176820996,0.0086494822001351,-1.9094929019482592,0.1538390368064094,0.0004757836953958,False,down
ENSG00000225177,3,-2.3830698435601385,0.6631667946083375,1.179912004058958,22.15184189324758,90.97140540439824,-3.593469792117028,0.000326303493941,0,3,1.0,-2.534883478260862,4.35735583365579e-06,,,-1.406980399767166,5.072080666499264e-12,-3.2998313603746854,8.01899815678639e-18,0.0032510699855815,False,down
KLHL30,3,-2.3802486109460133,0.3770643709299135,0.2605437342275223,8.91572818689777,77.5677324602703,-6.312578950580403,2.7442338143866745e-10,0,3,1.0,,,-0.252143207141488,,-2.126236993130656,1.0386381396054825e-30,-2.867093794198783,1.8843695339080366e-40,1.1310457307272721e-08,False,down
HPGD,4,-2.364624604168742,0.3273297144805142,0.0,2.7323085775626064,0.0,-7.223983951232472,5.048621847824984e-13,0,4,1.0,-2.8247547972125275,2.278503656252315e-06,-0.30291951815031,,-2.3350634610761056,8.144102934937421e-07,-1.510181543419478,0.2951161472712027,3.17471766425086e-11,False,down
MFSD2A,4,2.3557369917659865,0.4816169895818233,0.6811480679757687,26.5206903673366,88.68807727684623,4.8913079121469885,1.001681200223954e-06,4,0,1.0,1.5403812547742004,0.0040275540707945,1.06231122043294,,2.271540817593178,1.2524828759776312e-59,3.511238113742835,6.819805431489232e-49,2.0469825009961938e-05,False,up
CRACR2B,3,-2.354662265023584,0.7348403735572671,1.467956620465917,33.512406308547185,94.03206089832496,-3.2043180393382156,0.0013538283607281,0,3,1.0,-3.0442560497656523,5.325252012067634e-06,,,-1.1800416961577642,7.186860605690487e-11,-2.9936592348039883,1.2953284825061205e-23,0.0106682450380474,False,down
ENSG00000271730,3,-2.346061045439864,0.5698243794568432,0.0,0.0708815259443334,0.0,-4.117165095105496,3.8356131608085666e-05,0,3,1.0,-2.652380794405253,0.0739029532394331,,,-2.2629017277336136,0.003479575778376,-2.3131459534177385,0.1990158359098182,0.0005169504596217,False,down
PIK3IP1,4,-2.3362085411262785,0.2304144688992516,0.1071865504444176,8.907391167256755,66.32010491435595,-10.13915728594189,3.702800029725403e-24,0,4,1.0,-0.8087396014069648,0.3994501004805976,-1.45192671291114,,-2.6822285084071766,4.144297827302413e-84,-2.4567012312670125,1.8728882299562887e-60,7.545826467983926e-22,False,down
BASP1-AS1,3,2.330644178171232,0.8858897508988721,1.3605920130566838,4.797865361942296,58.314795244893034,2.6308512721887043,0.0085171299958483,3,0,1.0,1.0240271888498271,0.1914133657303238,,,3.4404186045903087,0.0327643066068656,3.2768627775500474,0.0036013769233882,0.0463420306745678,False,up
RAB39A,4,2.325739295434607,0.6816077705084483,1.489857954973853,31.04333788857844,90.3360907555506,3.412137296644538,0.0006445563999573,4,0,1.0,4.2501342005929255,4.309741919969075e-21,0.538651897023427,,1.5502813636620745,9.910162788611331e-10,2.1156437318124173,6.371031968589007e-09,0.0057116333268856,False,up
ELOVL3,3,-2.320197925405284,0.7752744701565143,0.9549396601630664,4.284015353399112,53.31482651169496,-2.9927438793861953,0.0027648166776285,0,3,1.0,-3.7179693304279047,0.0209303858616854,,,-2.7975498519680633,5.74130031934739e-06,-0.818076464675772,0.484238581224247,0.0189095246295605,False,down
SERINC2,4,-2.3144558784454667,0.6324838889972788,1.41326525433773,50.48906993157289,94.05811989789898,-3.6593119899302673,0.0002528933020825,0,4,1.0,-3.4498938818264753,4.1082628788153076e-07,-0.322155635876961,0.999899862550801,-1.8521996094365492,8.272918837255854e-44,-3.552813354653436,1.021938004673541e-43,0.0026156829758539,False,down
LAMB3,3,2.31339474223972,0.7187612524734732,1.188891247692078,46.77452717337957,95.7241684291397,3.2185857741755477,0.0012882443498921,3,0,1.0,,,0.0387448672090788,,1.9480719589111128,8.109572401777898e-36,3.4877722200555996,8.318793849445168e-86,0.0102246555704208,False,up
C11ORF45,3,-2.312666094662577,0.8804752318252405,2.161894935722275,34.4798097266973,94.19950395360964,-2.6266111879926246,0.0086239812308791,0,3,1.0,-0.5331005468218629,0.445701329009216,,,-2.07650800521306,4.14553470668088e-26,-4.239577345103787,2.707303618778267e-24,0.0468076949224213,False,down
ENSG00000228477,3,2.309817341732737,0.4178552543516332,0.0,0.1350297243076172,0.0,5.5277929801715056,3.2428438710034684e-08,3,0,1.0,2.3166687435569404,0.0004323500454538,,,2.489115854232685,0.0034350329990507,2.058721535089832,0.0424106774750908,8.943828415653551e-07,False,up
FXYD6,4,-2.3018852655691098,0.3665442536017819,0.1953463384414345,5.166731468739044,41.9362121265389,-6.279965496526119,3.386481760323329e-10,0,4,1.0,-2.1029755053185024,1.3259370891806537e-08,-0.389402696395462,,-2.4554068436815317,1.2822474714478284e-17,-5.903591496580609,0.011236573731042,1.3625791053556884e-08,False,down
ENSG00000270061,3,2.294094804940557,0.658190084328746,0.0,1.0687285438712837,0.0,3.48545938257363,0.0004912928035655,3,0,1.0,2.748261727698405,0.0033961534763097,,,1.0189884416039994,,2.2545849637165367,0.2146422655423246,0.0045585427123416,False,up
SLC26A4,4,2.2922132040970182,0.3745757024251104,0.1334853963734541,3.903513842242818,23.146167242068536,6.119492506472184,9.387384456047536e-10,4,0,1.0,2.1862211799174927,0.0018268164437388,0.187034600420317,,2.3886794750140634,5.494518227323362e-07,2.9647685840968774,4.231979375832819e-05,3.580709609933279e-08,False,up
ENSG00000235078,3,-2.2909657408191646,0.4005572649402242,0.0,0.2017114243149018,0.0,-5.71944623488741,1.0687178413814109e-08,0,3,1.0,-2.5433486185635696,0.0007936609235374,,,-2.149200085184785,0.0034662659013553,-2.1803674743547923,0.0074844207867186,3.275962530774857e-07,False,down
ENSG00000269086,3,-2.275361675768975,0.5181994773198403,0.0297391092027831,2.0702389613953565,3.3927948756222266,-4.390899210352906,1.1288285994506808e-05,0,3,1.0,-1.1540102827401857,0.3874766151331257,,,-2.2781117935551136,0.0029411112308196,-3.290233132489849,0.0037986893796077,0.0001786559494857,False,down
ENSG00000257831,3,-2.273088349342468,0.6145089091121816,0.0,0.2305693409943429,0.0,-3.699032374691747,0.0002164229964329,0,3,1.0,-2.389189282078994,0.0525742861141746,,,-2.4438424584257348,0.0152245321356529,-1.6907869927996408,0.3120083100209153,0.0022823448627178,False,down
ENSG00000288018,3,-2.2722473755972272,0.4379887954713524,0.0,0.2975997912104148,0.0,-5.187912108920258,2.1266492446633213e-07,0,3,1.0,-1.5795504370072415,0.3742886974933365,,,-2.263994351828423,0.0005852737830221,-2.4519028080252068,0.0016597967599321,5.0112872832757e-06,False,down
ENSG00000254162,3,2.2663774762484583,0.7759551762261896,0.6419681681942728,3.051666971509969,34.46204914652278,2.9207582418237688,0.0034918067320238,3,0,1.0,3.349020487523554,9.386901570500725e-05,,,1.0772850580406184,0.4936626298769128,1.5315083169906174,0.3763589352188576,0.0228324468864264,False,up
CXCL8,3,2.263767523299873,0.0904579827993567,0.0,0.2284033784814639,0.0,25.02562464079146,3.2172162376797005e-138,3,0,1.0,2.716616502909387,0.1217176182462517,,,2.24611940536508,1.10239577455257e-108,2.3327079469961864,4.555279702078839e-27,1.1801285362515425e-134,False,up
HTRA1,3,-2.257846013291719,0.5802687002391976,0.3439353357874584,2.7219945531918897,26.52446722735936,-3.8910353295998776,9.981739625675572e-05,0,3,1.0,-2.7054452859016913,2.0251093087591335e-10,-0.638873325903077,,-2.3359555121295386,0.1767543740287263,,,0.0011754312863643,False,down
ENSG00000269952,3,-2.2577415736098243,0.3786980301685807,0.0,0.1905487219121816,0.0,-5.961851907718588,2.493951276285754e-09,0,3,1.0,-0.9222823217317344,0.8357342571382999,,,-2.269901201689882,4.818377351728272e-07,-2.310708575295054,0.0168506212401496,8.685027474647653e-08,False,down
TBX6,3,-2.2477209446113635,0.3908451393286212,0.1925639226627515,3.4543936052560253,42.10271820336558,-5.750924646197244,8.875667108587651e-09,0,3,1.0,-1.4853652177079255,0.2515106826727321,,,-1.9281337776648968,3.0885277052497653e-08,-2.8985817464104833,1.5899628877469534e-09,2.7513317942662757e-07,False,down
SOCS2-AS1,3,-2.229180213773597,0.8543708059139525,1.225289622205835,4.668166518136209,57.156626863462634,-2.6091483912409195,0.0090767872042605,0,3,1.0,-1.1032593803839166,0.0824180736964297,,,-2.717959104199847,0.0113859496271866,-4.268982636185797,0.0243771807101936,0.0488878793359658,False,down
BTN3A2,3,-2.217636110957243,0.1692446157926293,0.0447491158664217,4.481732703314998,55.37440243768527,-13.103141276142278,3.159070139193881e-39,0,3,1.0,-1.8357919847097424,0.0001323482941895,,,-2.090554424023193,9.95235400652565e-64,-2.48433413882917,3.1665576301144673e-50,1.3632936214415315e-36,False,down
ENSG00000285454,3,2.215252179318786,0.8185121908913877,1.619268461844685,12.362807217350536,83.82244449146545,2.7064376120119857,0.0068009359815374,3,0,1.0,4.767327056161084,3.5766827275863536e-06,,,1.1637409779925,0.0081525127062091,1.4345011347593863,0.0114171187975932,0.0387676249721985,False,up
LINC01801,3,-2.204678584586351,0.3104741935589815,0.0,1.270404982857995,0.0,-7.1010043034946255,1.2385352046912332e-12,0,3,1.0,-0.9446743227728004,0.7430774928248686,,,-2.0157238471207735,1.0126343996396753e-06,-2.639664464722785,3.420208385611765e-06,7.269045685346494e-11,False,down
MYLK3,4,2.203298426105355,0.6206527229032338,0.8461577364924677,7.448828264703836,59.72520920887039,3.54996980565712,0.0003852753378947,4,0,1.0,3.6258722223240256,7.943254474480828e-05,1.27060961312909,,1.16136782090888,0.0409740718767248,2.5335409186246567,0.0002411700704733,0.0037382661184427,False,up
ENSG00000271755,3,-2.1953935266583633,0.3302901817680435,0.0,0.1196214647937383,0.0,-6.646862812895074,2.9940584772659216e-11,0,3,1.0,-2.2657238566014346,0.065100808519012,,,-2.114749089349875,1.0699322476077545e-06,-2.3769970863024548,0.0009763548216004,1.4546629807096176e-09,False,down
MAFF,4,2.19233055945695,0.4298459806859248,0.6163995893423266,44.13075578518259,93.20201989151684,5.1002699989390345,3.3916930527100333e-07,4,0,1.0,2.207989157416532,0.0039146555738996,1.39559539833365,0.014687926056904,3.076900610016304,3.1623903615221657e-143,1.974863147710304,1.2880204543000475e-35,7.648337335767943e-06,False,up
KCNK3,3,-2.191973283096374,0.3215874480898097,0.0,1.6110683698027883,0.0,-6.816103352653931,9.354301141625544e-12,0,3,1.0,,,-0.552561836119378,,-2.4038439675263445,5.062735061867751e-10,-1.6399787144995392,0.0377489633408952,4.867111437967768e-10,False,down
FSD1L,4,2.182975221334517,0.6123441476903468,1.395052218242049,70.42658480737072,95.74024495408156,3.5649482885862644,0.0003639279338093,4,0,1.0,1.7899914508121677,7.460448468834668e-07,0.271630911156973,0.999899862550801,2.471358786723397,6.336062749454688e-51,3.914074537674568,4.622690743419794e-89,0.0035519689114016,False,up
ENSG00000262920,3,-2.17934997786049,0.7840446597854652,0.0,1.3809819088295583,0.0,-2.779624796445672,0.0054421737962116,0,3,1.0,-1.0063748756976016,0.5730363975736095,,,-3.608908476509077,,-2.458373801254179,0.0557033149468941,0.0327169634200549,False,down
TSC22D3,4,-2.1788307908201374,0.4880690850695099,0.8994787249665591,74.04918284954991,95.9486386148308,-4.464185209579157,8.037401882531635e-06,0,4,1.0,-2.122226447311307,1.2230627008300121e-08,-1.02386272119875,0.0032379511540725,-2.120369747950844,9.293996991511954e-64,-3.4193176615655547,6.965361246495872e-82,0.000132903965464,False,down
ENHO,4,-2.1652004205186377,0.6173632056039701,0.90172044919105,7.79053552024623,61.49173580938655,-3.5071743843243937,0.0004528922485987,0,4,1.0,-2.9166301193250956,0.0001616083572938,-0.56753748047328,,-1.5257213031809125,0.0026520039172155,-3.833003232288924,0.0007002062187426,0.0042640915190954,False,down
LINC02908,3,-2.162266414662753,0.7078693562781447,1.2453588546950791,55.87926626138582,96.42085493634684,-3.0546122607024233,0.0022535165851542,0,3,1.0,-0.0315811285488039,0.9841791488467448,,,-1.9583730756716784,4.995399937492063e-47,-3.508938999955129,1.8001174630445445e-89,0.0160969888077482,False,down
IFI27,3,2.154813981265599,0.7028236344800054,1.180947484966271,10.525757406892351,80.99899206597348,3.065938416911478,0.0021698800185749,3,0,1.0,2.148672785860571,0.0001354732732848,,,1.02815374809786,0.0197016235289185,3.6113742146074017,3.748174135645945e-06,0.0155966327004627,False,up
NFE2,3,-2.152854022923408,0.729585581880717,1.166785767590466,19.344383486956396,89.66108172251359,-2.9507902518766977,0.003169620799064,0,3,1.0,,,-1.03981428842165,,-1.5076594913922368,1.4639102266109418e-05,-3.1096835871558937,1.568261074976548e-61,0.0210755843403624,False,down
RASGEF1B,4,2.1435800286106517,0.4256067027937735,0.5495458919917307,32.584303533231484,90.79311301854152,5.03652788957442,4.74052066982391e-07,4,0,1.0,1.065874485076293,0.1198537903317518,0.128676858748421,,2.679056507298798,8.353545232818165e-110,3.3386104529969365,1.0841789007136895e-84,1.042298895326218e-05,False,up
SMIM10L2A,4,-2.1386956206230994,0.6513661431060891,1.405914025844675,21.06917417233599,85.76118847629526,-3.2834000404512373,0.0010256301030422,0,4,1.0,-3.8927353013361743,1.167159637929448e-15,-0.513461223959236,,-1.5401174483869835,2.872098857741374e-05,-2.264009164043305,1.0180492390745e-05,0.0084612099078122,False,down
C10ORF95,3,-2.136567080755404,0.5340648268676359,0.0,0.0148030145019736,0.0,-4.0005762845058825,6.318841274930645e-05,0,3,1.0,-2.106115819049186,0.0012192510350347,,,-2.231354007626858,,-2.299848639385793,,0.0007974276239675,False,down
METTL27,4,-2.1323767555925848,0.7699884435083326,1.3834212212475083,8.112789165456501,63.021348899664254,-2.7693620255866978,0.0056166187678455,0,4,1.0,-0.6568403214390488,0.8207547961197483,-0.515408189786715,,-2.3551744582810517,4.9100597829598645e-05,-4.007067145415448,2.9856548954352106e-05,0.0334640396484873,False,down
BTBD19,3,2.1248515508144266,0.1831076997287533,0.0274326118456757,2.691960229432478,25.704697337908193,11.604381213690502,3.915093386954467e-31,3,0,1.0,,,0.25252156353583,,2.1417687113456436,6.16409652983385e-23,2.1975947251876766,6.946086813686213e-28,1.180373840458642e-28,False,up
DHRS3,4,-2.124532842012764,0.5411264968184617,1.0525723387464372,56.84669972555557,94.72264878263223,-3.926129758021269,8.632359970599979e-05,0,4,1.0,-2.419832439476582,0.0001305313476883,-1.38512428035643,0.0234685478786428,-1.50385409881924,3.6298996721123804e-24,-3.1994579766846556,1.1499963772983716e-65,0.0010393304737031,False,down
ZNF532,4,2.1230910359691637,0.6350443866034429,0.9052457957550468,7.496857792099481,59.983234533786515,3.343216758949072,0.000828131858401,4,0,1.0,3.140972236793306,0.0008495676130413,0.274444900757143,,1.2868365938409112,0.0112380137149539,3.094115482124629,0.0001347825482129,0.007067217553916,False,up
ENSG00000261754,3,-2.1228498336951787,0.3173133538654342,0.0,1.5295486728295913,0.0,-6.690074047735898,2.2305770047172123e-11,0,3,1.0,-0.7466068673924755,0.6275185814068361,,,-2.2207825280677502,1.3963215312808468e-08,-2.283692415228652,0.0038378401569302,1.103208298804969e-09,False,down
ITGA9,4,2.121813321673897,0.8152474003397663,2.17768011238999,123.85872934241866,97.57788569612543,2.6026618677834485,0.0092503136506537,4,0,1.0,0.1486240345260738,0.6785034044519704,0.604329065929886,,3.3254954728715647,2.1500468657887767e-125,3.3647382567019304,3.557444694927744e-69,0.0495127718434119,False,up
LINC02245,3,-2.1113091554942307,0.2470772824767924,0.0,0.2457068005477931,0.0,-8.545136705121978,1.2838421062232961e-17,0,3,1.0,-1.7698660964499149,0.0366377240855323,,,-2.135445363809802,5.586072520246748e-11,-2.19564876255614,2.224840616985929e-05,1.4199035636114837e-15,False,down
GIMAP7,3,-2.106980127251856,0.7205963548836462,1.1045698882928805,26.54702269610128,92.46619847771584,-2.9239394745371254,0.0034563194475401,0,3,1.0,,,-0.521505139877773,,-1.5199388514755696,1.2682889271199609e-23,-3.066239147312884,1.0632848823531053e-29,0.0226331849809319,False,down
FOXD4,3,2.1062180566213886,0.4558129124628527,0.0,1.50906574402287,0.0,4.62079506532856,3.822722406273382e-06,3,0,1.0,2.7700355343865652,0.0009093169904689,,,2.0434055409555563,0.0220141757531459,1.395818954421041,0.154544411890894,6.890605850914894e-05,False,up
DACH1,4,-2.093669180015529,0.6017281251651728,1.0325232959380028,25.72883461854976,88.33993049247132,-3.4794271573076663,0.0005024869523085,0,4,1.0,-1.5736784492537574,2.9101925995386755e-08,-0.7793827251242481,0.0152412350316194,-3.974605091506969,2.1555814006249133e-08,-3.832146635671447,0.0538060277873532,0.0046447859442917,False,down
TNC,3,2.088400803211253,0.6473395241936644,0.8996272276500222,12.946195853274045,84.55144644290077,3.2261289866590426,0.0012547679476595,3,0,1.0,,,0.242576470649292,0.999899862550801,1.739656113998638,1.1694884323570364e-08,3.1000431714849093,2.415784135468902e-23,0.0099986197538157,False,up
ENSG00000235859,3,2.0876575460400906,0.2022346741475673,0.0688873174291696,4.810612430608404,58.425251901927645,10.322945631552582,5.549401352201374e-25,3,0,1.0,1.3641273837026222,0.0039611883562303,,,2.102449090587455,3.9024317946109784e-57,2.3935997588378894,1.9903699943448894e-28,1.2337047915212125e-22,False,up
CD81-AS1,3,-2.0848404834634495,0.4162280453171387,0.0,0.8920028951934801,0.0,-5.008889974905311,5.474485629552367e-07,0,3,1.0,-1.8178186799534428,0.0088697224289092,,,-2.035479652862211,0.0055217069901201,-2.9644933859464677,0.0119611917666463,1.188244124465661e-05,False,down
ENSG00000223646,3,2.07787446854085,0.5218865773114362,0.0,0.4243143791608682,0.0,3.981467542708762,6.849107493597117e-05,3,0,1.0,1.9715194599752712,0.0022508044524888,,,2.048192840436796,,3.2820442541120727,,0.000852131186131,False,up
SELENOTP1,3,2.0740890077871645,0.6865027845945654,0.0,0.3196504992170003,0.0,3.0212390311163553,0.002517425417942,3,0,1.0,1.4422805921140318,0.4231835967510468,,,2.3936332124552884,0.0235964529191265,1.946229638527484,,0.0175669042560199,False,up
SLC7A3,3,-2.072501712988758,0.6242145851726077,0.78969730418454,6.736117163978604,70.30930502968383,-3.320175084367294,0.0008996100935829,0,3,1.0,-2.870712517309806,8.069688761101953e-10,,,-1.146663637302404,0.0462809295593124,-2.2072380922045074,0.0448557369796236,0.0075860224328224,False,down
APOBEC3H,3,-2.071307222940173,0.7551016424255417,1.2091431567499544,11.21450046428652,82.16594661198543,-2.743083985735627,0.0060865116185602,0,3,1.0,,,-1.4758251591347198,,-1.3471906345569935,4.863850870882022e-10,-3.14440699427777,1.614631812557093e-09,0.0356081962288393,False,down
PLK2,4,2.069994794919426,0.3507535252301289,0.3873545096973992,32.53794853525351,90.77999648087948,5.901565190431957,3.6006909367778883e-09,4,0,1.0,2.9949399856349275,2.425414791232072e-11,0.559782200117869,0.999899862550801,1.7702690467520057,1.3470945187982335e-84,2.580691944625346,7.910739713177615e-61,1.219193951192993e-07,False,up
PLEKHG6,3,2.069169315995688,0.511902467865616,0.4297390563474657,4.430486837086798,54.85823401486346,4.042116312943589,5.297094416336676e-05,3,0,1.0,,,0.809946669773215,,2.6279619337041646,9.150286346326242e-06,2.4534554399963096,1.169174700334231e-05,0.0006824374972438,False,up
ETV5,4,2.063739692467414,0.5181861822881322,0.9455210024622068,75.27007820804099,96.01435248717527,3.982622005385494,6.815911484297615e-05,4,0,1.0,2.5096914447714793,0.0016837462061586,0.341602892064729,0.999899862550801,2.304471208282579,1.1252870728505612e-82,3.13896946348952,6.134258614734733e-104,0.0008494416526495,False,up
KRT18P63,3,2.0628678187686,0.7579015855871788,0.0,0.2965769155916817,0.0,2.7218148873120613,0.006492449879918,3,0,1.0,2.2504703848770284,0.0790632750711146,,,1.5300388730763943,0.3430654409572027,2.604662502241785,,0.037386794716671,False,up
EFHC2,3,-2.056714199160179,0.4531227660243622,0.2497651580578464,3.0380379589601203,34.16803782515696,-4.538977851864542,5.652757241221765e-06,0,3,1.0,-0.3368248544031931,0.8546443104584763,,,-2.0295373494674163,1.406841917914445e-13,-2.8905841578630493,0.0005118414783469,9.734861824886527e-05,False,down
SEMA7A,4,2.0528445686137404,0.5916018596294625,1.2300558469088672,66.3572000104266,95.47901358175358,3.469976531005999,0.0005205038431322,4,0,1.0,0.3158937392711914,0.47309929883494,1.10171062213889,0.999899862550801,3.1178593548319418,6.013018517231129e-116,3.232953084506944,6.03455837824962e-65,0.0047852001184203,False,up
WNT10B,4,-2.0498385759351017,0.6027117634486681,0.3129469416499826,3.7585716516580616,20.18244487432943,-3.401026328416241,0.0006713336166301,0,4,1.0,-2.2385168327783025,0.0024748253910898,-0.753115600731022,,-3.881122223994652,0.0666582049362465,-3.462281165099229,0.1017814142557411,0.0059148845349934,False,down
FUCA1,3,-2.02397984376283,0.3894084041169681,0.4024860782330013,33.211032542427006,93.97790478978632,-5.1975761754614815,2.019038123540449e-07,0,3,1.0,-1.7750001696747617,2.8174066388023285e-05,,,-1.6300692137647166,5.843526504233632e-77,-2.622442129831741,2.3265599179136703e-67,4.778173124838898e-06,False,down
TLL2,4,2.008913238698257,0.7605976322143129,1.662371979410075,12.277335646885652,75.56473092954008,2.6412299402638784,0.0082605634319711,4,0,1.0,1.586426248665168,0.0883437051091071,0.51997618926101,0.999899862550801,2.7331971901374508,0.0010029652204713,4.186103556872026,0.0027543907664734,0.0452255573567792,False,up
HSPA8P1,3,2.0048563665966985,0.5039270786865858,0.2505818655210821,2.9387595702649345,31.9440753086277,3.9784652410862127,6.936154880517996e-05,3,0,1.0,2.834098672222085,4.334919716230762e-05,,,1.4337278002158034,0.0147008502397716,1.6737071416979394,0.2977844043394361,0.0008600441282553,False,up
RAG2,3,-2.00132589701222,0.5395548429041456,0.6425011201870805,8.449555504421715,76.33011583918959,-3.709216817034047,0.0002079013404565,0,3,1.0,-1.158046223133907,0.1844262815556218,,,-1.633888530436694,6.685227605508635e-15,-3.1114099671813835,2.398517634613032e-09,0.0022083497114416,False,down
LENG9,3,2.0009848430217168,0.2028121279572494,0.0793633716763509,6.20519933870613,67.76896452746307,9.866199142900872,5.833321902231466e-23,3,0,1.0,2.1971405815367646,7.690982837668682e-09,,,1.71502407386705,3.0660304238342e-40,2.228900388508509,3.5764626233033694e-34,1.116396363010542e-20,False,up
SNORA73B,3,1.9938693601873017,0.6155100263368716,0.7949109846793764,6.7052965117874175,70.17283282724117,3.2393775484918703,0.0011979089087312,3,0,1.0,3.153444314701174,1.7122176881406277e-07,,,1.7484540775294348,0.0021456063688119,0.9776500256247828,0.2311089753208161,0.0096268003543442,False,up
KRT80,3,-1.9848747118344952,0.6553494399481136,0.9255902496956604,10.070424020528472,80.13986306909206,-3.028727257311222,0.0024558628880773,0,3,1.0,,,-0.283611458579902,0.999899862550801,-1.6919026572365077,6.579615292997027e-11,-3.141306078580404,2.4196949583750894e-11,0.0172074616085901,False,down
KCNJ1,3,-1.9774852632719355,0.6464561196156154,0.0,1.2109851181474292,0.0,-3.0589628642509465,0.002221046799393,0,3,1.0,,,-0.351918363438901,,-2.2894485236382143,0.0090985287493307,-2.2861178686778056,,0.0159176226010557,False,down
LGALS2,3,-1.9750777222868572,0.3516955431736195,0.0,1.0287319944670794,0.0,-5.61587361745961,1.9557157408357752e-08,0,3,1.0,,,-0.720236909482888,,-2.139341398518387,2.401485114942629e-07,-1.4396358288177775,0.1749178226473815,5.633946039274158e-07,False,down
BLNK,3,-1.972924266726113,0.4819256887008482,0.6098461100721834,19.814795501022314,89.90653221782271,-4.093835030966344,4.242962483332248e-05,0,3,1.0,,,-0.867479667875111,,-1.9311697465020676,3.165318492581252e-36,-2.9663462697501304,5.5862929607158865e-27,0.0005632289583574,False,down
NADK2-AS1,3,1.972877384238596,0.5196205515591104,0.0,1.6983418075616152,0.0,3.796765501901377,0.0001465963422788,3,0,1.0,3.1058854572807095,0.0078779152007889,,,1.8910869419356575,0.0835227516905304,1.4066423877095302,0.1259892974469453,0.001641118462469,False,up
MAFB,3,1.9705451944323753,0.1719274245223894,0.0509430068762324,6.44288240718805,68.95799312170148,11.46149428985228,2.0593080773296567e-30,3,0,1.0,3.559018868037141,1.062722013078352e-05,,,1.8121659012345492,4.690994407573875e-133,1.9848208525935531,8.245141136523941e-47,6.043108196526455e-28,False,up
CRHR2,4,1.967310117394576,0.4713886360186435,0.0,0.9790350318363068,0.0,4.173435605089064,3.000404924425043e-05,4,0,1.0,1.8721590781487405,0.006281238025307,0.193416513906382,,2.503171017773738,0.024716602370254,2.062539124871578,0.1716436842506071,0.0004166303595058,False,up
ITPR1-DT,3,-1.966014710759124,0.503042194530472,0.3387281277486348,3.708288779874617,46.06676775405762,-3.9082501073178495,9.296703859084618e-05,0,3,1.0,-0.4054364177221141,0.8361046933032712,,,-1.677191012055359,0.0010996393761005,-2.6823238523541324,3.549269851336792e-07,0.0011054087262808,False,down
DAB2IP,3,-1.9654093408741768,0.581359473683926,0.8635348122725491,16.142139410563363,87.61006859666193,-3.3807126740704527,0.0007229810093247,0,3,1.0,-1.136115803837133,0.0800342787259516,,,-1.6142192743723758,2.596286283862172e-05,-2.9220018189431776,3.247712822282246e-44,0.0062993226580477,False,down
TRPC3,4,1.965060327728455,0.3703520967801372,0.0,0.7805796139816166,0.0,5.305924672258654,1.1210324813744812e-07,4,0,1.0,1.9417046747722293,3.1960408619974234e-05,1.06282548089658,,1.8589576070787652,0.4797657890738661,2.5230705783458016,0.0182098763516991,2.762911968932918e-06,False,up
NANOS1,4,1.9588125006552664,0.5813701560985015,1.1207889611222657,18.953571728597034,84.17184875253028,3.369303498137226,0.0007535840211228,4,0,1.0,1.2114787284452222,0.0384620056878793,0.541165619675567,,2.4658188562153245,5.4681938404242745e-11,3.33591666625317,3.237741998055334e-15,0.0065169472380716,False,up
CIITA,4,-1.9567628477675336,0.5544657925341926,0.9362988394498996,70.00507080396831,95.7145961491836,-3.5290957063809567,0.0004169822995931,0,4,1.0,-0.5973142210249756,0.0931593091466167,-0.290520335917907,,-2.2292449031435675,1.099294989144567e-77,-3.242457733374561,5.5921494542996825e-106,0.0039901580138022,False,down
FLT1,4,1.9526419060206872,0.6228312974951736,1.2865975329071224,85.11478262124834,96.47534786836069,3.1351056279181577,0.0017179224229198,4,0,1.0,0.3377983460284989,0.3578287832243206,0.46148021444331,0.999899862550801,2.590609115443691,1.4123884071743215e-125,3.4849155546854207,8.070453311551157e-84,0.0129043531078643,False,up
KCNK10,3,-1.948889183989902,0.2471767250662127,0.1015666508088176,6.3677275080473414,68.59162083376745,-7.8845982908295325,3.1554895076157314e-15,0,3,1.0,,,-0.126005730084038,,-1.7377729318824149,2.977235690862267e-62,-2.2577913110055734,6.410435162698783e-31,2.7128581473872904e-13,False,down
GRIK1,4,1.94673534738326,0.4496842024609798,0.0,1.8176436268305127,0.0,4.329116603895337,1.497086558709978e-05,4,0,1.0,3.14876604840265,0.0341861438936057,0.110487687928286,,2.059671333050265,0.0026117601251713,1.5615239312619058,0.0952162964461502,0.0002281812885778,False,up
SLC4A9,3,-1.9434787336218016,0.6892439487851769,0.1095292342108075,2.1596810622542697,7.393733502834674,-2.8197254934878564,0.0048064747333068,0,3,1.0,,,-0.0032221956140565,,-2.3258129815494666,0.0412015812485781,-2.5702727913396237,0.0410844005017896,0.0295703860785871,False,down
GLT1D1,3,-1.9364706324850505,0.3733460433172195,0.2722201933347163,7.480736613918216,73.26466492245004,-5.186798325969392,2.1394019170217557e-07,0,3,1.0,,,-0.0760648998324404,,-2.0838880318894515,3.6410293538798406e-31,-2.450712929146559,1.0567353474149432e-16,5.025197096236053e-06,False,down
TMEM38A,3,-1.9288489919324772,0.7258075427336804,1.5216758274638131,59.28329690371617,96.62636846387228,-2.6575212826635326,0.0078717620025965,0,3,1.0,-0.4249258041570809,0.224602657308881,,,-1.9049795059005483,1.6681853844667234e-35,-3.4425748009330377,2.4662461125614422e-37,0.0435081893307751,False,down
ZNF831,3,1.925485855606001,0.6545878152495123,0.4610993943791912,2.6450269079760327,24.386402498627337,2.9415241328194517,0.0032660139292776,3,0,1.0,,,0.0979928280448873,,1.6913350767088773,6.672405343374684e-06,3.701053344903147,0.016688143558536,0.0216185565622468,False,up
IRS1,4,1.923956451457848,0.6249314775027264,1.4380170920299915,54.71240909841429,94.51678321346856,3.0786678551480935,0.0020792835798136,4,0,1.0,1.5458141787381503,8.25279946254989e-06,0.2267216688531839,0.999899862550801,1.965816878444253,1.0458362133277206e-20,3.688969278205408,2.3455937069901132e-51,0.015083159250158,False,up
IGSF9,4,-1.91853238361682,0.5832174143264255,0.6542959980119467,6.3724613023073795,52.92242890649267,-3.28956635465453,0.0010034189436991,0,4,1.0,-0.0380639382149291,0.9806001438365222,-0.343707870390857,,-2.504842139081232,8.411467238670474e-09,-2.671788510527517,0.0001105317702052,0.0083085957606753,False,down
EMSLR,3,1.9128806443514068,0.5878612860991813,0.5500925455065374,4.297349574075831,53.45968566147865,3.2539660113434894,0.0011380589521579,3,0,1.0,2.6592181870687788,5.244583372055699e-11,,,1.1584425864384098,0.1726209896377573,1.2121227042816574,0.422514028869439,0.0092460463189529,False,up
BTG1-DT,3,-1.9119874368275231,0.6678972221164206,1.185063109136716,19.4908065607548,89.73875199178751,-2.8626970939763043,0.0042005192002639,0,3,1.0,-0.3328931176690852,0.6343142314481264,,,-2.1241904054523033,3.746212520270401e-13,-3.1023826876783307,4.230675595522309e-18,0.026482453624386,False,down
ENSG00000281021,3,-1.9118584003737713,0.6271735443541566,0.3456806787720718,2.7766975269915597,27.971989006418006,-3.0483722050848656,0.0023008475194126,0,3,1.0,-2.5007510073207895,0.0006573396607809,,,-0.3256341656460464,0.8462803300984214,-2.2467470650515087,0.0692961129946139,0.0163458208698365,False,down
EDA,3,-1.9105783674150671,0.6710944729568789,1.2598190608482396,39.13913682202848,94.89002527292746,-2.846958877484052,0.004413906373014,0,3,1.0,-2.3101107041357443,1.1220101290108706e-06,,,-0.8507796061308005,1.3762897820165742e-06,-2.6360404228718157,1.6767269181110462e-24,0.0275668743937757,False,down
F10,3,1.904153956252577,0.3239518475092167,0.0,0.60636790783905,0.0,5.877891948735999,4.155239876302149e-09,3,0,1.0,1.9877974767940036,1.1019969741325073e-07,,,1.0505858066170497,0.4888360295226489,1.8292275063241077,0.2425195032530948,1.391973735731111e-07,False,up
VWA5A,4,-1.9036615444088132,0.6380813640075229,1.1473259441402237,43.17393312773815,93.05136274908304,-2.983415049849927,0.0028505115325725,0,4,1.0,-0.4795009641607309,0.6443568538812067,-0.336391905561642,,-1.799691107642033,4.66423177358814e-44,-3.33260053235392,3.138741830940682e-52,0.0193954177777941,False,down
PLCXD2,4,1.900986428297886,0.3212801725406549,0.2868319362302166,10.946068301488443,72.59289895357166,5.916911751089571,3.280425850134209e-09,4,0,1.0,2.025425576080568,6.114372586509085e-07,0.622902817039851,0.999899862550801,1.924028774702469,1.1684739535690731e-22,2.6713164543175147,4.1180102158013694e-14,1.1228443629176333e-07,False,up
YPEL1,4,-1.9001741443032816,0.437047151308675,0.6155735740938981,17.08748135011505,82.4432873486074,-4.347755473553557,1.3753782086454264e-05,0,4,1.0,-1.222226762652142,0.0386578463281606,-1.01307323549251,0.248663738015949,-2.2359620625199854,4.288343571561331e-19,-3.0270177795953885,4.2020944751647737e-13,0.0002116832097487,False,down
WNT5B,4,-1.8971743613735372,0.1990869152732297,0.0283734921572077,3.5425182275406857,15.31447949436006,-9.529377451902493,1.5822923597467266e-21,0,4,1.0,-1.2772822903367032,0.0310632430181499,-0.586512641001036,,-2.0296860829804806,6.531505576060307e-22,-2.0815639259153236,7.952757684454067e-09,2.5235269960627323e-19,False,down
EGFL7,4,-1.8915149108924365,0.5302042706377557,0.8551107352424498,35.00835640373731,91.43061740630664,-3.5675210775221213,0.0003603743992792,0,4,1.0,-4.433574833514347,9.603947838410867e-12,-0.0981394917097978,0.999899862550801,-1.0282924207986692,5.69181058731596e-13,-1.7141490482544215,2.42427694106079e-15,0.0035235362744282,False,down
ENSG00000286074,3,1.8898509961496943,0.6266604446220022,0.0,0.4470034595751472,0.0,3.0157496174657092,0.0025634484314197,3,0,1.0,2.1409447465716656,0.0119710461199408,,,0.9984076497803288,,1.7414012293783894,,0.0178315222904921,False,up
HSPH1,4,1.8873869840255275,0.3737310078072576,0.5117406811233962,59.53936503278477,94.9613167719406,5.050121463292926,4.415292274842762e-07,4,0,1.0,3.8271913801719726,7.046001078138049e-24,0.984101379113039,3.33211095245028e-06,1.2380439056434476,1.203613090125715e-45,1.8471129967265392,1.8268709764899705e-20,9.746857339720596e-06,False,up
CYP3A5,4,1.8862616956813332,0.503549136561538,0.800754518970286,19.014473950539777,84.22254537357402,3.745933730641629,0.0001797240345317,4,0,1.0,2.1165317942712645,0.0038415243348771,0.535685743241759,0.999899862550801,1.6403913844470417,2.509603276317354e-10,3.001635501168448,2.522802736966247e-22,0.0019523572998575,False,up
CDKN1C,4,-1.8819864981244745,0.3409772108305122,0.3356859299926297,17.04377464910146,82.39826528005545,-5.519390851783182,3.401768080580603e-08,0,4,1.0,-1.035374474116593,0.0055981300269659,-0.933111044871114,,-2.3439282272378863,2.3260967885719327e-78,-2.486668948416274,1.9192828806058273e-22,9.347005453869976e-07,False,down
ADM2,3,1.878936063282341,0.6983742677873059,1.3714947678489473,37.81381541579648,94.71092779713388,2.690442861297665,0.007135725361219,3,0,1.0,0.4042720991243936,0.435840477340757,,,3.051315697056048,4.684921579304715e-63,2.0555486772845373,3.3749532957202896e-12,0.040279604892298,False,up
VNN2,3,1.8776871733999687,0.3723919491870608,0.2616412839963697,12.243365146678626,83.6646218091228,5.042233532435375,4.601292503154203e-07,3,0,1.0,,,0.111695405303398,,1.571412982297275,6.829063346266977e-69,2.346911588131254,9.558337871559623e-28,1.013712179198407e-05,False,up
ENSG00000284526,3,-1.873537072093594,0.3112083808465869,0.0,1.1080735615908064,0.0,-6.020201213723649,1.7420038433569303e-09,0,3,1.0,-2.044432584117674,8.085958357040704e-08,,,-1.472685539762731,0.103749307682441,-0.9650758583659512,0.5196958057309019,6.203845079036032e-08,False,down
FITM1,3,-1.8625872843774616,0.4540491102990268,0.0,0.6651207020210902,0.0,-4.102171421833208,4.092908518403813e-05,0,3,1.0,,,-0.6665120025704919,,-2.041548792894368,0.0023662050124943,-1.864483820972028,0.0300683217977588,0.0005466069392084,False,down
CD36,3,1.8553440832547337,0.4909483536074606,0.6245932466504193,42.71365879629826,95.31765702971498,3.7791023630525906,0.0001573947168321,3,0,1.0,0.943913845841284,0.1763862051923962,,,1.590966778861176,2.4011317978035977e-41,2.7260244514349914,4.092454499100355e-83,0.0017398796196679,False,up
SRGAP3,4,-1.8531701683573971,0.6362910855792566,1.3403558243183435,35.194668387704645,91.47598162610318,-2.912456594720854,0.0035859803432631,0,4,1.0,-1.0701747762708966,0.0033901321019636,-0.032342489826835,,-1.7746553964520966,1.7828587942726932e-16,-3.7428450371350426,8.70163744462142e-24,0.0233157581609686,False,down
PEA15,4,1.8477828387040396,0.5747337593398772,1.1872059897335323,118.47873447074043,97.46790002999155,3.215024015339468,0.0013043360960568,4,0,1.0,0.6399360817658961,0.059585490004459,0.259348062323595,0.999899862550801,2.3371738331544245,1.5180875107821284e-148,3.5993300108718977,4.140660595182879e-158,0.0103300227197249,False,up
HSPB1P1,3,1.8458114346121992,0.6357759872333718,0.3647792453035916,2.81952482921848,29.066061796151555,2.903241820510382,0.0036932134342177,3,0,1.0,2.7092958438736043,0.000376617441582,,,0.9457150439410535,0.3556363053866216,1.4304274074630243,,0.0238789466726492,False,up
ALDH1L2,4,1.8441810508887035,0.2292029254415221,0.0355173809857795,3.423737247557688,12.376453475218046,8.0460624459142,8.550037750121753e-16,4,0,1.0,2.429781617615325,1.3200406405462235e-05,0.527033772215086,0.999899862550801,1.8117866270336112,9.200713107846856e-17,1.8416917480402988,0.0155716498441472,7.680725748670598e-14,False,up
NFKB1,4,1.842060956122868,0.5477973122950549,1.1188423596222925,109.38318600630676,97.25734812677057,3.3626688462660725,0.0007719290313342,4,0,1.0,0.5263031322873639,0.1881029153454456,0.269031587400129,0.999899862550801,2.7316129158376636,1.8763821179254017e-143,3.5056847201902377,1.6131256521131028e-175,0.0066572829352022,False,up
HES7,4,-1.8414941778466196,0.4110138108542355,0.0,1.9690178404891483,0.0,-4.4803705598586285,7.451355822344319e-06,0,4,1.0,-1.797644405435768,0.0002945725366374,-0.668693329118686,,-4.642044550731464,,-2.1217883815505223,0.1988138050423795,0.0001242400684045,False,down
LACC1,3,1.838522766804839,0.5112129880905009,0.7435311880617277,53.96073942102037,96.29360156762252,3.596392911831423,0.0003226603249676,3,0,1.0,,,0.347667043468029,0.999899862550801,2.691550489323607,6.1643867993204685e-118,2.3484461891393416,8.542880189183005e-51,0.0032249914133569,False,up
TTYH2,4,-1.8380029978358112,0.3760579102699848,0.4276426911581479,26.87933782396157,88.8390107686148,-4.887553080631242,1.0209697334710128e-06,0,4,1.0,-1.188835035103318,3.748222675424371e-05,-0.0179891608391655,,-2.10145549208093,3.9029420491379467e-50,-2.7363788366340667,6.66198432739588e-45,2.0786792658615652e-05,False,down
DBP,3,-1.836581861059304,0.0826544680124441,0.0,1.3733694365229907,0.0,-22.219994940658214,2.200948479328438e-109,0,3,1.0,-1.781704929783398,0.0001000765750508,,,-1.8878142297659335,3.4941985556235193e-87,-1.642299502688061,4.3782497735182436e-17,5.382297231282176e-106,False,down
ENSG00000259959,3,1.835321934377926,0.2989830434356131,0.1363851734479175,4.074067374446409,50.90901018121323,6.138548572147262,8.327885039616123e-10,3,0,1.0,2.18349090810532,6.898358871868348e-09,,,1.320757111147404,8.255461118555067e-05,2.117670999654691,5.216033749955109e-06,3.193178080782426e-08,False,up
PLAAT4,3,-1.833082790129333,0.4708993855044679,0.4210481474843971,8.251077439006407,75.76074137245232,-3.892727080468743,9.912364377316814e-05,0,3,1.0,-0.6514597752686463,0.739245351725596,,,-1.475521618681029,8.821203807330313e-20,-2.527801666526752,1.8629509805357673e-12,0.001169765295337,False,down
GRHL1,4,1.8276741196948465,0.5341195137040221,0.8218118193339463,12.426544217330456,75.85813121063777,3.42184487329485,0.0006219778918281,4,0,1.0,2.5227172228812296,1.0398266027974345e-15,0.730081380329599,0.999899862550801,1.0309531218206538,0.0580933069571456,3.0689339292354147,0.0004820063743699,0.0055488899153817,False,up
IL15,3,-1.8175168043872187,0.4480430414275583,0.3890504963011101,6.26198565954576,68.06124911910005,-4.056567419496645,4.979919217248434e-05,0,3,1.0,,,-0.226497207350394,0.999899862550801,-2.309251189205487,5.376231663847185e-19,-2.0822754859269104,2.212466024165644e-06,0.0006468797505386,False,down
GPR35,3,1.815803376096233,0.2972449365722484,0.146857611604919,6.43239869001366,68.90739992368611,6.1087781579582385,1.0039676245643375e-09,3,0,1.0,6.392601942240088,0.0051723060244995,,,1.5769024584777067,2.037936272561249e-18,1.8721948117553873,2.3694624927965938e-21,3.809710939489053e-08,False,up
CPEB3,4,1.8142923786780172,0.2547235521446895,0.1756863457348637,13.115739570864744,77.12671875046841,7.122593742911738,1.0591466752128377e-12,4,0,1.0,2.4289697809026145,5.968700083754866e-12,0.077578580288205,,2.032825833205104,1.6503202934480995e-53,1.8270260354385703,4.655447262653717e-23,6.351705497209629e-11,False,up
NATD1,4,-1.8049639226546177,0.3030829413320783,0.2850449409226344,20.551173838752906,85.4022936911615,-5.955346462990064,2.5952144369290855e-09,0,4,1.0,-1.796598271018856,1.390582037690768e-05,-0.8645740932272531,,-1.711543630584153,2.5476268063892474e-42,-2.518265997767853,1.4116848030927876e-46,8.99497236887752e-08,False,down
LY75,3,1.8039931676767011,0.6620948446219146,0.9537608403490176,24.013548400759177,91.67136831832497,2.7246748442919246,0.0064364840459894,3,0,1.0,,,0.771070434160599,,1.239159819008716,9.594847254233126e-23,2.6963218490763383,7.34373903524216e-22,0.037145940235949,False,up
S1PR5,3,-1.795661710176185,0.6439666388571932,0.4120152501046425,2.9769651324162347,32.817486566370604,-2.7884390305728135,0.0052962715485636,0,3,1.0,-2.637262366590363,0.0022712608527035,,,-0.6605130763264048,0.5657800762594275,-2.0993083114491635,0.1271037858018018,0.0320059419308997,False,down
PLA2G4C,3,1.792189622196964,0.3464437515860212,0.2480186005402974,8.36521911073777,76.0914810057664,5.173104187887098,2.3023654551905074e-07,3,0,1.0,,,0.688830639082097,,1.7226256502672246,2.9227586236773455e-19,2.368659539952142,1.6274993544367954e-22,5.373569597379414e-06,False,up
RAP1BL,3,1.7867769144875805,0.5721316087452093,0.6651063888860114,6.501024685943523,69.23561905057231,3.1230173043686813,0.001790072230058,3,0,1.0,0.1526934967347211,0.8976578512519873,,,2.3407118803101485,5.750389389481903e-10,2.3231680888620194,9.852495849468483e-05,0.013323537271338,False,up
KCNH4,3,1.7865293678455307,0.3291997634425455,0.0,1.6444832312981297,0.0,5.4268853329760365,5.734594308071777e-08,3,0,1.0,,,0.498445196235349,,2.1455066440311636,7.096773210927136e-06,1.4345289877469098,0.0112743920701935,1.5025319776946634e-06,False,up
P2RX7,3,1.7843512428382946,0.4466959101864197,0.3967401837422219,23.09731035209867,91.34098312958643,3.99455468955073,6.481595949069661e-05,3,0,1.0,,,1.72838296887532,,1.3238130462370357,3.2199766502997414e-26,2.258748957682662,2.2205537237498554e-48,0.0008146970031015,False,up
YPEL3,4,-1.7833161009765044,0.420124683357679,0.6438257371533249,69.45967141322689,95.68094703161997,-4.244730604077013,2.188561940353887e-05,0,4,1.0,-0.2326846481611397,0.6644302722483237,-1.21649935179955,0.0066982029089216,-2.3042109732422635,8.147744222073052e-157,-3.049149384391025,1.6842066127037714e-105,0.0003171037507916,False,down
ENSG00000177359,3,1.7809916641291084,0.3169986226995797,0.0,0.494261718439387,0.0,5.618294644191429,1.9285142575091556e-08,3,0,1.0,1.7933133765800455,6.274489523215228e-05,,,1.5591713517266104,0.0161973566151117,2.3560271898656686,0.0355478850138794,5.570166705186221e-07,False,up
ENSG00000287917,3,1.7807628966891162,0.6296986543876039,0.7192436653621992,5.254790976250914,61.93949466231821,2.8279604605808606,0.0046845592042172,3,0,1.0,3.07692282640548,0.0064543601327251,,,0.7911902184258214,0.2006784641383265,2.075080146527122,0.0016328080235907,0.0289298103685533,False,up
MPPED2,4,-1.7796627792850257,0.2172470256767504,0.0,2.9606153791409295,0.0,-8.19188559079768,2.571650362070848e-16,0,4,1.0,-2.123723194631535,9.445148853492378e-09,-0.114287009123495,,-1.6892986570622703,1.0316351650649598e-06,-1.3917011398419603,0.0370026428315353,2.4396315870179865e-14,False,down
ENSG00000279133,3,1.777274663457785,0.5096141818554614,0.2516604417781625,2.9121595808781335,31.32244492601194,3.4874905894237105,0.0004875760817258,3,0,1.0,2.85190398895996,0.0022549937212575,,,1.1409565892383091,0.0742151441401567,1.823480904073547,0.0683246200794914,0.0045336130049446,False,up
ENSG00000261684,3,-1.7767136625258817,0.526921669777136,0.2774787337479966,2.565479125418417,22.04185252632644,-3.371874349516411,0.0007465850087265,0,3,1.0,-1.799407774894927,8.351987848848217e-08,,,-0.6253632921427728,0.6961478757038316,-3.907516696402942,0.0470871393944798,0.006465440469815,False,down
GALM,4,-1.774604128242515,0.1404648773895571,0.0,2.2886941188616188,0.0,-12.633792597995372,1.3748837411919836e-36,0,4,1.0,-1.8480641583825497,0.0014636337782959,-0.976093273134053,0.999899862550801,-1.6562904420230116,5.185223030698392e-20,-2.081247806322708,1.1525102155336722e-13,5.403538617838279e-34,False,down
TUBB4A,4,-1.7687090272285937,0.3295535299800968,0.2945666842765337,14.156538751180266,78.80837927456044,-5.366985531410977,8.00634766149609e-08,0,4,1.0,-3.034230694150742,2.001156251954246e-12,-0.8456008899761521,0.999899862550801,-1.4913453762007816,6.350725677287093e-18,-1.4390323448225053,7.3879844870244e-11,2.0442193234555387e-06,False,down
CRTAP,3,-1.7653200726166471,0.4004750205548772,0.408860920080159,37.43917682653081,94.6580022064408,-4.408065377387863,1.0429806537834743e-05,0,3,1.0,-2.6203775904172266,2.205003489307216e-06,,,-1.062619316653394,1.4157666574593043e-32,-1.9425337618239027,3.695942580169398e-48,0.0001665817214014,False,down
ACSS1,3,-1.7619472698064085,0.3473930804927406,0.3166660264461672,25.38706892342546,92.12197356838412,-5.071912391885501,3.9383770151087994e-07,0,3,1.0,-1.8676793810419028,6.994741981796818e-07,,,-1.285801689807987,3.772745632002286e-42,-2.178656547028674,2.9923857403843618e-43,8.746694220537797e-06,False,down
RELB,4,1.7584018159139718,0.3735073848684583,0.4280409590559987,31.005504232630305,90.32429862294325,4.70781003843671,2.5039227225344955e-06,4,0,1.0,1.7038756679895344,0.0412006504500739,0.0779796483596184,0.999899862550801,2.4583444769308587,1.0186314454062407e-123,2.322386121323892,1.6149979899435324e-44,4.746669698558287e-05,False,up
STX11,4,1.7536852483020993,0.4266557304192405,0.4269029243446768,19.74630989148016,84.80728796171483,4.110305155350645,3.9513658184132765e-05,4,0,1.0,0.9432537981371176,0.6039188775423506,0.116573835011683,,1.6164271876847318,6.2698632891639155e-30,2.5519939608332187,4.5572900976572374e-41,0.0005302781115698,False,up
FRY,4,-1.750092704271104,0.3019064939770149,0.2021097942425694,7.23757085883674,58.54962861832105,-5.7968037759543645,6.759069743310633e-09,0,4,1.0,-2.4368289724064884,2.599298211499749e-07,-0.234862769816256,0.999899862550801,-1.8443316348439431,2.5118541534527718e-20,-1.7872949262138982,2.3585484733103637e-05,2.1590764293254535e-07,False,down
FBXO32,4,-1.7495337515102904,0.4286378043878344,0.4897131001557119,13.152017043226667,77.1898105808416,-4.081613272559833,4.472417120650012e-05,0,4,1.0,-2.437016993659434,0.1112751338608415,-0.485146491046939,0.999899862550801,-2.29942163812419,7.411014929403925e-23,-2.0437254609916664,5.001733593947982e-10,0.0005887166770836,False,down
NCF2,3,-1.7489882026873025,0.0850850893606365,0.0,1.5094153725073831,0.0,-20.555754431591957,6.835936913360829e-94,0,3,1.0,,,-0.348933799183117,0.999899862550801,-1.73174008500405,1.0056851757824296e-64,-1.8177277793668591,5.531288081103914e-28,1.5045213552615846e-90,False,down
CPED1,3,-1.7482659857823355,0.2680937253187914,0.0,0.769567412948047,0.0,-6.52109997615,6.979364275579514e-11,0,3,1.0,-0.6163722427999989,0.7680856272919719,,,-1.7273128223846717,7.587570242780544e-08,-2.0175972526830854,0.0027161142489624,3.1477218922383093e-09,False,down
FRMD3,4,1.7463013491772668,0.3382273111018811,0.0,2.4847530103010493,0.0,5.1630997611876595,2.428936044108841e-07,4,0,1.0,2.1212619610319985,2.266385573702508e-06,0.567400675373551,,0.9857018489094356,0.3265854322831167,1.1893677120576205,0.3095953978604989,5.656979195216028e-06,False,up
DMKN,4,1.7436005546994764,0.3858119664946928,0.0,1.1528401503371135,0.0,4.519301385441763,6.204402086000559e-06,4,0,1.0,1.784487726131862,0.0001174077221374,0.138939585599102,,1.2426192884542429,0.4436623407938749,2.908309724299536,0.1455127072808394,0.0001059369166103,False,up
ZCCHC24,4,-1.7428283650412597,0.543558000659536,1.0405269358513192,70.00002618730403,95.71428731758944,-3.206333754496424,0.0013443796103907,0,4,1.0,-2.9549815912329755,9.325018612604453e-08,-0.628138504017271,0.999899862550801,-0.9478298481437673,3.1600950953053976e-17,-2.4288294277834845,3.472356290100026e-51,0.0106127872471626,False,down
PHLDA1,4,1.7392073992213284,0.6541378016598677,1.5264003580603078,37.89820734460745,92.0840582966865,2.6587783106374654,0.0078424547697947,4,0,1.0,1.1201894347997998,0.0094266516793862,0.377750819235004,0.999899862550801,3.252362519183682,3.2927329829928184e-52,1.8897773675139025,1.8016686345567433e-06,0.0433788859081209,False,up
HSPE1,3,1.738699928774723,0.45564026633188,0.5331620834660546,24.545482429941707,91.85186110842008,3.815948802708068,0.0001356606331638,3,0,1.0,3.2439075583921886,4.3965057808721416e-09,,,0.9190761102534232,1.686465280920085e-20,1.5265495314061746,1.1477045599498119e-11,0.0015319419575701,False,up
ENSG00000224713,3,-1.7384039596661058,0.3562632608316054,0.0,0.9362354248324458,0.0,-4.879548779765409,1.0632882343005044e-06,0,3,1.0,-1.8723904194705552,1.6239426930974858e-05,,,-1.6047550210683408,0.1685670084048949,-0.5703929910442169,,2.1608412510359927e-05,False,down
NAV3,4,1.7345631598496676,0.4351437670507883,0.5218212678459527,10.663011494842438,71.86535903622479,3.986184087171392,6.714442487209922e-05,4,0,1.0,0.8527273691202821,0.1435278164501328,1.32996749836652,0.0035105162411743,1.7581403060069714,0.000157386565702,3.642574188645097,4.672477904918085e-06,0.0008396486630738,False,up
KCNJ2,3,1.7345567889520153,0.3316361583166079,0.2027345716524409,10.794273895370226,81.47165784946571,5.230300573244672,1.6923465343516165e-07,3,0,1.0,,,0.746743928593487,,1.4241085719393425,3.017221329253641e-34,2.126733635900785,8.753485856733585e-30,4.0573915985342835e-06,False,up
ENSG00000283828,3,1.73163387066251,0.3274619730596383,0.0,1.5578490556779725,0.0,5.288045675908573,1.236301112122592e-07,3,0,1.0,2.087842779041704,1.535389027900197e-05,,,1.103322889777841,0.1944084276317207,1.5066991352322523,0.0491645304313801,3.0266686514689793e-06,False,up
CTSD,4,-1.7307976788107382,0.3999723259258353,0.5568411792901483,40.16250734684647,92.53034683793078,-4.3272935816356215,1.509527000639308e-05,0,4,1.0,-2.678404152753762,2.5388794916709047e-09,-0.489265317093348,0.999899862550801,-1.3666025576001146,1.5984703587061042e-40,-2.393657433330161,3.9499249735477325e-39,0.0002296004129721,False,down
GLP1R,4,-1.7264956376075329,0.3222468149630509,0.0795592081417534,3.653003239590471,17.875791417685072,-5.357680999284645,8.429690392438473e-08,0,4,1.0,-2.253594874106739,3.455512225862629e-08,-0.484602970937165,,-1.187021577554113,0.0212279441275914,-1.6006382112651707,0.073225805464796,2.134971873960626e-06,False,down
AMPD3,4,1.7235497464034195,0.1295376844185703,0.0216272658287819,4.644954755493167,35.41379501162693,13.305392590114367,2.1535894226205527e-40,4,0,1.0,2.529271875326354,0.0359000238123494,0.0468551647178108,0.999899862550801,1.8239923860533245,2.453913749331559e-83,1.6210954803484243,4.386306554986472e-31,9.673132571929743e-38,False,up
LINC02361,3,-1.7235345061359135,0.4608172374082155,0.4214199640367702,10.75503865295887,81.40406497330653,-3.740169347461103,0.000183896314667,0,3,1.0,-1.7089512241478806,0.2872248974099748,,,-1.2286667939844294,5.1613990495423095e-12,-2.2680539163879754,2.768602320399715e-16,0.001990838165031,False,down
LIMS2,3,-1.7213749179660742,0.3519105686980776,0.160722905095118,3.488736740601977,42.67265922578891,-4.891512421279201,1.000640774595496e-06,0,3,1.0,-0.1365666816743291,0.9273412689251512,,,-2.0246069270374427,1.154153105520227e-13,-1.745147541103682,0.000238533547043,2.046756766549468e-05,False,down
MPP1,4,-1.7196128748592772,0.6441756886413271,1.620748831612665,190.87698607610355,98.42830711985158,-2.6694780712482715,0.0075969233622102,0,4,1.0,-1.1518580979601352,9.976972042910646e-06,-0.591640029483355,0.577749773585211,-1.5965951363237876,2.722335965337491e-50,-3.486249844661898,1.3864172373241148e-166,0.0422864659278918,False,down
BCAP29,4,1.7172404576606817,0.5598211569622968,0.984417889054608,15.779034419924498,80.98742977446173,3.06748045568477,0.002158715767609,4,0,1.0,2.4973690104937707,0.0013119294964796,0.470410138231453,0.884132828903502,2.12227902900944,5.433340125361615e-05,2.1215379328307327,0.0006380900033698,0.0155316035728364,False,up
ENSG00000232648,3,1.716369270136693,0.2682838527709957,0.0388207389254735,2.411445295528816,17.062186577141013,6.397586930443286,1.578516162608077e-10,3,0,1.0,0.9709101937162083,0.2268552211461637,,,1.5931850759472406,5.466879403947848e-05,2.0823999054775744,2.5347035882692346e-08,6.785461371648666e-09,False,up
ENSG00000259065,3,-1.7163313562811344,0.491322841660546,0.5123639883033837,8.442810869636848,76.31120688498821,-3.4932863094261437,0.0004771146688017,0,3,1.0,-0.1916560878211357,0.8726149843357582,,,-1.6974530045904594,1.364423912100856e-10,-2.5654009847781314,7.787542794489394e-12,0.0044494986210409,False,down
SNHG17,3,1.7123861828099365,0.5617278679131231,0.9096276945500592,79.02269652322701,97.469081557585,3.048426614779906,0.0023004309151329,3,0,1.0,3.5261440401035444,7.101655554087856e-32,,,0.8174354144626503,1.7429140691268592e-16,0.9217489552062544,8.887023722761262e-10,0.0163458208698365,False,up
DUSP5,4,1.7117187967236664,0.4110884471105874,0.5229254076590809,38.26821900366806,92.1605967612121,4.1638698648789685,3.128984982223202e-05,4,0,1.0,2.5525938785782474,0.0010629543244182,0.6011986404345361,,1.3428992294607935,3.434916249662559e-31,2.389238932402814,3.046522981459873e-59,0.000432574312021,False,up
PLCL1,4,1.710856395591192,0.4071230058366659,0.3223324059058386,6.668843041269965,55.014685734323386,4.2023083222115245,2.6420693925547013e-05,4,0,1.0,0.7395224819386038,0.3854760169622868,0.722386242620032,,1.6103739035067437,2.896095068191215e-06,2.514669737291854,1.9109208096791846e-10,0.0003729910536288,False,up
TYMP,3,1.7031430831514505,0.1174781084978039,0.0,0.4517637867663401,0.0,14.497535795643897,1.255777250129165e-47,3,0,1.0,1.498537382546624,0.0033325575610858,,,1.6786428630908417,9.528126905055848e-30,1.8096971019348873,7.011548612300052e-15,7.896686142312228e-45,False,up
SPRY4,4,1.7004412738974952,0.5654041048017971,1.128756032317441,45.687662006503515,93.4336758147682,3.0074795344713428,0.002634238611433,4,0,1.0,4.656922029093473,2.661423301671548e-14,1.07491584617543,,0.6693282806933916,3.955452513725498e-08,0.9182839635420976,0.0008385673730146,0.0182317476726509,False,up
ENSG00000272764,3,1.6952298402402803,0.5877123852261935,0.0,1.5283211190615094,0.0,2.8844548504585883,0.0039209197759561,3,0,1.0,2.0585463588171753,0.0142655392840555,,,0.2686507184127686,0.8903088533210439,2.0876554238004337,0.2086110502079405,0.0250494987950708,False,up
SLC43A3,4,1.6952251611312146,0.3960113652396907,0.4011260703509875,40.93128079908517,92.67064225347414,4.280748761099719,1.862655477220673e-05,4,0,1.0,2.6172026969479587,0.0033288745010207,0.210088370187237,,1.2397075986758015,9.86767323316191e-57,2.151020733560389,1.3537146536542694e-62,0.0002757161974242,False,up
RPA4,4,1.6921671924270951,0.5691596126060329,0.5558948544286615,5.312827896967735,43.53289701493564,2.973097800596048,0.0029481049789516,4,0,1.0,4.058214958070132,0.005059958996835,0.630538028701926,,1.2581511735610718,0.0639661328284641,2.000563254805382,0.0417615286206294,0.0199207227867704,False,up
DDR2,4,1.6903430981423182,0.3528651535756975,0.0,1.657051137273722,0.0,4.79033727477344,1.6650120542672347e-06,4,0,1.0,1.9906680823548653,1.7648217082607618e-05,0.667510095889383,,1.107670796165197,0.2392991596144816,1.3905025992782607,,3.283624579065194e-05,False,up
TP53INP1,3,-1.6844158762083394,0.4368611847159845,0.451078020041308,23.817928106449,91.60296398972471,-3.85572336279641,0.0001153879171671,0,3,1.0,,,-1.31390249813857,0.810402933993036,-1.276922543432243,2.7054260750589227e-61,-2.304064780444312,2.3838388580525688e-30,0.0013296191983938,False,down
AIFM3,3,-1.6828432015330346,0.571575855236927,0.0,1.2065397669044695,0.0,-2.944216740637986,0.0032377317129142,0,3,1.0,,,-0.057363947425204,,-1.7797975795252918,0.0490466693567182,-2.1142381944315507,0.0606067039863055,0.0214636256835935,False,down
LINC01588,3,1.6804118718800205,0.3800678368122402,0.3015413610851699,8.385582666750226,76.14954047343396,4.421347215208245,9.808740890884117e-06,3,0,1.0,3.296516823625645,6.7128981533238945e-06,,,1.245853629438987,2.5115479026122824e-08,1.360441645334404,5.96552721738905e-07,0.0001582139695707,False,up
AP3B2,4,1.6774504107711088,0.2704170358092703,0.0930149632515818,4.385464479516688,31.5921947603912,6.203197981780418,5.532716422955431e-10,4,0,1.0,2.377645460549376,4.6273361673852335e-05,0.654519915600765,0.999899862550801,1.3255183318512016,3.363505380878956e-07,1.906501294053941,5.012314158662413e-06,2.1705803164496633e-08,False,up
CAPN11,3,1.6716765542547762,0.1816875142422478,0.0,1.4486255557075634,0.0,9.200833426703689,3.5518408812550414e-20,3,0,1.0,,,1.09704042707721,,1.8005194831742144,1.6478176603264342e-16,1.3127191756096943,0.001017726095143,5.1429253918119875e-18,False,up
TLR5,4,-1.6657942273557345,0.2583193382997922,0.1445687403459526,10.361503054123528,71.04667166211854,-6.44858506652916,1.1289918924599348e-10,0,4,1.0,-0.5735660853362331,0.7743577130432553,-0.900587323183863,,-1.6085334251552088,1.8241632092333912e-37,-2.1555606664550138,6.775756952013458e-34,4.9596771579143135e-09,False,down
KCNN4,3,1.6651012539312466,0.4600218670002998,0.4375594553300399,33.564867200843985,94.0413886102022,3.6196132692321807,0.0002950436401772,3,0,1.0,,,0.399460196286351,,1.2751936848975538,1.2816297392837206e-46,2.23715447960987,9.738328781604163e-54,0.0029814579782648,False,up
GSTM4,3,-1.6618725259127047,0.5671927702786078,0.8961282932316257,44.270068717144085,95.48227491405387,-2.9299959608025063,0.0033896640991508,0,3,1.0,-2.3578048976114645,7.518053551240256e-08,,,-0.7004959130842929,1.43171433255473e-09,-2.040567709185415,8.292537928904088e-23,0.0222629415572101,False,down
PROX1,4,1.6575509216705446,0.2023080372867485,0.053301754105228,4.4986345937039225,33.3130989523208,8.193203512330829,2.543635428630993e-16,4,0,1.0,1.7043785314630846,0.0001993785771403,0.435770459353536,,1.4735589657581596,1.1433185343692743e-10,1.992378885538165,1.1103843479830674e-15,2.4235009588198933e-14,False,up
KBTBD8,4,1.6567956988471142,0.1733300043263938,0.0471233807103946,4.947049566031453,39.35779377269076,9.558620305156396,1.1933694134706124e-21,4,0,1.0,2.31341531070317,1.2484432797714058e-08,1.31634594600809,,1.476915460331884,4.68593965498036e-30,1.7193100054531412,1.2589279385655899e-10,1.9312402515496112e-19,False,up
ZNF488,4,-1.6552881041582534,0.5026487586187716,0.3041835187319002,4.289344372476981,30.059241238595607,-3.293130791184722,0.000990783733173,0,4,1.0,-2.314933571434554,0.0101323138504731,-0.35217409021495,,-1.6984094394592508,0.0155796251838967,-3.1054189745655156,0.0619069017060418,0.0082132426302843,False,down
PACSIN1,4,-1.64963024930173,0.3774406514006498,0.0,1.8215947398508792,0.0,-4.370568573311045,1.239234283708297e-05,0,4,1.0,-1.4949797888899443,0.0627073290750601,-0.326212767476129,,-2.2204220047623537,0.0010996393761005,-1.3518992723952603,0.105399836850422,0.0001937095692481,False,down
WLS,4,-1.6491730251383157,0.5127422179828592,0.957587102614986,68.2775036743656,95.60616625014904,-3.2163784593868705,0.0012981950905667,0,4,1.0,-1.286936358216637,5.927064340875936e-10,-0.518085078659068,0.999899862550801,-1.3398880915340947,8.385941987645962e-23,-3.208624567865394,1.562692627060473e-51,0.010288792131179,False,down
RNA5SP317,3,1.6474396303670829,0.606053960640846,0.0,0.1997708662513639,0.0,2.718305196166143,0.0065617281944853,3,0,1.0,1.5911054413087875,0.2809330918114011,,,1.388085392480221,0.2274886806250007,2.012164162327632,0.100910372326825,0.0376969657615317,False,up
NHLH1,3,1.6459903402586429,0.5465475961900012,0.2845046093217914,2.9065330944390464,31.18949845000836,3.011613904686231,0.0025986288802936,3,0,1.0,2.439403279961112,0.0005214821978603,,,0.8323305206404694,0.342163992114942,1.5204717996008583,0.2856689409736254,0.0180357740530012,False,up
LTBP2,4,1.645873868276678,0.267489958970212,0.190054482263974,12.5169894660455,76.03257549957983,6.153030471173554,7.601619299768215e-10,4,0,1.0,1.9200959458348903,4.2928587041333387e-07,0.0696804587508728,,1.558321231675807,1.1915094564495663e-34,2.138416764102666,4.030884409755785e-24,2.9300181990998008e-08,False,up
ZNF649-AS1,3,1.6456639952883745,0.5691211723655603,0.5026518492618827,4.205903388557918,52.44779027875526,2.8915880750810037,0.0038330013947297,3,0,1.0,2.5315353484653063,0.0002430995975624,,,0.9128503446331652,0.1058315484202962,1.680167022326931,0.1889588355743381,0.024594906033996,False,up
CD48,3,1.6453896812560505,0.2878360844886773,0.0898872257059707,3.085259387070484,35.17562872083049,5.716412117608469,1.0879669557228578e-08,3,0,1.0,,,0.272581449972931,,1.392721506379502,4.783385410745992e-09,2.074811767892318,1.1589812221651584e-08,3.3257034345144965e-07,False,up
RND1,4,1.6448195279400628,0.5688918888310547,1.0024969094295773,15.113535496490831,80.15024346423402,2.891269079824285,0.0038368944929674,4,0,1.0,0.4804050172856571,0.5805380159664332,0.551671811396699,,2.0735886309087705,3.0739294050495945e-08,2.9918936084632337,4.483040167165866e-12,0.0246127108410727,False,up
MUC1,4,1.6440357105391816,0.5291352567328622,0.7392089687106178,22.813375649293956,86.84981983324836,3.107023562728093,0.0018898133505372,4,0,1.0,0.5681023894632009,0.6166839292782064,0.208475955046932,,1.491663997290702,3.524648442898847e-21,2.7661269527134267,3.1151232038850047e-28,0.0139526675719469,False,up
ENSG00000274943,3,1.642479975985336,0.3974066978810207,0.0,0.9078703234022848,0.0,4.132995203007567,3.5806620235333615e-05,3,0,1.0,1.9195843825228576,0.0004766298935908,,,1.010193204787322,0.3475170344439586,1.4137597828404156,0.2464743827918415,0.0004864616696046,False,up
GNAL,4,-1.6421166629188848,0.1799696608216631,0.0,1.6989678646326256,0.0,-9.12440827760465,7.212920241905426e-20,0,4,1.0,-1.5729616981914236,7.575201352798278e-12,-0.0043738389123443,,-1.9685352988450784,5.072142740373709e-06,-1.6609622986331192,0.0079217105518085,1.0047415291398514e-17,False,down
C1QTNF6,4,-1.6413386748112528,0.2816776499834606,0.1969024118756634,9.87027625398823,69.60571393543513,-5.827010680143164,5.642900241724624e-09,0,4,1.0,-1.2706721760537474,0.0305577248305334,-0.683754762292887,0.999899862550801,-1.6871940458623,6.255233205779734e-21,-2.2605130206665436,6.000106575823332e-23,1.839919872890626e-07,False,down
LINC02593,3,-1.6404316453240524,0.575909786498065,0.4099048939763176,3.379318505452021,40.81646945165715,-2.84841772753859,0.004393721192159,0,3,1.0,-0.7316272117207216,0.3262643503104145,,,-2.2481801616615535,0.0225140735312122,-2.3757762241700076,0.0138599664744869,0.0275109583760301,False,down
CD37,3,-1.639875784128392,0.6119335120220789,1.059045818147276,81.84073980930576,97.55622932458806,-2.6798267326618066,0.0073660277231333,0,3,1.0,-1.626420631959249,0.0004230240265264,,,-0.8710994123366694,1.4549074719326566e-26,-2.4330694624968108,4.042489969690778e-54,0.0412730847480892,False,down
HSPA4L,4,1.63908712674958,0.3520536743474979,0.3066031534644665,8.060017047917157,62.77923505415848,4.655787586331803,3.2274455092133304e-06,4,0,1.0,2.0479953935812794,2.9933103921698504e-09,0.397766603514931,0.999899862550801,1.8548864808374208,1.636642315230657e-05,2.0402088333153032,0.0002367566630944,5.9512899571356325e-05,False,up
DTNA,4,1.6375556438540495,0.0875897785769056,0.0001990691824399,3.0123489169135365,0.4099431126387975,18.695739051517776,5.362231003982903e-78,4,0,1.0,1.995245592174498,3.567950043321974e-05,0.545148601341562,0.999899862550801,1.673150012790131,2.56763044894479e-54,1.552137932593657,1.082518621167094e-19,8.42981015476141e-75,False,up
C17ORF113,3,-1.635715447508843,0.2744753598604221,0.0,1.86568906006207,0.0,-5.959425459322274,2.5312628968024e-09,0,3,1.0,-1.052173575660311,0.0865519875985488,,,-1.7417735146124902,3.0310272553965968e-05,-2.0674326552294944,0.0008017976970579,8.792302758025918e-08,False,down
ENSG00000264044,3,-1.6342099000818853,0.3992893415043624,0.0,1.121297726384949,0.0,-4.092796201182923,4.262022891745156e-05,0,3,1.0,-1.538091153192625,0.0010455490728975,,,-1.8111795385005112,0.2404501094398533,-4.173197984743797,,0.0005654180941797,False,down
SNHG15,3,1.630093062764903,0.2974312186758757,0.2218078535926057,17.381760099789112,88.4936854005696,5.480571508336822,4.2395411995817254e-08,3,0,1.0,2.136283451269905,5.500993203822513e-09,,,1.1309277173516117,3.3773703312030893e-25,1.7902022218685338,1.3524688441228566e-29,1.1406853577212004e-06,False,up
XK,3,1.626823470196986,0.3327290421989322,0.0,0.7087790125283685,0.0,4.889334154438914,1.011776220017555e-06,3,0,1.0,1.4965562638872416,0.0004527246574605,,,1.6968622955660153,0.0747955646835298,2.412574209822505,0.0396329356088579,2.0656941397371407e-05,False,up
ENSG00000230747,3,-1.6228442146628503,0.3814690107054879,0.0,0.1665621346245684,0.0,-4.254196721410125,2.0980079804026315e-05,0,3,1.0,-1.6122724855295485,0.4572616610317935,,,-1.5480693738868505,0.0010604246665248,-1.9618904458315456,0.064698770674283,0.0003055927044386,False,down
SLC27A2,4,-1.6210560735683055,0.4851903573639467,0.6676629923040149,11.587596832914471,74.11024871456931,-3.3410723213370317,0.0008345548124484,0,4,1.0,-0.9073249996636176,0.0108346856018843,-0.856206265582472,0.978844246690709,-2.512780135220138,1.5593918703867013e-08,-2.35915068375039,0.0045489040219803,0.0071165117656632,False,down
PLAC8L1,4,1.6127171181801756,0.5546328774289044,0.6843883979134004,6.9189049221477354,56.6405372850715,2.907720014104107,0.0036407414069496,4,0,1.0,2.8478233409996765,1.8500290132585392e-05,0.535572306074291,,1.765556873600906,0.0208602126247176,0.9702881464109115,0.4666023017233281,0.0236020847203403,False,up
ENSG00000267560,3,1.609681082828069,0.5457463187551616,0.0,1.5311834488409946,0.0,2.9495042431064404,0.0031828420243159,3,0,1.0,1.897720135323685,0.0212751528205187,,,0.6931229893684985,0.5966018977714705,2.671602255868386,,0.0211507156138795,False,up
TMSB15A,3,-1.608624347583201,0.2167685279347103,0.0,0.0283617259406395,0.0,-7.420931271294656,1.162996590851637e-13,0,3,1.0,-1.6318501470017663,6.839164435041207e-06,,,-1.5738229207559469,1.9379425584000644e-06,-1.6813089642608643,0.0329626898779232,8.151717187278238e-12,False,down
DTX4,4,-1.6081551203702729,0.3756958033567035,0.3935076534977528,27.515081977343876,89.09688874461568,-4.280471344108717,1.8649790115274874e-05,0,4,1.0,-0.3781516962600865,0.6426325672087495,-0.320524380347702,,-1.8022850535633108,5.773706675179536e-76,-2.5757855780878036,1.8000561817733147e-54,0.0002758489453273,False,down
DLEU1,3,1.607848889778019,0.3508578229497104,0.2320895510054907,5.423253652133308,63.12176917608724,4.582622317668765,4.591809477846255e-06,3,0,1.0,2.078711033390426,1.35629754331564e-07,,,1.0229829321099595,0.002378341741357,1.8287276514963648,0.0001446792020393,8.065533503425237e-05,False,up
PRSS35,4,-1.6059225606126637,0.6147118585030621,1.2058847770627603,21.9991115524318,86.36308565075494,-2.6124802025511342,0.0089887898223247,0,4,1.0,-0.7831744476158297,0.1201410875262399,-0.174732781184094,,-1.3317547839540174,2.1433732105326903e-14,-3.957087782858996,3.68971294831587e-10,0.0484769113451471,False,down
FERMT3,4,1.605819541801645,0.0625734497157553,0.0,1.140729388850442,0.0,25.66295368237172,3.030992543614165e-145,4,0,1.0,2.245224736456898,0.1188169057348532,1.12477313788821,,1.576036982368073,8.745431966364556e-110,1.7186219869245654,4.865248575512178e-33,1.3341822978480832e-141,False,up
QPRT,3,-1.6038392036301334,0.5018602895065125,0.6517885781231698,31.104826593034502,93.57012972241462,-3.1957882246615186,0.0013944942463649,0,3,1.0,-2.6999468634718076,1.5955168296776352e-05,,,-0.7149654218075425,5.7193787568278266e-12,-1.763919622364259,2.4197090047783466e-17,0.0109299942550737,False,down
ENSG00000244480,3,-1.6017318341498463,0.4519905248419252,0.1999337863831681,2.9310829298703656,31.765833725883187,-3.5437287865935256,0.0003945108515794,0,3,1.0,-0.6252082303424262,0.7751081045891043,,,-1.087722580855532,0.0802970110954098,-2.18852582569203,8.106320178088347e-06,0.0038149338015874,False,down
ATP13A3,4,1.599207384958357,0.3398068501350899,0.4155376410912246,46.80460974923621,93.5903749308604,4.706224681234629,2.52346392051703e-06,4,0,1.0,0.8554852616854188,0.0022822639859168,0.780259978278693,0.458594111946105,2.060534117052288,2.019050659978088e-105,2.4868684429591195,3.370299772432935e-67,4.771384658647706e-05,False,up
CBX7,4,-1.598394787200593,0.5091616474447943,0.9526867719880948,52.210978117547825,94.25408198014256,-3.139267843958923,0.0016937055980241,0,4,1.0,-0.0824501286436506,0.8871549795778919,-0.944499972153519,0.36199639470364,-2.285729567910722,1.0688772349575679e-49,-2.8529977312468944,1.1898408427262195e-46,0.012744193677577,False,down
NIPSNAP3B,3,-1.5965073918667023,0.5002199639729314,0.6525124232091749,23.973850430447666,91.65757705128615,-3.1916107049919633,0.0014148188096789,0,3,1.0,-0.3994142664321176,0.5511434233668513,,,-1.5115645817660963,4.1182634398904704e-24,-2.601267445602682,1.1019908409489917e-29,0.0110483983007064,False,down
SHISA2,4,-1.5962784919428936,0.3502022534480531,0.134565712031027,3.964480490246374,24.32804229001102,-4.558161680075185,5.160330703185746e-06,0,4,1.0,-2.066220666140419,9.038877944039044e-12,-1.27708562590915,0.999899862550801,-0.983876997530348,0.1795285699906414,-0.7373846212465619,0.577882982729703,8.97815956098143e-05,False,down
TCN2,4,-1.59450475546693,0.4756007382544671,0.7072797721019142,31.75443743971546,90.55250150252108,-3.35261202772524,0.0008005283654534,0,4,1.0,-2.9643632881192077,0.019885796287299,-0.505092147051561,0.864215730862928,-1.1902529068696197,4.2774056717552036e-21,-2.554451314074395,1.832004657694095e-20,0.0068716180948768,False,down
PDCD4-AS1,3,-1.5909784937699023,0.4469685167485492,0.3671291934809738,6.6719147357692705,70.02359773458046,-3.559486706901413,0.0003715803400353,0,3,1.0,-0.6242340244410802,0.6955038049441327,,,-1.240375262327017,5.96881928976166e-07,-2.2603153661820117,3.0807458311479444e-10,0.0036170330401762,False,down
ENSG00000245748,3,-1.5906232800225832,0.4380104672145173,0.2105697874766952,2.866399531857577,30.226056145638037,-3.6314732160123686,0.0002818079086624,0,3,1.0,-2.0035658868248936,3.047678086885296e-10,,,-1.1912761576468387,0.2351577510852961,-0.3507056750782384,0.8136225368781935,0.0028674573563345,False,down
PRKCB,4,1.5888503811486077,0.4935825479447708,0.6178332752683181,51.06695525259772,94.12535956929332,3.2190165308000136,0.0012863106957624,4,0,1.0,2.8172169994080667,0.0020283112486374,0.715168577757111,,0.7864236510412153,1.7596091435208046e-19,1.901134634294744,1.1864052950211311e-40,0.0102129913791613,False,up
TMPO-AS1,3,-1.5869140185476154,0.5208704286740626,0.7680537513388037,40.67816062673461,95.0833568450842,-3.0466579233290187,0.0023140088772469,0,3,1.0,-0.5531282521037478,0.0077320694272525,,,-1.718836049460239,2.833248742301697e-28,-2.5395933299382083,1.044073377498988e-17,0.0164022613137929,False,down
USP12,4,1.5826247795318726,0.5675552174407168,1.2582173711996567,153.64723419357534,98.0474754291897,2.788494812308167,0.0052953595517158,4,0,1.0,0.7417618449159629,0.0005335048100261,0.30582170967945,0.999899862550801,2.2598725735367458,1.7621523860050167e-82,2.974711790240933,1.9694896883695275e-105,0.0320059419308997,False,up
IDH1-AS1,3,-1.580243173185116,0.6044483991516818,0.3027727245499205,2.7530718507523093,27.35387565517128,-2.614355791830902,0.0089395889743091,0,3,1.0,-0.3118220422457612,0.8168026247950212,,,-2.2745210030143777,0.0077072229187113,-1.9410679665979511,0.0948025365722049,0.0482470362274571,False,down
RAB42,4,-1.579647121864845,0.4163944504948281,0.2672469286523304,4.899763831849842,38.77255918950304,-3.793631543330247,0.0001484599242434,0,4,1.0,-1.5622855945222875,0.0246393878589533,-0.330132093126498,,-1.3762704220058457,0.0094471258840009,-2.7845649448248104,0.0003233828623736,0.0016602919068462,False,down
C11ORF96,3,1.5789133075941946,0.2509466564088447,0.0,1.4771716652657485,0.0,6.291828431544486,3.137481509028507e-10,3,0,1.0,1.3457387361323014,0.1432564560137808,,,1.414271012922981,2.1313566603638374e-05,2.111246593319817,0.0001168832453738,1.2738607480265e-08,False,up
GRID2IP,3,-1.5764197492619605,0.3320067638574569,0.1595420112633161,3.916971978566666,48.940150428856064,-4.748155522333807,2.0528016168233397e-06,0,3,1.0,-0.4920261643496014,0.6178041373979201,,,-1.5374224671157608,3.238384408027954e-08,-2.0861443493405223,1.890498367791274e-07,3.949310383274902e-05,False,down
MYC,4,1.5743683694588833,0.2879199300966706,0.2838972807395463,38.25918866799381,92.15874642289609,5.468077075908849,4.549440597396032e-08,4,0,1.0,1.396846956513295,0.0002932543207814,0.865898398752354,0.0819373426301565,1.5597298386001457,1.2517175916884026e-85,2.321377171631282,1.2012146567870282e-73,1.2078243438852746e-06,False,up
CCNA1,4,-1.5702657286049455,0.3630667221097493,0.3526534510083198,14.363147500700304,79.11321317382746,-4.325005936870962,1.525277544677898e-05,0,4,1.0,-1.073051747074795,0.0488228108440409,-0.30948257130229,,-1.5166982869864638,4.093419113234699e-11,-2.3301701533455055,3.297500304674384e-36,0.0002315160929711,False,down
CST3,4,-1.569432758849125,0.5287677599731185,1.0439276348799806,89.17626732224895,96.6358762369374,-2.9680946488282713,0.002996520439199,0,4,1.0,-3.8084707946833865,6.619551054221283e-20,-0.456787111960009,0.999899862550801,-0.5622505329888438,9.87839260257992e-09,-1.6255341773658594,5.236237008338693e-24,0.0201621578558031,False,down
CRB2,3,-1.56782372797013,0.3964822004281844,0.0,0.2787060922247327,0.0,-3.9543357211923897,7.674758256333845e-05,0,3,1.0,-1.2573861358528151,0.1301387530421351,,,-1.6958279582083986,0.0076482532129658,-1.7372713546542349,0.0892041631938527,0.0009410237017473,False,down
MYLK,4,-1.5644110873688113,0.1603680956049509,0.0,1.3365060413424257,0.0,-9.755126675710892,1.7538158443513242e-22,0,4,1.0,-1.6554791859818632,0.0116730110823158,-0.6472515793046629,,-1.6586109375725504,6.578299535082023e-16,-1.372737533068328,7.672957322217092e-05,3.216644409860691e-20,False,down
OR2T8,3,1.55893962443489,0.3910162140225135,0.0,0.8502524834920618,0.0,3.986892534193303,6.694432918896019e-05,3,0,1.0,1.7030998465112632,0.0291582871689995,,,1.695738234549412,0.0036292793534138,0.6271814963558978,0.6624134833231049,0.0008380988288508,False,up
C14ORF132,3,-1.558331968339912,0.507958776418778,0.7237814049486184,42.325266072023766,95.2746900714182,-3.067831565637074,0.0021561811281047,0,3,1.0,-0.827703413056282,0.027513384538742,,,-1.2398356235736967,2.373625517489809e-22,-2.54489875057914,3.692228590794453e-45,0.0155184403036161,False,down
LRRC20,4,-1.558276886269684,0.5753459353415132,1.151589405827257,23.68692598209208,87.33478543282452,-2.7084173026176392,0.0067604958027798,0,4,1.0,-3.190731526285931,7.749164111203867e-13,-0.453301637169333,0.999899862550801,-1.116270988352554,0.0026282296395197,-1.495978129270956,0.0050894589464481,0.0386171170836701,False,down
PCDHGA12,3,1.5542982385209358,0.2630579656969889,0.1114187968675531,5.036168973403596,60.287273708206435,5.908576972389803,3.4507556919316212e-09,3,0,1.0,3.6836641752510486,0.0010566578650374,,,1.4908011320912684,9.201562026199771e-29,1.323569316445646,4.390227555726226e-07,1.173843617059089e-07,False,up
RALGAPA1P1,3,1.5501293335531814,0.4276051080299579,0.0,0.4388406613879257,0.0,3.6251422268898144,0.0002888024655879,3,0,1.0,1.8627945353785968,0.0086714498099753,,,1.3126107689034818,0.1454564905420905,1.268376717695474,0.2429332836855936,0.0029277998457507,False,up
REEP6,4,-1.5439039201539164,0.5122883294351885,0.8393419951132642,24.804401325398945,87.9053722738791,-3.013740176076452,0.0025804869854182,0,4,1.0,-5.003000957796996,4.65861336372523e-08,-0.327426581868931,,-0.8998235769486137,7.329752176055168e-06,-1.250818423044471,3.0568922376203115e-05,0.0179253753677009,False,down
CREB3L4,4,-1.54219013247518,0.1859755886760451,0.0659382957745287,5.856600090070892,48.77574097835173,-8.292433127670071,1.1095505049336924e-16,0,4,1.0,-1.7067395728393433,1.983163879528532e-07,-0.6815417236621281,,-1.7013672940751534,2.1804207726535845e-23,-1.684043426683737,5.50044930925121e-10,1.110004411958438e-14,False,down
GCHFR,4,-1.5421504234327696,0.4284716482090529,0.1580018342782489,3.7396333572745535,19.778231890989407,-3.5991889542253883,0.0003192111915893,0,4,1.0,-2.1701896785663024,1.0724157849453448e-05,-0.438190772177282,,-1.368795115164848,0.1886418815432729,-1.0377363966139166,,0.0031977783867501,False,down
KLHL33,3,-1.54126432474333,0.3938204997595475,0.2553014904326409,5.746663620712758,65.19719733044093,-3.9136213723875977,9.09221661898774e-05,0,3,1.0,,,-0.671254056674367,,-1.1793969542566431,1.653681816747828e-10,-2.0669350036359084,2.546060223020321e-09,0.0010846102740775,False,down
LINC01504,3,-1.5388156339677364,0.372172030788669,0.3180817796934738,9.908733621638024,79.81578598871066,-4.134689086406722,3.5543550420587664e-05,0,3,1.0,-1.9149292262213329,1.3666213965079993e-19,,,-0.9133973629892272,0.0010317419607883,-1.859988399675246,0.0003813611636292,0.000483507621687,False,down
CLEC11A,4,-1.534223720747031,0.2941709833663481,0.1919184330348388,11.440909663462635,73.77830882118828,-5.21541486923737,1.834062782204879e-07,0,4,1.0,-1.8981525158776853,0.0122418316940615,-0.0720407053601413,,-1.277730318051637,1.5850604637713103e-35,-1.9682939704299105,6.7594437727201956e-21,4.363936572754966e-06,False,down
ALDH7A1,4,-1.5323448334325556,0.2728425769123447,0.1978887715224592,9.740760230773244,69.20158253641921,-5.616223284406404,1.9517641616726543e-08,0,4,1.0,-1.7554426673414625,7.796506338941741e-09,-0.4503148129504589,0.999899862550801,-1.576888873332022,1.9721491432653128e-17,-2.175807434716152,1.1258336621892775e-07,5.6299315116977e-07,False,down
GPAT3,4,-1.531107781716628,0.4801459304219416,0.747521175446658,42.934493836919486,93.01261123190348,-3.188838402464693,0.0014284570648728,0,4,1.0,-1.2146436833209302,0.0774945468241549,-0.0221988893544111,0.999899862550801,-1.5246675159907068,1.569232468131727e-33,-2.7344157292620817,1.2673390066784464e-57,0.0111013105723115,False,down
FN3K,4,-1.528433657826303,0.3727012128610638,0.2987511240813016,6.694915371305232,55.18987420127577,-4.100962393154527,4.11435427547044e-05,0,4,1.0,-1.142229380197486,3.337498027790695e-05,-0.859706521912145,0.943851267250661,-1.800303837518031,0.0107077079476258,-2.736618552545815,6.363556202099281e-05,0.0005488049893868,False,down
BVES-AS1,3,1.5283860878661029,0.3777418666717417,0.0,1.2766006990949392,0.0,4.046112498285166,5.207521418781159e-05,3,0,1.0,1.1577784468743055,0.2545967002370161,,,1.9244309976279783,0.0006259988001862,1.0116539057189842,0.2559227921203924,0.0006722131314132,False,up
HDAC4-AS1,3,-1.5176234241335145,0.4353025282700836,0.2172975313213071,3.1247158424829697,35.994179924829425,-3.486364828076313,0.0004896327588883,0,3,1.0,-0.0089330742793912,0.995249545648908,,,-1.5054401489621,8.904127463733162e-05,-2.195867492242142,0.0013260681955129,0.004546973582436,False,down
FOXD1,4,1.512794335937281,0.3711306381386757,0.4336224189143509,14.696482500832976,79.58695218512345,4.076177443943646,4.5782087777632374e-05,4,0,1.0,1.6044607697831583,9.68513748588009e-05,0.282887382175888,0.999899862550801,1.765409672868846,3.098331084158731e-10,2.234810912173205,2.425090585347305e-12,0.0006019223237144,False,up
PCDH18,4,-1.5087979836967005,0.5064604478686587,0.7936422542075555,44.15770602481884,93.20616882064968,-2.9791032844641396,0.0028909331347022,0,4,1.0,-1.256735942213516,0.0033835293065781,-0.500099529864189,,-1.0588368027330952,2.139581186847508e-24,-2.529176918877718,9.703663571618176e-36,0.0196375406884125,False,down
CX3CR1,3,1.5029593437258455,0.3600765236101826,0.2503286239014858,20.722351375308975,90.34858562246448,4.173999817197034,2.9929799477465347e-05,3,0,1.0,,,0.991120479516064,,1.8768270002408551,7.41636053887975e-90,1.1323922371702488,7.272612655066728e-16,0.000415861715088,False,up
TMEM249,3,1.5011665619221055,0.5214621427126204,0.0,1.5154636185797108,0.0,2.8787642265133786,0.0039923668472237,3,0,1.0,,,0.319842829235906,,2.1486671578250096,0.0165508140694116,1.2512958874602258,0.1936113605381471,0.0254123726878337,False,up
ABTB1,4,-1.5006386168107664,0.1494114369161361,0.0399736694709095,6.395832221561754,53.09445438724391,-10.043666320223313,9.796383584737969e-24,0,4,1.0,-2.3948553922232234,0.0015184148290846,-0.756531886093461,0.728569377554254,-1.480528886936611,5.181079341793072e-70,-1.6526456498148288,1.8331357731254022e-28,1.9424198767252068e-21,False,down
CSPG4,4,-1.499641539676985,0.1912480194884382,0.0,1.3228515306439594,0.0,-7.841344154508459,4.457489043009041e-15,0,4,1.0,-1.6082674023419543,0.1348749033329944,-0.25305277490599,0.999899862550801,-1.4479375108650645,4.972248897454857e-09,-1.7049444060861287,1.2346255441062728e-05,3.787833063613359e-13,False,down
FAM53B,4,-1.498735224719977,0.2014891150639695,0.0912850371503394,8.769685679687802,65.79124828899457,-7.438293747253555,1.0199406377601808e-13,0,4,1.0,-1.8934925077668328,1.3367767699074323e-08,-0.277790621465601,0.999899862550801,-1.291152167691457,1.020505574717409e-28,-1.71801128915929,2.989379039479293e-21,7.1718445675603235e-12,False,down
PLD1,4,-1.4987000909911865,0.3549710974890004,0.3094200230005508,8.986011622273132,66.61477721034697,-4.2220341362795795,2.421074312735313e-05,0,4,1.0,-0.7206005465959294,0.3494344673496822,-0.395119131084699,0.999899862550801,-1.7946058666288975,3.423703159479644e-21,-2.2685224306684995,4.4504828347496e-09,0.0003451128532965,False,down
NDRG2,4,-1.4973322520935808,0.2374325168235533,0.1533762188108218,10.6414543105754,71.80836460465162,-6.306348734896809,2.8569492421845855e-10,0,4,1.0,-2.021801501738851,1.0064437159783486e-05,-0.732253936430467,0.365098295120399,-1.517238220969471,2.7488100036785307e-26,-1.832998585218441,8.39693374173592e-13,1.1731081319261296e-08,False,down
POTEF,3,1.4960799496303758,0.5551063008343122,0.0,1.9390136729479184,0.0,2.695123343730384,0.0070362579164699,3,0,1.0,1.644773328517112,0.18483309661461,,,0.8122628236044062,0.4305681482144465,2.749089134542417,0.0372668303472305,0.0397997945216107,False,up
TAPT1-AS1,3,-1.4925356380717327,0.367513022424894,0.0,0.5727027833698773,0.0,-4.06117755562458,4.88258191726356e-05,0,3,1.0,-0.7007659591400316,0.7304923202446932,,,-1.3982613963377395,0.0081569349217778,-1.8072665972875168,0.0111979801875798,0.0006358623989174,False,down
RFTN1,4,1.4920526527562836,0.5492428323858055,1.0576947080660477,80.92068540876384,96.29266610280702,2.7165628111614915,0.0065963677349933,4,0,1.0,2.1001664461903675,0.0127424358273715,0.753090777619885,0.65144944623783,0.8170388544486598,1.7275797604412264e-21,2.4468698365100625,2.3971937174307855e-48,0.0378465738997569,False,up
IRAK2,4,1.4919138288779177,0.2674900499827006,0.1856556280688034,15.902198676431086,81.13468419655484,5.577455419274116,2.440623041249617e-08,4,0,1.0,1.1434230912351329,0.1126004082632557,0.0178538289967368,,1.9447162181894553,5.3775362051616364e-68,1.858273138863043,3.06859303969597e-35,6.895465021163391e-07,False,up
TENM4,4,-1.4909029890248446,0.4666387024952737,0.7105677972008722,20.027428447938256,85.0205431626004,-3.1949835730565983,0.0013983879966211,0,4,1.0,-1.876527057751052,9.110136625106794e-07,-0.709123426443937,0.066461241931811,-2.4866982386370013,1.945009851162617e-09,-0.8664494720222251,0.2458467579299085,0.0109488158725132,False,down
CRMP1,4,-1.4902611603020808,0.3200151727728864,0.2886763867090811,22.061943287054405,86.40192316258762,-4.656845322017633,3.2109149757032464e-06,0,4,1.0,-1.3954768273117366,7.568125138117861e-11,-0.0952456238487482,,-1.0978709061585947,6.927108328816127e-18,-2.2101465448543616,3.5497921552255977e-25,5.93358754829998e-05,False,down
ITPRIPL2,4,1.4899296619998104,0.4971734756269729,0.9137371444168484,80.59552420409995,96.27770893033365,2.9968003826449063,0.0027282930030928,4,0,1.0,1.025648967545803,0.0011317012232243,0.0100570551078386,0.999899862550801,1.6826336675958866,2.2425388461158406e-60,2.9671971340547714,2.1648445448537537e-83,0.0187178929878651,False,up
FPGT-TNNI3K,3,-1.4890924917920128,0.3405525576601805,0.0,1.5484522006831487,0.0,-4.372577619217001,1.22788140405306e-05,0,3,1.0,-0.9341674396500714,0.4779953447652952,,,-1.3584610752581354,0.0021656790910086,-2.360405205034618,0.0094165687478635,0.0001922079788179,False,down
SEMA3C,4,1.4850922050522355,0.3895772289857744,0.4001141049574316,9.965704574335511,69.89675965585171,3.812061112808172,0.000137812790333,4,0,1.0,2.498386324185608,0.0015115537425634,0.475073618982533,0.999899862550801,1.132365975395704,0.0002903332963612,2.0487277300926583,5.480391146658081e-09,0.0015538533311684,False,up
GNG7,4,-1.4829757397089876,0.260171885077516,0.1467850314752325,8.444434901577154,64.47364406303025,-5.699984605435546,1.198182476576082e-08,0,4,1.0,-1.228820081249694,0.031031556881236,-0.4346631016882169,,-1.3416609650731042,3.14632247598743e-26,-2.0259532554053132,5.4151499849115546e-17,3.617393433053908e-07,False,down
RGMA,3,-1.4822561115488553,0.1716616688028246,0.0,0.6297938861874725,0.0,-8.634753010885706,5.885406064278349e-18,0,3,1.0,-1.327404352774881,3.8174985683465154e-06,,,-1.562296473873709,1.2479515470615435e-08,-1.6778783498251706,0.0004831887481678,6.746453232744906e-16,False,down
SORL1,4,-1.478984501869978,0.539913324398184,0.9362133675930516,50.055040279313914,94.0065975708748,-2.7392998746947628,0.0061570186336311,0,4,1.0,-0.1982423385917462,0.7863448984141713,-0.127287375097815,0.999899862550801,-1.7139416326126458,2.897089604602177e-38,-2.940237000176869,3.49843900465983e-64,0.0358776338648629,False,down
ANPEP,3,1.4782466355894677,0.3987394636407895,0.3634203730437227,11.732613890666174,82.95350022904026,3.7072995536784097,0.0002094811042346,3,0,1.0,0.1383585514547461,0.8756247524982976,,,1.5628615306934188,2.0998381112898303e-11,2.135656318949096,6.821902044769133e-27,0.002221913071374,False,up
CD99L2,4,-1.4780807927129755,0.560237757939147,1.169994716402457,123.77007906858069,97.5761508576417,-2.6383098457164764,0.0083320414168056,0,4,1.0,-3.2816586627350453,6.948153382898884e-41,-0.715036939945149,0.999899862550801,-0.5351104637041697,6.3764202315141034e-09,-1.3008683135337205,3.5262527068758407e-19,0.045552277424919,False,down
C16ORF86,3,-1.472972616884881,0.151832504584186,0.0,1.546387046472266,0.0,-9.701299605896754,2.9768241562912847e-22,0,3,1.0,-0.9444235765446116,0.0710306867111295,,,-1.562770782342728,7.322909121033827e-13,-1.5047925314880437,1.5176101884027646e-08,5.241353828465191e-20,False,down
SLC9A3R1,4,-1.4725492453600617,0.3212940647735128,0.3442164931951502,21.966366384976197,86.34275716145827,-4.58318222092927,4.5795262885662335e-06,0,4,1.0,-2.054331570487286,4.629082501065363e-07,-0.60494087882895,0.577749773585211,-1.3152259161272053,1.7978305418234234e-07,-1.9285020131898991,4.9435499419176454e-48,8.050382914141712e-05,False,down
ENSG00000227741,3,1.471888078106001,0.356893930779098,0.201239730691544,4.225543174497937,52.66880688687715,4.124161133513466,3.720883510140862e-05,3,0,1.0,1.3631469364186066,0.004172042167133,,,0.9476419770946044,0.0379912461842231,2.1736477995928816,6.3804917351028395e-06,0.0005030277959133,False,up
TXLNB,3,1.4700150825936218,0.2210559065171921,0.0,0.2126541505810889,0.0,6.6499697101705575,2.9315334307867974e-11,3,0,1.0,,,0.708602114153261,,1.5151959019861343,1.9276167915406072e-08,1.3670321731098125,0.0059326704417141,1.427436267216518e-09,False,up
IL20RB,3,1.4666795636481351,0.4476649313131774,0.0,0.5076737923204949,0.0,3.276288717424854,0.0010518097746643,3,0,1.0,1.6956603921815627,0.0117914075829484,,,1.3829590154140263,0.1547902225315959,0.7632440548403459,0.624433624355525,0.0086442424684794,False,up
POPDC2,3,1.460551478878478,0.3379386604374289,0.1292895354245346,3.112422039053587,35.74136235688165,4.321942559007412,1.546614582511842e-05,3,0,1.0,2.1970474579475026,0.0140836797712646,,,1.644539598809724,6.493087060108943e-08,0.7985147899251968,0.165880081475889,0.0002339480436185,False,up
NIPBL-DT,3,1.458623241723108,0.1025918157190523,0.0071351788021581,2.5068421894187645,20.218352457849797,14.217734928462,7.111778285170362e-46,3,0,1.0,1.757674493527801,7.316079881242377e-14,,,1.3660515432672415,1.4344652805615505e-35,1.4457765367404936,9.905769679017205e-14,3.9130782069578625e-43,False,up
ASAH1,4,-1.4583858371053982,0.3241137088006168,0.3757186425288801,40.919544134836144,92.6685400254838,-4.499611702640276,6.807769989164664e-06,0,4,1.0,-1.4473804801418344,1.6445025725444028e-06,-0.206824378083359,0.999899862550801,-1.8311320992229885,5.310801085838003e-120,-2.1924086108126333,7.544121297920667e-39,0.0001148139537866,False,down
ENSG00000250222,3,-1.4582930715881608,0.5003853175683256,0.0,0.8694302147081225,0.0,-2.9143402501793765,0.0035644118386429,0,3,1.0,-2.148537100731704,0.0383967371790809,,,-1.2729806410740767,0.1633760244057463,-0.982199771194578,0.4209225617977205,0.0232235465235914,False,down
RNF125,4,-1.4547519341269182,0.3601446283963451,0.3273697279706061,23.41279397932665,87.18649298050894,-4.039354801998988,5.359843566426542e-05,0,4,1.0,-1.9591271603904503,0.0052859806820559,-0.137406167714874,,-1.0352476661039416,8.134969517271719e-26,-1.898758427971104,5.895934432086745e-31,0.0006874405422697,False,down
ENSG00000248559,3,1.452782548339101,0.5450715190592968,0.0,1.2447441883402932,0.0,2.6653062901660376,0.0076918230960015,3,0,1.0,2.1486165836208486,0.0375037805550338,,,0.7773144983792191,0.4811316116484317,1.6039156004378177,0.2526436313935086,0.0427390392627865,False,up
ACSF2,4,-1.4524228079950283,0.3753554345106069,0.4922338263584575,43.22016589324318,93.05879573111724,-3.869459915742836,0.000109076711985,0,4,1.0,-1.3954975801101768,0.0013029961458062,-0.781715882519409,0.554940640756897,-1.1883974023890562,8.521360032386527e-34,-2.332285662608395,4.507925429316392e-49,0.0012655083574483,False,down
NME2,3,1.4522034794442276,0.4334822566298763,0.4379045583502691,10.11747605892076,80.23222404132537,3.350087477015638,0.0008078604302844,3,0,1.0,2.746510839177308,9.91737795223171e-07,,,0.960693163225166,0.0003533557050778,1.013610706413837,0.0016311928630259,0.0069188293986694,False,up
FTH1P2,3,1.4506112731097605,0.304336446500931,0.1830245003106516,8.749323770521476,77.14109052932217,4.766472401803912,1.874793966227046e-06,3,0,1.0,0.0299176329308208,0.979102258034966,,,1.4090358277510289,1.8715423564834425e-23,1.9251912093751349,8.25107775967986e-21,3.641679070237981e-05,False,up
CD24,4,-1.4503647448376555,0.1153033219994571,0.0,1.4693651290794187,0.0,-12.578690012456743,2.7657818788805845e-36,0,4,1.0,-1.198936892996095,7.171752499785069e-05,-0.792812912861599,,-1.520790598611216,2.929528647835794e-29,-1.3942202192388111,0.0110763925929373,1.049518851246255e-33,False,down
IRAK3,3,1.4478555683226997,0.4103298893098432,0.4330516388955661,15.357909183302835,86.97739401809716,3.5285159722532735,0.0004178967272507,3,0,1.0,,,0.418767476243267,0.999899862550801,1.76776586388653,1.6538637574920412e-30,2.051840212601569,1.8233854324441054e-11,0.0039971703911614,False,up
TBC1D9,4,-1.4455248272718633,0.2818255148908953,0.2328575475054793,20.700792057691658,85.50780090134131,-5.12914818174457,2.910561743785787e-07,0,4,1.0,-0.9114314012863656,0.0003342363692775,-0.470586215964055,0.999899862550801,-1.5317513109219565,7.996803346361138e-56,-2.1667822282310034,2.4831896914406134e-30,6.693683742840268e-06,False,down
SLC9A3R2,4,-1.4425067508355482,0.5213773012642443,0.9377786000246108,55.03240975622326,94.54866684324912,-2.7667233447596087,0.0056622784103317,0,4,1.0,-2.043456586649614,4.03174168812138e-07,-0.235612137508465,0.999899862550801,-0.8041382205746764,8.403567225071222e-08,-2.328086571048052,3.3910432139717515e-45,0.0336540873705082,False,down
IMPA2,4,-1.442370303752814,0.547271950069074,1.0879179116948292,64.00158825507378,95.31261632438915,-2.635564098563365,0.0083997559429862,0,4,1.0,-2.835285538439199,2.671858569543918e-10,-0.300918637355008,0.999899862550801,-0.6009875610149812,1.7986170682017411e-09,-2.0343447365023657,1.0125213405947632e-22,0.0458393822338664,False,down
FYB1,3,1.4409415277627062,0.0855718631483634,0.0,0.7862800605700957,0.0,16.838964056028786,1.2643050911131034e-63,3,0,1.0,,,0.70171104857142,,1.4474256207406768,1.392345878879057e-38,1.4508586228954397,6.3605643576413996e-24,1.264822306832195e-60,False,up
PIMREG,4,-1.4402004582727477,0.3967569969296167,0.494449167777343,18.0180170342729,83.34999909094569,-3.629930837812632,0.0002834971711579,0,4,1.0,-2.174101974402461,1.8653495357726345e-12,-0.2415684480309989,0.999899862550801,-1.0325792367197928,1.2534820550283396e-08,-2.054343661878803,1.4108247437520132e-06,0.0028833129574934,False,down
ENSG00000267288,3,-1.439385416511352,0.3612305003863732,0.0209308291535025,2.108811996113992,5.159871828996847,-3.984672985730111,6.757311705029957e-05,0,3,1.0,-0.8233396909852653,0.2233280145839211,,,-1.6826616369859642,0.0053489077072934,-2.1058457420930696,0.017711431269432,0.0008430933861451,False,down
TNFSF14,3,1.438197407184106,0.4128788574601397,0.0,1.5361507563757153,0.0,3.483339922105246,0.0004951991678983,3,0,1.0,,,1.00479512852449,,2.5210897102802927,0.0216821728455687,1.205628245120978,0.0225467205883022,0.0045909176437547,False,up
CD9,4,-1.4369814543242814,0.4691713826069424,0.8100236082700529,76.66860114019818,96.08705525419184,-3.062807126768303,0.0021927133692866,0,4,1.0,-2.013056546432289,2.4012031538538897e-05,-0.0730397074746869,0.999899862550801,-1.206512673447601,3.2166343997245453e-44,-2.4718946215417295,4.065532257070438e-55,0.0157350598450046,False,down
RDH12,3,1.43589477996349,0.4851618619049448,0.0746510512853596,2.20086069281645,9.12646100100992,2.9596200623140017,0.0030801865387171,3,0,1.0,,,1.21411184939057,,1.9460478647364103,0.0019680773680867,0.25636176985184,0.8587113519809091,0.020617951803718,False,up
CALCOCO1,4,-1.435131862424865,0.2376350563048626,0.1669602382257303,19.75089233909879,84.8108128559781,-6.0392262183056475,1.5485501739163471e-09,0,4,1.0,-0.9598453566156148,0.0351997272012775,-0.815467614286376,0.47111955580302,-1.4900378989728722,1.4381953533093441e-96,-2.059611856618792,1.0888782246097385e-43,5.6333951698718816e-08,False,down
C12ORF75,3,-1.4333097205634564,0.3601304154466602,0.3267490696203469,14.029189280185983,85.74400872312212,-3.979974084626426,6.892278135791637e-05,0,3,1.0,-1.0633628358039189,5.2339054989707606e-05,,,-1.0128310427512752,5.3246745885133505e-11,-2.3975542294688164,2.8095713261201147e-11,0.0008560505050261,False,down
FNDC1,4,1.432984509539231,0.5494621726280824,0.3780211725841349,4.243369513108852,29.30146689482888,2.6079766377460594,0.0091079170305046,4,0,1.0,0.722238432332202,0.1623538900323835,0.7672285278638271,,2.7994042588030883,0.0182763173730822,2.0578625936721866,0.0833427318222393,0.0489993023525731,False,up
SPATA7,4,-1.4298562980782026,0.4721504865154239,0.7701121148808169,44.248818398554874,93.22015794189436,-3.0283910297982777,0.0024585972866065,0,4,1.0,-0.0642421737558037,0.917848802844286,-0.215411008085086,,-2.215903107601483,2.2134688647706596e-87,-2.680312171111444,1.469919761615959e-41,0.0172164389694318,False,down
TOB1-AS1,3,-1.42884283769358,0.3941350286641576,0.0,0.9725893661649032,0.0,-3.625262242070589,0.0002886683721903,0,3,1.0,-1.1210596093736758,0.3609369747452973,,,-1.938653854608468,0.0074884527941886,-1.1363430196029238,0.0884804529916012,0.0029277890338877,False,down
KCNN1,4,-1.4282733235106495,0.2872424194040063,0.0,2.7289795456359975,0.0,-4.972362113068627,6.614201284490731e-07,0,4,1.0,-1.606932646128098,7.773521737091959e-05,-0.34370592185687,,-1.6397191502949175,0.0075519208136305,-0.1688094453132949,0.9099222427238112,1.414693450635146e-05,False,down
ENSG00000287782,3,-1.4243085938561766,0.4598252627582843,0.0,1.2865246109933974,0.0,-3.0974996573967943,0.0019516062189063,0,3,1.0,-1.1881844144964906,0.0416760798716384,,,-2.993148988670867,0.1339646029635461,-2.007378706286375,0.2047042968723945,0.014331965723026,False,down
STAC2,3,-1.4241439356163106,0.3271458611061255,0.0,1.8160602194316833,0.0,-4.353238432548351,1.3414112035117942e-05,0,3,1.0,-1.4238115830956064,0.0001280187528756,-0.167821639334669,,,,-3.3482409534037396,,0.00020703449634,False,down
ACTRT3,4,1.422387752809191,0.4265346870053209,0.0985092624104855,3.4405992668033605,12.805887365450683,3.334752825838634,0.0008537525033505,4,0,1.0,2.7775111287352012,0.0188240168726778,0.322375425415509,,1.404898379800895,0.0282036884022299,1.695206823148515,0.1262498087994671,0.0072465248153655,False,up
NFAT5,4,1.4141787882497443,0.2048946742722409,0.0733374695110608,5.596186258157239,46.39206306568027,6.901979240176557,5.1282931312293966e-12,4,0,1.0,1.9748844717276737,2.0188475343904953e-08,0.361772241299379,0.999899862550801,1.4278115940125484,6.422945945230503e-08,1.240626470556778,2.7751203967210055e-11,2.7596235580740303e-10,False,up
PLEK,3,1.4130001784950603,0.1934004618907463,0.0644975314590916,7.335764426962685,72.73631098827305,7.306084818418258,2.7503859635035333e-13,3,0,1.0,,,1.18277277452854,,1.2211050779980637,7.484042745994649e-48,1.644105709490443,1.0512164347345549e-33,1.7909243985428777e-11,False,up
TCF7L2,4,1.4109169557881678,0.4805262938977848,0.8881629973736592,90.82093798361468,96.69679694285776,2.9361909508500093,0.0033226972048489,4,0,1.0,1.097122057742577,4.942023188122599e-05,0.339320863220729,0.856802849720016,1.5115099409747168,2.879660601307618e-30,2.6635478047237267,4.4119657712121064e-64,0.0219081014923667,False,up
TIMP2,4,-1.4101106905743843,0.3310918808906777,0.3501235301175854,38.906272691884766,92.28916112381602,-4.2589709139982945,2.0537018815424743e-05,0,4,1.0,-2.0287628043824197,0.0003751169494351,-0.432810978631041,0.999899862550801,-1.1606736908888675,5.298035058082897e-49,-2.014373641500496,8.00075509687824e-52,0.0003003317256536,False,down
SGPP2,3,1.4091887976503026,0.3058817532819494,0.0,0.5483857349620568,0.0,4.606972408554784,4.08574190900932e-06,3,0,1.0,1.348481164677305,0.0014202032183246,,,1.258008333614781,0.0866981068268981,1.9926047794063917,0.0423919640287098,7.29477181912966e-05,False,up
MOXD1,3,-1.4089891396648422,0.3814881918629944,0.0376896927880472,2.1043259924135738,4.957691573914183,-3.693401708671651,0.0002212740609889,0,3,1.0,-1.6618714984342835,8.69311646500813e-05,-0.184001549511765,0.999899862550801,-1.3837714184107588,0.4457994231865868,,,0.0023245922712679,False,down
RADIL,4,-1.4074871719023911,0.4222584699410895,0.4350739920762431,10.722528463172878,72.02152449113409,-3.333236091389129,0.0008584206634272,0,4,1.0,-2.3689701427702152,5.200899097287362e-10,-0.530088341844743,,-1.250204689282481,1.2039691489507607e-06,-0.6558022291377871,0.2139208839568109,0.0072833386204205,False,down
SMIM14,4,-1.4073408490304886,0.3322543223480981,0.3877755974739114,40.14802565841333,92.52765247904208,-4.235733756853997,2.2780657430511888e-05,0,4,1.0,-1.462688139401877,0.0009920381075709,-0.46301411735722,0.540382522856884,-1.522306918684872,2.4459723897670323e-62,-2.1614800391683535,2.877599334001914e-34,0.0003271523365556,False,down
SPNS3,3,-1.4033534023251548,0.4271553322736978,0.2419679165223201,3.377389301036878,40.78266312426618,-3.285346796106394,0.0010185691833088,0,3,1.0,,,-0.22512187101471,,-1.3148133648577447,8.515076403647686e-06,-2.280095435592136,0.0016937343177811,0.0084118908650826,False,down
NOTCH3,4,-1.4019226732905032,0.3007148588604035,0.2476180203739354,21.871336197194747,86.28341692088851,-4.661966750174115,3.132018001993968e-06,0,4,1.0,-1.4384267335251757,7.979418452953021e-05,-0.380075780848695,,-1.078668450643797,6.5159575073621934e-24,-1.9021574686774927,5.112572917942944e-37,5.802406077936468e-05,False,down
PTPRC,4,1.399566545302207,0.1285863378977572,0.0200301938380876,4.262136858128766,29.61277171852455,10.88425542078229,1.3701370903800436e-27,4,0,1.0,3.5904691130063964,0.0081696732453962,0.462318171779684,,1.3280811325850306,3.068282980184546e-60,1.4724802766909038,1.5199834981336937e-18,3.4267440025198155e-25,False,up
B4GAT1,4,-1.3992489504759704,0.4096959402869764,0.5370326419966853,27.65081547798199,89.15041040149842,-3.41533516171981,0.0006370357364399,0,4,1.0,-3.321554747011856,2.2930439158233636e-12,-0.535201857004286,0.999899862550801,-1.0145032233266662,1.5526024180144485e-13,-0.8267802978594431,0.0001364228688876,0.0056534352916559,False,down
CRNDE,3,1.3986206290906302,0.3218886200976017,0.2139736488991696,6.507972415626236,69.26846224489493,4.345045278912147,1.3924693781748042e-05,3,0,1.0,1.3697741242013497,0.0006466121483836,,,0.9455900866274995,0.0001216298287195,1.9893221596678223,3.769562442353761e-08,0.0002138650282222,False,up
MYL12-AS1,3,-1.3975861549125417,0.5030556518752798,0.0,1.585248166413057,0.0,-2.7781939228843777,0.0054661984615485,0,3,1.0,-1.7839852906123117,0.0113946922788407,,,-0.0726506825639311,0.969827017237782,-1.321963352268181,0.3513448015302616,0.0328076857010667,False,down
ENSG00000229422,3,-1.3956086412746185,0.4507592942443006,0.0,0.312964262391427,0.0,-3.0961283751549944,0.001960654567984,0,3,1.0,-1.0689935120407157,0.2592722605795902,,,-1.4453591608499448,0.0904363257172686,-1.7060754730279777,0.0827663857694374,0.0143840154622539,False,down
PDK2,4,-1.3952344131821746,0.257013332570581,0.1825479754903799,14.141258066810629,78.78548014733593,-5.42864605204485,5.6783167890409276e-08,0,4,1.0,-2.7699466637046988,2.585507955352774e-07,-0.640382767115345,0.860515646338543,-1.1506073675408572,3.619695724102072e-23,-1.4776477464743876,1.5322902247350917e-15,1.4913374010740066e-06,False,down
CREG1,4,-1.39340625198266,0.4030745992378425,0.6079902035453053,81.79712161013009,96.33238928100806,-3.456943837734741,0.0005463386990457,0,4,1.0,-2.006256457825718,4.304706343206675e-10,-0.0052148547966075,0.999899862550801,-1.2858598744669396,3.363486441079553e-56,-2.250428629883825,3.9337114228986053e-69,0.0049852273745019,False,down
NUDT19-DT,3,1.3913565383144226,0.2071811325285496,0.0,1.580411294318787,0.0,6.715652730215158,1.8722620476583055e-11,3,0,1.0,1.6974538479064982,0.2385962703183592,,,1.1886278443413745,2.3406564131239043e-05,1.7282911218330117,4.304830280341584e-06,9.34390372038813e-10,False,up
MAN1C1,4,-1.3868388958948503,0.5014048480457732,0.7508350771705846,16.958719069042967,82.30998468819321,-2.7659064352888865,0.0056764819055822,0,4,1.0,-0.5256468342999349,0.2929321489294902,-0.741887594322459,,-1.1877568789158497,4.75129967646078e-08,-2.8328014137036392,2.913832320721495e-10,0.0337031136184205,False,down
PTCHD4,3,-1.381757915776877,0.3162545991399186,0.0334946180604519,2.1544420544410734,7.168540649432331,-4.369131451478289,1.2474166672144576e-05,0,3,1.0,,,-0.0403597599406355,,-1.5161657699409885,9.000423800746351e-06,-1.6122122625038446,0.0679171344951283,0.0001947120101327,False,down
KLK1,3,-1.3795949803034244,0.2778846258265465,0.1402644601148399,9.086240652547618,77.98869657453727,-4.9646322685176445,6.883136321199935e-07,0,3,1.0,-0.7844548324343703,0.6837737405529114,,,-1.1128784036619803,1.2105008772555117e-19,-1.7124059030282914,5.679821760739097e-25,1.4622678310163063e-05,False,down
CATSPER1,3,-1.379305259976528,0.3260281398776362,0.167544313580337,5.166959339486746,61.29251521846372,-4.23063254752858,2.3303507832589085e-05,0,3,1.0,,,-0.220179434716785,,-1.0896054093805885,6.0055140413156786e-12,-1.8200909645457624,2.820494517167182e-09,0.0003341282761481,False,down
ENSG00000271851,3,1.3787496704228646,0.409446574610104,0.280405846708015,4.506979863798559,55.62438572081025,3.3673493830929724,0.0007589447046747,3,0,1.0,2.4316376630054655,0.0002639429985606,,,1.0193013189638391,0.0030052141004714,1.00830763663061,0.1042977345497616,0.0065581523381178,False,up
NOCT,4,1.3735966821390269,0.4100204251309669,0.5492356616184816,29.82807251546007,89.94236051141058,3.350068918396635,0.0008079145601608,4,0,1.0,1.850849494798296,6.1857192224285935e-12,0.952372883938783,,0.6500149048323643,2.8551824221833693e-05,1.9025315417528013,6.2275643371201045e-15,0.0069188293986694,False,up
MCTP1,4,1.367415545686378,0.1690769875019895,0.0527466878214815,6.535067271574329,54.093816095066984,8.08753199290523,6.088584107092351e-16,4,0,1.0,2.0678050643405887,1.0416002885509768e-05,0.529098505109743,,1.2152563646239225,9.099395452018256e-36,1.4776716189537358,6.3757970844079816e-18,5.537340810454363e-14,False,up
NID2,4,-1.367159189333157,0.396343842049018,0.4204797679092303,11.518299527656254,73.95448874378732,-3.4494270991198412,0.0005617773945691,0,4,1.0,-0.7373119869188411,0.0477949795344043,-0.101517096557923,,-1.6670512150086922,9.179616038133823e-12,-2.3422966453615555,1.5640298188753685e-06,0.0051070461284895,False,down
PINK1,4,-1.3640304180092353,0.2651041061006194,0.2264312239585518,19.624532389685072,84.71301154886706,-5.145263263072665,2.6714590189760093e-07,0,4,1.0,-2.233969342417959,2.1710367434188652e-11,-0.665235915644981,0.582033060363171,-1.056971513288702,2.2548322256479955e-22,-1.5756732867969232,7.628878380068284e-16,6.176065288723004e-06,False,down
LYRM9,4,-1.36274812635814,0.2488652533405261,0.0515094655163021,3.75403796337383,20.086050560238895,-5.475847303172818,4.3542304785722265e-08,0,4,1.0,-1.5670324064667378,0.0185135608899089,-0.549723182785859,0.999899862550801,-1.1875076308860524,0.0005259202855985,-1.873728235435672,9.971701307417588e-06,1.1658425620790283e-06,False,down
RAB3D,4,-1.3617322989642686,0.3487888448681144,0.4023408968468017,22.840685481093768,86.86554305700137,-3.904173883425581,9.454778755800456e-05,0,4,1.0,-2.6165181567366997,3.944955473174431e-07,-0.484044876775827,0.799476553374149,-1.0125130355208654,7.884316600272466e-05,-1.6284761097719715,1.6454122206566442e-26,0.0011223852515448,False,down
CYP19A1,3,1.3571250040857632,0.2557405543316806,0.0,1.3663302701085709,0.0,5.306647620406935,1.1165973786421997e-07,3,0,1.0,,,0.177160457246367,,1.2013543221031864,0.0002860062148165,1.7904616604007313,0.0006020660937515,2.755066334813472e-06,False,up
GM2A,4,-1.3561236281661175,0.2409228793085438,0.1552175319352449,15.822158545832789,81.03924953532882,-5.628870251170145,1.8139377887259676e-08,0,4,1.0,-2.6259517858483132,1.453753767613096e-10,-0.46404335950194,0.999899862550801,-1.1473797844698614,5.508732339373525e-41,-1.1848187542126287,5.14922616350899e-14,5.266880843280978e-07,False,down
ENSG00000256116,3,-1.3557638750318413,0.4431735834886003,0.0,0.0125374505160617,0.0,-3.0592163557210656,0.0022191682042695,0,3,1.0,-1.3418144172268638,0.0164439216709983,,,-1.5037234225828644,0.4033798083377107,-1.3221269127038957,0.4278982417006784,0.0159145236258611,False,down
USB1,4,1.35448639527086,0.2163949851599967,0.1291092018795566,17.800372685468243,83.14642028563188,6.259324328932061,3.866490052916271e-10,4,0,1.0,0.8805688405694548,0.0183311010534762,0.124010149475959,0.999899862550801,1.757051776176417,9.212371588146994e-109,1.717667876830969,1.1566332295426864e-42,1.5416228183810544e-08,False,up
LINC00649,3,-1.3530293812338117,0.4085519148075232,0.1416065872991431,2.726267200157743,26.639619187573427,-3.3117685468962987,0.0009270821262033,0,3,1.0,-1.875927857683593,5.419651234378701e-05,,,-0.9913481635390368,0.1993079718684775,-0.4717122821685751,0.6922274879288677,0.0077700497012983,False,down
DYNLT4,3,1.351887911743063,0.3434090841636003,0.0,1.9584736753321033,0.0,3.936669046002939,8.262042608439653e-05,3,0,1.0,0.1840602791417638,0.9449337931943496,,,1.0372092101280406,0.050324020259206,1.9052916378145743,0.0014192875179706,0.0010024216966325,False,up
ALDH5A1,4,-1.3507781970662731,0.1492493792185028,0.0233070723585615,3.879129762583799,22.663066625495695,-9.050477825363132,1.4234407568637557e-19,0,4,1.0,-1.829563475222283,0.0001182483909682,-0.271607967312852,0.999899862550801,-1.3962826381552,3.7210999205607086e-30,-1.232072310189693,3.87961793608533e-06,1.9458700383735652e-17,False,down
ENSG00000251143,3,-1.3500831713848267,0.2902818719637581,0.106929991140462,3.261530190354561,38.67908977465023,-4.6509386282081895,3.3042765854900437e-06,0,3,1.0,-1.017210540768806,3.610507367537754e-06,,,-1.757675114139247,0.0009151399875881,-1.827123823549836,0.0052379859746232,6.075507382627433e-05,False,down
UBXN11,4,-1.3499897945714086,0.5109791365739115,0.9691221721839678,74.84516659209956,95.9917251352385,-2.6419665656469262,0.0082426192205276,0,4,1.0,-0.976273959730318,0.0113578725361507,-0.0767857016251879,0.999899862550801,-1.372451238196085,2.657623116621769e-37,-2.7944639691466464,7.180596003547249e-63,0.0451497776069173,False,down
ENSG00000228172,3,-1.3493895694632505,0.3187815656719878,0.104729661708997,2.927417574344179,31.680399218479987,-4.232959853305046,2.30635688241266e-05,0,3,1.0,-1.6895976175802716,2.482488887841862e-08,,,-0.6767446271160271,0.3016052109298736,-1.312566511050648,0.0933779089966444,0.0003309035764342,False,down
ZNF280B,4,1.3484677374684555,0.3937139426645848,0.5158648932364822,18.56755658296315,83.84278520118968,3.424993609172867,0.0006148138826321,4,0,1.0,2.4466696642602757,8.857176490256553e-10,0.55221218605522,0.749114031532425,0.903281956132051,0.0012383400297587,1.6164543968581084,3.2286771177729174e-05,0.0054961164674457,False,up
PDSS1,4,1.3478643518707984,0.3881917148529586,0.5522938970205109,42.925905634959776,93.01121326242506,3.4721615642450017,0.0005162855229054,4,0,1.0,0.4073008026871162,0.1701470393389944,1.08342628266274,0.0372436649372946,1.4228882948380517,1.5700386261892509e-27,2.416880567669604,3.170310821927565e-33,0.0047523747693957,False,up
ITGB4,4,-1.3456518332476266,0.2514416278186919,0.059493004182424,3.9015360351691584,23.107207700827264,-5.351746426880204,8.710940828650005e-08,0,4,1.0,-0.7576061781416905,0.0861760133787929,-0.786760604523701,,-1.705995637729158,1.8815583237617226e-07,-1.4973598834018071,0.0009909638837293,2.2011377347618594e-06,False,down
F11R,4,-1.3448102215952038,0.4235637916002776,0.6250800664005591,51.64271107343038,94.19085493839717,-3.174988628074984,0.0014984237348088,0,4,1.0,-2.3652056216252197,5.85892767258888e-09,-0.235415605885441,0.999899862550801,-0.7845677367539908,8.266888417319963e-17,-1.8931388055326068,5.844825520248482e-32,0.0115270213140189,False,down
LINC00173,3,-1.3447837366684985,0.4206589224789225,0.3016716532678993,4.692986850717482,57.38321747706938,-3.1968506188903674,0.0013893685801778,0,3,1.0,-0.3587476047300678,0.6891730037975614,,,-1.307329673048648,0.0005348610966781,-2.081226335027878,3.288032668108192e-05,0.0108975812833695,False,down
PVT1,3,1.343195368571674,0.3470171015700358,0.3245463336281217,28.10010398282844,92.88258861525148,3.870689261406868,0.0001085280604725,3,0,1.0,2.453556439506866,3.3444654533021778e-15,,,0.8118529248680846,3.09118832655406e-18,0.961757307511329,2.53586954997021e-09,0.0012604718115777,False,up
ASIC2,3,-1.3416881564289582,0.5013552643953704,0.0,0.462886882493043,0.0,-2.6761226054881884,0.0074479393496558,0,3,1.0,,,-0.2393879608061879,,-1.3571272315750862,0.0462864152653875,-1.691784056705404,0.2042166071716925,0.0416150538579783,False,down
FAS,3,1.338704074995336,0.2350779439886945,0.1208737167719285,9.8005006431112,79.59287925351236,5.69472427859807,1.2357145179644027e-08,3,0,1.0,0.3709584769652177,0.4524525670827523,,,1.4812031858573569,1.4034976565782387e-61,1.704477875420598,4.318563498351199e-22,3.705291665651027e-07,False,up
DSE,4,1.3385876487873891,0.1085678212583461,0.0206766134248903,5.770842516753088,48.01452316033877,12.329506416105636,6.283040307676544e-35,4,0,1.0,1.0462368775041395,8.492379538382566e-07,0.719162491187212,0.968970195244923,1.4032582594621867,3.635059757749722e-60,1.5076575473832738,1.186049271329794e-34,2.2079549244557807e-32,False,up
ENSG00000261168,3,1.335621626541026,0.2688201807023722,0.0,1.1055401383017065,0.0,4.968457438914444,6.748760857537018e-07,3,0,1.0,0.1555285140763065,0.942014316127529,,,1.483627991983347,1.6974606461492137e-05,1.1169361931209485,0.0626240300650814,1.4392778848210488e-05,False,up
MCCC1-AS1,3,-1.334773432214166,0.4728150928581289,0.0,1.9389584979441592,0.0,-2.823034738898813,0.0047571416748582,0,3,1.0,-0.9165191097971828,0.2178931474576237,,,-1.611109828982488,0.0833135456162227,-3.463738189160515,0.104811170912576,0.0293194990540341,False,down
RGL4,3,1.3328734342303574,0.4704811841401191,0.4941589044499183,8.17336077308206,75.53026159585724,2.833000509183806,0.0046113312537268,3,0,1.0,1.599310697656155,3.03295201320555e-08,,,0.3560922753535459,0.5309934402003956,2.0956143611292632,0.0003509354315052,0.028548745306125,False,up
MTHFS,3,1.3309914273452252,0.3187930699294629,0.0,0.4443986921336815,0.0,4.17509523541313,2.978614187252436e-05,3,0,1.0,1.8165485086790951,0.0793147249981456,,,1.3395311157164975,0.003431341928191,1.0968374724717,0.1205688742412489,0.0004142688546063,False,up
DOK3,4,1.3274078396881073,0.4825348029160148,0.6908042626168603,61.09939213629887,95.08996751832215,2.7509059070276893,0.0059430711336497,4,0,1.0,4.9060131892417065,3.858425020905848e-15,0.692814723814864,,0.2956962836373605,0.0005843405698539,0.1650864960088254,0.3345932232030032,0.0349641947555459,False,up
BEND4,4,1.326081960215748,0.1873565490928599,0.0711676291604055,7.218690154662149,58.441213908281306,7.077852184171575,1.4640576264415165e-12,4,0,1.0,1.6783298515616585,3.9564220777726505e-11,0.28574002171868,,1.018712872029802,3.495473158897215e-13,1.427512431371912,8.20004069039298e-13,8.501964195343359e-11,False,up
RAD21-AS1,3,-1.3254599974585537,0.3613483652844054,0.0,0.9592178062315162,0.0,-3.668094627784818,0.0002443647492943,0,3,1.0,-1.5712516205392204,0.0021320456067075,,,-0.7967860283876914,0.3301836069441541,-1.492459343390952,0.3260309580171626,0.0025380952181313,False,down
ENSG00000285184,3,-1.323112975211593,0.3444631661866947,0.0,1.1574548321569684,0.0,-3.841086958175617,0.000122490709158,0,3,1.0,-1.7575786826443072,0.0206728949025386,,,-0.8711981106789158,0.1980911373432041,-1.491162812876853,0.0225568571729373,0.001401194395977,False,down
MICAL2,3,-1.3219509256645063,0.469335123640098,0.6147153321850143,36.77415013502136,94.56139708828968,-2.816646057536966,0.0048527972231112,0,3,1.0,-0.8077951725073134,0.0197437865685903,,,-0.915292895415082,1.2404250752657681e-14,-2.2139619366977064,1.7158633066386397e-30,0.029783941462202,False,down
ENSG00000258136,3,1.3219155422318367,0.2819783596651853,0.0480998044136746,2.4919912919914036,19.742897720892227,4.688003518431163,2.758832766073024e-06,3,0,1.0,0.8574670316376496,0.0522433818089954,,,1.7135160064865465,6.445714762409213e-05,1.4917777978154778,0.0203280605678228,5.16319305684534e-05,False,up
NOG,3,-1.3213593286635454,0.1995693773174724,0.0016099089451681,2.018404327695614,0.9118256160610816,-6.621052520304975,3.5665021552567525e-11,0,3,1.0,-0.2205019887512122,0.8823572051277256,,,-1.4774724781148283,2.7123436079294903e-09,-1.082352597972535,0.0115887055328776,1.6990291327932003e-09,False,down
BAHCC1,4,-1.3211379874495532,0.2249419134641632,0.1452411011619769,12.690021516227194,76.35937814475892,-5.873240638455009,4.273574218706768e-09,0,4,1.0,-1.197760448081648,6.171333875268635e-05,-0.521972034287276,0.977556066663073,-1.3587020739558575,1.1195457808445472e-26,-1.888983123939368,8.20401000503933e-22,1.422951512549429e-07,False,down
PCDHGA11,3,1.3200709307158125,0.4285884006177461,0.0,0.8841956625663128,0.0,3.0800435308401424,0.0020697034238111,3,0,1.0,1.8404429875440904,0.0329071385221701,,,0.8010346443787718,0.4449933637561892,1.2753377520770013,0.1078805539109514,0.0150436270325825,False,up
PDCD4,4,-1.3197202603828713,0.1905903243714334,0.096362425806495,13.389706977070352,77.59473000314757,-6.924382256734735,4.378820602648108e-12,0,4,1.0,-2.275274531199508,4.2315128108277285e-10,-0.7621303151951901,0.633675136333116,-1.1054721357443562,3.7176281505276054e-36,-1.3216099316689096,1.1486552101086609e-23,2.3678983450536166e-10,False,down
PBK,4,-1.319211831722621,0.199612074512719,0.0305587497666615,3.648098590468513,17.765380359012713,-6.608877919549714,3.8724388396011726e-11,0,4,1.0,-1.4260184226471706,0.0002555048501197,-0.326992892033838,0.999899862550801,-1.5093911213596052,2.664819355464507e-10,-1.2423681374029436,0.0191018647387301,1.8211219320679961e-09,False,down
ARHGAP5-AS1,3,1.3191645657900934,0.2988681030501929,0.164163274338102,5.274585112924857,62.08232577195134,4.413868701032136,1.0153955558519365e-05,3,0,1.0,1.4915149126875529,0.0054885937047994,,,0.9302906554986324,3.560373875672236e-07,1.7640010568825275,1.6000831247946384e-06,0.0001627665024671,False,up
LTA4H,4,-1.3181121317980546,0.2933920523999056,0.2874164780974344,24.113575234892135,87.5588751531999,-4.4926647501733035,7.033746585460901e-06,0,4,1.0,-1.9088910769119136,8.831190046471448e-07,-0.249714302846786,0.999899862550801,-1.372922696975672,1.342309567773342e-36,-1.7650472626212022,3.2836062886925314e-19,0.0001182625886932,False,down
KIF20A,4,-1.3149288645879793,0.2949099661129215,0.2200221016716234,8.679778218787506,65.43690490263384,-4.458746789467573,8.244024012901687e-06,0,4,1.0,-1.100835339358823,0.000211608538966,-0.529648756098964,0.999899862550801,-1.2303123284705813,0.0001622723325266,-2.1397341885891596,1.4090759840634999e-09,0.0001359121531834,False,down
TBC1D4,4,-1.314521319134886,0.2794039255897257,0.1915990597318309,16.21618966449258,81.49996970885903,-4.704734610869847,2.541964002341262e-06,0,4,1.0,-1.8617252899159176,0.0039423804716985,-0.349077080712198,0.999899862550801,-1.0186801514264336,1.3777132321962893e-32,-1.6855013008407478,1.2158597065507504e-24,4.79812055982237e-05,False,down
ADPRHL1,3,-1.313800138672701,0.4273363894094658,0.4869424926825103,20.31349628322314,90.15432906224127,-3.074393314569432,0.0021093114747479,0,3,1.0,-0.1931391597369807,0.6683915657422922,,,-1.6666749250697763,4.045154341892012e-19,-1.9454161831877348,2.561128681252356e-19,0.0152509317502392,False,down
PLD3,4,-1.3120376908790976,0.3090395912338609,0.2982835721929011,28.302126734455783,89.40008986551629,-4.245532702268666,2.1807469873748783e-05,0,4,1.0,-2.760414380596906,5.3897705040340226e-05,-0.407162968441422,0.943851267250661,-1.025363194537341,1.6139145023774423e-41,-1.7297279355462152,1.6767280528639516e-23,0.0003161795813249,False,down
REL,4,1.3118143196222831,0.1401580879217824,0.0329027420491148,5.599283203694674,46.421713443241146,9.359533503013848,8.008951325869586e-21,4,0,1.0,1.6320555952599487,5.456603288271216e-05,0.422326490171162,0.999899862550801,1.438303086305433,1.4638824802118334e-44,1.2264966343889676,1.813140844265911e-15,1.2156483429728533e-18,False,up
CMTM8,4,-1.3115611606596378,0.3699108287612475,0.3651635830198671,13.45706718482795,77.70688101057917,-3.545614398615408,0.0003916989253535,0,4,1.0,-1.0997677974063225,0.2140131381509523,-1.30738783906635,,-0.8351740201747276,7.075332767858099e-07,-1.9397697163105057,4.1908532983363154e-13,0.0037944109366668,False,down
IKBKE,3,1.309242143515325,0.1958715419487143,0.0752450629478885,8.8702709128716,77.45277433299347,6.684187659369771,2.3220909061300962e-11,3,0,1.0,,,0.122125703682095,0.999899862550801,1.3511691915215542,1.488065896220793e-55,1.5891353780886148,4.3696560940013e-34,1.1407789900227075e-09,False,up
NR5A2,3,-1.3082264325942996,0.3624447044276065,0.0,1.2574111390705789,0.0,-3.6094510876088695,0.0003068456229728,0,3,1.0,-0.994213307540215,0.0578165855179275,,,-1.8228540603822885,0.0134692232063818,-1.881576877559001,0.2631803574404128,0.0030851371932436,False,down
MDK,4,-1.3052630215548873,0.1192846894419855,0.0,0.9632057317486244,0.0,-10.942418743435688,7.224632218748798e-28,0,4,1.0,-1.1319191351571003,0.0087154082368055,-0.592337027314669,,-1.3493215310360116,3.2199307464502405e-24,-0.9799141151576612,0.1360573907852576,1.870669770616968e-25,False,down
SCN4B,3,-1.3048774302269626,0.4074817537661604,0.2958859319628591,5.010102816171415,60.08065955164676,-3.202296589151784,0.0013633654830478,0,3,1.0,-1.4266574695620609,0.0392399881545772,,,-0.7092884851851893,0.0726564287843932,-1.9125378224682257,3.378911134772745e-05,0.0107357105246512,False,down
HMGB2,4,-1.3043326363704926,0.2554724666314486,0.1977209867480743,17.974931863748083,83.31008972528896,-5.105570293225209,3.297983611475295e-07,0,4,1.0,-0.6965878316713134,0.0328827449551214,-0.675526638571303,0.925535246632317,-1.521896341517546,8.29262413201541e-37,-1.9119099276549696,1.556723039532574e-32,7.459950802154139e-06,False,down
PSMB8-AS1,3,-1.302601822654222,0.1249740054337303,0.0040901138104877,2.123264269364851,5.805413444918194,-10.422982108426936,1.947492646055912e-25,0,3,1.0,-1.1393909737877983,0.0093323008105663,,,-1.231810927824834,2.0656405526697525e-19,-1.6732159404552138,3.4361683560296765e-08,4.464829754900475e-23,False,down
SCRN2,4,-1.2986439956065534,0.2340908897968273,0.1309793943520573,10.785215885559984,72.18414511278709,-5.547605875366081,2.8960779115490804e-08,0,4,1.0,-1.793910707116866,0.0001263797476126,-0.447855823553675,0.999899862550801,-1.0375526974681877,1.0453354546841987e-20,-1.598818791568145,9.527595778246277e-19,8.078552440466883e-07,False,down
PHF7,4,-1.2985446980542994,0.2647059010952903,0.1813063214013537,9.061545353599373,66.89306422984068,-4.905612956421558,9.313602217057056e-07,0,4,1.0,-1.315841426242538,0.0063806972451066,-0.499196876977226,0.978844246690709,-1.7332084314977831,2.3267122148019885e-17,-1.4413494154291957,1.823784521116639e-06,1.9175217137063492e-05,False,down
UCHL3,4,1.2982137093037036,0.3345405161944672,0.2543167200463025,7.221998642380962,58.46025250690224,3.8805873921383465,0.0001042044930029,4,0,1.0,2.0068998504946687,0.0005489314142918,0.210822353110553,0.999899862550801,1.230927796550176,1.9016733016871093e-07,1.8211722725093624,0.0018090490817533,0.0012173230820068,False,up
TMEM143,4,-1.297926238562318,0.3248347695862668,0.3124008706327005,14.055155694915555,78.6555192619798,-3.9956505894225898,6.451683099561065e-05,0,4,1.0,-2.2987345675436877,7.4683227501059374e-06,-0.226558819210924,,-1.0911327496991574,3.4858823596814256e-10,-1.6498072558394823,1.1403092389809491e-09,0.0008114005333613,False,down
MAN1A1,4,-1.2964608451467683,0.3426873526438578,0.3304034012555612,24.088021070527827,87.54567678591681,-3.783217662234916,0.0001548139170971,0,4,1.0,-0.757834039815942,0.0067230441496755,-0.196742405186005,,-1.1682605146514775,1.3307945504705598e-18,-2.0518164505489076,2.389260412556936e-30,0.0017197178529473,False,down
EIF5A2,4,1.2958054064350246,0.3297792564234803,0.2213136543732843,6.4293415644906835,53.3389232799665,3.929311444535003,8.51894458663484e-05,4,0,1.0,1.555477623977144,1.1092476331533515e-06,0.494337645608726,0.999899862550801,1.6606656420169126,0.0053243127241269,1.8613134736570096,0.0369130743889856,0.0010273613775739,True,up
OXCT2,4,1.295761667761682,0.3857538525332728,0.0,1.5306464349847009,0.0,3.3590375293787047,0.0007821444464906,4,0,1.0,1.672282576414836,0.0022269039778535,0.755774875504275,,0.6038500035780199,0.5679853033115463,1.0247209251974416,0.5525133707295372,0.0067401006745548,False,up
RHOBTB1,4,-1.2954251036087496,0.3199198613810266,0.3537797502651092,29.20290015797149,89.7270477117969,-4.049217507211564,5.138916729101388e-05,0,4,1.0,-1.243998365895116,0.0038048615530332,-0.698388782777852,0.0456300349775561,-1.1227312605236377,3.1028449701798666e-14,-2.107003243491635,1.3789622625533367e-27,0.0006649172151134,False,down
LIMK2,4,1.294908309600013,0.3131823735361093,0.3208807778154512,36.2259445775065,91.71864243986404,4.134678126930768,3.554524657593369e-05,4,0,1.0,1.195317835845873,3.4665760390252934e-05,0.20943304077574,0.999899862550801,1.2023599441663548,3.371937620666459e-42,2.0838280998653693,9.752548553704144e-52,0.000483507621687,False,up
CD44,4,1.2946005277306871,0.4402007768090337,0.6182687054877116,70.07074801293241,95.7186128519046,2.9409319472698385,0.0032722641550179,4,0,1.0,1.1562569651518175,0.4133621253122367,0.677510011917971,0.3430262621731,0.987428110272769,1.566796694388203e-37,2.226765807097865,4.0175941807432366e-60,0.0216469076608926,False,up
NOA1,3,-1.29441681324261,0.3735684746756615,0.3823335087717151,31.434840530690497,93.63763274686455,-3.4650054835768587,0.000530220667966,0,3,1.0,-2.424981189334159,5.51468242753867e-16,,,-0.7498854179152327,7.36100637666406e-16,-0.8679220491304901,4.755457523033784e-07,0.0048643712718904,False,down
ZNF423,4,-1.293631923467608,0.1838341636770714,0.0,1.5900262811919554,0.0,-7.036950573235345,1.964925146005842e-12,0,4,1.0,-0.8226853387988264,0.245339932257147,-0.394234225394574,0.999899862550801,-1.2933424191192182,1.5904797465258774e-07,-1.5377627746869147,7.154123124032844e-05,1.1102380240308732e-10,False,down
ITGB8,4,1.29193317601779,0.420514317688375,0.6030867361132013,24.37382667170622,87.69171521399846,3.0722691753273086,0.0021243806261592,4,0,1.0,1.4280548781872815,0.0106938072171881,0.819063946018713,0.158285774845369,0.6734301198441965,0.0113672446359969,2.282072199266355,1.9685879288191652e-17,0.0153270780142807,False,up
HIVEP1,4,1.2918774444971082,0.331751673841809,0.3568809126558078,23.8792018886011,87.4367660443791,3.8941098006731423,9.856000167173634e-05,4,0,1.0,0.7062751349653491,0.2633408611295452,0.464027657411352,0.876283797527857,1.923405637351351,3.6864740052777644e-34,1.7400697723889855,5.768951597188176e-23,0.0011637377021422,False,up
KLHL24,4,-1.290060870674125,0.177746096814799,0.0713132288884772,8.483259321636483,64.63623371327898,-7.257885792104297,3.931873039978401e-13,0,4,1.0,-0.2812419969036447,0.6374127322427902,-1.11087151625553,0.0901760939509475,-1.5326087780655422,2.867064722799464e-52,-1.4519506619026477,1.643760030279855e-18,2.522932762008298e-11,False,down
MAGI1,4,-1.2880487452946008,0.2842938290403895,0.2605246832413606,15.861888838608143,81.08674174605271,-4.530695406376929,5.878984886724198e-06,0,4,1.0,-1.5098574152818005,7.538386603079586e-07,-0.448905858390935,0.824387007424947,-1.3799892400072755,1.7646791440722044e-11,-1.8256115465855425,5.0365556190841886e-11,0.0001008500221137,False,down
HIVEP2,4,1.2876831969428872,0.3585649716614277,0.4509156263928486,38.642785182613096,92.23658443400755,3.591213026125631,0.0003291424626739,4,0,1.0,0.4475432085050004,0.2370444668403185,0.363176370554498,0.999899862550801,2.003457997974679,2.1967800054479577e-66,2.0245975850721174,1.9649692891707862e-38,0.0032749079841736,False,up
CDK18,4,-1.2875944625317337,0.3034848821217797,0.3070714542996312,31.911102902033942,90.59888337545117,-4.242697209592993,2.208493208002853e-05,0,4,1.0,-2.669356197733436,2.977717769553154e-07,-0.3632733198287029,0.824889921430436,-1.0445841950193315,4.078666589866928e-27,-1.5783607310479986,3.7802161924598577e-20,0.0003185237681188,False,down
LINC02609,3,-1.284652820761634,0.4276807805166809,0.1015245104251181,2.4363804495130865,17.91101425068066,-3.0037656104388075,0.002666606732729,0,3,1.0,-2.152041414934017,0.0052089483140549,,,-0.7872815373686237,0.2412960151031375,-1.092623494990965,0.2830084531323746,0.0184036837819484,False,down
WIPI1,4,-1.2825538528154334,0.2224923993356236,0.1086169221616501,8.050521296380818,62.73533241445276,-5.764483895383483,8.190809845308452e-09,0,4,1.0,-1.2486727769078354,0.010108568426005,-0.381979624085657,0.999899862550801,-1.1685227202961066,7.070122424773621e-19,-1.736839405968129,3.334581010929921e-16,2.553421159849769e-07,False,down
TMEM266,4,-1.2820664039012786,0.2982310039289708,0.0,1.1404793264219504,0.0,-4.298903826265583,1.7164492885460744e-05,0,4,1.0,-1.692971414842685,0.0027032495079374,-0.228125215751712,,-1.131498703843781,0.048487721918509,-1.0472816990630518,0.113046639657661,0.000256465257241,False,down
SLC20A1,4,1.281319580789014,0.1985515499737797,0.1164137704729601,17.726679766036774,83.07635699637439,6.4533345670593985,1.0941543387967238e-10,4,0,1.0,1.1643982972431313,2.2915267789033338e-07,1.24007246873581,0.155063352924364,1.0279777634359095,4.078847311783972e-38,1.6755843200378602,5.404034247455155e-35,4.825900369253927e-09,False,up
DNAJA1,4,1.2810959731887126,0.2993563446980294,0.309497034086887,47.68054917114649,93.708126160142,4.279501657066918,1.8731224350468153e-05,4,0,1.0,2.5660339545867212,6.453475276881561e-08,0.352443713978563,0.359896055275193,1.105043394807932,2.1163626125741616e-56,1.569518146206508,5.1057521902377635e-19,0.00027686737188,False,up
LINC01770,3,-1.2806456183377093,0.277705336557601,0.0,0.7789193755663666,0.0,-4.611526858692831,3.997219970171565e-06,0,3,1.0,-2.006865280830339,0.3215322579816402,,,-1.5905036702939406,0.0056911987706353,-1.120324673918541,0.0025502430383542,7.158243639015946e-05,False,down
CCDC9B,4,-1.2803532177863732,0.4836763326622644,0.6596977554390137,42.07626334288045,92.87008930533366,-2.647128113006932,0.0081178592475455,0,4,1.0,-0.0768629655451233,0.9545056335806528,-0.775455171402844,0.999899862550801,-1.0842658460830237,3.4882321206302864e-23,-2.2713875911089985,1.1279530684077028e-45,0.0446107276352636,False,down
LIPE-AS1,3,-1.2794264907067443,0.2821096892413473,0.0,1.1899783528664811,0.0,-4.535209315735993,5.754638533249079e-06,0,3,1.0,-1.6645738830764834,0.0010100777671744,,,-0.9323751109746116,0.161864056320069,-1.132172812851158,0.0335473861069515,9.902567590170367e-05,False,down
LINC01786,3,-1.2781986581314897,0.311886159166222,0.007640444837405,2.040957814385442,2.006793775782906,-4.098285930829858,4.162209274718593e-05,0,3,1.0,-0.5235614508917897,0.7891078330524137,,,-0.7546660674556328,0.2514747282321016,-1.6212814685866577,0.0001113395841889,0.0005545161254678,False,down
MAP3K4-AS1,3,1.2765495588382108,0.2423114313084521,0.0,0.8158315337537163,0.0,5.26821847382519,1.3775410217513616e-07,3,0,1.0,1.3182849704896,0.0001920417404451,,,1.4066871888735628,0.0023412606322369,0.6572431375955017,0.4844965460943756,3.3353465729071194e-06,False,up
LIG4,4,1.276098464668719,0.339573949652228,0.3867391208478803,30.9726451690962,90.31403361378597,3.7579398124491745,0.0001713180740439,4,0,1.0,2.6023269258434985,2.804943087539134e-16,0.91464377779892,0.693577380844532,0.8566505844153037,1.1685075443281692e-14,0.8123533300864018,8.217533596045199e-06,0.0018730946307167,False,up
ENSG00000287115,3,-1.273323124746888,0.2537334830450879,0.0225281954865812,2.1333427983414985,6.25041594089622,-5.018348818080981,5.211748339008866e-07,0,3,1.0,-0.6988306720518018,0.810713021310827,,,-1.1088116609770868,2.0559491654969975e-05,-1.9737058863278365,0.0011083340370357,1.134573384700753e-05,False,down
HSPA8,4,1.272288700201693,0.244900167859097,0.1800545990392701,20.84508565093222,85.60811862211833,5.195132005518683,2.04574626459481e-07,4,0,1.0,2.3286381949085233,2.8332712254908225e-07,0.376933895308683,0.999899862550801,1.0820337283727055,7.637843179251916e-65,1.5276124164639464,3.307864696865562e-22,4.830990293719654e-06,False,up
SELENOW,3,1.2711280414201147,0.3262768035377619,0.2872999178321805,24.877196924967052,91.96050903149472,3.89585783493493,9.78517755549812e-05,3,0,1.0,2.2133160772702714,2.764904769577765e-16,,,0.8747387495630218,9.520607717879854e-22,0.8555760606926179,1.1920012208212926e-06,0.0011572378980062,False,up
TKT,4,-1.268552235841377,0.4364016696992653,0.7143062698714514,91.68289062426824,96.72785186028383,-2.906845513940325,0.0036509345457934,0,4,1.0,-3.142402733116457,7.202894003520702e-34,-0.375666508688508,0.999899862550801,-0.6207742096783982,3.788085603346339e-11,-0.9520555587435028,1.9651940586444875e-14,0.0236542297375236,False,down
SGTB,4,1.267828347391516,0.3797973418600894,0.482957270206903,43.82369897377553,93.15438890314752,3.3381706706587786,0.0008433193292999,4,0,1.0,0.2822033409286042,0.4244027985727327,0.183033651486346,0.999899862550801,2.069920871689586,1.814705127860063e-101,1.9589393342265513,1.3974043839406229e-36,0.007174570977411,False,up
ENSG00000273253,3,-1.266300059051066,0.431637681324906,0.4062070438025816,7.33266528057004,72.72478800717165,-2.933710641675618,0.003349362982551,0,3,1.0,-0.4534740896791704,0.3024013163494866,,,-1.6443486393362463,0.0001873956110879,-1.752870964340615,5.951379725633528e-05,0.0220442972138054,False,down
EXOC3L2,3,-1.265569668616976,0.4386405950151194,0.0,0.3269559092837109,0.0,-2.8852087175683163,0.0039115424211921,0,3,1.0,,,-0.0316407776002154,,-1.3583475193046313,0.0444157019527284,-1.2535218110612123,0.1239759413404065,0.0250093242275528,False,down
SYT1,4,1.2651845600069769,0.0775344052385755,0.0,2.660179452460434,0.0,16.317718000337628,7.38448631661511e-60,4,0,1.0,0.5194127587785965,0.6268825011362316,0.4911125972621739,,1.3182145617691436,5.102253072903108e-51,1.0822685537633068,2.4869791053562072e-08,6.771881639265915e-57,False,up
NEIL3,4,-1.2638989811883996,0.3524102022282071,0.2539241189057694,6.710117686611143,55.2913951720106,-3.586442654602683,0.000335219739747,0,4,1.0,-1.6341235360275017,2.8399096119876094e-06,-0.0031505769612286,0.999899862550801,-1.571964116364703,7.3277136436778125e-06,-1.600982592073067,0.1809553933284834,0.0033238467985601,False,down
RPS19P3,3,-1.2615105067485606,0.3083220619497859,0.0,1.3426769321212109,0.0,-4.09153499678532,4.285272601462309e-05,0,3,1.0,-1.5282188105273633,0.508535470432201,,,-1.014358781754559,0.0168157625665353,-1.7941781031777948,0.0042836542640437,0.0005674763218145,True,down
TICAM1,4,1.2590527640212963,0.3366893575049975,0.3833012020146344,33.54361509255518,91.05642015113084,3.739508647827123,0.000184380305334,4,0,1.0,0.5220137138977263,0.1740846312307331,0.29768192394284,0.999899862550801,1.6203265502895394,3.07204003351626e-74,2.205700179205365,4.537204717105662e-38,0.0019950964307265,False,up
ENSG00000215014,3,1.2570101429709717,0.4809211832177766,0.5741869690785109,12.30282630898498,83.74357282001645,2.613754991120358,0.0089553230568726,3,0,1.0,2.3724103735196773,3.512036307088175e-07,,,0.6660475973947192,0.0078870912002347,0.8907426971642414,0.0334851544721294,0.0483082610683112,False,up
ABLIM1,4,-1.2566651167080911,0.3919539209617547,0.4300243074938674,10.654964432983778,71.84411061276634,-3.2061552379028537,0.0013452139525757,0,4,1.0,-1.4011108229039275,5.262050501056331e-05,-0.184140774892352,0.999899862550801,-1.648526157680202,0.0002988670020654,-2.036241149417086,0.0029278299195335,0.0106155661105198,False,down
C10ORF55,3,-1.2553253921103422,0.4250166686687156,0.0,0.7877890954403266,0.0,-2.9535909639553943,0.0031410002358226,0,3,1.0,-0.7730270358158079,0.5432649947707822,,,-1.1559499355802412,0.0776144987094958,-1.8826888519692897,0.0630220875595542,0.0209168757005206,False,down
CCDC159,4,-1.25529597010207,0.453413464607292,0.7239196974005162,47.57008012479864,93.69351493180253,-2.7685458595485253,0.0056307060677681,0,4,1.0,-1.5850646016070145,4.4499885191198216e-05,-0.0401054243336222,,-0.896611704220025,5.4843358532773355e-15,-2.26052561314775,4.529667115662983e-34,0.0335116846526526,False,down
FASTKD5,4,1.253830283498824,0.4345816729423438,0.6965743675008667,64.48660901459705,95.34787137075092,2.8851430273387764,0.0039123587312219,4,0,1.0,3.183321395935673,6.8209633146243575e-22,0.0467270793005634,0.999899862550801,0.7187603831178073,3.6418089327678606e-15,1.133616142634981,1.6242152477520416e-11,0.0250093242275528,False,up
ZNF778,4,1.2526801540242298,0.333179337661403,0.3897907312678583,36.49521621274945,91.7797445492268,3.7597774304278113,0.0001700645900596,4,0,1.0,0.7763294051815091,0.0498351579655269,0.282694536989798,0.999899862550801,1.717453465519939,1.0836060317116007e-55,2.0194706045945625,4.7573045305206334e-37,0.0018612389669929,False,up
FAM72C,3,-1.248248891520746,0.2945242535620101,0.0,0.0472732331518898,0.0,-4.238187098088802,2.253319531803044e-05,0,3,1.0,-1.1453269714744148,0.0771195609714764,,,-1.2827668028037955,0.0013629120496655,-1.3224740717123662,0.3062902592289702,0.0003243512725667,False,down
RNF216P1,3,1.248039926645098,0.2708792053366506,0.1749748570327695,10.489848864866095,80.93394837461722,4.607367055341236,4.0779976736541865e-06,3,0,1.0,1.7532393304331095,6.355809192130123e-09,,,0.8248288834024506,1.2303581178394683e-09,1.2983936316285192,1.7676992975158725e-08,7.291035808241672e-05,False,up
HSD17B11,4,-1.247304513479474,0.1660486293318117,0.0517234376921472,6.830711346400937,56.080708906244695,-7.511682080717511,5.837240930581091e-14,0,4,1.0,-0.8076805847912203,0.1294216083351499,-0.862292574848952,0.985468506956835,-1.1506277103458389,9.928817562404337e-51,-1.5797612806022747,6.934783225492422e-21,4.29671691107556e-12,False,down
FOXO4,4,-1.24643276549194,0.1680008734240635,0.0648901733107574,8.480224446830114,64.62357784502517,-7.419204079646218,1.178262408466988e-13,0,4,1.0,-0.8008655594202186,0.0229983879387604,-1.0318310108048,,-1.203404757525678,5.244598755379311e-30,-1.6225367793914758,8.85035827375749e-26,8.232500745380934e-12,False,down
ANKUB1,3,-1.2453270635236633,0.4516629863595799,0.0,0.9666893044588593,0.0,-2.757204156933568,0.0058297940310387,0,3,1.0,-1.001476917520341,0.1106221570651891,,,-1.6266512172817569,0.1252478909013686,-2.877372101278488,,0.0344081353792252,False,down
ENSG00000255050,3,-1.2440223468096627,0.3994761572030499,0.3832366536119276,10.141968195621914,80.27996182374778,-3.1141341588938385,0.0018448558384557,0,3,1.0,-1.0479128858836049,0.000277989752282,,,-0.6391048607572324,0.0823269672771887,-2.0957361027472667,1.1636014618700976e-08,0.0136760540572388,False,down
SF1-DT,3,1.2438816003735178,0.4766569684028054,0.0,0.3006143280147566,0.0,2.6095949138046772,0.0090649495153281,3,0,1.0,1.671219108207287,0.1330394143724785,,,1.1931887916981805,0.1986626933617276,0.9996268743490788,0.305105251610051,0.0488517320966837,False,up
NABP1,4,1.2437570125400972,0.3064220681679795,0.3091437046860887,23.46669010991736,87.21592186223076,4.058966836090519,4.9290312542403454e-05,4,0,1.0,1.1209636195656485,0.0099443413149785,0.86791749075163,0.230914837540372,0.9404912682661752,3.437286293556021e-16,1.982983587570626,4.3734610711711894e-24,0.0006407740630512,False,up
CPNE7,4,1.2432835164609266,0.2815424882133377,0.2013859953571952,14.472135686974491,79.27050944733665,4.4159711891117235,1.0055747822181342e-05,4,0,1.0,1.6841347826575674,3.6289396894405367e-06,0.89003336773139,,0.7757353298037479,1.1408543377479075e-10,1.4687188192864864,7.758603706903912e-15,0.0001615452217652,False,up
PCAT6,3,-1.243197984254666,0.3348347838894986,0.0,0.4554546243352686,0.0,-3.7128698811200658,0.0002049222562214,0,3,1.0,-1.4706582890333806,0.2206068063544706,,,-1.3134929807417963,0.0020895705985602,-0.706848618380374,0.5322328250406942,0.0021817200008401,False,down
C1R,4,-1.2426061011048013,0.339687840459182,0.0,2.3355309664276525,0.0,-3.658082371818419,0.0002541093860325,0,4,1.0,-1.303703296509134,0.0214499037132221,-0.589675093802547,,-0.922107320004324,0.1761277219421779,-2.629582598942683,0.0301862438382893,0.0026238837931204,False,down
BCAS4,4,-1.2373731324683472,0.4577519696362238,0.6746023435348197,21.021811999112025,85.72910841307723,-2.703151956837432,0.006868533781038,0,4,1.0,-3.1527477091437155,6.841190718380154e-09,-0.4350915072746569,,-1.0078275422197849,1.334008659845468e-10,-0.5122044304470006,0.1779089226118956,0.039061901805392,False,down
SLC41A2,4,1.2348478802201517,0.2165849582506176,0.0750308425380138,5.038489371877951,40.45834418656644,5.701448014645913,1.1879396484319666e-08,4,0,1.0,1.6267082971673583,0.0068482642509195,0.890262501151433,0.236584494774589,1.0227220126607235,2.879965864543755e-06,1.8518054989482933,1.0240605613820205e-05,3.591396115705928e-07,False,up
HMMR,3,-1.2343620570993086,0.200498171030157,0.0575620029777106,3.675666576122098,45.588100591266354,-6.156475397043135,7.438172368192681e-10,0,3,1.0,-1.6216423706804854,1.47714776159319e-06,,,-1.0010528849212217,3.3735132347813813e-12,-1.336906126107558,0.0006334324848034,2.8720479938868897e-08,False,down
TAF13,4,1.231479763901861,0.1342001417634483,0.0345014297935882,6.303687974377457,52.40881191781585,9.176441602219494,4.4557204926471997e-20,4,0,1.0,1.1478812486895753,4.364388880913337e-07,0.261450374256789,,1.2146546033986094,1.6538637574920412e-30,1.4862253777938057,4.300254619336748e-22,6.409539367494917e-18,False,up
ADRA2B,4,1.230544759218901,0.376465803814056,0.0,0.8792861101014819,0.0,3.2686760570335673,0.0010805193179354,4,0,1.0,1.2154198548077897,0.0088596519531438,0.270814963745011,,0.71784163839881,0.6726745094266772,2.299767455011547,0.1667721552007542,0.0088438637666203,False,up
ENSG00000260464,3,-1.2301258350641673,0.472814565706499,0.3354551094960488,3.9933545378250015,49.91679348637777,-2.60170883954487,0.0092760568140535,0,3,1.0,-0.8041376516829825,0.6697361405098928,,,-0.8159528108094501,0.0016444543413876,-2.068099608154423,0.0012230855748218,0.0496128151690167,False,down
GPX3,3,-1.230108715830278,0.114725720080848,0.0,0.460406622992914,0.0,-10.722170363920238,8.010130920753758e-27,0,3,1.0,-1.2110509607226438,0.211642264302233,,,-1.186341970168976,5.4393148197326194e-18,-1.3703637636825343,4.387601273536269e-08,1.9808423756726904e-24,False,down
HSP90AA3P,3,1.2288775622265702,0.3503942793304199,0.0,0.696900242468262,0.0,3.5071279262174975,0.0004529713286221,3,0,1.0,1.51634349574176,0.0054790119541389,,,0.947498947211586,0.1340819161973024,0.8268230190705733,,0.0042640915190954,False,up
ENSG00000245281,3,-1.2277121885280724,0.3961377426505869,0.0,0.6736932815439468,0.0,-3.0992052923646187,0.0019404051591376,0,3,1.0,-0.6398171084744642,0.5597384674382854,,,-1.3237304629449795,0.0380459189708386,-1.5284300425805124,0.0848626008635881,0.014273521773884,False,down
DLG3,4,-1.227053344212079,0.211232821460333,0.081401367473934,5.912110692308497,49.25670109825713,-5.809008920720707,6.284374123501957e-09,0,4,1.0,-1.6848345738419856,1.1509406512449051e-11,-0.364661664267632,0.999899862550801,-1.147958365979202,9.974863355513708e-11,-0.9515142055960288,0.0308957718165448,2.034011618884626e-07,False,down
SLC8A1,4,1.2269957891900518,0.216137870831155,0.0955569448656054,8.038922307359243,62.68156494989825,5.676912539536257,1.3714754833943832e-08,4,0,1.0,1.7326141561788857,0.431623484309892,0.412203851078504,0.999899862550801,1.297078903888371,4.806856079796995e-23,1.5701501982398334,1.3392427931722993e-17,4.0625577273253003e-07,False,up
FBXO10,4,1.2259241996411252,0.2928398392854224,0.2676277122684466,14.00835116430339,78.58420334546786,4.186329983763763,2.835011076773152e-05,4,0,1.0,1.771221870866628,6.717228965658616e-11,0.525642298858375,0.87870005286099,0.8858906492544428,0.0002779170511105,1.688843736661963,4.7708993423139857e-08,0.0003956611210443,False,up
NTNG2,4,-1.2248834139024138,0.4626210893387903,0.6334188860338064,19.0517821001253,84.25344157185029,-2.6477033627089956,0.008104060085118,0,4,1.0,-0.0779016804901784,0.9085164251715124,-0.513286772334371,,-1.3718538819265629,6.141313100914585e-16,-2.3612126014802173,1.148964801140843e-13,0.0445460185847559,False,down
RAC2,4,1.224039764945,0.0614599838966692,0.0,1.3125262548858032,0.0,19.916044348513655,2.954278632519379e-88,4,0,1.0,0.7086082400030888,0.60873325200364,1.6544031421497,,1.1881484601951628,2.626743670105402e-59,1.3256708382402902,2.1089291858218497e-27,5.910974402101729e-85,False,up
MMP11,4,-1.2225856712234418,0.4374159557925832,0.4206985530656844,7.72688436781909,61.17451928626766,-2.795018460193472,0.0051896751694536,0,4,1.0,-2.483536346022747,0.0001248397334377,-1.56217917810481,,-0.7759645013146278,0.0017837427211019,-0.6600511388288787,0.3023089692000206,0.0314827896374049,False,down
PLCH1,4,-1.2216676846043086,0.2146557988801812,0.0,2.916901622074241,0.0,-5.691286659747925,1.26085622892529e-08,0,4,1.0,-1.7384593233452308,0.0006233318623665,-0.600233375794539,0.999899862550801,-1.2279810800419697,0.0001671099743517,-1.3280546308374943,0.1292281227790374,3.765289652973773e-07,False,down
EHMT2-AS1,3,-1.2212268422310963,0.3420212429678493,0.0,0.2689591512971592,0.0,-3.570616934884053,0.0003561414172701,0,3,1.0,-1.4169984069810857,0.0142526257951888,,,-1.014499048337596,0.20156985837469,-1.1201705368747457,0.1379765095750227,0.0034930108969245,False,down
PARD6A,4,-1.221200747810755,0.4058981078063266,0.4635094098454934,11.249015575859834,73.33099967931469,-3.008638681295474,0.0026242100334382,0,4,1.0,-2.403781940446648,0.0008266666823003,-0.169148631460419,,-0.8831453284952165,0.001573955014368,-1.757115798440536,5.775697341647384e-05,0.0181737692340911,False,down
PRKAA2,4,1.2209694249168983,0.3829694528702411,0.3054811917684426,6.536873489750974,54.10650053571273,3.1881640056826956,0.0014317930148579,4,0,1.0,1.4950610119813774,6.158223760088366e-05,0.228842313159034,0.999899862550801,1.9292156487191323,0.0493154580372474,1.614213969099178,0.0153334633383939,0.0111154611865988,False,up
ENSG00000263731,3,1.2190864649190525,0.3680548112228052,0.2111207121671932,4.163457176065471,51.96299816658545,3.312241622025877,0.0009255157354137,3,0,1.0,2.1010432191522224,0.0003911869124852,,,0.7985757019090255,0.0491160084249543,1.0159411766932298,0.0503754882921861,0.007762833773141,False,up
CLIC2,4,1.2182333642058931,0.2163679103453546,0.0251491082804996,3.359820323268386,10.709510885938023,5.630379117963546,1.7981393019865682e-08,4,0,1.0,2.689845353789191,0.0084011208205514,1.68016729691624,,1.0220195787265314,4.601387263251843e-05,1.310810513415426,0.0002378850568139,5.227905930967289e-07,False,up
CCNE1,4,1.216976025062363,0.3047310122662509,0.3002462616529756,16.918071563880783,82.26748250430123,3.993607398248858,6.507558219599075e-05,4,0,1.0,1.5644388515757417,2.579379195315507e-07,0.391483153225192,0.999899862550801,0.950228782611691,7.904993621962209e-08,1.939764647674856,2.4073762746431388e-11,0.0008165612819564,False,up
RHOQ-AS1,3,1.21649366194725,0.2506467075758437,0.0,1.5596024616459565,0.0,4.853419674699492,1.213505069483765e-06,3,0,1.0,1.2492908118552848,0.1358098684001204,,,0.8507118507661062,0.063365782136044,1.520658617694863,0.0001182951486491,2.452658369437052e-05,False,up
VASH2,4,-1.2153365674613117,0.2343476824104291,0.0,2.7573566767114763,0.0,-5.1860404803697175,2.148121367320957e-07,0,4,1.0,-0.9607624182727488,0.0085885051240623,-0.291583680576537,,-1.382965793437666,0.0009109397295694,-2.1987550211060025,0.0121834567450162,5.0402988457747275e-06,False,down
ARL9,3,-1.2143386240012453,0.4075569277237987,0.0,1.7858427422481915,0.0,-2.979555839679414,0.0028866661126458,0,3,1.0,,,-0.4249052476602361,,-1.424885945644104,0.0221858951078514,-1.9718384672288247,0.1051557985597439,0.0196209494975981,False,down
CCND1,4,1.2136987533270036,0.2165098915375413,0.0,0.6955302086506181,0.0,5.605742743243472,2.0736377107822052e-08,4,0,1.0,1.1370879879336144,0.0027054616492066,1.27697689575978,0.733580610465796,1.4445499695375317,0.0005738861214732,0.9469742400103932,0.1104156442934922,5.927102906052669e-07,False,up
SMTNL2,4,-1.2105460743892764,0.3705368962193942,0.2756590870487939,6.201897498102513,51.62770747311032,-3.2670054905207455,0.0010869157234138,0,4,1.0,-2.5297961651207266,0.0014548405017663,-1.37304798734598,0.101284198659255,-0.9692868368552976,0.0195236878338335,-0.2128202343195376,0.8158993572772884,0.0088797060714976,False,down
MFGE8,4,-1.2086658015101746,0.4197771466809457,0.5583098286823112,39.22957168520574,92.35270773774124,-2.8793034853534527,0.0039855459812305,0,4,1.0,-0.7555774310992434,0.1693275505323198,-0.188346325952231,0.999899862550801,-1.0922854249831178,2.3799130704901883e-25,-2.215029684660741,2.3104512727358337e-41,0.0253960282284024,False,down
EFNB3,3,-1.2062813791209592,0.2924625765967785,0.0,0.4875291455559739,0.0,-4.124566613471621,3.714334841881114e-05,0,3,1.0,-1.2297029674939153,0.0002743551431914,-0.269510728020945,,-1.4798497508764004,0.3005120504136249,,,0.0005024511096186,False,down
DSTNP1,3,1.2062446987417037,0.2712299851865272,0.0,1.2959927112477465,0.0,4.447313219857157,8.695100710046192e-06,3,0,1.0,2.459194570068216,0.0580029261284769,,,1.1369173902431544,0.0036700648460941,1.119132506516633,0.0309767236602569,0.0001420716195452,False,up
SBK1,4,-1.2061102540710973,0.2501724349546588,0.1545662149485871,9.358263033043698,67.94276897959477,-4.821115700815288,1.4275752303368604e-06,0,4,1.0,-1.6678739698209342,1.2633850129879651e-06,-0.969240281614855,,-0.7903083425789751,8.444530772458397e-08,-1.4299811577041104,1.4130967537359206e-07,2.8459694967829676e-05,False,down
TOR1AIP2,3,1.2053259703227832,0.4529939288531451,0.5771247184806376,54.0912478005784,96.30254416135207,2.66079939167029,0.0077955387529888,3,0,1.0,2.809001073819392,3.7418326820802634e-18,,,0.4746389316008701,2.388612874838475e-09,0.5284347979202058,0.0010059211336483,0.0431736317097463,False,up
ATAD3B,3,1.2049361284917166,0.1337758956444939,0.0283844384495543,4.352079738416036,54.04495964662837,9.007124360384058,2.1153014814784064e-19,3,0,1.0,1.342067337329519,5.419651234378701e-05,,,1.0428306151548363,1.325287638052711e-34,1.3841765178898005,1.798172773343617e-18,2.821555776112621e-17,False,up
PIK3CG,3,1.2029962980458566,0.0711452059745192,0.0002718825205162,2.0220161864507835,1.0888234524684106,16.90902825520966,3.860208365291328e-64,3,0,1.0,,,0.529752777471417,,1.14438217350504,1.2033414070102856e-42,1.360797481074007,1.0042185936471758e-22,4.045682186271278e-61,False,up
ATP6V0D1-DT,3,-1.1989022331370809,0.4004570728191312,0.3211620354583577,6.936991583979713,71.16905829006916,-2.9938345818118983,0.0027549526355885,0,3,1.0,-0.0984456767861676,0.9266056938211216,,,-1.092856283996787,3.960052992177309e-07,-1.9188306659980847,1.9277300957764466e-07,0.0188537787800583,False,down
PLAAT3,4,-1.1960504756495955,0.3285023412099885,0.2264278149956099,6.698040776115082,55.21078326817794,-3.640919182627816,0.0002716664098293,0,4,1.0,-1.8905763185204412,5.602820742416694e-08,-0.40929021422584,0.999899862550801,-1.0802582069569893,0.0021395266536346,-1.0449611577600697,0.2568638182673926,0.0027716186740191,False,down
TCAF1,4,-1.194944100770618,0.3716150261355335,0.4230840199044173,27.6425020055184,89.14714739135735,-3.215543012878075,0.0013019798166448,0,4,1.0,-2.2559297894391763,1.838660757775634e-15,-0.320328692189863,0.999899862550801,-0.7086646158156685,7.01233107203533e-08,-1.0320682390177611,5.454747456947179e-07,0.0103150733565645,False,down
RHCE,3,-1.1934231655445688,0.4348956096711002,0.0,0.0092219440212993,0.0,-2.744160067394386,0.0060665948965908,0,3,1.0,-1.1486565769046315,0.1951350075967345,,,-1.238152989793585,0.1023448921620177,-1.166771021143225,0.3303633990776304,0.0355200018832317,False,down
ENSG00000284691,3,-1.1924443353272078,0.3338475884475931,0.2121070298693079,6.031333283588957,66.83983613636592,-3.571822521984148,0.0003545056268383,0,3,1.0,-0.4153874836966024,0.6144384501693126,,,-1.033849048676348,6.4247368336575e-09,-1.811887170937044,1.3333903214562925e-07,0.0034808458891388,False,down
SAPCD2,4,-1.19094558416824,0.4237397251168762,0.6053050949053939,24.939190537005217,87.97074028706527,-2.810559203151776,0.0049455489341884,0,4,1.0,-2.4994679472908143,2.749247655988336e-12,-0.628462250835547,,-0.6584304639881966,7.472410793730852e-05,-0.9626354607466564,0.0026272247522653,0.0302772146015445,False,down
SH3BP1,3,1.1907684662764555,0.1048423225824446,0.0086902964361267,2.5071013596375127,20.226599841612767,11.357707812511247,6.790293369052765e-30,3,0,1.0,1.1627163523597928,0.0392104617074594,,,1.281301295234016,2.56922220620328e-48,0.9706200940006472,2.34676153254489e-07,1.9664153520984512e-27,False,up
C1ORF216,3,1.190352751826058,0.0771174097987179,0.0,0.4512853395678979,0.0,15.435590418985353,9.433318867209115e-54,3,0,1.0,1.2941046048804674,0.0025279858314838,,,1.1559955865729326,3.2516656990823913e-34,1.2636451459796842,2.655278068106035e-16,7.15923844649674e-51,False,up
PRR36,4,-1.1901859855644723,0.2643577005310067,0.0,0.6237080154003601,0.0,-4.502180126297755,6.725993905089179e-06,0,4,1.0,-1.0235155717432762,0.0521541656579477,-0.652026454003899,0.999899862550801,-1.2889260832511271,0.0072619579488122,-1.417986148760665,0.0232910674803148,0.0001137835510046,False,down
ENSG00000285863,3,1.1889911881226312,0.4394657186028458,0.0,1.314694104056099,0.0,2.705537969839115,0.0068193851813105,3,0,1.0,2.0628332567212335,0.043700697346538,,,0.6988720912610809,0.5821257659676866,1.0014753020069946,0.1581732765079688,0.0388526659216838,False,up
ANKRD22,3,1.1878597903547536,0.128272143780002,0.0,0.0298360037333639,0.0,9.26046572038304,2.035424487656275e-20,3,0,1.0,,,1.38192091848794,,1.193496969949987,5.810624656596929e-14,1.1678148382993092,4.956866528746111e-06,3.026868753299119e-18,False,up
DPH3,4,1.1875305943772436,0.2693065786820644,0.2459833606021914,23.72151528937246,87.35325309785738,4.409586279654936,1.0356828967025022e-05,4,0,1.0,1.6915296529973187,1.2657775011023046e-07,0.288102994540456,0.999899862550801,1.2804498805828743,8.309582361506799e-31,1.5305062288609237,7.430318287906536e-14,0.0001656565761157,False,up
MARCHF1,4,1.1865461463110805,0.2874546216422167,0.2040723604500121,13.610855283001552,77.9587693967574,4.12776854841432,3.663005282028682e-05,4,0,1.0,0.9812097238513664,0.1297561416211306,0.0042403310145872,,1.0740176938002512,2.8723343253058414e-28,1.780170293303104,2.385164635910198e-19,0.0004964229264296,False,up
SFPQ,4,1.1861248723764557,0.3656787555408063,0.5003150425126256,80.72663592314596,96.2837544687777,3.243625325245603,0.0011801887833511,4,0,1.0,3.1396033336695988,1.1909178833212622e-28,0.303800274084646,0.993374699043738,0.6869443562793118,5.925289930250849e-22,0.771422123154984,6.864039645216794e-10,0.0095263258474127,False,up
ENSG00000277534,3,1.184959653761369,0.3649037527118658,0.2476420737477869,5.288021021603944,62.17866775058003,3.247321094823141,0.0011649687889997,3,0,1.0,1.6464607743282464,0.0023369524032282,,,0.6566002538947836,0.0124846628060652,1.5572672394329687,0.002445428386513,0.0094333326258626,False,up
RPL22P2,3,-1.1837186004922868,0.3716840968718382,0.0,1.3873767874450822,0.0,-3.1847437392524474,0.0014488224393258,0,3,1.0,-1.5947464818041108,0.3551560817371851,,,-1.3647885756109337,0.0039891186608663,-0.2461760302703693,0.844298604626901,0.0112318186217413,True,down
CCDC69,4,-1.1836910304948205,0.1816971053563586,0.0721390833059993,9.57697675908221,68.67487438397524,-6.5146388995756,7.286472981419104e-11,0,4,1.0,-1.416027110977021,0.0074974984932541,-0.701779110737252,0.943851267250661,-0.995204636068589,9.611778262871246e-21,-1.455891363409192,2.3553300213805116e-31,3.279508872148324e-09,False,down
ATP6V1G2,4,-1.1835230619617767,0.2759045269068075,0.1001687867826766,4.42603767438483,32.219284590320015,-4.289610885440585,1.7898643278160113e-05,0,4,1.0,-0.2982462396350763,0.6506742315980255,-1.41709444052268,,-1.3780134399951187,2.175340145196022e-07,-1.5556836559559073,0.0029841793977707,0.0002663497227241,False,down
C12ORF4,3,1.1831715446290778,0.172254618794579,0.0588523219621512,6.042418817851136,66.90067239147022,6.86873625165349,6.4773133649508185e-12,3,0,1.0,1.626242369110207,4.832767343026966e-11,,,1.00339563607006,8.401135480815838e-22,1.0569581287128331,2.4168407283831913e-07,3.4351612011856047e-10,False,up
TM7SF2,4,-1.1827650157188545,0.3480251772995633,0.35694482763727,17.264866596153166,82.62367112255336,-3.398504168279719,0.0006775543050827,0,4,1.0,-2.5482162342154693,2.160651958478209e-05,-0.15617034735776,0.999899862550801,-0.7828000409751692,1.3524798682710972e-07,-1.455988783547015,2.905719127249951e-10,0.0059625320673992,False,down
GAS6,3,-1.1816243945899436,0.3694370248773303,0.3756615024826551,32.1684065712132,93.78271971422495,-3.1984460544589326,0.0013817038121741,0,3,1.0,-0.7789583165377838,0.009752315120158,,,-0.8599400540760881,3.423703159479644e-21,-1.8785380294051623,3.6171119258281555e-30,0.0108591636324889,False,down
MICB-DT,3,-1.1815906174905035,0.4269859514640729,0.373716419792627,6.427689604929638,68.88462071245436,-2.7672821867768733,0.0056525803742656,0,3,1.0,-0.5513995743464738,0.3161457922718672,,,-0.944165208944159,0.0035289844628388,-2.205139074685813,6.725296424810317e-05,0.0336236868803278,False,down
ENSG00000287222,3,1.181226043649786,0.248529233370212,0.0,1.498015947816782,0.0,4.752865599075092,2.0055367120631458e-06,3,0,1.0,1.242517353768371,0.0025429545204044,,,0.8679096374206634,0.0610475853001786,1.7404952396678863,0.0103864396375169,3.8651363831696826e-05,False,up
SUSD3,3,-1.18014616367284,0.2167439263971147,0.0672783294041568,4.20354200335112,52.42107731038317,-5.444886891596654,5.183831488007861e-08,0,3,1.0,-3.5989858620709785,0.008594151803315,,,-1.0731363992195857,5.277924825128864e-15,-1.14985348865967,3.983093352246927e-07,1.3647242490378592e-06,False,down
SERINC5,4,-1.179360541166946,0.1768858370528884,0.0669653551422232,8.436338047172626,64.43954731039462,-6.667354271073271,2.6045586339800585e-11,0,4,1.0,-2.07620057021023,2.843359393997942e-06,-0.381323969288559,0.999899862550801,-1.059801435959579,6.2506813023810815e-34,-1.2104523259368771,2.2877091812172284e-14,1.2710361635314212e-09,False,down
PHYH,4,-1.179141701050625,0.3330856454009993,0.33803555353433,16.202196633978872,81.4839921538264,-3.5400555903004034,0.0004000427579412,0,4,1.0,-2.1670780687179105,1.7547422616377134e-08,-0.228298403421391,0.999899862550801,-0.8294295790101714,4.1956188105112844e-10,-1.3611073860234073,4.787557225150725e-06,0.0038616408155833,False,down
CDK6-AS1,3,-1.1790909799641938,0.3584767748742192,0.0,1.912137751979996,0.0,-3.28916979455059,0.0010048338526204,0,3,1.0,-0.0018940240143872,0.999191778783699,,,-1.045732749402006,0.0323310106431737,-1.9562640895937464,0.0220772161604926,0.0083140557377152,False,down
FEM1A,3,1.178529277701196,0.2471447344887973,0.1252324878179146,6.389947172644668,68.70083670547403,4.76857935144322,1.8552959453811871e-06,3,0,1.0,1.7330025442183965,1.2125770340147468e-08,,,0.8776565676502573,1.609321267116516e-05,1.0241629286327694,0.0001554144609249,3.610363259230287e-05,False,up
TNFSF9,4,1.178346861216144,0.3499811427639772,0.3957705094767584,32.70689567152458,90.82762231509524,3.3668867182675783,0.0007602190972182,4,0,1.0,1.3511463985574732,6.90813950583617e-05,0.210609784630653,,0.8582673936281208,1.819088545902859e-16,1.89341416602957,8.829484882413168e-31,0.0065640102434982,False,up
TENM3-AS1,3,1.1783288133713334,0.3169864397899254,0.0,0.8150799401162325,0.0,3.717284607354941,0.000201375545271,3,0,1.0,0.90555420127512,0.1104548064603234,,,1.1700291116584356,0.0816491432671129,1.6084522847380631,0.0191018647387301,0.0021504485084279,False,up
HEBP1,4,-1.1758860397761512,0.4372057835945601,0.660935928665934,43.0048282125759,93.02403910284028,-2.6895482262572297,0.0071548808003229,0,4,1.0,-2.238724834396272,7.708518733401327e-09,-0.6412995647898269,0.999899862550801,-0.3887140632026046,0.0004273776724956,-1.4481837418043808,1.7853384338477272e-13,0.0403566815823443,False,down
AP4E1,4,1.175223885768676,0.3153511975259065,0.3599049791148601,37.62810358971075,92.02723572595794,3.726714516985874,0.0001939919720935,4,0,1.0,1.7665376402590185,4.144434051826219e-15,0.27676674336613,0.999899862550801,0.873232140818973,8.824810566582487e-17,1.7554536965373404,4.111024748007964e-20,0.0020855959939752,False,up
ENSG00000247903,3,-1.174029344837478,0.3392145575620975,0.1141342286665712,2.9626281569373303,32.49237183826891,-3.461022879663875,0.000538127074898,0,3,1.0,-0.7766482785463791,0.0781079397808469,,,-1.0862302393376595,0.0666881313427711,-1.9830420028578193,0.0022615474127318,0.0049286886356353,False,down
PHF21B,4,1.173977289436048,0.3543228791921326,0.1983173953602285,4.923027526808046,39.06188857032217,3.3132980069273352,0.0009220268054897,4,0,1.0,1.7160712208712114,8.079645143395817e-09,0.31724772706912,,0.940958173255243,0.2356998835132987,1.0362788230267863,0.3371274628338429,0.007742421961856,False,up
RNF182,4,-1.1727194687939078,0.4257562743615142,0.3846961457553197,6.977579956078466,57.005150512297995,-2.7544384884346744,0.0058792940386964,0,4,1.0,-0.995375464874922,0.0056648574896359,-0.246558350377948,,-2.2003160480328523,0.0001739088946174,-1.643376807244014,0.2874692464310238,0.0346723961676501,False,down
CA11,4,-1.1713478407798803,0.1585428321919284,0.0417823076211972,5.561063221004579,46.05348148769895,-7.388210646835629,1.4881785428276838e-13,0,4,1.0,-2.057330781826248,0.0004885144829947,-0.800315219971735,0.850109697878794,-1.0134541147832927,2.8956671377619265e-21,-1.2982612314284845,7.229347297371558e-13,1.0171838990402016e-11,False,down
SLC18B1,4,-1.1713446224717057,0.2525375694118709,0.1832200236599691,19.114319669150102,84.30496061629698,-4.638298472578254,3.5128923511233332e-06,0,4,1.0,-0.9289563504413524,0.0054018199789151,-0.468619110974943,,-1.052373117027686,9.59856554572158e-36,-1.7636727220309854,2.9679361952187445e-29,6.389689897179623e-05,False,down
APBA1,4,-1.1703886998203017,0.1107560272389646,0.0,1.943791116387418,0.0,-10.56726869857022,4.2262403772184816e-26,0,4,1.0,-1.3623546966994868,0.0009592490088146,-0.57262200355194,,-1.0856374043223218,2.946338286404147e-13,-1.3356345238066654,5.936593093046872e-10,9.895247283212932e-24,False,down
MPST,4,-1.1701590122390175,0.3932825345336607,0.5215840743240783,41.39752698074374,92.75319030193408,-2.975364806440101,0.0029264030828982,0,4,1.0,-2.325312829127047,1.0994997685514501e-14,-0.846532699689029,0.979544194894035,-0.4981448709149123,6.046073700403308e-09,-1.0136622892752445,1.9469379197324794e-07,0.0198054137304759,False,down
ENSG00000247134,3,-1.1682949533234066,0.4398630054495369,0.0,1.152540662841635,0.0,-2.6560427652455503,0.007906358725294,0,3,1.0,-1.1582596231907407,0.10721198216893,,,-0.9447576467215004,0.2460651655779272,-3.101791619687936,,0.0436261313313146,False,down
NEXMIF,4,1.1681584515248018,0.3614920299371593,0.3389461779757594,8.594264416101977,65.09299860056339,3.231491581509753,0.0012314595137275,4,0,1.0,0.6145427595989229,0.233912553346244,0.383606770722885,,1.7423202355583205,4.62561712435248e-05,1.7836656193992797,2.5972451070884167e-05,0.0098521237505018,False,up
ENSG00000275910,3,-1.1669579742891,0.4302973602313985,0.0,0.4564015159582645,0.0,-2.711980323703478,0.0066882562813849,0,3,1.0,-1.2017111333178527,0.0329469947831736,,,-0.6380011944605561,0.6671355095688395,-1.8140413621868712,0.2964534148091292,0.0383038856354412,False,down
RAB11FIP4,4,-1.16688954384167,0.41149976683543,0.5266526625530759,22.456375030368825,86.64076461163943,-2.835699161667669,0.0045725495285828,0,4,1.0,-1.352287303890382,0.0396226685694875,-0.314020196681458,0.999899862550801,-0.805068742002353,2.463074224891882e-07,-2.007673501681748,4.6208323866918094e-18,0.0283644990345491,False,down
GEM,4,1.1664507597229812,0.3069842376631467,0.0235140670526106,3.194123718347801,6.077526591493892,3.799708964220259,0.0001448661158529,4,0,1.0,1.6058852253031026,0.0115760144084697,0.510454543563044,0.999899862550801,1.1189970468706036,0.0841734719369584,2.0328544893828675,0.0409214760240925,0.0016234003787205,False,up
LINC01140,3,1.165596347856726,0.3928297648324629,0.0,1.5164640727775085,0.0,2.967179303110696,0.0030054563326369,3,0,1.0,1.8808279832505033,0.0168598555387835,,,0.8665121208421824,0.2446584604855096,0.7966774692225908,0.4030397071850461,0.0202037533368986,False,up
CLIP2,4,-1.1645440572141192,0.3217642338182896,0.3510941672975283,33.34775194739034,91.0038913425624,-3.619246438284293,0.0002954621619316,0,4,1.0,-2.407519645923794,3.736753623562209e-11,-0.434245535591259,0.999899862550801,-0.6493849086866472,1.9238283133852496e-09,-1.2719540950258097,2.557698934508687e-17,0.0029843169903415,False,down
SLC44A1,4,-1.1623257855560831,0.2714930003039112,0.2561104623475466,35.444955596792276,91.53617221551409,-4.281236658974512,1.8585757267618528e-05,0,4,1.0,-1.7196079781144924,2.451864751499629e-06,-0.26472882516475,0.941993976932079,-1.2168419872483625,1.679309811169297e-52,-1.5562837017729654,3.9609699272894936e-23,0.000275457193066,False,down
PSRC1,4,-1.1621303696611498,0.2578763178696474,0.1904317819866511,13.01305963246665,76.94623643685445,-4.5065416602101065,6.589275308171177e-06,0,4,1.0,-0.611044892369843,0.0485810334650922,-0.660133176798585,0.995674588998593,-1.2955322279032968,2.3399352235608498e-18,-1.7882824816237468,5.120996508436495e-15,0.0001118144643465,False,down
ENSG00000259802,3,1.1618268511842065,0.2725199230728655,0.0,0.0218685020679609,0.0,4.26327307773957,2.0145407346847603e-05,3,0,1.0,1.154014225400699,0.0341029031768803,,,1.2216456979897246,0.0351124723479441,1.1236514310332704,0.0234964274087067,0.0002949968531581,False,up
FXYD5,4,-1.1607338031871226,0.3284523952668517,0.3315692375736441,38.88762527975123,92.2854636187772,-3.5339483587692593,0.0004094010602473,0,4,1.0,-2.4861428099726597,1.7288898288907554e-10,-0.302263103152301,0.999899862550801,-0.5599748754292697,1.3778198798757471e-09,-1.1691033668433857,1.7016197182839672e-22,0.0039330021540737,False,down
ZC3H12C,4,1.1590475672322775,0.4219520513303439,0.5914508031927148,21.37786501521531,85.966793232791,2.7468703222984585,0.0060166918639254,4,0,1.0,2.5494548955490406,1.5576326843470043e-10,0.449355205584084,0.999899862550801,1.1643464309051736,5.776915538893423e-10,0.4296655554423692,0.249438819184734,0.0352935424395351,False,up
MAILR,3,1.1588113010877694,0.1314414530668819,0.0,1.6471595679264737,0.0,8.816178412894798,1.1843271190017728e-18,3,0,1.0,1.0866869325869597,0.2533285421478898,,,1.0468940931118396,4.3566925063184695e-10,1.4163355505832862,2.35100887842835e-08,1.4643739079837092e-16,False,up
SLC5A3,4,1.1572432148430964,0.3228906619684084,0.3204636451509861,23.458262332391627,87.21132896592455,3.5840095461054893,0.0003383597102683,4,0,1.0,2.6335140529587573,8.270507089638548e-08,0.9424655602674908,0.688590447215882,0.5244777717893176,3.812214417793192e-06,0.9898182751029676,3.267614778581414e-08,0.0033484527263022,False,up
ACBD7,4,-1.1570072927557271,0.4348335423274981,0.3171954652190321,5.341687250061527,43.83796992297808,-2.6608050670670633,0.0077954073629689,0,4,1.0,-0.5138744950151836,0.1579141225408807,-0.828170749416022,,-1.747727730099835,0.0055509840568823,-2.005938092100058,0.0502638827040886,0.0431736317097463,False,down
PNCK,3,-1.1555749695261166,0.4159667296014757,0.2366035094609581,3.58550710225873,44.21988458089854,-2.778046625587666,0.005468677040755,0,3,1.0,-0.6551890154028696,0.0954211157408209,,,-1.2397116636574637,0.1299689128719074,-2.009430789098121,0.0052908797600838,0.0328097604320106,False,down
CACYBPP2,3,1.154584785880012,0.40539533645496,0.0,0.5735473149382707,0.0,2.8480465413747744,0.0043988491077974,3,0,1.0,1.287219637046987,0.0669513292030448,,,0.8086599312343156,0.3153700583391952,1.6420198754192503,0.1695821031736377,0.0275159361272442,False,up
CAT,4,-1.1536140329630766,0.1986735325182105,0.1102549683937094,15.963615958779435,81.20726527281494,-5.806581371664771,6.376129163776983e-09,0,4,1.0,-1.35574424746653,0.0032776568788426,-0.487348077602993,0.836412232155881,-1.1070690668470926,6.3040533685596055e-53,-1.5677903800415385,8.925472743693627e-31,2.0576572839526044e-07,False,down
FHOD3,4,-1.15236196829358,0.3282856512243045,0.2001209450139897,5.862080302654983,48.823628385962635,-3.5102416569106056,0.0004476996143453,0,4,1.0,-1.3782538782784228,1.0126202725112592e-06,-0.373787922214627,0.999899862550801,-1.8820012133003092,0.0175517589729514,-1.3890026278376746,0.1201033968374265,0.0042253090961093,False,down
ZMIZ1-AS1,3,-1.1510611331300442,0.3346588086237878,0.1060770212743393,2.8888259611028175,30.767722703637908,-3.439506456930074,0.0005827758827098,0,3,1.0,-0.3147021719295089,0.8627145074660197,,,-1.6055595853450022,3.3797221546307485e-05,-0.8045763103177194,0.060409967030083,0.0052588414934651,False,down
SLC5A2,3,-1.1507748909222508,0.3929016494752758,0.1301600711377677,2.4511216292722153,18.40470190808777,-2.928913361547661,0.0034014921849719,0,3,1.0,-1.4671560330162006,1.3550145543882374e-06,-0.111656436679881,,-0.4380897946229899,0.7713150343860765,,,0.0223273013716219,False,down
GSTK1,4,-1.14889201107658,0.3155932143133076,0.2819509489528334,26.608855561809506,88.7255579518205,-3.6404205127680873,0.0002721931302287,0,4,1.0,-0.8386448433040248,0.3220079526593776,-0.484924450986833,0.999899862550801,-1.0093620493444857,2.8786649339928457e-21,-1.7998457828415004,1.2211680291937357e-43,0.002774756184903,False,down
PHLPP2,4,1.1478252846036263,0.1579147109641608,0.0515788570030603,6.381585914741202,52.98974204719045,7.268640632626864,3.631229905725317e-13,4,0,1.0,1.340219687410002,2.104505549161328e-07,0.616418474962629,0.712204914407427,1.0312313310774397,2.326536628825099e-11,1.4562398120629665,6.522419397833227e-12,2.3436873605603664e-11,False,up
KIF3C,4,-1.1449679969988376,0.4307590298581348,0.6222780947005168,51.53910164714169,94.179176772348,-2.6580243654460793,0.0078600210229824,0,4,1.0,-2.829591098500948,1.3458021351257581e-19,-0.114521855085328,0.999899862550801,-0.5652607052105487,1.0985508215799778e-06,-0.776389960796388,7.073990932558907e-07,0.0434651263052313,False,down
TOP2A,4,-1.1445699581490432,0.211320046692559,0.1254402748200481,14.00926553561118,78.58560113394896,-5.416286699076078,6.084950361524282e-08,0,4,1.0,-0.8018283839979788,2.786680165773785e-07,-0.673813418745274,0.999899862550801,-1.1591214306699211,6.977777029432994e-20,-1.742241615908793,7.170060145326966e-15,1.5905424288217092e-06,False,down
BIRC5,4,-1.142398311906097,0.176418093065981,0.0470239502779448,4.791583612760806,37.39021913317995,-6.475516723099571,9.448802121155996e-11,0,4,1.0,-0.9592758855185012,0.044352630608358,-0.418349749057904,0.999899862550801,-1.2027604662858775,4.5016414368111076e-17,-1.5021405517032942,1.7789680756489046e-07,4.184279394054775e-09,False,down
BTG1,4,-1.142038439906726,0.3266645950077521,0.3885421610897687,51.483435096814034,94.17288299749517,-3.4960582118782235,0.0004721856778026,0,4,1.0,-0.7165149734975124,0.0138063367807401,-0.615644587307481,0.495197551808706,-1.0623155503979052,4.2783308752716554e-43,-2.075019082390412,6.857378840286924e-49,0.0044166317818782,False,down
ENSG00000285531,3,1.1399341652841897,0.4278022926223115,0.1576347745979408,2.7442440183040415,27.12018367681415,2.6646284625935586,0.0077073422676987,3,0,1.0,2.0987756343413047,0.0301640706186429,,,0.6055572551838487,0.2763765535178547,1.40714934091794,0.0832440785474841,0.0427928597300154,False,up
HIVEP3,4,1.139468297498209,0.2391597183527219,0.1213450358606335,8.843594633129786,66.07714255963938,4.7644657944348205,1.8935463411116851e-06,4,0,1.0,2.0496488951925858,0.0018309492006322,0.576422587825959,0.999899862550801,1.3165759168067026,7.959556159948659e-30,0.7731971283459287,0.0001893043811926,3.6685793504865384e-05,False,up
SHROOM3,4,-1.1363177195571732,0.3734876680921887,0.3114267124077248,8.0285318640585,62.63326781537526,-3.0424504384886237,0.0023466045645982,0,4,1.0,-0.5102806787499997,0.2734114742722029,-0.130223728192392,0.999899862550801,-1.54477930249576,9.980839651710398e-16,-1.8761619109069656,0.0128217371713491,0.0165745891727351,False,down
ARL15,4,-1.1362461968482522,0.3747398071535786,0.4675753897806481,24.74848319440316,87.87804498387017,-3.0320936691483844,0.0024286382753708,0,4,1.0,-3.1130209883336732,3.899739782547508e-09,-0.232637211064654,0.999899862550801,-0.8059809501133001,2.392043046816547e-09,-0.8732703618333851,0.0012591990246595,0.0170610147598785,False,down
ERP29,4,-1.1351148296494238,0.2050559246561088,0.1220711903135723,15.9562074519459,81.19853975930764,-5.535635371438693,3.1010211011554173e-08,0,4,1.0,-1.806855301914032,3.0749023282624715e-11,-0.456213263438777,0.999899862550801,-0.9010490872357316,6.037416741242755e-26,-1.240878563231243,4.539844462475537e-17,8.584952630859065e-07,False,down
SLC66A3,4,-1.1351105091374063,0.2546571968771168,0.1691850340414127,12.51875876822314,76.0359628654638,-4.457405967934009,8.295740706907596e-06,0,4,1.0,-1.817099938924096,8.911125175218577e-05,-0.33334686963301,0.999899862550801,-0.8428375785099109,7.457023213746984e-17,-1.4280928817179392,2.3414574884708045e-12,0.0001365129556632,False,down
ENSG00000280434,3,1.1336095306899456,0.3532278856321247,0.0972390799711573,2.7015863926123567,25.96942280028079,3.209286629964891,0.0013306476825946,3,0,1.0,1.7340687549444926,0.00214469637822,,,0.5102708318745834,0.4703702298334209,1.1080212413730577,0.0694256541052104,0.0105194773154545,False,up
ST20-AS1,3,1.1302213797417693,0.1610564091704941,0.0,1.57972964699601,0.0,7.0175498482976755,2.2579261617263632e-12,3,0,1.0,0.8512151550760749,0.0139243849103634,,,1.140162912247878,4.486048062136534e-06,1.409972920080958,4.438576828650721e-05,1.2580935922388742e-10,False,up
SIGIRR,4,-1.129203466200164,0.3630059415330877,0.3700933498234176,29.808135513993165,89.93563351658919,-3.11070243487251,0.0018664291532931,0,4,1.0,-1.942980403223244,0.0001002833968066,-0.570469458294081,,-0.5092121730208805,1.46985083304576e-06,-1.3680837666247874,1.3945952709701511e-19,0.0138217494060663,False,down
AKNA,4,-1.127718175030951,0.3905694854997141,0.4593910840049153,42.04553131189475,92.86487789214524,-2.887368872629904,0.0038847849467112,0,4,1.0,-4.621920193342362,2.485126728988477e-11,-0.254401271228657,0.999899862550801,-0.371324174058365,1.6742221722504834e-05,-0.5158651236841056,0.0007327958914265,0.0248908972029602,False,down
FDXR,4,-1.12748635620007,0.3768293230705947,0.5085710369851631,46.43581126487251,93.5394689609538,-2.9920345556251955,0.0027712489267741,0,4,1.0,-2.9223161937247712,1.0250189312250897e-11,-0.33733522365448,0.977556066663073,-0.4329653641508033,0.0002878107765904,-1.1594107198546366,2.37014076237355e-12,0.0189390970820295,False,down
PIK3C2B,4,-1.1266111570235664,0.3522661320826845,0.4187045352611244,30.65963220694236,90.21514681014112,-3.1981818699480495,0.0013829703034951,0,4,1.0,-1.2846188849780422,0.0102806273559236,-0.260782602449263,0.999899862550801,-0.9395530745567462,3.773524870148017e-18,-1.9582180327590113,8.608976410300178e-25,0.0108591636324889,False,down
PDLIM1,4,-1.1259781984848671,0.3149549446091071,0.2913607268176659,24.272017065990564,87.64008779392489,-3.5750453128536424,0.0003501672436022,0,4,1.0,-2.5425863372385846,6.020298562602437e-10,-0.174919114882598,0.999899862550801,-0.6596061888784717,4.684905423837319e-09,-0.992958887599881,1.5106544274474278e-10,0.0034497900019878,False,down
NOS1AP,3,1.1259019854688233,0.4175206114694208,0.3019258264677966,4.758353702350962,57.9686562810188,2.6966380929227114,0.0070043348773853,3,0,1.0,1.0065256976965438,0.0200427630893415,,,0.4823943186302538,0.4171342642640548,2.088896063792673,0.0009856246930432,0.0396804134662479,False,up
ENSG00000259933,3,-1.1252277482169184,0.4092998914463984,0.0,1.430579009687373,0.0,-2.7491523250606025,0.0059749612213784,0,3,1.0,-1.7454278675906714,0.0240862440919299,,,-0.6226056388048854,0.4589619142475101,-1.0513550597980656,0.3017372969053641,0.0351142647586966,False,down
TMEM145,4,1.1250590521223869,0.3949892202792455,0.0,1.4122071157688785,0.0,2.848328496982788,0.0043949534122459,4,0,1.0,1.2812951834579118,0.0147348417823411,0.0292900797350178,,0.9698490099007426,,1.7350215477537485,0.2876678818080549,0.0275109583760301,False,up
HSP90AA2P,3,1.1240572985429496,0.2266375366829094,0.0,1.4549563026317684,0.0,4.959713712894912,7.059714308017625e-07,3,0,1.0,1.5041710011820273,0.0004346575421415,,,0.906492703853966,0.0096148944551388,1.02635043727487,0.155473288284429,1.495449973100673e-05,False,up
PLCD1,4,-1.1237654239151158,0.1438605729718671,0.0222938645739686,4.015676845197081,25.29279332852377,-7.811489977416364,5.651584490757358e-15,0,4,1.0,-0.5637352722114674,0.334623078760263,-0.553161260070335,0.999899862550801,-1.163659891016885,7.795793306682237e-18,-1.3555203045472313,8.922956273409857e-10,4.711580418828738e-13,False,down
RNASET2,4,-1.122981442656896,0.3931104696052699,0.5656517652872755,63.736355097244456,95.2931101952366,-2.8566561551629603,0.0042812935187374,0,4,1.0,-1.3697278019594112,0.0003111704007645,-0.292168998345467,0.999899862550801,-0.796715188225868,8.47137245619805e-21,-2.004909330227334,2.7126916402609917e-44,0.0269143070705203,False,down
MANBA,4,-1.1227955621359291,0.3151239454086077,0.3401355947916487,37.70973528697005,92.04449467181333,-3.5630283845299298,0.0003666010222042,0,4,1.0,-1.0809113199779752,0.0236982467216812,-0.0966774160483787,0.999899862550801,-1.361068311458963,1.198124995412562e-60,-1.8374779832464436,2.1402962332869492e-32,0.0035724062790876,False,down
GRN,4,-1.121846435549948,0.3766347245583762,0.5150111991661415,60.06169531640726,95.00513599525308,-2.978605960630346,0.0028956289074485,0,4,1.0,-2.455865733378886,4.861793536818221e-25,-0.43891605181314,0.999899862550801,-0.6257180340434553,3.2986316223129754e-18,-0.924223256893658,1.4540301095921786e-08,0.0196515253234768,False,down
AKR1B1,3,-1.1216986148888586,0.3312526231716426,0.298683608783829,26.288615081596134,92.3921439231687,-3.386233153865884,0.0007085915278083,0,3,1.0,-2.0476174242195646,1.1046716474262385e-15,,,-0.8171148590875075,1.3943319902650563e-23,-0.5989880044449383,0.0017927476284803,0.0061886471966406,False,down
RBKS,4,-1.1214665201742695,0.1972119001806531,0.0241127415298002,3.4336308970021547,12.628931589028705,-5.686606736951299,1.2958840403495094e-08,0,4,1.0,-0.1952014985858969,0.8878270264223997,-0.259496531942308,0.999899862550801,-1.1238492771629751,1.929538564828531e-07,-1.4572753226618302,3.675203039507047e-05,3.864649301362107e-07,False,down
MIR22HG,3,1.120975013346298,0.0895750110904841,0.0,1.4695976887564408,0.0,12.514372029649492,6.229861805426846e-36,3,0,1.0,2.0775755271190968,0.0525742861141746,,,1.138450700637264,1.981633505282097e-29,0.982044913733355,3.341570440333696e-05,2.3239496351803298e-33,False,up
RASL10B,4,-1.1202283905947117,0.3602041446495563,0.3538841445912678,9.831673588463136,69.48637510179024,-3.1099819567167537,0.0018709877263312,0,4,1.0,-2.086211999939083,2.559526921586789e-07,-0.197943493714001,0.999899862550801,-1.1193054131695714,0.0004385435324546,-0.8573319311438488,0.0937814111219904,0.0138389899601856,False,down
RNF144A,4,-1.1194602192219256,0.2475475780916781,0.1439604030560386,7.732281447644719,61.20161920756505,-4.522202268556788,6.119953517439673e-06,0,4,1.0,-1.1525904304417534,7.821810015216752e-08,-0.364332335370711,0.999899862550801,-1.497966562116616,7.501228307310917e-07,-1.5618605170148974,0.0052614751659761,0.0001045761311842,False,down
AKR7A2,3,-1.116928307816092,0.4285952213112316,0.5043600261318155,40.37977046361435,95.04702484180248,-2.6060213746644076,0.0091600745151953,0,3,1.0,-2.7106698815699657,1.7578865400567942e-13,,,-0.4182028393602262,5.6215543577628286e-05,-0.4927744279293523,0.0026864547709359,0.0491957247449815,False,down
TXNIP,3,-1.1161659790561584,0.3563252589329793,0.3108729453805205,35.301755384315584,94.33455934916884,-3.1324357481659657,0.0017336236774928,0,3,1.0,-0.7965346797337516,0.2239073797701433,,,-0.789653507590787,1.014027374985019e-20,-1.6185189437480958,1.5869809197286666e-44,0.0130054619390309,False,down
HEXB,4,-1.1152442479753393,0.376329920731547,0.5313091766187051,73.97470433729637,95.94455966147407,-2.963474830296295,0.0030418693756315,0,4,1.0,-0.5802998574907418,0.0178208698014699,-0.3104256315188349,0.999899862550801,-1.206706198452426,2.593488719893169e-59,-2.263004258604042,5.953769313245214e-58,0.020392477334229,False,down
TMEM221,3,-1.1146860298608203,0.270234514130713,0.0,0.7878307971526544,0.0,-4.124884023221567,3.709216180527728e-05,0,3,1.0,-1.67050157231965,0.0323227873299997,,,-0.9910805481585708,0.0076904936063611,-1.0932666763333418,0.1365760371743429,0.0005020672750137,False,down
NR1D2,4,-1.1143035240874208,0.1825816643975767,0.0754192386097851,8.025359214574983,62.61849569858939,-6.103041769084729,1.0406863143802123e-09,0,4,1.0,-1.8424092303404611,2.1490543964584178e-05,-0.818411949302196,0.511774587560638,-0.8669815949212162,3.8377108273376995e-14,-1.2441011553966768,2.4703554984285397e-11,3.9287247158137374e-08,False,down
PDE12,4,1.1136646820512353,0.1910603072603841,0.1154976646726456,18.195743729507388,83.5126277628597,5.828864707798733,5.580572245213897e-09,4,0,1.0,1.5793154874582698,4.411949608284781e-18,0.759800211939499,0.295410062981839,0.8328422628701279,1.4734126159449433e-21,1.237819470251152,8.557823189521887e-16,1.822296951704936e-07,False,up
WDTC1,4,-1.1131805857862769,0.2188134309617078,0.1526450157395087,22.7894806826051,86.83603175613449,-5.087350355477414,3.6310068463814346e-07,0,4,1.0,-2.025066420433657,3.344489485601853e-10,-0.595195986676244,0.513976225445817,-0.799447286127998,2.82205510496798e-25,-1.2178941016376938,4.133719071302282e-20,8.113180678376547e-06,False,down
JUP,3,-1.1128094458443722,0.3509406497246532,0.31188992096133,28.832371243698667,93.0633523580302,-3.1709334519027035,0.0015194994911441,0,3,1.0,-2.785225900680785,4.7984174013760125e-09,,,-0.44656261936377,2.7366886702128103e-10,-0.7236488247393414,3.316193552153593e-06,0.01164843758293,False,down
QPCTL,4,-1.1120130230516785,0.1952952892004147,0.0836133037424528,7.404706601104743,59.48522795552202,-5.6940084300267735,1.2409095321062188e-08,0,4,1.0,-1.6938502505640722,4.057405082080255e-05,-0.221279785978114,,-1.2220313470326645,9.78781142032964e-16,-1.1009396641362363,3.149583128152825e-08,3.715806515935479e-07,False,down
EPHX1,4,-1.11166643233114,0.3226942959446632,0.3361943061028468,24.96333294459641,87.98237396160923,-3.4449522235179906,0.0005711603358102,0,4,1.0,-1.3065087756008946,0.0001431969611928,-0.249201640089705,0.999899862550801,-0.8195610433898437,4.64518884145624e-13,-1.806886127830702,7.020271380079317e-22,0.0051727291760756,False,down
MTF1,4,1.1104379235132475,0.3086887956365492,0.3453154562907852,42.48815853541544,92.93920917401164,3.5972731735319585,0.0003215707100856,4,0,1.0,2.1538844412154163,1.4777255370641882e-14,0.020367533120789,0.999899862550801,1.0115698963286637,2.2728962096484916e-25,1.3090639117382463,4.521913091000687e-18,0.0032170226173974,False,up
ZNF749,3,1.107835354560065,0.1180427974051745,0.0,1.3447399885325824,0.0,9.385031352294112,6.2897725702795e-21,3,0,1.0,0.8365965732986055,0.0089547797109801,,,1.20460115193198,2.2501014146295292e-14,1.0529911522423756,7.990801668183729e-05,9.68053178316654e-19,False,up
PHLDA2,4,1.1074210757131786,0.3059050825519211,0.0731809686627994,3.688282281933821,18.66132332943194,3.620146048162559,0.0002944367752318,4,0,1.0,1.920940940431339,0.0503173220766083,0.460444508665025,0.999899862550801,1.403039407407518,0.0010473946526108,1.2341631328583558,0.2330385893227393,0.0029766922306279,False,up
MPP2,4,-1.1073772657987389,0.2077165909190186,0.0,1.8579108469898769,0.0,-5.331193145907474,9.756957700549382e-08,0,4,1.0,-1.3492181779330794,1.4534861714098176e-05,-0.576646922019537,,-0.9992290195854836,0.0262152941143146,-0.6576153070696564,0.3562448553763283,2.4291954980926624e-06,False,down
ENSG00000277969,3,1.106855721897911,0.278148586665926,0.1510325788723481,6.399696600079235,68.74851848484133,3.979368492090576,6.909856953804251e-05,3,0,1.0,0.1987372640795783,0.7697226475797461,,,1.148079257602163,5.476094414892231e-11,1.5492177471121384,1.2079672564513343e-09,0.0008572663004299,False,up
ZNF395,4,-1.1067716302112005,0.1596948953399763,0.0583673167558448,8.72881801522729,65.63108550588927,-6.930538561392219,4.1924146546707975e-12,0,4,1.0,-1.9258561154033509,3.2753906385523724e-08,-0.626029383290854,0.845557520937488,-1.0225610326505674,2.343029691349145e-24,-1.0148876565427396,2.16448648695512e-13,2.2782926946827055e-10,False,down
EHD3,3,-1.1066533233189315,0.1891199262322349,0.0488977610101293,3.641948486149183,45.084341318767486,-5.851595574122564,4.8687936876630305e-09,0,3,1.0,,,-0.344319180839069,0.999899862550801,-1.2988352633550793,2.9971450024321833e-23,-1.0349638221866737,4.339876409453533e-05,1.6089681722488835e-07,False,down
RGS10,4,-1.1058773638705628,0.2731784596225484,0.2342004281049707,23.185085194354485,87.06064707180592,-4.048186542227953,5.161600188373279e-05,0,4,1.0,-2.1138022914894306,4.781379911153494e-07,-0.402279441029366,0.999899862550801,-0.7374083331483887,3.723985562728359e-17,-1.3379138288739283,1.6419261714094674e-16,0.0006674598034424,False,down
CDC20,4,-1.1043877987510191,0.1341525290706824,0.0,2.980631048945784,0.0,-8.232329322462034,1.836076500546253e-16,0,4,1.0,-1.3458278508076809,1.177107796645859e-06,-0.562419389075492,0.999899862550801,-0.8733345188792994,0.0048947844683969,-1.1772474063249694,8.20989550267846e-08,1.7801853612564975e-14,False,down
ARL11,3,-1.103619795946451,0.2375039975068132,0.0852138614287281,4.557996604982627,56.12107306500235,-4.646741981320932,3.3721851450131645e-06,0,3,1.0,,,-0.185711710266783,0.999899862550801,-0.9082702919149752,3.4977149703909593e-13,-1.4440594460123968,4.025910068513813e-09,6.159205216314916e-05,False,down
CELSR2,4,-1.1029766325796553,0.2998150357083936,0.3000800394654151,20.90043772874096,85.64623363904676,-3.678856965840878,0.000234281608175,0,4,1.0,-1.4189232136111674,4.572055949494865e-05,-0.169912036264079,0.999899862550801,-1.0498769432648036,1.8939447810496027e-10,-1.7114712349857883,9.406599573085769e-18,0.0024441132830853,False,down
STN1,4,-1.101555909906299,0.373295385185371,0.4548039281503243,20.42652747134072,85.31321584537986,-2.9508961364718944,0.0031685344521102,0,4,1.0,-2.118295162027614,7.241044997549088e-07,-0.173257516331132,0.999899862550801,-0.6503557049871143,3.220015596700435e-07,-1.5166822635693304,1.81574505701583e-06,0.0210747279409168,False,down
ZNF219,4,-1.100366742523461,0.3061349720433076,0.33829113923723,36.92132100922527,91.87461358912265,-3.594384317410807,0.0003251595769258,0,4,1.0,-0.8286961649743086,0.0001594445486227,-0.581550759038642,0.497385013695361,-0.8662730929453499,5.214580594696679e-20,-2.118606031945143,8.0480116891580305e-25,0.0032420640937603,False,down
CRYL1,4,-1.0998044672359049,0.4133059870494369,0.5666795872921316,44.20973025187209,93.21416352710509,-2.660993311728517,0.007791050471158,0,4,1.0,-2.3935561037186797,6.207678669104336e-09,-0.303192648070568,0.999899862550801,-0.3750181191305227,0.0001360442027596,-1.2620425699801603,5.2896939511605784e-14,0.0431708112573979,False,down
ASAH2,4,1.098734853945694,0.4214176758394893,0.0,0.4839565820013919,0.0,2.607234857334705,0.0091276730488409,4,0,1.0,1.1920003800092345,0.0277247257820374,0.26160934270933,,1.4175179063158825,0.4486122422456097,0.4542907874260439,,0.0490456435868994,False,up
FBXO24,4,-1.096656245085652,0.2901780416412809,0.0,2.9388303377819724,0.0,-3.7792530368005663,0.0001572995159902,0,4,1.0,-0.1784868475656752,0.8785274812113975,-0.125963713108517,,-1.3653137390933012,0.0034780792305988,-1.3522349183780809,0.0221701378411501,0.0017397010288593,False,down
MCAM,4,-1.0963938772873345,0.3125383529201908,0.2243028741492287,9.902840430677562,69.70566151195938,-3.5080298691127587,0.0004514383611552,0,4,1.0,-1.760673590992308,2.8543995065066384e-11,-0.604026989969158,,-1.0032087861839285,3.760015162177736e-11,-0.2943823214657197,0.6729399848158479,0.0042551207240534,False,down
RORA,4,1.0963276610616692,0.4174427140984929,0.5741517469723234,21.67902374202331,86.1617384818639,2.626294876003029,0.008632000200542,4,0,1.0,0.7705046080534778,0.0770010266458839,0.159710061034545,,2.056352799685212,3.4671319195346734e-28,1.0699807279866822,0.0003620913397612,0.0468281223598051,False,up
SPC25,4,-1.094066832909323,0.1976245313076039,0.041008471531297,4.043912466149495,25.81441796497342,-5.536088185359946,3.0930187705729366e-08,0,4,1.0,-1.4145156160870922,2.5309591515824594e-07,-0.291958593028405,0.999899862550801,-1.020737012638291,8.040156581135139e-05,-1.1972777921332003,0.0603952549003819,8.573583138732968e-07,False,down
DGCR6L,4,-1.0924616097612094,0.2811693605070688,0.2235844398584961,16.4792123494979,81.79524642091643,-3.88542196699894,0.0001021523016784,0,4,1.0,-1.879191036275355,2.983083018045261e-09,-0.0152601440525477,,-0.755545546362549,2.5141583182660318e-12,-1.1951564211765275,1.0479526124762798e-08,0.0011952525293147,False,down
AURKB,4,-1.0923251859318612,0.1213612914596757,0.0,1.638507587438022,0.0,-9.000606147099253,2.2447486334986346e-19,0,4,1.0,-1.1434388604014705,0.0178568876665357,-0.698974571950192,0.876283797527857,-1.0470297963280226,5.504842877547721e-10,-1.2867116410056794,1.7234298533354362e-07,2.9761851008838215e-17,False,down
CLDN23,3,-1.0907616397202686,0.260536965941261,0.0,1.5711469447513136,0.0,-4.186590704238817,2.831757995501372e-05,0,3,1.0,,,-1.05828135879978,,-0.8846119145274326,0.0242816177838671,-1.7484483750490705,0.0090170032670641,0.0003956611210443,False,down
URB2,4,1.0904790559795603,0.18801027509655,0.0828793998644533,8.358167084027833,64.10696304776084,5.800103507212891,6.627399848214562e-09,4,0,1.0,0.3645744768576818,0.4825529152343723,1.01711700804739,0.117449751265361,1.0592249875297135,2.621380148041226e-21,1.5250446793739831,1.5819362134282166e-14,2.123179668986235e-07,False,up
ENSG00000274422,3,-1.0903949308851475,0.1885930211721312,0.0,1.3969935918513152,0.0,-5.781735316122489,7.393396970802569e-09,0,3,1.0,-0.3864121255208433,0.6544504629503438,,,-1.2310862587201714,0.0002315459519836,-1.1044156945600947,6.581642643414202e-05,2.3265311601278637e-07,False,down
ICA1,4,-1.0889574552140333,0.3521999157291862,0.3925941090328538,18.59364403501539,83.86545426840254,-3.091873128247297,0.0019889783797623,0,4,1.0,-0.3024514725405156,0.6748608733296619,-0.40863618412002,0.971302250255285,-1.390348087124425,3.943498010434021e-20,-1.9874955466818225,2.911497096848996e-10,0.0145481638950447,False,down
ENSG00000279443,3,1.0889426523316423,0.344026733692324,0.142147960294286,3.297578911716531,39.349442316790096,3.1652849784212536,0.0015493112607458,3,0,1.0,2.1790521930506213,0.0084677707647446,,,0.7188761450169832,0.0536028516808648,1.067748779003995,0.0359492818979628,0.0118559120930288,False,up
PPRC1,4,1.0876193062614656,0.1691317554158084,0.0697131576341159,9.80291445256431,69.39685626640106,6.4306037833496505,1.270980654107734e-10,4,0,1.0,0.5760697114385918,0.028693879160719,1.25189020112153,0.367339714929397,1.0782067222171416,5.1088787702559994e-39,1.4400241119537502,1.7600349242916486e-18,5.561235231860262e-09,False,up
EPOR,4,-1.0871440075749788,0.1485904971830177,0.0220593255523653,3.967124000194792,24.378466620839298,-7.316376404851464,2.547564415885799e-13,0,4,1.0,-1.1724959462508322,0.0647006135376053,-0.181165569008084,,-0.9273195805796384,2.637252405771887e-08,-1.3112167892040705,1.2570115363145536e-13,1.6737117978874788e-11,False,down
ENSG00000286158,3,-1.0860323809699173,0.3215942145356483,0.0,0.6987599197017851,0.0,-3.3770271101986253,0.000732738277684,0,3,1.0,-1.6809666648140922,0.2963406295436676,,,-0.8786723633531488,0.0669559977721975,-1.361541217713673,0.0328921282291878,0.0063591627577081,False,down
GIPC3,3,1.0858417016701458,0.2985618992816541,0.0,0.3958572200036038,0.0,3.6369064648995826,0.0002759320728259,3,0,1.0,0.9108830476111603,0.1049892319166424,,,1.020618055277223,0.1192739860532612,1.3476789942131,0.0229071189276874,0.0028102679272683,False,up
ERFE,3,-1.0854069849876538,0.2291221099874445,0.0,1.3125895339197404,0.0,-4.73724244703897,2.166459244900354e-06,0,3,1.0,-1.2392826723920685,0.0002644767657096,,,-0.7358362630687865,0.1095741487107571,-1.4372146801038042,0.0747949159806651,4.149834771193376e-05,False,down
STMN1,4,-1.0845527582825918,0.2409630753834038,0.1571253922691166,13.088986531567995,77.07996724754354,-4.500908517028703,6.766362539302858e-06,0,4,1.0,-2.2720997433988988,4.351063345740526e-07,-0.567641015142284,0.999899862550801,-1.070192697559766,2.899337045970525e-32,-0.7082432433502127,0.0006166164997997,0.0001142907698599,False,down
FOXO6,4,-1.0840996496254232,0.3152287692082586,0.0,0.4644685893461254,0.0,-3.4390885462272114,0.0005836762908352,0,4,1.0,-1.055040149507632,0.0679064876889854,-0.767068631688307,,-1.4102227628935666,0.0580745407471023,-1.0592964818609645,0.2574194192744299,0.0052648079856525,False,down
ENSG00000273521,3,1.0830750429312963,0.3606267641005545,0.0013939263744004,2.005657543069537,0.2820792158205939,3.0033129838064365,0.0026705762803375,3,0,1.0,2.5686406603621803,0.1082462674225159,,,1.4092620163291454,0.0509392022671269,0.7325653992194026,0.1877801494547972,0.0184146666176092,False,up
YRDC,4,1.0807243232293855,0.2811337297605599,0.2148030650391761,15.765012209519217,80.97051901939827,3.8441645694731577,0.000120963813455,4,0,1.0,0.4425976387302894,0.3657888989302219,0.0342062588040097,,1.1943880324054863,2.625021581278174e-29,1.7652238791999693,2.3785466218836645e-21,0.0013858888965815,False,up
PIGW,4,1.0806971595587027,0.3282434965282362,0.3518245544268791,19.10290340141535,84.2955809545803,3.2923642691752124,0.0009934884011261,4,0,1.0,1.4930183586602632,0.000229459082797,0.185071596573799,0.999899862550801,0.8423445966662989,3.1311946790590217e-06,1.7581089059196036,4.1925672040904225e-14,0.0082325625829762,False,up
ENSG00000224790,3,1.0806427712938849,0.3807887175588512,0.0,1.606229899725848,0.0,2.8379064858371774,0.0045410484676542,3,0,1.0,1.405482298682783,0.0091391060490427,,,0.2945065446637667,0.7826887504876742,1.1781661757976456,0.4082425412422979,0.0282088444043471,False,up
ENSG00000259081,3,-1.080038116151141,0.389756366991401,0.0,0.8235772581267216,0.0,-2.7710595839348255,0.0055874201396335,0,3,1.0,-1.4114464528020103,0.0679064876889854,,,-1.1724970072895105,0.105025824051889,-0.5079808949173645,0.6130551053757856,0.0333351937796678,False,down
TTYH3,4,-1.0798570343401688,0.3179966410211013,0.3367708055002244,30.75610697306555,90.24583962259192,-3.3958127069289157,0.0006842516333577,0,4,1.0,-1.6735976680717262,8.989092920057281e-07,-0.329113257055957,0.999899862550801,-0.6706276324281102,7.537567060988384e-17,-1.5553435534247364,1.0743521333435252e-18,0.0060118539714852,False,down
POLR3GL,4,-1.0768211299120498,0.2723938333978219,0.2075695534839667,14.813334429609764,79.74797629625222,-3.9531773406169193,7.712023554579556e-05,0,4,1.0,-2.558482316728647,0.0010200395438582,-0.384208658887158,0.965457965488562,-0.8757978946807023,6.311881099440616e-11,-1.3969151183392647,3.3997175174952e-11,0.0009450664054161,False,down
ENSG00000250144,3,-1.0766379818504408,0.3458975067596072,0.0,0.5079783279385637,0.0,-3.1125924900022066,0.001854518940485,0,3,1.0,-1.2773406058762409,0.1905763843572092,,,-0.9591985593008536,0.0352535681234619,-1.887132405239784,0.2485453849921852,0.0137427970912916,False,down
NEK2,4,-1.0756179337578635,0.1594353169562974,0.0199709561736388,3.6269388736695727,17.285620064373024,-6.746422024253883,1.5153544394808147e-11,0,4,1.0,-1.20053395584252,0.0002377991374551,-0.644295452776294,0.971302250255285,-0.9710229840856404,1.9921790317129057e-08,-1.7371464498339737,0.0003860227299083,7.649411894159001e-10,False,down
OAF,4,-1.075040842118684,0.4106534174171112,0.5615501239138941,29.27447958558891,89.75216624695584,-2.6178787184589227,0.0088478245879041,0,4,1.0,-3.519283536285017,2.207927242127909e-09,-0.502302095577864,0.999899862550801,-0.4732486918831596,0.0007521992271157,-0.4807927712541819,0.0500162477892654,0.0477986674902265,False,down
ENSG00000259792,3,1.0747061224514427,0.3710719844942253,0.0,0.5921838553793256,0.0,2.89622005260321,0.0037768745596838,3,0,1.0,0.9628382141109076,0.0344465959886198,,,2.0047238219697103,,1.4981746026069502,0.3459163501442027,0.0243483398313066,False,up
RNF130,4,-1.0742761619802228,0.2941720485197243,0.2870535333184151,37.04840527878625,91.90248547157364,-3.6518634839237367,0.0002603442788323,0,4,1.0,-2.239762345577305,1.5081484789764938e-06,-0.116174446127372,0.999899862550801,-0.7767850272394462,1.7564495271348933e-25,-1.4327522076999188,6.02535935287411e-27,0.00267878318505,False,down
REEP2,4,-1.0735024965728843,0.2934946195382777,0.1284013399074247,4.800535643237678,37.506973743107615,-3.6576564785470542,0.0002545318687042,0,4,1.0,-1.3498475968922938,0.0001844413625428,-0.385345020076753,0.999899862550801,-0.9469031235220512,0.1241189133039295,-1.900375265646032,0.0142698421933485,0.0026238837931204,False,down
REEP4,4,-1.0732612180555086,0.2990485953992827,0.2988816238607627,33.467225598204585,91.0360062826333,-3.588919107352821,0.0003320518454688,0,4,1.0,-2.2852650114653907,1.755826365799383e-09,-0.324681652206493,0.999899862550801,-0.6211572062380498,1.3053205493198715e-16,-1.218895725989243,8.779906171126463e-16,0.0032993810685887,False,down
CDC25C,4,-1.0732421371182332,0.1892026515964643,0.0,0.7418050692122108,0.0,-5.672447653679126,1.40771542461561e-08,0,4,1.0,-1.297752531733828,0.0004833476465139,-0.950148836953542,0.742799852266702,-0.9362707721504356,0.0029495288907203,-1.144900494457999,0.0845763252595162,4.158712587968451e-07,False,down
PDGFA,4,1.0730272857528202,0.355120185760598,0.3849338549934875,17.177180403466224,82.53496831532011,3.0215891092042697,0.002514516173414,4,0,1.0,0.3105600092767209,0.4895490309963472,0.604656165252256,0.595126193006386,1.0217467903653188,7.520378237714635e-13,3.0579026078313776,2.335427404068221e-06,0.0175521682399841,False,up
ZNF362,4,-1.0728209535031816,0.2961046715132162,0.2821733227176569,26.468828801270057,88.66591331817429,-3.623113907729408,0.0002910775595021,0,4,1.0,-2.4489294538415773,1.3755821833338356e-11,-0.451564570811555,0.999899862550801,-0.6627557404714491,8.099399383713029e-13,-0.8670778406968196,2.145957038856995e-07,0.0029481481854963,False,down
NCAPH,4,-1.0719761797959193,0.2864691945988226,0.2642215204514946,18.04832894702401,83.37796253156905,-3.7420295096550857,0.0001825400735104,0,4,1.0,-1.920704741475149,5.972621524854804e-14,-0.339699522475561,0.999899862550801,-0.866861161729059,8.851339861304748e-09,-1.038655278667974,5.198125145362331e-05,0.0019781016631669,False,down
ARAP2,4,1.0719462798177914,0.0769762615177823,0.0,1.261589477605373,0.0,13.925673430764885,4.423523452989362e-44,4,0,1.0,1.412771398628466,6.179523231222484e-05,1.03832713911291,0.860515646338543,1.038601932204434,8.487196079438621e-29,1.0963096793866118,3.8636846364386144e-10,2.2126665381100647e-41,False,up
WTAP,3,1.070234679048357,0.1593145417320613,0.0630928294846062,12.128353256577412,83.50971514689873,6.717746336353283,1.845566029521868e-11,3,0,1.0,0.9164477680633136,5.2230726737160294e-11,,,0.9036520014965332,1.587481869752369e-28,1.4135193979415628,9.848740676349327e-27,9.252633882402459e-10,False,up
GDPD1,4,-1.0687258108021431,0.2547538014935687,0.1639269395703601,9.334063054153445,67.85965572982637,-4.195131945181683,2.7271278775842356e-05,0,4,1.0,-1.4212192767791547,0.0014380111937597,-0.242827140536685,,-0.8650895420888617,1.621690532365406e-07,-1.550655750929573,1.9061998132627027e-09,0.0003830335511024,False,down
CHAC2,4,1.0680260270421829,0.2149064950265352,0.0495799079960849,4.09480422749479,26.73642417734324,4.969724283625351,6.704817423434818e-07,4,0,1.0,0.9283525038285416,0.0596185019041566,0.630211931240091,0.747343902496848,1.1444773317281145,0.0007260448907513,1.6984343122247985,0.0002144840911478,1.4326827832269604e-05,False,up
LINC01128,3,1.0679912208670457,0.205242255143005,0.087643783126381,7.3726815325161885,72.87282800458317,5.203564052260631,1.955023256989557e-07,3,0,1.0,0.3700462617414977,0.3472516578118752,,,1.1986472739096086,4.341194360374606e-24,1.3456239976828688,3.3406969554987574e-14,4.636649446452926e-06,False,up
FGFR2,4,-1.0666000088673793,0.3497617688987529,0.15520332576156,4.071336127007939,26.314116388009296,-3.049504273224706,0.0022921937209912,0,4,1.0,-0.7416540579984497,0.0004697517499125,-0.122903094011078,,-1.7890777225259489,0.0125076544359578,-2.079098453221383,0.0919769714181083,0.0163106665390547,False,down
SORCS2,3,1.0650614933637663,0.3106529861615602,0.1313670244796435,3.709769897370542,46.08830047875515,3.428460503546758,0.0006070148527886,3,0,1.0,1.880588807082556,0.1916017997986886,,,0.7313314070135418,0.0005364208958385,1.447840782105881,0.0002237958896313,0.0054356114976236,False,up
SPRED3,4,1.063344190608702,0.3909415035484785,0.47556545456877,13.54723434456839,77.8552586919498,2.719957285059253,0.0065290349722719,4,0,1.0,2.091204440661228,1.485554800530508e-07,0.236478444809347,0.999899862550801,1.1122188475234007,0.0047305453116286,0.8247018587585341,0.0720508885158288,0.0375483487600555,False,up
INPP5A,4,-1.0630854256822893,0.2388965548520082,0.1300963957576093,7.810095738655067,61.58817893675893,-4.449982237461943,8.58773917811279e-06,0,4,1.0,-1.3758086208965752,0.0241299166043346,-0.300129170704692,0.999899862550801,-0.987475315609504,1.903819331896835e-09,-1.530978066386446,6.739742106045215e-09,0.0001407353325175,False,down
NQO1-DT,3,-1.0619618679391976,0.3423329511720749,0.0,0.6699931973126061,0.0,-3.1021316069728804,0.001921325202355,0,3,1.0,-1.22284194615609,0.0053029132776859,,,-0.4552255676316371,,-0.6265501380209396,0.5389387885502765,0.0141654148529934,False,down
DGUOK-AS1,3,-1.061392812070707,0.2511955912423537,0.0844140791022956,3.5498757127577916,43.65999933991322,-4.225364015432398,2.3855484498403817e-05,0,3,1.0,-1.098121235943174,0.0236733025619291,,,-0.7488067399650462,0.0020157461857285,-1.5390584486645933,8.789004905133687e-05,0.0003404898562421,False,down
LIPA,4,-1.060958622342815,0.3762700259327766,0.5139164607910499,63.44711594656168,95.27165269020776,-2.8196735036565537,0.0048072534594568,0,4,1.0,-2.222878428857651,2.1732900291881823e-10,-0.0975731549558298,0.999899862550801,-0.5185502566010188,1.6500213679069692e-10,-1.467610303709707,4.416646349116043e-28,0.0295703860785871,False,down
CEP170B,4,1.060811174643649,0.1946399475498682,0.0825244121531643,8.205561152301767,63.43942913449057,5.4501205327948465,5.033569400367007e-08,4,0,1.0,0.8037358366364377,0.1668995856415579,0.203611790008536,0.999899862550801,1.3609145206117614,4.365335003568068e-36,1.1533110376579705,2.2058370258017823e-10,1.329937922361074e-06,False,up
DGKH,4,1.060339538446832,0.1371358244044726,0.0260445014059681,4.603982342394585,34.83902028955947,7.732038969769369,1.058375321628702e-14,4,0,1.0,1.6126908755965998,9.867848193934516e-06,0.808422999824571,0.0039324882454004,1.1046549112190471,4.250438434708024e-09,1.01869650447818,7.278349879496664e-05,8.470466346809494e-13,False,up
SAMD8,4,1.0583531170534557,0.3444911162331995,0.4295622221822159,45.812306593286785,93.45154124931224,3.072221799580501,0.0021247178436807,4,0,1.0,2.398474690713012,4.0966753006355005e-21,0.0863524239125666,0.999899862550801,0.7911643983173108,1.0996117937632132e-16,0.9282418354128076,2.124425573369782e-08,0.0153270780142807,False,up
ENSG00000274225,3,1.0577935761270807,0.3314358279675035,0.0,0.5533944977711672,0.0,3.191548670564351,0.0014151226684397,3,0,1.0,0.1761161106550018,0.9255098010687294,,,1.1722271815983152,0.0455060293281711,1.0847431225327275,0.0428053581925433,0.0110483983007064,False,up
OLMALINC,3,-1.0563486365414836,0.3592587219840352,0.3164558356297556,14.852231543459238,86.5340100970835,-2.9403562722366576,0.0032783505636112,0,3,1.0,-0.5323565130471479,0.3173168994818999,,,-0.7986843535194744,3.0140334742576046e-09,-1.7099608757129126,7.551811671847282e-15,0.0216676328992555,False,down
RARG,4,-1.05593653910534,0.3939352923037165,0.5546934202357295,44.3180438042094,93.23074815022622,-2.6804822003387128,0.0073516174153717,0,4,1.0,-0.5064732352997066,0.1302260829460536,-0.771977401734512,0.724212018637491,-0.7805999362785001,1.981943069229462e-13,-2.0810433401693147,6.562089477597014e-30,0.0412233752088959,False,down
ENSG00000223374,3,-1.055779195934869,0.2713282000017815,0.0,0.8773614966712561,0.0,-3.891151734054687,9.976951470431518e-05,0,3,1.0,-1.1684076171721622,0.0003152628991867,,,-0.4518640584324246,0.7285499637179386,-0.520311450180695,0.6912612483159849,0.0011754312863643,False,down
ENSG00000269910,3,1.054323919984697,0.3453759214054425,0.0,1.611819636306854,0.0,3.0526850733957467,0.0022680382506969,3,0,1.0,0.6188440611395429,0.299249304050024,,,1.5631071506351824,0.0282479844410988,1.3640254409062464,0.1379912254281543,0.0161701502622576,False,up
PNMA2,3,-1.0538326925048107,0.1654733926648471,0.0,0.3217174382131614,0.0,-6.368593013858505,1.9077006927884735e-10,0,3,1.0,-1.0487033274434476,3.42588498095733e-09,-0.294586203020063,0.999899862550801,-1.959017081357829,,,,8.028027638160902e-09,False,down
ADGRE2,4,1.0536693037278122,0.1540954005255279,0.0387428985696596,6.25003184106209,52.00024453811104,6.837772575523811,8.043395054678765e-12,4,0,1.0,0.0957816652717848,0.9283421298021904,1.00710651822328,,0.9531999989053772,1.159982091722636e-33,1.2892731262515509,2.0791239876884832e-19,4.235097649723085e-10,False,up
ODAD3,4,-1.0536678363516263,0.3410841971255411,0.2532185807593911,6.6586687274123255,54.94594906561973,-3.089172249055585,0.0020071503194246,0,4,1.0,-1.8287339837923573,6.561442920638644e-07,-0.791178293284686,,-0.511622026090435,0.3935528748420386,-0.814681847214456,0.1931278133148598,0.0146664579615593,False,down
RFX5-AS1,3,-1.053510719435889,0.3521224175940053,0.0,0.455037617970753,0.0,-2.991887669732461,0.0027725826161251,0,3,1.0,-1.306512620830294,0.4663977667626775,,,-0.9549860123616156,0.0296632496491846,-1.7174164966005,0.1974564225455375,0.0189390970820295,False,down
PMEL,4,-1.0532911048869258,0.251246144017147,0.0815099390846974,4.437377125162202,32.39249413829483,-4.19226774208738,2.7617977386466957e-05,0,4,1.0,-1.0489968356680048,0.0020105894158076,-0.575058796606284,,-1.1701285432423332,0.0249537172251017,-2.1407607041327226,0.004858879243241,0.0003870782150506,False,down
ACP3,3,1.0528976027063166,0.3773713293808229,0.2696717723916564,13.4832835587243,85.16681792465968,2.790083720546213,0.0052694413764243,3,0,1.0,,,0.545365908793501,,1.4490886189564938,5.2783888406564504e-39,0.6531948807516885,0.001657837268391,0.0318875818679472,False,up
C16ORF87,3,1.0515928476333425,0.3450767530396762,0.3240331303944186,22.576112767543904,91.14107897762072,3.0474172437586153,0.0023081707288554,3,0,1.0,0.5155683250038394,0.0363678126340826,,,0.862734764393031,1.0898323748240563e-09,1.76876359790433,8.350379702006373e-20,0.0163767019894843,False,up
ANXA9,4,-1.0515807555001726,0.3268801490805019,0.2064006446043475,7.600427506061664,60.528536090800515,-3.2170223810109557,0.0012952849393942,0,4,1.0,-0.3420167626353817,0.7327116826709984,-0.508882677575313,,-0.8077545811801151,3.353320797263694e-05,-1.637834976825742,6.806841586205958e-09,0.0102694258757666,False,down
RAB20,4,-1.0507617977835593,0.1596987969862947,0.0436515674204549,5.732240675982349,47.664444506495144,-6.579647546585684,4.7156475072298826e-11,0,4,1.0,-2.088048776573279,0.0026592456537377,-0.331442558079957,0.999899862550801,-1.0890703611468353,7.913397771395502e-31,-1.0633974198132266,1.7472495811071616e-08,2.189592531363343e-09,False,down
EMILIN2,4,1.0499883552275082,0.1407813221079099,0.0248930483969073,4.570772103102769,34.3655747359726,7.458293042756655,8.765055820229487e-14,4,0,1.0,0.4388876027840381,0.6976753051868041,0.167231145179514,,0.9195061008911228,8.559140962705645e-15,1.2654553900649166,8.213949255708073e-18,6.3249217556534676e-12,False,up
MYCL,4,-1.0494731505288648,0.3579940470148314,0.3921087438962617,19.370168312417665,84.51226674124052,-2.9315379942208537,0.0033728810552179,0,4,1.0,-2.0001369966514138,2.1346311211576793e-07,-0.493747542540589,,-0.4829628960043042,0.0005729871701882,-1.1578783965292785,8.164093204536808e-06,0.0221659418167485,False,down
TMEM187,4,-1.047460818188239,0.1937956366426154,0.0598773177415067,5.146787075059149,41.7112082499445,-5.404976274671725,6.481697191200755e-08,0,4,1.0,-1.6612534124780698,0.0014713797792637,-0.0327436524789973,,-0.9967781718926396,5.70337066627544e-10,-1.1697204515864954,4.258473553140013e-06,1.6862372751907495e-06,False,down
IL1RAP,3,-1.0466910993069514,0.347064063699193,0.2929238619820855,15.543262380564556,87.13268842131355,-3.0158440725633247,0.0025626500605901,0,3,1.0,-0.7731209663099028,0.1428016688944169,,,-0.7049332183512057,1.7731474883559973e-08,-1.5969801361607274,2.0376708479624883e-15,0.0178315222904921,False,down
HSP90AA1,4,1.0455433956787288,0.2473381610152965,0.2222796992830844,41.87904521758448,92.83651290421412,4.227181892947234,2.366363722484114e-05,4,0,1.0,1.4845956858612188,8.5175902353177715e-16,0.153258732183195,0.999899862550801,0.9578858820916132,1.2503872487194865e-50,1.5469487343123116,2.0469119943949782e-27,0.0003379707927848,False,up
RRP15,4,1.045036085609827,0.111243630373504,0.0092091704139508,3.5875241960032076,16.37687061895658,9.394120653030518,5.769774630071181e-21,4,0,1.0,1.5666110823034185,0.00019489007473,0.875922914126825,0.170871699944105,0.9358311267008308,1.5446166626291382e-14,1.2001652919476422,9.722387798333624e-09,8.942744354453284e-19,False,up
TRABD2A,4,-1.0443930122406049,0.3551655460518255,0.0015566066083689,3.008718108937039,0.2897615735798858,-2.940580875173651,0.0032759746903337,0,4,1.0,-0.8614676220687224,0.1946024447302979,-0.153345139876095,,-1.276908705736986,0.097555306591649,-2.329686097129266,0.0417600652315455,0.0216649419950585,False,down
PTGER2,3,1.043905764452047,0.3550233306515699,0.2392543461784287,8.326211287640005,75.97947096335477,2.940386375555037,0.0032780320365054,3,0,1.0,3.8436479390912974,0.0009585188655862,,,0.7881833016611018,9.347797588124789e-08,0.7248974527194013,0.0084196073202254,0.0216676328992555,False,up
NIPA1,4,1.0420525279250576,0.2385586640263809,0.1847073385440675,20.30977799225077,85.22878979206638,4.368118559759466,1.2532146032224204e-05,4,0,1.0,1.757083366318945,1.4678268720773785e-11,0.0757075166178539,0.999899862550801,1.2192583624596909,9.17252503431858e-31,0.9721095156024478,7.325346700113876e-09,0.0001953399447756,False,up
ZNF610,3,-1.041964230983038,0.1353313733999014,0.0,0.4084812642086542,0.0,-7.699354590188447,1.3675519282118844e-14,0,3,1.0,,,-0.3930710040422809,,-0.9965715738108012,2.4708108542367342e-09,-1.1694094104142063,2.5377980239743103e-05,1.0787975049467872e-12,False,down
ABHD4,4,-1.0419023888898418,0.0710812519969058,0.0,1.629687627755283,0.0,-14.657907107983908,1.1991241657672556e-48,0,4,1.0,-0.8108050878364256,0.0958585080093781,-0.983495962077765,0.0207677377427513,-1.003249210071003,8.846725287466524e-29,-1.1924995265252591,2.107120395844257e-15,7.997431443748948e-46,False,down
ADAM19,4,-1.0413596869359991,0.135674281896529,0.0196078529464933,3.96255701974741,24.29131025624375,-7.675439091177089,1.648529733283865e-14,0,4,1.0,-0.6900386376518081,0.1069657199793451,-0.176404380017685,0.999899862550801,-1.0790694628517654,4.601083270650445e-19,-1.2568294571702685,2.3521655603227556e-08,1.2820668162489253e-12,False,down
CENPM,4,-1.0412011067275415,0.387943018740126,0.4945286052713889,18.49040353227207,83.7753676129135,-2.6839021619951304,0.0072768397808859,0,4,1.0,-1.89125092371324,3.51086706596671e-06,-0.0339957574502672,0.999899862550801,-1.2684042730218854,3.63659928855917e-08,-1.0381719030287553,0.0286575043993599,0.0409187446953294,False,down
FAM210B,4,-1.0389969661880518,0.2315574847667548,0.1471067583543613,14.481003211498331,79.28320326855591,-4.486993660492647,7.223522317046318e-06,0,4,1.0,-2.204052485722154,0.0001124358167717,-0.13443843497118,0.999899862550801,-1.1551684460942464,2.336770914842406e-35,-1.0739918780278903,5.278594105355938e-10,0.0001211756880151,False,down
MVP,3,1.0387402582453396,0.0658350695376147,0.0,0.0021947123135618,0.0,15.777916930001226,4.415202963124915e-56,3,0,1.0,1.0595068789978856,0.0371876672134796,,,1.0382347689132152,3.1119998161144534e-39,1.038414900837468,1.1231528284602264e-14,3.599044519089491e-53,False,up
HLA-A,3,-1.0379883350007628,0.374442013011471,0.3884450213474825,37.532985929163615,94.67135387582908,-2.7720936725360574,0.0055697006316041,0,3,1.0,-2.156187715130393,4.056861714632984e-14,,,-0.4529957775659199,2.2614982173856135e-10,-0.6527069015821997,0.0001109776378375,0.0332655471373068,False,down
EMP2,4,-1.0378160710843465,0.2502616256108932,0.1759188462696448,11.28247056359922,73.4100790860564,-4.146924517696303,3.3697109239302106e-05,0,4,1.0,-1.6953043893258812,6.733741742829496e-10,-0.151370121399673,0.999899862550801,-0.925937387348506,8.12310364559968e-08,-1.113459757227846,6.538668887091485e-05,0.000461218704756,False,down
PSMC1P1,3,1.0375901644006311,0.2448619089758135,0.0,0.3906602211285063,0.0,4.2374502785695425,2.2607246290180483e-05,3,0,1.0,0.5840005180723167,0.5593871990571397,,,1.0789915764206224,0.0048881905289031,1.1016341287186568,0.0117638329666815,0.0003252044990853,False,up
WFS1,4,-1.0358046152969456,0.2516834014175172,0.1655066625765432,14.017497053805744,78.59817634714251,-4.1155062648674665,3.863305031778231e-05,0,4,1.0,-0.5265873627261668,0.1200924869879551,-0.0658903164416478,0.999899862550801,-1.0557920161281478,1.1164988693622832e-18,-1.6031386031259798,2.2019878752581503e-20,0.0005203640174076,False,down
LARP4,4,1.0356415239250836,0.0709972385378371,0.0063335264144495,4.354798648716448,31.110477383742353,14.58706768395155,3.3947845081738195e-48,4,0,1.0,1.0043565344693492,4.566900123756756e-18,0.938396538655619,0.0003447757004,0.9656006579401216,1.635356909553681e-33,1.2852120400200258,3.1056058043413123e-19,2.1975238894234585e-45,False,up
ABHD14B,4,-1.0324297977899828,0.2555152351625708,0.2136986754816583,25.23311591999527,88.11086189469476,-4.040580191365507,5.33191290594273e-05,0,4,1.0,-1.914192522826195,2.7306797491813503e-11,-0.664376474448472,,-0.6019386613823229,2.483536038411437e-12,-1.0337374258042304,2.0333855742862272e-11,0.0006854560230542,False,down
SHF,4,-1.032170295354052,0.1627395594428321,0.0260765314639153,3.862817445679396,22.33647998676373,-6.342467061407016,2.2611456496333863e-10,0,4,1.0,-1.4435301368722304,0.0065437305046439,-1.12389533869229,,-0.7998865014295853,7.638829924173477e-07,-1.301584134255768,4.722699640988284e-06,9.425294432344924e-09,False,down
PPM1L,4,-1.0320861620071824,0.1783287164075293,0.0735870023095705,8.36254268551153,64.1257436545271,-5.787548874902381,7.142091045912745e-09,0,4,1.0,-0.3643916732751932,0.6163342540346233,-0.829106097166797,0.0234685478786428,-0.9682759653528322,4.196392396892685e-20,-1.5201536660721655,1.3887295464076786e-12,2.2671139523355954e-07,False,down
B3GALT4,4,-1.0310541443142769,0.1498874697986092,0.0191746397746192,3.6376148219606455,17.52837650955513,-6.878854821551224,6.033560917698197e-12,0,4,1.0,-0.1768929481629773,0.89403292978825,-0.455513221381641,,-0.9190505523396514,4.313023647997228e-12,-1.334262596914425,1.1826002765084291e-08,3.2153182139859467e-10,False,down
KIF11,4,-1.030341916819847,0.1182883436539879,0.0218679147646744,5.063892357552346,40.7570345462465,-8.710426446022097,3.027337118207168e-18,0,4,1.0,-0.8820899787995358,1.2183430177235512e-08,-0.379391069603915,0.999899862550801,-1.114886795317351,4.211305626105029e-20,-1.278347381579466,2.3094820853448787e-09,3.6211229692729104e-16,False,down
FUZ,4,-1.030254056762285,0.2819727677527612,0.237123181830284,14.03186536602638,78.62009132967076,-3.653736014910598,0.0002584519964511,0,4,1.0,-0.5292858479849814,0.2884795880825754,-0.30072080436967,,-1.3349213624305103,4.4369702644245033e-13,-1.6176201246352908,4.631819643554018e-15,0.0026630477480774,False,down
PDZD7,4,-1.0271724241395783,0.3906082381820639,0.4920621243227651,19.87336319612367,84.90441718196368,-2.629674245786924,0.0085466720388951,0,4,1.0,-0.0809727417461464,0.8998015586041095,-0.221281065525422,,-1.7847964410224917,6.762365029587786e-20,-1.6093736341619442,1.4142323256536223e-10,0.0464797887086836,False,down
MED4-AS1,3,-1.0268721433255716,0.3847737979678048,0.0,0.225737511379978,0.0,-2.6687683744294173,0.0076129930901461,0,3,1.0,-1.014455607079262,0.0301722925733856,,,-0.4141461570317332,,-1.4491024698940356,0.3580321875704785,0.0423544906271553,False,down
GPX4,4,-1.0266203414888535,0.325574555347229,0.3826870325139741,41.71426058043357,92.80821484486007,-3.1532572943052974,0.0016145942829812,0,4,1.0,-2.561085657125384,2.0263313723964482e-16,-0.39756733114322,0.728569377554254,-0.6489594557463012,1.5012216815288774e-15,-0.687624595555271,0.0009334042120028,0.0122663464184098,False,down
ENSG00000254837,3,-1.0246781529687623,0.2423699335767849,0.0,1.3091394261454437,0.0,-4.227744497211472,2.3604561618229657e-05,0,3,1.0,-2.0538247583646165,0.0579032176618698,,,-0.9841708210030328,0.0022082178508995,-0.8642981492317167,0.1337705980851467,0.0003374193725396,False,down
HTR7,4,1.0240501637712716,0.2452804585315391,0.1131666662845535,8.616161228494487,65.18171003951613,4.175017324666307,2.979633771829304e-05,4,0,1.0,3.052406170544551,0.00354112533404,0.0418938891860147,,0.7723411556331666,2.957057393701468e-10,1.1211669938013178,3.909727951074807e-10,0.0004142688546063,False,up
UTP25,4,1.0239915386111171,0.2019926443732927,0.1230996794356683,14.620711984518742,79.4811634127218,5.069449641536096,3.9896767872431113e-07,4,0,1.0,0.5946282067328993,0.0215140534877304,0.7814858413876781,0.359896055275193,1.0291989387475522,2.0306990037102582e-18,1.5415771501902933,1.6869136536132835e-22,8.85169318653565e-06,False,up
CYB561A3,3,1.0237830016391072,0.0768223280367873,0.0,0.6263686983658884,0.0,13.32663338644014,1.6204689809517954e-40,3,0,1.0,0.7981456291289494,0.1181490840223981,,,1.001798045284957,3.2618307264431297e-26,1.104742836629955,5.133306138970856e-13,7.430187875368348e-38,False,up
SPATA20,4,-1.0237403788837816,0.2508866377366781,0.1650778681897603,13.248427258732413,77.3558027574736,-4.080489850393165,4.494089173524533e-05,0,4,1.0,-0.9851735983667804,0.0010791489191694,-0.323892512514703,0.999899862550801,-0.7432019759895729,2.0806606163836094e-09,-1.5251951950664822,2.1186933547045e-15,0.0005912158315606,False,down
ETV3,4,1.0225361408869005,0.3562928004764433,0.466663386516821,61.76943249740367,95.14322881284996,2.869932088213796,0.0041055996626528,4,0,1.0,1.2466469051576456,0.0002551302253618,0.154928334870172,0.999899862550801,0.8194367756983416,1.0921009666959556e-19,1.843224642970509,1.7268252520423168e-46,0.026017893168824,False,up
FOSL1,4,1.021407939655429,0.2953601711558715,0.2393521466603393,13.998201564000102,78.56867550960793,3.4581776400596596,0.0005438426671935,4,0,1.0,0.9337616277955362,0.1851814148032172,2.15553600666549,0.0009851168884847,0.9512154576134066,4.45007346199913e-15,0.3922422860087117,0.1207608351494004,0.0049727599760127,False,up
GAMT,4,-1.0202009395479728,0.2127331463806689,0.1072260143836125,9.089421609250222,66.99459955794187,-4.795683967943599,1.621207042255173e-06,0,4,1.0,-1.8947302374120096,1.5956871402186612e-05,-0.391259741005292,0.999899862550801,-0.8077833330645492,2.7040913582608866e-15,-1.101598788870604,2.701272321801559e-07,3.200102761703507e-05,False,down
ITM2C,4,-1.0198199296407409,0.331441590291687,0.4096471622281227,61.8888337753681,95.1525989148724,-3.076922026421737,0.0020915000311227,0,4,1.0,-1.7862886724850786,2.0070320972511549e-25,-0.373155728939146,0.974716116488004,-0.5329592722924967,1.3580010819379863e-09,-1.3476812977793384,1.8268709764899705e-20,0.0151520158607571,False,down
KIZ,4,-1.018690823257431,0.1234989018496485,0.0,2.8469004426717883,0.0,-8.248582035957027,1.602849700243266e-16,0,4,1.0,-0.6409551695566766,0.0420234980476393,-0.547733680508917,0.999899862550801,-1.1195624374987625,2.203150780467136e-10,-1.1521781832945293,2.0027141162801032e-05,1.5678719578957352e-14,False,down
TSHZ1,4,-1.0163656808879322,0.1761568172220456,0.0679288664676674,7.635760487658593,60.71118253579597,-5.769664194186727,7.942965285665052e-09,0,4,1.0,-1.4800315725898237,2.647172131797657e-06,-0.33263981749241,0.999899862550801,-0.8263935172900322,5.405426105844407e-13,-1.170956537476609,4.761513964374339e-10,2.483192087673326e-07,False,down
ENSG00000279759,3,-1.0142847948853513,0.318209451123967,0.1445472805905358,3.990458976442563,49.8804520530876,-3.187475391767071,0.0014352066999223,0,3,1.0,-0.0164538505386972,0.9898647428201368,,,-0.8267420029549357,0.0031699212537573,-1.4927199404258031,1.4184828662892736e-05,0.0111380339416754,False,down
AGTRAP,3,-1.0142686566150323,0.3490445554058758,0.2968790547068251,22.479687956715267,91.1030793494509,-2.905842938691941,0.0036626524482332,0,3,1.0,-2.8821537200346516,1.0148515813764613e-07,,,-0.592784238046364,4.323774930253749e-11,-0.3729124230691928,0.0373498807384863,0.0237137115195371,False,down
YTHDF3-DT,3,-1.013291331620548,0.2864684290742345,0.0,0.7132183142240928,0.0,-3.5371832592343604,0.0004044189462163,0,3,1.0,-0.4765544213270203,0.608174304562567,,,-1.1474622873818054,0.0081132970121927,-1.0689112580125342,0.0847629969089823,0.0038961530880594,False,down
DNER,4,1.01249095705068,0.0930147311241893,0.0,2.1303539000166936,0.0,10.88527531944209,1.3548859247043842e-27,4,0,1.0,1.0546850014542233,0.3741430967529487,0.0739892684860212,0.999899862550801,1.0854446727097504,8.483775303854653e-21,0.8779481376792898,1.3280988001239615e-06,3.4267440025198155e-25,False,up
NIPAL3,4,-1.0123457974039545,0.2690928249268749,0.2509433944129955,25.500442399381637,88.23549821993385,-3.7620690840755633,0.000168513483473,0,4,1.0,-1.9840695315692232,6.7754911948720165e-15,-0.373587632779426,0.894299995836389,-0.9781544361603914,6.467914337276639e-16,-0.7516386536279598,0.0001132388674967,0.0018470185546605,False,down
ECH1,4,-1.0114880399286454,0.3201497157245035,0.370883825604043,46.1236062020183,93.49573841459794,-3.159421952443821,0.0015808243485745,0,4,1.0,-2.5870239701311344,5.960017231936303e-15,-0.400468520188173,0.572000023369679,-0.4633430657951292,5.5446320107326494e-08,-0.8572882066481312,1.7091149662590368e-06,0.0120388799611688,False,down
MGMT,4,-1.0108435685627553,0.3330166162809567,0.3370961338367442,23.651378244688892,87.31574976746366,-3.035414808581008,0.0024020507208187,0,4,1.0,-2.6993142905067975,3.8736223631664363e-08,-0.395450256464896,0.999899862550801,-0.4773269597847393,1.6201300075566527e-05,-0.8032039638321873,1.847865247600449e-05,0.0168991683595816,False,down
BEX3,4,-1.010721591297996,0.2012942457890704,0.1285537883541396,17.42375226553709,82.78212434221886,-5.02111517065966,5.137234336541564e-07,0,4,1.0,-1.2944792872814332,1.32712942700364e-05,-0.458558057912253,0.132990741986468,-1.1063924142566426,1.570034915561844e-25,-1.2778416612551795,9.777326545020828e-10,1.1205687860549384e-05,False,down
LRRC8C-DT,3,-1.0106849060145973,0.340210678005234,0.2829423178479278,11.12132830603661,82.01653664954385,-2.970761858330173,0.0029706203357593,0,3,1.0,-0.4281856011970973,0.2140679310236107,,,-0.8810253494275323,8.887484892124542e-06,-1.7354881727113611,5.2970300613961615e-09,0.0200301832124256,False,down
DLGAP5,4,-1.010465583932428,0.2204031704050651,0.1137974156538692,8.224364461249753,63.52301732085293,-4.584623633477491,4.548049151219372e-06,0,4,1.0,-0.6379926781359353,0.0230683099889896,-0.400423986374141,0.999899862550801,-1.0845739310933695,3.110704862055427e-18,-1.6918856649377976,1.060902924175773e-06,8.001439949575313e-05,False,down
IGBP1,4,-1.009692475772819,0.1594611728254982,0.0641150998559263,10.054194725992945,70.16170780694998,-6.33190172806359,2.42157712102369e-10,0,4,1.0,-1.353977475060431,9.686481341422395e-09,-0.528112689105436,0.978844246690709,-0.8094551719871758,7.594838232966031e-23,-1.190664353423028,2.6288785248574027e-14,1.0055941671058564e-08,False,down
DNAJC25,3,1.0089261833250818,0.3802091762663961,0.3806589520026113,17.858846129418136,88.80106819048358,2.653608188083737,0.0079636237103283,3,0,1.0,1.823723207625036,8.972113315372388e-09,,,0.434211036112771,0.0089125659727255,0.874125420148239,0.0005620256649819,0.0438617102704246,False,up
KIF4A,4,-1.0084619687778282,0.1247609836470862,0.0,1.8724664874905617,0.0,-8.083151793917269,6.311398472671455e-16,0,4,1.0,-0.9804388350527748,0.0020527767966422,-0.60803647421659,0.999899862550801,-0.9649733049447868,9.204465942392684e-09,-1.3655204877505362,9.051218085986456e-05,5.716360863581319e-14,False,down
HIBADH,4,-1.0082143551635228,0.2665413855379008,0.2381996495239559,23.077497456141103,87.00032355890619,-3.7825809043832694,0.0001552106209747,0,4,1.0,-2.079074725706806,1.1956664089741428e-10,-0.196343267901278,0.999899862550801,-0.9168087840645824,5.908844188017153e-16,-0.9640850719670776,2.227304986050282e-07,0.0017217895952787,False,down
ONECUT2,4,1.0081258492314558,0.3465350482355805,0.1263052561745749,3.951307815127746,24.075770849479877,2.909159850827309,0.0036240150979205,4,0,1.0,1.5341837252341883,1.088854441120321e-05,0.521092096525268,0.999899862550801,0.3364683565311461,0.75137386695251,0.4251821853936421,0.7835654852423619,0.0235283033304226,False,up
BDP1,4,1.0075716080222632,0.2444508035939967,0.2035436833450183,24.902858050127055,87.95318997537838,4.121776624206635,3.759616631242143e-05,4,0,1.0,1.9407965038299289,4.236295222519989e-11,0.580752387063114,0.17118467982794,0.6053202276114864,1.2318417104068037e-08,1.080900606410908,1.559957380115973e-10,0.0005076405057485,False,up
TMEM205,4,-1.0055452633149622,0.3617916296404268,0.475460119216936,40.76337333407059,92.64045206608904,-2.7793491638110632,0.0054467942996909,0,4,1.0,-0.8970715738007561,0.010846726240797,-0.229613130811376,0.999899862550801,-0.8719974635942823,3.337790721101583e-12,-1.9978061638951417,1.712990398623857e-24,0.0327268620644003,False,down
PPP1R15B,4,1.005235323211918,0.308785507110896,0.3423230673097567,44.42024109265745,93.24632211306054,3.255448523530937,0.0011321341743874,4,0,1.0,2.4959984258986645,8.365969974010097e-18,0.293654594675085,0.999899862550801,0.8108253410227375,2.5581740283897943e-25,0.5561199236736709,0.0003404795663136,0.0092083740087638,False,up
SNHG26,3,1.0038976106603,0.1485546854054193,0.0,0.5516630688779736,0.0,6.757764710823973,1.4013685739953874e-11,3,0,1.0,1.1796110115689706,0.1027680739770111,,,0.9193694453013131,3.96624059668465e-06,1.1412217239895104,6.748580380767433e-05,7.123030241354383e-10,False,up
ENDOD1,4,-1.0037744661989467,0.194909076815366,0.0520299181445465,4.496908333734084,33.28749938051552,-5.149962652328423,2.605383340128327e-07,0,4,1.0,-0.6809859547794551,0.0968942852430071,-0.109557239580533,0.999899862550801,-1.2799362822046485,6.11036998050556e-17,-0.8365719023071994,0.0263545755641907,6.035987571882562e-06,False,down
B4GALNT4,3,-1.0020403055998888,0.2265350464007852,0.0,0.6822589181831242,0.0,-4.4233345856211645,9.71890495215036e-06,0,3,1.0,-1.0501065513965555,0.0001388949650156,,,-1.303899621294431,0.2192500911555263,-0.5460629004947702,0.4964844875059873,0.000157166332911,False,down
OBSL1,4,-1.0018691371554875,0.1485611050771059,0.0468743719214199,7.044649504564761,57.41448885347563,-6.743818556246598,1.5427718375291698e-11,0,4,1.0,-1.049532935103764,0.0004273354531935,-0.666989295035916,0.776994115074198,-0.8478496295289404,1.1661500658561282e-21,-1.332497886343019,1.2126283277098446e-13,7.769992076013616e-10,False,down
CLN8-AS1,3,-0.9995969138590304,0.2229839212399233,0.0910265430988747,5.76366966972893,65.29988506273882,-4.482820592178468,7.366285712232991e-06,0,3,1.0,-0.8962199475449302,0.0977863290527443,,,-0.7642753058770623,1.908474181673365e-09,-1.3440862121992934,9.247579498830299e-10,0.0001233230972298,False,down
NDRG1,4,-0.999409112190061,0.0767249757522255,0.0,1.3933477744954614,0.0,-13.02586416472177,8.720812875701487e-39,0,4,1.0,-1.1858663801941074,0.014568598495524,-1.24195492339367,0.991299984804734,-0.9252143049612802,3.2453942839158853e-19,-1.0956304761819584,3.3329202978795416e-17,3.691084049640655e-36,False,down
ARHGAP11A,3,-0.9982320282846652,0.0988674426226795,0.0,1.940718807097802,0.0,-10.0966708736904,5.714941180273076e-24,0,3,1.0,-1.1651259716751872,1.0008321949163122e-09,,,-0.8879752977359504,1.8014408034284303e-11,-1.1871270771242357,0.0013318669068103,1.1539462425378912e-21,False,down
HSP90AB3P,3,0.997853527516983,0.2426777273154808,0.0219948562077543,2.257633202495372,11.41165013920812,4.111846350941693,3.925074935152027e-05,3,0,1.0,0.4006310327594289,0.5788449717328472,,,0.9604219404134968,0.0037776534092521,1.434941423573866,0.002143047228103,0.0005273930051755,False,up
TRIB2,4,-0.9968950002595884,0.366756145257684,0.4225883962034235,28.34716976488907,89.41693289001354,-2.718141231305523,0.00656498091613,0,4,1.0,-0.0401918569361917,0.9263391975769728,-0.8976426481350199,0.999899862550801,-1.0646598048806082,7.473340081802175e-20,-1.8409751604432507,2.5759835131339638e-20,0.0376999558432037,False,down
ENSG00000273891,3,-0.9960101283842242,0.3226675718023152,0.1062338033606542,2.9893280553935635,33.09533236436014,-3.0867995901194476,0.0020232395260132,0,3,1.0,-0.973686822482218,0.0490873329691913,,,-0.6514190988491861,0.0997681497493243,-2.00460178114566,0.0120687362207919,0.0147644160238814,False,down
SNX22,4,-0.9958706749322715,0.1806078051615411,0.0,2.660729058318785,0.0,-5.513995776879821,3.507770191501006e-08,0,4,1.0,-0.1901724390870677,0.8271164913798313,-0.285314439520448,,-1.0719689487495074,4.617280453347913e-06,-1.2068956573319023,0.0068926404964436,9.602302754321596e-07,False,down
ADD3,4,-0.9956513385556174,0.2570076183795703,0.2067339684929177,17.302781098541963,82.6617467855916,-3.874014882645059,0.0001070568704889,0,4,1.0,-0.7997234759745628,0.0329423089936606,-0.374886897282172,0.999899862550801,-0.9483039456086356,5.187047599650891e-19,-1.7113334095755453,1.4594196066353058e-16,0.0012460151573725,False,down
CCNG1,3,-0.995153790642698,0.3417567675051408,0.3153709659728718,27.390106414025727,92.69809335616216,-2.911877350395786,0.0035926367171852,0,3,1.0,-2.0725957433905995,3.952695176168951e-12,,,-0.5587579926440012,7.36324793248089e-13,-0.5260558275240205,0.004429047526965,0.023352138661704,False,down
FOXM1,4,-0.9946518285663228,0.1006659243105764,0.0,1.5469830244313267,0.0,-9.880720168004457,5.046888408152075e-23,0,4,1.0,-1.0088956691502458,5.104875197115501e-06,-0.541736776561604,0.999899862550801,-0.9819184496166108,7.760235716663889e-11,-1.1272973879771977,1.0195689992406673e-06,9.743593594299911e-21,False,down
HS1BP3,4,-0.9934366046828276,0.3051799597973435,0.3197300176666939,33.047548958581835,90.92217094901692,-3.2552484945031277,0.0011329319117948,0,4,1.0,-2.3288279116376183,1.0387350118156488e-09,-0.825315556556156,0.145185869111528,-0.3456334152460064,0.0005621538966089,-0.7951231580684431,1.2135324605521131e-06,0.0092089095232006,False,down
LOXL3,4,-0.9929548274555644,0.2841960158676989,0.2308079629218071,14.792065379565429,79.71885654220834,-3.4939083309240075,0.0004760044330686,0,4,1.0,-0.8310754782670623,0.0246114184611629,-0.0843164798585383,0.999899862550801,-0.8663553673262137,4.379829907770533e-11,-1.698933079249633,6.985544165569621e-15,0.0044465489498313,False,down
KLF9,4,-0.992230662538088,0.2265063529467226,0.117762013646132,11.572204429251457,74.07581227638187,-4.380586458744819,1.1836031653208756e-05,0,4,1.0,-1.1409150531549024,0.0150887841085857,-0.670327737290456,0.999899862550801,-0.6996309746256378,5.244846804536918e-13,-1.2977352507172777,3.671198512662619e-16,0.0001860708718967,False,down
CRPPA,4,0.9916314604150668,0.2808221141146859,0.0299219600837575,3.298387592998081,9.046468451176182,3.5311729759647448,0.0004137210967911,4,0,1.0,1.1536447298864996,0.3280860640989578,0.269412871488025,,1.3286477906555223,0.0047028797267748,1.324798183083112,0.0349997845250529,0.0039623967011642,False,up
KCNH2,4,-0.9907490381083331,0.2904057909257522,0.0,1.7391497910626004,0.0,-3.411602209962945,0.0006458228400944,0,4,1.0,-1.156577856011844,0.011298241579493,-0.0797685503861857,,-1.1206894470093829,0.0439304360448884,-0.0101675916287156,0.9933355830221732,0.0057175844278515,False,down
DUBR,3,0.9902535190425132,0.2876538083197592,0.1004496086820287,3.334464267799617,40.020349916066664,3.4425183689615406,0.0005763247230017,3,0,1.0,1.4888883874731489,0.0003595919125144,,,0.9434547540349844,0.0036589214273723,0.3249275948002132,0.6384300542538645,0.0052091707714762,False,up
SEPTIN1,4,-0.9894238328421736,0.1159317943998888,0.0,0.5223578666860933,0.0,-8.534533929745873,1.4072153542116518e-17,0,4,1.0,-1.037850471302103,0.0686970995604443,-0.311121232721587,,-1.0042846203443605,9.213834058018733e-13,-0.9702815872516642,0.0007216226724935,1.5485701365422118e-15,False,down
DNAJB11,4,0.9878251020942026,0.2322272111177379,0.1283909236960902,14.839205849971638,79.78328469642643,4.253700922211828,2.1026609689976844e-05,4,0,1.0,2.4780147983388487,7.303482266940574e-07,0.305216048522191,0.999899862550801,0.6965155833608223,7.462188488549061e-20,0.8112849282660574,2.35099529427141e-08,0.0003060678919753,False,up
SPC24,4,-0.9863259731173764,0.1567913952444147,0.0114056346285,3.3606278828018805,10.73096740782891,-6.290689432158182,3.1605909754319346e-10,0,4,1.0,-0.9350654814576196,0.0061088709961412,-0.465354469926322,0.999899862550801,-0.9947062540038756,4.284256828209092e-06,-1.4727424179590765,0.0002792780181071,1.2787030657772328e-08,False,down
CBLB,4,-0.9857386892752966,0.2247659141768964,0.1379332359786312,11.86415468337628,74.7137484290936,-4.385623562563386,1.156539829888173e-05,0,4,1.0,-0.8632817093014435,0.1015065926436104,-0.265154299437112,0.999899862550801,-1.2052721043647243,3.2449026620149664e-29,-1.381841304361213,1.1084199734211603e-10,0.0001823372859312,False,down
RILP,3,-0.9840061740016384,0.2543489840374156,0.1222204014046573,7.4720301374965965,73.23351267062644,-3.8687246097153176,0.0001094061254021,0,3,1.0,-2.4018711185794,0.0013282964289069,,,-0.6763241118012369,6.797867510636594e-09,-0.9628078667677474,2.0008337746152613e-06,0.0012679933722887,False,down
GSDMD,3,-0.9831608380397394,0.2902234660727006,0.158932694930728,12.814830477198312,84.39308265873169,-3.38759939485203,0.0007050716475238,0,3,1.0,,,-0.0705031355789023,0.999899862550801,-0.7197284080077258,7.596760272055543e-21,-1.3312253152990423,1.2893458435318096e-16,0.006165245089532,False,down
ATP1A3,4,-0.9825388451872804,0.2593807523462734,0.0,2.1626387735122776,0.0,-3.788017562211364,0.0001518541178329,0,4,1.0,-1.5959548858279735,0.0479168249450274,-0.0496495715523175,0.999899862550801,-1.0716646623011843,0.0026536568040801,-0.397625535719696,0.6020184972396314,0.0016896649541892,False,down
MIR4453HG,3,0.9821772033530743,0.1583657735149259,0.0,0.6121773498836395,0.0,6.201953752718571,5.576646728384404e-10,3,0,1.0,1.210055058817558,0.0025086391123376,,,0.8789481632005448,0.0003113828691775,1.0069407259383227,0.001180342558004,2.1839220257119642e-08,False,up
NR1D1,4,-0.9821361445581704,0.1822382089767877,0.0673025276282019,6.564498739964048,54.29963324181505,-5.38929871003763,7.073315438298157e-08,0,4,1.0,-1.217062460237638,0.003070862396344,-0.151545017587436,,-0.9575388491395656,1.8034651766391766e-11,-1.2693696705975488,1.3174277986420815e-09,1.8261124101068391e-06,False,down
NECTIN3,4,0.9804211698314904,0.3764053394798482,0.4579836449371087,16.715637162632994,82.05273319340553,2.6046951703350625,0.0091956031668874,4,0,1.0,0.8571808064976278,0.0081584288087393,0.0882178400048724,0.999899862550801,1.5955014896857094,1.4109202606989849e-05,1.5467724659498558,0.0010917703992434,0.0493143348196944,False,up
ENSG00000246477,3,0.9787109568637116,0.3092729874928045,0.0363504961974434,2.2487494583724934,11.061679523539404,3.164553635278225,0.0015532103168699,3,0,1.0,1.22120706095403,0.0022530957908806,,,0.3044866737572517,0.6870200123031975,1.3854786432231263,0.1453350972273337,0.0118752276004939,False,up
ARHGEF26,3,0.9784098346826487,0.1740899415206117,0.0,0.5498617494508788,0.0,5.620139946837814,1.9080283845977723e-08,3,0,1.0,1.0108944010960916,3.06662993642239e-07,0.604024880053743,,1.451354230316759,,,,5.52549956797531e-07,False,up
PHACTR2,4,0.9783503353457834,0.3621036598596754,0.4449136418475702,33.5000023996286,91.04477676087194,2.701851551914497,0.0068954541227803,4,0,1.0,2.6700213925032013,1.123121321049633e-11,0.556093374410474,0.999899862550801,0.4545644898716912,6.894714708941233e-05,0.4687072646392909,0.0152350369054391,0.0391745094961986,False,up
SRFBP1,4,0.9777016541248544,0.0947553713747403,0.0,1.9291101034658928,0.0,10.318166030485184,5.832659073161401e-25,4,0,1.0,0.884757359942578,0.0012958314603742,0.845428161731204,0.270308598055069,0.925636174322786,5.845398817297971e-12,1.2186156103455756,8.211281953124808e-09,1.2837099354120926e-22,False,up
HSDL2,4,-0.9772116005683584,0.3213330381529548,0.3636831227182566,34.53170977325923,91.31233286825795,-3.041117733132704,0.002357016474181,0,4,1.0,-2.0194351061365476,3.3444654533021778e-15,-0.149537523075076,0.999899862550801,-0.6255195850514016,1.4415042145946623e-10,-1.068864477018311,2.3656291934539223e-08,0.016626787044952,False,down
FBLIM1,3,-0.9767304296376984,0.3098537320601785,0.0,1.3128454058567982,0.0,-3.152230644903131,0.001620282333318,0,3,1.0,-1.0128785367157342,0.0069004628765171,-0.318274583846105,0.999899862550801,-2.423112529787031,,,,0.0123053118957889,False,down
HMGB3,4,-0.976071834438006,0.2778757297876452,0.2593041678561115,28.816140127796775,89.58916778341828,-3.5126199585114093,0.0004437116534048,0,4,1.0,-1.8098312852398248,1.7585307493314509e-15,-0.620217987885314,0.894299995836389,-0.5559083214873474,3.437446546005815e-08,-0.8928645476960839,5.2098380218737963e-08,0.0041930655988786,False,down
PLCD3,4,-0.9755002579846804,0.3283764644605173,0.3718437150613959,24.797229254043284,87.90187415994939,-2.9706765361132352,0.00297144568988,0,4,1.0,-1.9832040371358168,1.9719031833837178e-12,-0.279259453872953,0.999899862550801,-0.593059792272702,0.0002412368567442,-1.0408384676574227,9.730098574064498e-06,0.0200301832124256,False,down
PC,4,-0.975443760632008,0.3655486683213171,0.4674424546653078,40.44093215716651,92.58177336679326,-2.6684374617242304,0.0076204963871025,0,4,1.0,-1.038928625956412,0.0007556873841007,-0.0699460558932399,0.999899862550801,-0.7175238656495018,1.5373707172907189e-12,-1.876601612505126,1.1251868001684733e-27,0.0423855205923024,False,down
LINC01237,3,-0.9751972063102968,0.2292813225702563,0.0,0.3464069367728211,0.0,-4.253278005283125,2.106637733005952e-05,0,3,1.0,-0.6754350257410927,0.7109565071072791,,,-0.8246340065711802,0.0581598585998983,-1.0841759820810903,0.0008630254288227,0.0003064440837126,False,down
GET4,4,0.9750190368522292,0.1684729746731237,0.0308965290712143,4.050459680813695,25.934332485508627,5.7873913530878776,7.148789508477909e-09,4,0,1.0,1.68888590080252,0.0035397463000713,0.242844372226066,0.999899862550801,1.0334121543915356,7.841683586827409e-10,0.8851069904785851,0.0009426917576469,2.2671139523355954e-07,False,up
DEPDC1B,4,-0.9747464505831456,0.1315173571249234,0.0,2.8959507154085338,0.0,-7.4115422624959715,1.2483900094332192e-13,0,4,1.0,-1.334283673022545,6.084905217786504e-06,-0.471870551146335,0.999899862550801,-0.8603268569471758,2.967333955084517e-06,-1.0226206347813958,0.0086189178809811,8.586192411754912e-12,False,down
NOP58,4,0.9745698732838944,0.116165239877505,0.0310028639066422,7.391319639203796,59.41184867600767,8.389513716078644,4.881571296901437e-17,4,0,1.0,0.999464731128272,1.2832478698987464e-06,1.03417157875975,0.0003447757004,0.7607675441675361,1.9469476297873591e-16,1.192089586248885,3.4098957851709057e-16,5.1405982140432406e-15,False,up
TK1,4,-0.9742271561098336,0.2930084759675287,0.2806030230244317,19.16009010098278,84.3424535887432,-3.3249111749852505,0.0008844670854496,0,4,1.0,-1.969844270580389,7.116942663667303e-10,-0.34946750201885,0.999899862550801,-1.0509916700805564,4.4180749002695215e-12,-0.5382185968466466,0.0221386011890131,0.0074841353647291,False,down
NRM,4,-0.9729882765102142,0.2913293023825877,0.2836264921750485,22.99153812035341,86.9517211754344,-3.3398229033358233,0.0008383183046582,0,4,1.0,-2.1408467108498015,6.524123594460449e-11,-0.4069929665704939,0.999899862550801,-0.6150551083037852,7.530929321545752e-07,-0.8518681499430663,2.4360146891595655e-05,0.0071430691317162,False,down
BRD3,4,-0.9720078571783136,0.3167761036436221,0.3506157500392677,38.921290188697135,92.29213629492888,-3.068438073447097,0.0021518092147742,0,4,1.0,-2.3979116102619837,1.588957738983398e-16,-0.175750315485226,0.999899862550801,-0.6901415776093502,1.342911275313046e-12,-0.6581486250922419,1.0170807248088153e-05,0.0155021829813308,False,down
ZNF358,4,-0.9717080336955388,0.2111752647537877,0.1032400206021694,9.36710790047466,67.97303893715177,-4.601429219603285,4.196017483463314e-06,0,4,1.0,-2.0760341413177437,1.6759871462734915e-05,-0.766844212946021,0.913019581958274,-0.7069080510973287,1.185348309804703e-13,-0.8754057626359698,1.02279374316395e-05,7.45360361529815e-05,False,down
ATP9A,4,-0.9702146466163348,0.3308900528285247,0.3362689079371689,15.31697710604001,80.41388989987458,-2.9321360322642382,0.0033663925706938,0,4,1.0,-0.9652289605231628,0.0015822584244555,-0.178433019984449,0.999899862550801,-1.2628954714325815,3.385249417167863e-06,-1.801477165859542,0.0020868529439236,0.0221299086285544,False,down
FAM219A,4,0.9697890073393473,0.168648661595659,0.0499688848631807,6.000333855251298,50.00278197229814,5.750351044376798,8.905833767172878e-09,4,0,1.0,0.5705367779047509,0.310892342349517,0.0313100613456446,0.999899862550801,1.0033041613035762,1.319379019652035e-16,1.2494306804282065,5.926166206688174e-13,2.7529283059228633e-07,False,up
EEF2,4,-0.9691086052925452,0.3348089122080136,0.3968413166464561,51.82924215834371,94.2117617872268,-2.894512571070531,0.0037974770360467,0,4,1.0,-2.635382288042075,5.002764508672034e-18,-0.201006478138553,0.999899862550801,-0.5074533750890544,3.4139393856641487e-11,-0.6282816834255377,4.471543776698087e-06,0.02444365475161,False,down
PRDX2,4,-0.9683370067122262,0.3531964774598134,0.3477280518105349,29.950806429486033,89.98357521002656,-2.741638347235225,0.0061133610112796,0,4,1.0,-2.6173713705192547,5.454140403832009e-09,-0.453869767029976,,-0.3255074451634916,7.605288335800515e-05,-0.589084521105687,0.0005015025427707,0.0357272869084579,False,down
FAM78A,4,-0.968098081611134,0.303464484670817,0.2507682009171301,20.310767445290104,85.22950938175566,-3.1901528202263205,0.0014219757898095,0,4,1.0,-0.7513214330556425,0.0315373005832348,-1.04012729648829,,-0.622904041038503,1.6324916641507383e-09,-1.5020539225608738,9.026342639242648e-18,0.0110752139651987,False,down
GAN,4,0.9669449031283028,0.308393897460188,0.3459321089001901,34.943409999040114,91.41469020887656,3.135421650984939,0.0017160726093763,4,0,1.0,1.7084060425275525,4.999753863772369e-13,0.0596251595153094,0.999899862550801,0.913277752496599,5.829412568152021e-10,1.210082267900423,1.2295741927593308e-10,0.0128948590166483,False,up
EPM2AIP1,4,0.9662081256586448,0.3037100980063834,0.322304246984998,30.53639955835791,90.17565907117924,3.181350017668286,0.0014659040370066,4,0,1.0,2.1071847658522076,7.440159925310999e-16,0.192025792457802,0.999899862550801,0.8131110393298145,2.9321794645156642e-15,0.7393551824112984,0.0001964145835903,0.0113362902145045,False,up
APLP2,4,-0.9660909221752396,0.1904322752742522,0.102944480081588,14.61088101898038,79.46735726543236,-5.073146979858943,3.912900311476124e-07,0,4,1.0,-1.309824752022131,3.7329980154653816e-10,-0.297001155039109,0.999899862550801,-0.7187619574954639,8.857332236903574e-12,-1.2104995589462595,1.4388213395729212e-18,8.69889120760384e-06,False,down
ENSG00000284882,3,-0.9638578983422876,0.1714788021797644,0.0,0.0393285823184929,0.0,-5.62085742430051,1.9001203951774025e-08,0,3,1.0,-1.124540802620018,0.3370487460243141,,,-0.96991666267645,1.2956591783930923e-05,-0.9317941001626604,0.0090307510071825,5.509848455528253e-07,False,down
XYLT1,4,0.9628708010692416,0.0970101182993742,0.0037826651578572,3.239688890252031,7.398515671465736,9.925467754794532,3.225866385573065e-23,4,0,1.0,1.6483789514409029,0.1057836339573282,0.41959456942372,0.999899862550801,0.8810918441570802,1.815932491904092e-15,1.1300296018970768,2.1221982752334998e-12,6.283017104431645e-21,False,up
EMILIN1,4,0.962608054032211,0.0675183132244289,0.0,0.4510694328975304,0.0,14.256992037590294,4.055620989053421e-46,4,0,1.0,0.6795484504696778,0.5217777229190812,0.4447407527951481,,0.9764143625526348,1.5268347436578636e-38,0.9100868458903256,9.67473817988658e-07,2.2887221114891473e-43,False,up
ENSG00000238186,3,0.9606897282567938,0.3563524527686217,0.0,1.248966021787186,0.0,2.6958976170722915,0.0070199239724935,3,0,1.0,1.316732652125976,0.018245671383152,,,0.7175938373505197,0.3386853876820163,0.2071693256871294,0.885970346776923,0.039739142453817,False,up
GTSE1,4,-0.9598026569303514,0.1329395704099479,0.0169299795546613,3.8657424066395034,22.395243023760987,-7.219841721848448,5.204811823725249e-13,0,4,1.0,-0.7689129013826772,0.0107281593637241,-0.416578522963454,0.999899862550801,-0.9606591449131832,2.9352005773960027e-11,-1.2971253127312454,4.040854114051372e-07,3.254338165578665e-11,False,down
ARPC5L,4,0.9597039094276124,0.0863631735297396,0.0060609337838202,3.59060950279812,16.44872555308131,11.112420609429472,1.0915967738871256e-28,4,0,1.0,0.8273889164760889,0.0314403598619737,0.269333828758654,0.999899862550801,0.9946187097255668,3.0243377842741804e-36,1.0270860544039877,1.5263391389864256e-11,2.966043629195278e-26,False,up
SPACA9,4,-0.9591667269918382,0.2161371197284943,0.0831588988870089,5.66085745711012,47.004494942158345,-4.437769542763954,9.089586136405224e-06,0,4,1.0,-2.174565260025576,0.0129682985932045,-0.494819315870248,0.810402933993036,-1.1010633847356477,9.385157972768052e-07,-0.9681163198874456,0.002917525110789,0.0001476403699454,False,down
DISC1,4,-0.9583444164745653,0.2467769224666044,0.1226799432954815,7.336033937582059,59.105968899200676,-3.8834442333409647,0.0001029871606536,0,4,1.0,-0.8641357192391872,0.5116035567302658,-0.465746308689063,,-0.7735543237918117,2.2996115362178483e-10,-1.4716757638008282,1.4713942405616798e-08,0.0012043806688763,False,down
PLOD3,4,0.9583425326144384,0.2316260030883908,0.1680408167623423,21.894339993680195,86.29782856726465,4.137456588795538,3.511768629757205e-05,4,0,1.0,0.5169428464245687,0.1152284517403949,0.082571343161727,0.999899862550801,1.3502485127143429,9.227797913274861e-73,1.446295248235791,1.5458772686576326e-23,0.0004791724474415,False,up
RAP1GAP2,4,-0.958069650582506,0.3498832595804557,0.4295222921506967,36.97465775047986,91.88633463426429,-2.7382551875483423,0.0061766127727828,0,4,1.0,-0.3993096708812301,0.1519126460897956,-0.8984151581326009,0.58226664232336,-0.6957950242203804,1.9220628708637545e-07,-1.7948051307377522,7.923323774440865e-28,0.0359632461683007,False,down
KMT5C,4,-0.9576524934559832,0.0939329682923543,0.0009338824358344,3.060348060112962,1.9719345292618276,-10.19506261609249,2.0861005995379352e-24,0,4,1.0,-0.881073940117755,0.0027740285264672,-0.327115075581599,,-0.9861209554214424,1.1665731250187978e-16,-1.0903765735111624,8.249612621711282e-07,4.372665532879087e-22,False,down
ZNF575,4,-0.957597752435438,0.2275846640199089,0.0569070315428716,4.092689810065533,26.69857381759495,-4.2076550129567085,2.580343938743768e-05,0,4,1.0,-1.733852919108973,0.0015907454593613,-0.456531315301731,,-0.6975337944749419,0.0105204646384748,-1.0638610958604262,0.0059749098123638,0.0003654490974762,False,down
CCDC28A,4,-0.9568615389284356,0.0995329324850711,0.0,0.9593833507884376,0.0,-9.613517004253383,7.0112355098188695e-22,0,4,1.0,-1.2959740964214397,0.001837446310428,-0.920900263611711,0.999899862550801,-0.9113875469010456,1.2343780535323733e-12,-0.98161679735419,1.8908085144522296e-06,1.1690172904212391e-19,False,down
TMEM65,4,-0.9566951213866048,0.3340800846306843,0.4001472487180916,46.638007481833725,93.56747819647194,-2.863670016260332,0.0041876401355513,0,4,1.0,-1.9001777431731497,3.449646974025451e-09,-0.133500074984051,0.999899862550801,-0.4930940427511592,2.9293250659211e-08,-1.350016525306066,2.1532226653100803e-20,0.0264160996684867,False,down
TICAM2-AS1,3,0.9559909456563488,0.2492703165999847,0.0,1.080334268817562,0.0,3.8351575859329863,0.0001254838135275,3,0,1.0,0.9864209265942456,0.0011633643302502,,,0.4752709487547786,0.6025334009947505,1.7901862198511518,0.1807224862368012,0.0014302295452758,False,up
TRA2B,4,0.9557918049815476,0.2586301898628497,0.2353170911490688,40.50747131824536,92.59395883680168,3.6955925581943823,0.0002193745408417,4,0,1.0,1.7941273451631423,4.493442635885418e-20,0.2369228510331329,0.999899862550801,0.6454440056829589,1.1348534421757121e-17,1.0582433549834234,1.274529665909274e-17,0.0023090455616388,False,up
SMIM1,4,-0.9553476229229692,0.2771455316967035,0.0,1.045852280256926,0.0,-3.4470973321282403,0.0005666443982855,0,4,1.0,-1.7840625255732545,0.2758339061563976,-0.499456709262968,0.999899862550801,-1.0413749398725105,0.0296423889221098,-1.0472321532118476,0.0737490422055427,0.0051449160733776,False,down
PCGF5,4,0.95529711800089,0.3392099432564324,0.4237083699814093,47.743336518714784,93.71640061472444,2.8162414958417488,0.0048589127759255,4,0,1.0,0.0758130504628881,0.8006736701978445,0.597262774665265,0.552224341178397,1.3188027947080951,4.625469615773985e-31,1.7421735047957223,1.4747264003863772e-30,0.0298048526436303,False,up
POLB,4,-0.95484470061709,0.201890159277037,0.0954224620526406,8.014395655400012,62.56735842610125,-4.729525718521209,2.2504494665575376e-06,0,4,1.0,-0.5283942015049506,0.101980530545898,-0.348608971460167,0.999899862550801,-1.1537204712556657,3.2666159837807666e-18,-1.3508672931331005,6.068683140723348e-08,4.303226959988257e-05,False,down
SOCS4,4,0.9540809023667748,0.3351869963291767,0.4092153033444439,47.967261538807406,93.74573427008568,2.8464138311314486,0.0044214693733181,4,0,1.0,2.5849506205254116,8.923792975215753e-17,0.478050649506396,0.60046980101002,0.4712008556943616,2.1146702362677857e-07,0.4841974417361124,0.0049707985065483,0.0275984456714005,False,up
SLC16A9,4,0.9532832117716952,0.198416225635626,0.0342285887541858,3.784676447188763,20.732986244349014,4.804461977430797,1.5516818359451689e-06,4,0,1.0,1.248612191849031,0.0003816515500737,0.411780707846265,0.999899862550801,0.7660552399021902,0.002888955830788,1.50292399245192,0.0088667456715291,3.073894286887239e-05,False,up
LEPR,4,-0.9515963271299116,0.1511319296940228,0.0,1.8908787757078924,0.0,-6.296461171748982,3.045175130290963e-10,0,4,1.0,-0.439307639980615,0.4950702421982852,-0.7564085771213341,,-0.9606642002936708,1.889500269504632e-07,-1.3353582923353082,0.0055648964134555,1.2411344341217373e-08,False,down
DGLUCY,4,-0.9508232613540084,0.2388811710148027,0.1640152851584402,16.807285104386423,82.1505973072531,-3.9803189900433344,6.882285325104702e-05,0,4,1.0,-0.4925464179545706,0.3143482111022776,-0.0418971536444223,0.999899862550801,-1.1961316635779238,3.977653973337244e-40,-1.510245440037936,1.8538789369455298e-21,0.0008556549707369,False,down
PLCB4,3,0.9507870953610832,0.3286115039303801,0.0902741809938399,2.6594443183908925,24.7963198112714,2.893346958305262,0.0038115999210263,3,0,1.0,1.3056918358879843,7.489464259214233e-05,0.4918337695665241,0.999899862550801,0.0713409375456012,0.973645435181648,,,0.0244936435517527,False,up
WSB1,4,0.9503870669205664,0.2351874467059799,0.1220900252915704,7.22846061872727,58.4973875042261,4.040977017403036,5.3228975344768234e-05,4,0,1.0,1.6209261015610394,1.871851800319214e-05,0.140724918177565,0.999899862550801,0.7978885423999682,5.115728936644949e-22,1.0501611447748702,0.0126999363338753,0.0006846969715739,False,up
AOC1,3,-0.9482148775666788,0.2068155080726711,0.0,0.1626831921566434,0.0,-4.584834504932259,4.543461618373828e-06,0,3,1.0,,,-0.453655569946268,,-0.9901462795730192,0.000101972543597,-0.827507794988337,0.1041294171162972,7.999763740703166e-05,False,down
TIPARP-AS1,3,-0.947876143335838,0.3127680464185948,0.0,0.1182124198139599,0.0,-3.030604162380587,0.0024406498603095,0,3,1.0,-0.9325215539098444,0.6138409190599258,,,-1.0150930132880112,0.0163301714739595,-0.7655363143069431,0.3163399271702705,0.017117993236314,False,down
MXD3,4,-0.9468495261242634,0.3486010377443754,0.3369829663639013,17.15104886715646,82.50835839116012,-2.7161408705230983,0.0066047808320908,0,4,1.0,-2.434172091690354,3.711979019950794e-05,-1.34259735273947,0.741128234173557,-0.2721109377090415,0.0820863219018652,-0.5996736901323646,0.0082706229915413,0.0378849677699994,False,down
ABHD14A,4,-0.9468353201458114,0.3459105099282185,0.3186898783348535,10.300131575484436,70.87415847055426,-2.737226227506917,0.0061959668043153,0,4,1.0,-1.8099230284698675,3.5975865520398516e-05,-0.233259624291763,,-0.5072509971378626,0.0126536049282019,-1.1454608760740772,0.0104446627348522,0.0360473257721854,False,down
ERBB3,3,-0.9468203682747764,0.3511324775955751,0.0,0.3784587239522781,0.0,-2.6964761982663945,0.0070077405562361,0,3,1.0,-1.0267437866643463,0.0219331028270283,-1.31462590297964,0.999899862550801,-0.4985528485344343,0.6669973745310265,,,0.0396894909681422,False,down
MARVELD1,4,-0.9463328826253004,0.2412820968642635,0.1276131863527534,13.635196402298492,77.99811670116986,-3.92210153560491,8.777998428304389e-05,0,4,1.0,-2.350867070381736,2.023166289241837e-05,-0.646578200609738,,-0.5766657490307106,2.465588901019377e-12,-0.8329350972238194,2.2497902245347533e-08,0.0010534076739833,False,down
CTNNBIP1,4,-0.9459475856672372,0.2894965094555028,0.2579958198609486,18.746459505227037,83.99697820719952,-3.267561282332609,0.0010847837837762,0,4,1.0,-2.0622415759284305,8.064399872214711e-07,-0.227862820315501,0.999899862550801,-0.5631698753325216,9.214075036908276e-07,-1.063939042755128,1.3975452476238205e-07,0.0088688730672851,False,down
STARD4-AS1,3,-0.945580887022979,0.3045561237893542,0.1501699567153839,4.443858315951886,54.9940646662675,-3.104783693914454,0.0019041822248119,0,3,1.0,-0.7893736812171364,0.234087152153596,,,-1.3739935701313402,3.447544260923503e-07,-0.5271858017146693,0.1698848239592079,0.0140493283895026,False,down
KCNAB2,4,-0.942217812716719,0.3016758311828878,0.2716188901993511,30.413200794468565,90.1358623175709,-3.123279080800839,0.0017884807376728,0,4,1.0,-2.480875387740899,0.0006197017416254,-0.118711757420106,0.999899862550801,-0.5900984859492556,7.286480928774287e-09,-1.272585167244808,5.988009539578092e-26,0.0133161950458192,False,down
GDAP1,4,0.9414012432740404,0.1238378869419851,0.001223971924168,3.045876466308494,1.506182762694072,7.601883934882241,2.9185043538721925e-14,4,0,1.0,0.6079347000355759,0.176951677637673,0.630534100744775,0.999899862550801,0.8945180948786604,4.2102250777949095e-08,1.286458770501728,2.1215458164641246e-06,2.222607692884882e-12,False,up
HHAT,4,-0.9405494481293024,0.2603501580485111,0.1084003248562623,5.123419635153895,41.4453584981452,-3.612632522212834,0.0003031041111001,0,4,1.0,-1.6351772354753171,0.1497733767117113,-0.279184359343721,0.999899862550801,-1.0549197862917286,4.053564951862753e-05,-1.3495509934715728,0.0036373602601235,0.003051700997806,False,down
ZNF74,4,-0.9405075734749588,0.2127236048862515,0.108267704964183,8.433527658880452,64.42769714710049,-4.421265679367698,9.812443476038112e-06,0,4,1.0,-0.8130832495655741,0.0032982940929872,-0.0082642060538773,0.999899862550801,-0.9098753606190836,1.3254681936082958e-06,-1.4287871665161482,3.0586030499365766e-11,0.0001582139695707,False,down
IFI30,3,-0.9401274620733938,0.3366237349063686,0.2385360977236587,6.990512537845637,71.38979453692006,-2.7928139479971277,0.0052251735715831,0,3,1.0,,,-0.3832776889537869,0.999899862550801,-0.7487367134555407,0.0036990539952806,-1.5839992509020813,5.922978321017456e-07,0.0316719485367597,False,down
ENSG00000268279,3,0.9399778233985748,0.3603051597312348,0.0515944408741762,2.2546052590864516,11.29267564955542,2.608838086303676,0.0090850217754717,3,0,1.0,2.3565168278103856,0.0657308434310681,,,0.6187168458731453,0.2222271436569997,1.0824220848117567,0.1238935077173721,0.0489119971272888,False,up
TXNDC16,4,-0.9381165883617832,0.2250448211139884,0.0887253781794747,5.479222091554709,45.24770213961593,-4.1685766582765025,3.06507676503209e-05,0,4,1.0,-0.4047095303221584,0.5062137069954192,-0.221798827064842,,-1.2253578152389777,2.4673103915551046e-09,-1.18879902643103,0.0001277303618302,0.0004250741935828,False,down
LIX1L-AS1,3,-0.936718595155412,0.3459403607404263,0.0,1.7462292162599953,0.0,-2.707745904960398,0.0067741865110612,0,3,1.0,-1.2909422597300335,0.0088527720840046,,,-0.2203587182377617,0.8414914135030503,-0.5825412193329265,0.5892377438778907,0.0386603683576633,False,down
NUP210,4,-0.935638378398084,0.2088414620806598,0.1105441662060933,12.261581433605702,75.53333543275417,-4.480137081384331,7.459511519387527e-06,0,4,1.0,-0.5604389199330746,0.1789082501490211,-0.0181643046887518,0.999899862550801,-1.0006240699267492,1.4502701526387871e-22,-1.4010345810428133,1.704943952382719e-21,0.0001242818993415,False,down
NYNRIN,4,-0.934109217690531,0.275122414613823,0.200286428939409,15.271665504220037,80.35577717983014,-3.395249416524998,0.0006856610677748,0,4,1.0,-0.4688537603530445,0.142561959037963,-0.359409288299773,,-0.8058012258559785,5.435311952869745e-13,-1.5714097814132773,8.667374450188263e-15,0.0060218333761595,False,down
SH2D3C,3,-0.933926416173524,0.3336797132635233,0.2120388033159654,12.05034285267616,83.40296185385434,-2.7988708304719627,0.0051281647189997,0,3,1.0,,,-0.035961641383287,,-0.6298510381952699,5.196655626119105e-06,-1.3378697755919111,1.2577884262592829e-15,0.031230154205995,False,down
MYBPC3,3,0.9335849523244176,0.2522573600019757,0.0650959811706039,2.9044899387624628,31.141093886792575,3.700922551148183,0.000214817040156,3,0,1.0,,,0.582256547454034,,1.1758439366013074,4.573822591779242e-09,0.526069630645515,0.1864252030881234,0.0022730328061516,False,up
TRMT10C,4,0.933024874365537,0.2231209909394508,0.1512360189432437,15.810708066206251,81.02551772230753,4.181699222637171,2.893385685032423e-05,4,0,1.0,1.5657011632520397,1.8825030469663895e-05,0.36788297251095,0.974153849997641,0.6861458029309272,1.444345603215665e-09,1.238058825494817,4.596536176674266e-13,0.0004032965518801,False,up
ETV1,4,-0.9323936348426924,0.2921064076831252,0.1314333180391043,4.903559454973445,38.819952576342395,-3.1919657026289743,0.0014130811071418,0,4,1.0,-0.4533398814001234,0.443344229629684,-0.0417509135236106,0.999899862550801,-1.4075376765075132,4.2767015452701754e-07,-0.9472922674328752,0.0958727113661008,0.0110434130008565,False,down
MYOSLID,3,0.9319679470251008,0.2948358566758297,0.0850780493775914,2.747055409545047,27.19477033296428,3.160972201728482,0.0015724350426541,3,0,1.0,2.586727885874635,0.0422770157197067,,,0.7393015991825082,0.0023624361506952,0.9941591721145232,0.0667767983787933,0.011983283536626,False,up
TCEAL1,3,-0.9313811394286652,0.2019423402473115,0.0573223717809528,3.6928760218534458,45.84166952357624,-4.612114221752785,3.985938483894998e-06,0,3,1.0,-1.1506609269752,0.0084167791069326,,,-0.6708317717741057,6.185123305945117e-05,-1.2172602915908874,3.947108091790046e-05,7.143853427690962e-05,False,down
GPR180,4,0.9301956185809246,0.1572545596587089,0.045452423067142,5.839832801118252,48.62866622781497,5.915221921702856,3.314284100151658e-09,4,0,1.0,0.8494916028958583,0.0024523276318566,0.644963424795917,0.999899862550801,0.7597168291921329,2.529995874758951e-09,1.3165882634259418,6.00419553411117e-10,1.1309159497711295e-07,False,up
SPATA5L1,4,0.930013102478158,0.1435597115664595,0.0355243741642736,5.396841218537371,44.411927671775246,6.478231896193367,9.280364994687362e-11,4,0,1.0,1.0980371014781407,0.0006929141691168,0.452314879427797,,0.8130225197481507,2.0941106692157566e-10,1.2135728700683477,7.216761239930177e-10,4.117974862259559e-09,False,up
ITM2B,4,-0.9298609919352464,0.183810344595601,0.1136677558477331,21.658616593603284,86.14869981637688,-5.058806641057241,4.218883928756991e-07,0,4,1.0,-0.914967169013902,1.0259525431908245e-07,-0.449800531136258,0.531072327871643,-0.8490092850888513,4.637225548987424e-22,-1.4454577188970543,5.863338870053329e-26,9.3413899786733e-06,False,down
PDCD11,4,0.9295228438175882,0.1767072811539478,0.0773840217085162,10.464225515140653,71.3308930922856,5.260240765109083,1.4386689976249681e-07,4,0,1.0,0.3666436044042021,0.3287974554894614,0.492076072251431,0.999899862550801,1.0292762419184407,5.956784172976581e-30,1.3162987366507195,4.123396106396888e-19,3.4757042775771595e-06,False,up
SNX29,4,-0.9289692973555596,0.0825445359519145,0.0,0.6328257766406401,0.0,-11.254158578064104,2.2092446701077637e-29,0,4,1.0,-0.6961770057820863,0.1649365600787574,-0.780370987333907,0.84254039781055,-0.9679799998178136,2.6602841194037542e-20,-0.8848985182159539,1.4577351919238918e-07,6.2337520441540726e-27,False,down
SPAG1,4,0.92878355049743,0.2297816742986818,0.0596997017913652,4.14684012787469,27.655759385700275,4.042026211760257,5.2991307319267834e-05,4,0,1.0,0.7995653653187301,0.0040208090220285,0.362870406826254,0.999899862550801,1.4109244561169347,0.0005608403484806,1.4520205361756455,0.0769494827097857,0.0006824374972438,False,up
DUSP22,4,-0.9284074068147168,0.2898809443742299,0.2618962222844879,31.22214768102333,90.39143613485824,-3.202719684865395,0.0013613642210922,0,4,1.0,-1.0792774606233129,0.0018663645842249,-0.0112290312570575,0.999899862550801,-0.7040870162321506,7.596760272055543e-21,-1.5119677900970458,2.596266396919586e-28,0.0107237885261347,False,down
ATP2B4,4,-0.9282049159655168,0.2646038445908057,0.2114549400884665,20.094800943230315,85.0707652766739,-3.50790411757218,0.000451651801159,0,4,1.0,-0.9207330411833928,0.0002935286159429,-0.343767536519783,0.999899862550801,-0.6373634438578805,1.489716806652927e-10,-1.5209825968911714,1.5132520603362594e-16,0.0042553101419986,False,down
RRS1,4,0.9277958312697484,0.2232315540117617,0.1243523634630316,10.441077654614702,71.26733370597935,4.156203791964215,3.23579217918319e-05,4,0,1.0,0.0772919655058454,0.886931105525736,0.746059169808811,0.955808511426917,1.0434779018084022,5.661644052904759e-28,1.398255526587394,1.5416352106881126e-11,0.0004445477532561,False,up
ABCA10,3,0.9272191450573012,0.3333968636816172,0.0954611248077883,2.6308265925285896,23.978265778523916,2.7811273771992173,0.0054170477978968,3,0,1.0,,,0.1999356058286239,,1.2599432323189952,2.970512899136417e-05,0.3783162510051144,0.5805625687130695,0.0325926202799103,False,up
THRA,4,-0.927109422752706,0.1444126168087688,0.0501134084368662,8.436608493354141,64.44068724579051,-6.4198644359473365,1.363957528183757e-10,0,4,1.0,-1.6050274500386812,4.066391132851198e-06,-0.924834638578056,0.0021036676634871,-0.6949556025349237,1.6051895534165078e-14,-0.9005913972426279,1.7735777469594137e-07,5.920974603115643e-09,False,down
TIMM23B-AGAP6,3,0.927036954390172,0.3382546404773766,0.0,1.083522210458135,0.0,2.7406481492222867,0.0061318131576104,3,0,1.0,1.6774041651528568,0.0691221112236346,,,0.7328866539143518,0.1527681252931391,0.8707692135294481,0.3580321875704785,0.0357783727283705,False,up
SLC29A3,4,-0.9266171019159248,0.1492111147491979,0.0299833943989569,4.54690012675695,34.020983167278565,-6.210107762236296,5.294827905225052e-10,0,4,1.0,-1.675297816730403,0.0091552234547507,-0.998310989147543,,-1.0122226081948098,2.2870218831826097e-18,-0.6370127830978998,0.0026803492059729,2.088420562116455e-08,False,down
BZW1P2,3,0.9265488483619432,0.3458054291352258,0.0,0.7173042524993428,0.0,2.6793935846496493,0.0073755642837066,3,0,1.0,0.2643424649162862,0.8301804272348835,,,1.0812050552280517,0.0309184861707236,0.973329744354404,0.2825100114055412,0.0412945292088778,False,up
ASAP3,4,-0.9260139102437716,0.1997981405192263,0.0828180308067093,6.43251660242263,53.36195480832288,-4.634747389726894,3.573736162727723e-06,0,4,1.0,-0.7371811849401442,0.0961543532333579,-1.23832619283345,4.41726525968099e-06,-0.533440544056198,0.0313138257226333,-1.196682990526038,0.0014129462994442,6.49499250251647e-05,False,down
ADAMTS7,3,-0.9257143623714156,0.1260034341355103,0.0,0.2219591030901365,0.0,-7.346739148203342,2.0310067895114517e-13,0,3,1.0,-0.7854251337030304,0.0322089147023631,,,-0.9528649926643696,1.163731203281318e-09,-0.9394607018163,0.0139515042740431,1.3586756361810802e-11,False,down
TRMT6,4,0.9247220980794584,0.1335869465567581,0.0254126369332286,4.648394617751483,35.46158950138453,6.92224893160923,4.44529195804615e-12,4,0,1.0,0.3388095406305458,0.4968309163557894,0.628851691338011,0.873619419033537,0.9540959687884936,7.231058474182358e-20,1.1778831838903698,2.076071324845983e-09,2.397951732956807e-10,False,up
ITPR1,4,-0.9220808441976652,0.2648973897004285,0.2170578524202011,22.271316971255896,86.52975931386591,-3.4808981894477817,0.00049973540585,0,4,1.0,-0.6441528853221211,0.1915577586850648,-0.262731626025495,0.999899862550801,-0.9103159611158866,3.0861664617248657e-21,-1.5854931341222287,4.619133975392544e-26,0.0046271251776837,False,down
CACYBP,3,0.9218964546984912,0.2530900957835751,0.151592662402453,12.847973461575606,84.43334269033639,3.642562352526162,0.0002699375629581,3,0,1.0,0.93494302058033,0.014685152138812,,,0.6114920715240587,1.9141549438219858e-15,1.27063112767762,1.2047699121650957e-12,0.0027594314087998,False,up
ABCA6,3,0.9216143084179036,0.1270346495331599,0.0,0.0343984238826398,0.0,7.254826236816074,4.021778014498327e-13,3,0,1.0,,,0.69231121434641,,0.9112666497236852,4.080242887309866e-09,0.9547930612478732,0.0004980128097517,2.5731195442178392e-11,False,up
PYROXD1,4,0.9215218415723032,0.1060241638441064,0.0060177392337299,3.3731180362751476,11.061517333890064,8.69162093018032,3.573045380244673e-18,4,0,1.0,0.6621557009912602,0.0120466896209315,0.380932747704668,,1.0438282786790412,3.143551883440657e-18,0.9171814631075608,0.0001595617588204,4.205302447797058e-16,False,up
PAXIP1-DT,3,-0.9203309352028568,0.2368397347739082,0.1090334046386721,5.723326535096769,65.0552875546147,-3.885880619151269,0.0001019596058072,0,3,1.0,-0.3724551457497226,0.2805717931365854,,,-1.1124120737121157,3.5685337127483914e-08,-1.194756516852386,1.5579863919074477e-05,0.0011949036018172,False,down
MARS2,4,0.9199884341387774,0.0789583158965512,0.0,2.6819338047859613,0.0,11.65157113209099,2.2526685723199278e-31,4,0,1.0,0.7283137093146854,0.0050582270539743,1.04087781893284,0.495197551808706,0.8723965671245566,1.4129649420366672e-17,1.1409072475467783,1.2600058170817762e-10,7.082711801169899e-29,False,up
CDKN2B,3,0.9193469947922208,0.3505341891322096,0.3127946250114126,18.09292602359757,88.94595601954313,2.6227027870467556,0.0087235336019881,3,0,1.0,0.8248468349769302,0.0543162267923622,,,1.3948180245636117,3.1045200053879077e-44,0.472245427211358,0.0401002780065385,0.0472315500728552,False,up
GPR176,4,-0.9186913080295626,0.1627423855354177,0.0225250850918918,3.688898375038249,18.674907926437683,-5.645064775271021,1.6511906891063664e-08,0,4,1.0,-0.4068681959886234,0.4689585207518525,-0.206639695745007,0.999899862550801,-1.1299529674869049,5.1715612699078816e-12,-0.782866097537913,0.0068885707837902,4.819768683891514e-07,False,down
CDR2L,4,-0.9166542264837194,0.1891513842860801,0.0416924799439966,4.1974361355366385,28.527798800768352,-4.846140724496812,1.2588623896298145e-06,0,4,1.0,-1.3645762003774409,0.0005406079702688,-0.320656977854499,0.999899862550801,-0.6502701767779464,0.0012982421174145,-1.0963505954243653,0.0004947965970336,2.5348858493469888e-05,False,down
LRRC23,4,-0.9162902186069992,0.2422041733652507,0.1115142869539974,6.377050914495184,52.95631099352005,-3.7831314212129934,0.0001548675898287,0,4,1.0,-1.3927845275287385,0.0077960829904179,-0.7937672710453721,,-0.5207911726801427,0.008334031371404,-1.171800768156246,8.406353106670457e-06,0.0017197178529473,False,down
NREP,3,-0.9161878245661016,0.2529930768716382,0.1083403298892998,4.662413756697307,57.103764179506655,-3.6213948456421607,0.0002930189042036,0,3,1.0,-1.4967898590692628,0.0029227990166798,,,-1.0070371437328502,1.199745874428608e-08,-0.4291637178765101,0.2262896525921696,0.0029637192383358,False,down
RGS12,4,-0.9150087286046648,0.30949434725022,0.3427086141215722,36.212859194891394,91.71565000196613,-2.9564634596214403,0.0031118910177744,0,4,1.0,-0.5041795839589733,0.1022271850043555,-0.329820178426427,0.999899862550801,-0.9216812978859829,2.1774423597089186e-18,-1.8106651866539756,2.085358688667077e-27,0.0207733119230205,False,down
MARCHF5,4,0.9146919987877138,0.3423921978136667,0.4151392511523058,56.36683810029568,94.6777216868862,2.671474422105548,0.0075518827671695,4,0,1.0,0.304979762521449,0.0564151368120284,0.11679864589603,0.999899862550801,1.4096480264090054,2.460823546876505e-38,1.568960128120196,4.895031738391915e-28,0.0420996423056319,False,up
MINDY1,4,-0.9125070022169836,0.2407353118307402,0.165611656711786,15.669512884196935,80.85454205136415,-3.790499180521397,0.0001503448287358,0,4,1.0,-1.1971462970205364,0.0216553061909772,-0.270261918277465,0.999899862550801,-0.7578861206851242,5.832169211552658e-13,-1.3954360326790758,6.742568178549601e-17,0.0016765983185435,False,down
ENSG00000280287,3,0.9124257596590306,0.278287253817193,0.1056573832687269,3.65871660087088,45.33602303266827,3.2787191908487596,0.0010427934543582,3,0,1.0,1.7357060479254718,0.0030165948259318,,,0.6103656289628537,0.0374137660190408,0.8312604466779289,0.0340670574794715,0.0085733437194514,False,up
CDKN3,4,-0.9121999451147452,0.1650004735037768,0.0,1.9246554405711136,0.0,-5.52846865069066,3.2303813592563053e-08,0,4,1.0,-0.7464750159489388,0.0965883174904115,-0.184821985146139,0.999899862550801,-1.000435425844962,6.949188545429011e-06,-1.1203471831303502,0.0360886148957163,8.920635299356589e-07,False,down
PPAN,4,0.9108893814418736,0.1134490147474498,0.0098190287916796,3.62157848129181,17.16319236219048,8.029063835147575,9.821924571395857e-16,4,0,1.0,1.765570436406668,0.0010039217203159,0.680415154012595,0.655694192296351,0.9051794887941572,1.3360193213858874e-12,0.8596393512041357,3.305129962778369e-06,8.787428369587455e-14,False,up
HMGB1P1,3,-0.9100169589942472,0.3145975102277834,0.1542418592447895,4.116263211963134,51.412242196092286,-2.892638782599875,0.0038202036624805,0,3,1.0,-0.6119001058494395,0.3186257782461597,,,-0.6295834621358397,0.0224775641689126,-1.6038427924724143,0.0006432656950482,0.0245270893837613,False,down
TET1,3,-0.9093628882587768,0.254381337040712,0.0,1.080790652379228,0.0,-3.574801905036137,0.0003504931671534,0,3,1.0,-0.9807490102979074,0.009799039531476,-0.690379805496778,0.853610451336367,-1.931105502699076,0.1780190845768866,,,0.0034514559802596,False,down
AMD1,4,0.907042275549964,0.0639876977435337,0.0,2.5217377202765667,0.0,14.17526036310042,1.3035876890968185e-45,4,0,1.0,0.9074545601174062,0.0059795448274218,0.710203038320507,0.280547641716593,0.8642299892052203,1.1795555914242956e-26,1.0772730630931326,4.124367400373985e-15,6.831109868888542e-43,False,up
BIN2,3,0.9069151427591632,0.081778042303672,0.0028972451415834,2.204294413892546,9.2680184917669,11.089959079620082,1.4035195233423154e-28,3,0,1.0,,,0.930722269411874,,0.9735694785287268,1.63983302478399e-33,0.7229297105482723,6.106583090948498e-06,3.767080632834271e-26,False,up
SCCPDH,4,-0.905598954563702,0.1947314250109529,0.1102292557938186,13.59369069214558,77.93093819816427,-4.650502375324195,3.311274313885958e-06,0,4,1.0,-1.4081639077647778,2.601398585827156e-06,-0.152344979199182,0.999899862550801,-0.8292987391833877,1.6911292707353686e-16,-1.1600374161524696,6.737185225871885e-13,6.0832918509445785e-05,False,down
PPID,4,0.9050097503153776,0.2127145536370061,0.1213963006477673,12.649717541384964,76.28405543297575,4.254573722584877,2.09447645314053e-05,4,0,1.0,1.6805266614734202,4.416859018389145e-06,0.524700061815708,0.999899862550801,0.5939265206442162,2.2293189720860003e-11,0.9700711612224266,4.616274082168353e-08,0.0003052803460739,False,up
CENPH,4,-0.9041938512348932,0.2563882845313623,0.159261730535477,8.931251887688559,66.41008407639468,-3.526658220314622,0.0004208396326743,0,4,1.0,-1.4874584679781555,4.010067677452807e-09,-0.0368959849984468,,-1.0012793743298265,5.499115935949786e-09,-0.4400401349411663,0.3695731018089312,0.0040156647256776,False,down
TIFA,4,0.9041856715940676,0.0811505429432332,0.0,0.4010221730244208,0.0,11.142077906078429,7.827151406850806e-29,4,0,1.0,1.0213026199270463,0.000705523234881,0.595304258190021,,0.90736986751239,7.381898797376598e-20,0.857154327840525,1.4025637217239603e-05,2.1806047508022712e-26,False,up
VAMP5,3,-0.9040723770163758,0.2936901136198245,0.2086000163523307,11.917531401243172,83.21800100487782,-3.0783207710787224,0.0020817070781683,0,3,1.0,,,-0.276021088764825,0.999899862550801,-0.8201285199735032,2.253673740010103e-13,-1.515377648160895,6.655715163548142e-11,0.0150910049681842,False,down
GPR146,4,0.9039822020832242,0.3234151148983205,0.0,0.8239068378368472,0.0,2.7951142678270617,0.0051881373691443,4,0,1.0,1.4099226642988547,0.2389530281945667,0.248959659071612,,0.7021138285370759,0.3752927740407328,1.0234161149473309,0.045010589477988,0.0314827896374049,False,up
TIMM8B,4,0.9033515199874456,0.2334697171330694,0.1359937949063155,12.624563114744063,76.23680144229039,3.869244932834555,0.000109172926323,4,0,1.0,0.2172598317184314,0.6303795751897264,0.0799179088375985,0.999899862550801,1.006348818439719,2.1817788693938893e-25,1.4157151796922796,2.1134879530562332e-16,0.001265957289486,False,up
COA7,4,0.9027151784620028,0.1436449885869568,0.0430832750573344,7.088052278763566,57.675255740025136,6.284348568941097,3.292312687024757e-10,4,0,1.0,0.6879457916828209,0.0063654318368831,0.294780818251973,0.999899862550801,0.8818524493823214,9.602287198166752e-20,1.235902964033159,1.9947411463207636e-14,1.3271155664602176e-08,False,up
KIF15,4,-0.902181633110756,0.2671226720352205,0.1987043302316188,11.75886825405012,74.48734065910887,-3.377405692437076,0.000731730400095,0,4,1.0,-0.4814272207659742,0.1051037499746582,-0.155467508566382,0.999899862550801,-1.2417526378219426,6.1539645385590085e-19,-1.4338939533958526,3.6551043437987775e-05,0.0063529208582613,False,down
SATB1,4,-0.9013845482044416,0.0810763630279576,0.0041360607697716,3.467283653466518,13.476937573288458,-11.11772302728499,1.0286375700606402e-28,0,4,1.0,-0.8779142122981732,0.0192091041210481,-0.4033469661502039,0.971302250255285,-0.9383276102474428,6.853066244550141e-25,-0.9634456439690986,7.057756341683613e-13,2.8299105349330793e-26,False,down
SKA1,4,-0.9008812331122208,0.2359625062017808,0.0939529390559538,5.268711917261093,43.06008665663521,-3.8178999181414097,0.0001345925009612,0,4,1.0,-1.1029612262161572,0.0015069775354665,-0.238481147844247,0.999899862550801,-0.7630694214565908,0.0020628372251669,-1.7451129782967905,0.0042232373697236,0.0015210919404704,False,down
NUP153-AS1,3,0.9008805127944778,0.2121401484209056,0.0,0.2635340959089874,0.0,4.246629030385365,2.1701082679301036e-05,3,0,1.0,0.9842145263018284,0.0024511231442206,,,0.7417952919787788,0.0957539377574598,0.9424002686346702,0.1240416358836223,0.0003148445146267,False,up
TIMM23B,3,0.8999155884008893,0.1685996617786893,0.0,0.0812559884647046,0.0,5.33758833740814,9.419101532779996e-08,3,0,1.0,0.99916381288496,0.0649365226149025,,,0.864328436950285,0.0002307712221269,0.9327726956358896,0.0106136663662822,2.34773505815351e-06,False,up
MYO5B,4,-0.8997191443966428,0.332578317277353,0.0599862445725233,3.258149535406697,7.923194825816175,-2.7052850341001755,0.0068245802945749,0,4,1.0,-1.0705298223561048,0.0010704053821533,-0.0673527769952593,0.999899862550801,-0.1745431617097095,0.8953009790516475,-3.9428536943584818,,0.0388722017865682,False,down
ENSG00000280486,3,-0.8985274244802292,0.2810041110382097,0.0524041499440127,2.541518663644863,21.30689305536147,-3.1975597124201904,0.0013859571355685,0,3,1.0,-1.3122199600796025,0.0004410984958525,,,-0.550643988112325,0.3147370962010422,-0.5119977926961089,0.4816748189240285,0.0108746989649653,False,down
RRM2,4,-0.8981689880403799,0.2398287877225506,0.1778342326222957,15.731661648686984,80.93017719936539,-3.745042438689385,0.0001803632847165,0,4,1.0,-0.6660740928751219,0.0006117646598784,-0.099984329485228,0.999899862550801,-1.0617496345578703,3.8215375919588954e-13,-1.5700825557738265,1.9837240773661556e-10,0.0019574041091358,False,down
FAM86B2,3,0.8972978855836812,0.3214288910730216,0.0,0.4712841070872835,0.0,2.7915906457202526,0.0052449664362649,3,0,1.0,0.4300644611488405,0.8014230182606755,,,1.053966917451591,0.0193145764758616,0.6480039345153764,0.394928152307098,0.0317656759206814,False,up
CARHSP1,4,-0.8970297061846495,0.1209999619244028,0.023215872934687,5.080070710113957,40.945703885040935,-7.413470978983341,1.230359761908065e-13,0,4,1.0,-0.767596705565072,0.0806406240273445,-0.579408411035209,0.442197418200016,-0.8628048769969567,9.699274320411451e-15,-1.1713801635262606,6.657725090814614e-13,8.515405031394529e-12,False,down
EIF2S1,4,0.8957123395038716,0.2294168176539329,0.1685865898130421,21.753022060546183,86.20881277254277,3.904301126062264,9.449806172991347e-05,4,0,1.0,0.1731592839494001,0.6481446507346013,0.634920477720685,0.566963469901214,1.0367360017678515,1.619818328602376e-28,1.480896268478712,5.049104891076468e-27,0.0011223852515448,True,up
ENSG00000273361,3,-0.8954680618087419,0.2975500626529707,0.0,0.0958029665711823,0.0,-3.0094702512400953,0.0026170370626645,0,3,1.0,-0.5941966389775486,0.6647703371971024,,,-0.8912484936197586,0.5080164690980346,-0.9265949131280812,0.0115944594682775,0.0181355065214684,False,down
ENSG00000259605,3,-0.8953486598407758,0.2726106369307275,0.0276073972818917,2.190666079800433,8.70356653433017,-3.284349686136021,0.0010221800800075,0,3,1.0,-0.6492353669983982,0.0412098668090329,,,-1.4089016975835968,0.0606239612153577,-1.5561681094379436,0.0666421187722005,0.0084385451541209,False,down
RIMS3,4,-0.8951314044138143,0.3239911681342309,0.3474608816555612,26.031531269125463,88.47551467877676,-2.762826559651643,0.0057303207221124,0,4,1.0,-1.304679299393328,2.461730183763973e-05,-0.720862301955777,0.894299995836389,-0.29976725230399,0.0219316595390609,-1.2809359285118975,4.811440630962581e-11,0.0339433543655102,False,down
RND2,4,-0.8950823519202648,0.2762569626286433,0.0676750540466362,3.7768968770466578,20.56971377132625,-3.240035448892826,0.0011951484047269,0,4,1.0,-1.4276966909093147,0.0005396126540157,-0.538459643491312,0.749114031532425,-0.3829359805616594,0.8164998751272075,-1.1353083485009183,0.3633478262140759,0.0096211362791623,False,down
PLK1,4,-0.8925134460807509,0.0983166014330521,0.0,2.74055490957123,0.0,-9.077952584523583,1.1063633904838772e-19,0,4,1.0,-1.082571371724724,0.0069168787215146,-0.774284466728177,0.615798929964177,-0.7599921278911013,8.28033863641749e-08,-1.097681568968748,2.1680557773856323e-09,1.5218719913224786e-17,False,down
CENPV,4,-0.8922634439298905,0.2098087945741301,0.082529286734542,5.711159789899703,47.47126485052024,-4.252745676085728,2.111653499583518e-05,0,4,1.0,-1.3365006898635314,4.861189501638709e-06,-0.184168334595907,0.999899862550801,-0.8987417466557582,0.0004385435324546,-0.8914044414972813,0.022633890273293,0.0003069708181792,False,down
DICER1,4,0.8914227688340999,0.233762466405853,0.1830490826374097,26.410764069371407,88.64099504232404,3.8133699671290784,0.000137084665529,4,0,1.0,1.9916243343332567,4.634900230986436e-09,0.850584505079187,0.0013929928837507,0.4193210855436742,3.273828953620485e-07,0.6477815609647569,0.000101508573149,0.0015464358808967,False,up
EYA3,4,0.8911406709713342,0.1686634245082248,0.0676478717803624,9.803657925208643,69.39917709403194,5.28354427505341,1.267082229528008e-07,4,0,1.0,0.9774407205314132,0.0001147430383664,0.187486111622342,0.999899862550801,0.7070694693026262,1.8196804493083213e-14,1.1936093026511152,1.6543044586880634e-15,3.095140154237728e-06,False,up
SAR1B,4,0.8908990535022232,0.3408301431336772,0.3931564145011864,33.5622411169277,91.06138356628723,2.6139092197394143,0.0089512816795458,4,0,1.0,2.311938200120138,9.542804796698765e-12,0.670290312986867,0.910977363146255,0.4440559640144115,9.809310889366795e-06,0.3129448452194016,0.1091760079885337,0.0482982982312146,False,up
DIPK1B,4,-0.8894391262681235,0.1996576198664544,0.1025017737140527,9.209432249380518,67.42470199287477,-4.454821843829679,8.396288733881004e-06,0,4,1.0,-1.4339992700140471,1.2183430177235512e-08,-0.1587149042801,0.999899862550801,-0.8557085631930599,3.6965323052503245e-10,-0.8679046444171237,0.0009714747047604,0.0001380089012277,False,down
ENSG00000255142,3,-0.8889366380921474,0.2710903911705091,0.0,0.2971408713319425,0.0,-3.279115258397441,0.0010413309585963,0,3,1.0,-0.598491160677185,0.8571546480315793,,,-0.7958745210558285,0.0346102486638995,-1.108511061031516,0.0491923913482754,0.0085645190836122,False,down
C1ORF54,3,-0.8877367299035989,0.27686476946984,0.1178365964083182,3.994961687727695,49.93694166970634,-3.2063910897854537,0.0013441117408067,0,3,1.0,-1.3689989107542628,0.0088007119618341,,,-0.5318558858469705,0.0117707548488181,-1.1401925023689043,0.0119958587331475,0.0106127872471626,False,down
YY2,4,0.8873634001379872,0.3330429880764123,0.1462541729609892,4.474655860362024,32.95573796914778,2.6644109977009736,0.0077123271679194,4,0,1.0,0.9159269578781276,0.1547886205516702,0.316469699742232,,0.4502387497551562,0.3772904184997933,1.7927016823924862,0.0027375728893896,0.0428097373615985,False,up
FKTN,4,0.88723521095264,0.092495346336317,0.0,2.5648071103093115,0.0,9.592214593441438,8.621428355169074e-22,4,0,1.0,0.5150259776354428,0.3068331409683527,0.474820700005534,0.999899862550801,0.889814414535284,2.0565125428975298e-13,1.0347888863093853,4.8321125098564324e-08,1.4055482716216014e-19,False,up
JAZF1,4,0.8868278256877559,0.1213561066078454,0.0203175066100599,4.676015780526411,35.84281703039356,7.307648955429028,2.718568904699513e-13,4,0,1.0,0.108093220533866,0.8832443155522215,0.343212405067225,,0.9135965631609724,3.1384223825471227e-27,1.0480388313244122,1.1271875957524528e-11,1.7754594369000466e-11,False,up
SNAPC4,4,0.8861052512076107,0.2371591818576644,0.1782276940126592,19.699125700377746,84.7708977259713,3.736331202809696,0.0001867246927068,4,0,1.0,1.980901317719482,4.279982354925873e-08,0.113983117098734,0.999899862550801,0.7783214887882349,2.382351877127432e-15,0.8856028941388417,1.249209581944144e-07,0.0020174883464827,False,up
SEMA3F,4,-0.8847084638494953,0.1550394055496682,0.0,1.4314799603695818,0.0,-5.706345820360303,1.1542736567447061e-08,0,4,1.0,-0.8412831926211204,0.0475832366489232,-0.247227270135758,0.999899862550801,-0.889198451246144,3.905810881834604e-05,-1.1244187596739226,0.0062820155878337,3.499229877588738e-07,False,down
NAAA,3,-0.8841755606178239,0.2599989005197985,0.1671841476470667,17.489025300920655,88.56425692348495,-3.4006896138797145,0.0006721610114597,0,3,1.0,-1.8860327714981504,5.6048010579596406e-08,,,-0.4932960268481068,1.923466246059575e-09,-0.6188605724706431,4.1280570302996205e-05,0.0059198046023283,False,down
MPP7,4,-0.8831146533927484,0.3190539904279401,0.2209075773937891,6.646566314306227,54.86391230998886,-2.7679160264011937,0.0056415989810424,0,4,1.0,-1.3286571521883128,0.0119025858689345,-0.158995222325727,0.999899862550801,-1.366880073353227,0.0007385943434648,-0.7334025085179096,0.2650288666369476,0.0335674376787681,False,down
C3ORF18,3,-0.8826865130843408,0.1520761351652684,0.0,0.8408767014310918,0.0,-5.80424083058846,6.465828651152728e-09,0,3,1.0,-0.3542944362941234,0.7125458524524586,,,-0.8530557395136997,3.2086461933521976e-05,-1.0173054443032492,0.0005105714693878,2.080503257064626e-07,False,down
HAUS4,4,-0.8811585436370685,0.1731726998152443,0.0505132746915939,5.441170014313235,44.86479944371579,-5.088322492963179,3.612446869157836e-07,0,4,1.0,-1.1252127485166408,0.0341359466943813,-0.364961934991815,0.999899862550801,-0.7218640979552964,1.339775620549943e-07,-1.2006008522212437,2.261303439576318e-08,8.079912921066547e-06,False,down
SP100,4,0.8804859245594046,0.2463168708190255,0.1767087813135385,24.839699805646227,87.92255935670333,3.5746066504974277,0.000350754818438,4,0,1.0,3.786083022009046,4.454182062641485e-06,0.169400134088246,0.999899862550801,0.8563233034165035,1.3489604453045776e-28,0.7902169658567814,1.1645494132566871e-08,0.0034524878349744,False,up
GCNT2,4,0.8800782640613845,0.1487499601260764,0.0,2.3348846699865113,0.0,5.916494117480463,3.2887622975899804e-09,4,0,1.0,0.8169751718314874,0.1682117858874005,0.296115194560895,0.999899862550801,0.7869416050617455,3.758609905543902e-05,1.3218123876831138,0.0003725894684226,1.123949835522638e-07,False,up
GPSM2,4,-0.8789636443578941,0.145928426805407,0.0,0.6398515375631302,0.0,-6.023251696737444,1.7094728476656096e-09,0,4,1.0,-0.9247319495362152,0.0073983320046512,-0.581334185496861,0.999899862550801,-0.936899316543586,3.848498622869764e-06,-0.7377312050178046,0.2172748499805195,6.117689090125595e-08,False,down
SLC25A22,4,0.8787221281608483,0.2068482463751579,0.110093682763002,11.112582223141242,73.00357432899176,4.248148792942249,2.155442243156684e-05,4,0,1.0,0.1756442396793793,0.6364488425136322,0.922241640802379,0.822619384345526,0.976146671232815,4.442444418792934e-22,1.27620956342459,4.9534562846440346e-12,0.0003129230100899,False,up
NOP56,4,0.8786335712644548,0.1464211133304729,0.046550797697577,8.578623023350362,65.02935270807183,6.000730026423005,1.9643235809125646e-09,4,0,1.0,0.674624060485165,0.1480227905141709,0.794887402760155,0.484918102929528,0.7325815498525459,1.4949625911122456e-24,1.1521538895877643,1.4416753257857329e-18,6.939453883194967e-08,False,up
NAA25,4,0.8752577996997342,0.2294809689980478,0.1846079200347274,27.510913516799924,89.09523670245262,3.81407575330214,0.0001366935372831,4,0,1.0,0.3066699304861094,0.1445748739186869,0.811786948423659,0.0177010769653448,0.8567880155711096,5.799672540663979e-17,1.4938391491102827,8.646801200373278e-23,0.001542814390803,False,up
NIP7,4,0.8744278628390858,0.1765374648573213,0.0728484619738813,9.080255753131588,66.96128301270188,4.953214115461576,7.299757471505279e-07,4,0,1.0,0.2759350746067364,0.6203521078445104,0.4962161971470119,0.93811818580616,0.9016497864069416,1.3568853900327268e-22,1.278683854520094,6.241847458716201e-15,1.5418460862798435e-05,False,up
ENSG00000230979,3,-0.8729582318114046,0.2190759051427611,0.0373522321018908,2.5163735081504743,20.520543014697648,-3.984729544960868,6.755702492143086e-05,0,3,1.0,-0.9852655995346148,0.1419067756781772,,,-0.6749625301646606,0.0011495497270492,-1.407831885191475,0.003263409941676,0.0008430933861451,False,down
COL6A1,4,-0.872431044369487,0.2342701426317212,0.1132654010135672,7.3497412010025,59.182236245395934,-3.724038558942492,0.000196060961042,0,4,1.0,-0.9680777643947402,0.0027631147465053,-0.298195064054148,,-0.4825330802145727,0.0229366269550114,-1.2503967640898197,1.0905811065400856e-07,0.0021049296056456,False,down
WDR43,4,0.8724059614277987,0.2897039457248756,0.2997799495016953,46.81092593999464,93.59123978054696,3.011370657189116,0.0026007117471057,4,0,1.0,0.0531622953724527,0.8168026247950212,1.02156583185609,0.145185869111528,0.9536776966814796,1.9756553659873383e-28,1.4707784583696657,8.531941573009026e-28,0.0180394153299876,False,up
RYBP,3,0.8721664486862395,0.2745163505349028,0.210405363301342,30.87337178191004,93.52192557998514,3.1771020086300816,0.0014875470389096,3,0,1.0,1.3587006846250962,2.3454197097341657e-18,,,0.4345397669025699,1.1399221683947642e-06,0.85367647106335,2.253736083767746e-09,0.0114689010977121,False,up
C16ORF72,3,0.8717505370279683,0.2478084051965465,0.1648360468699793,22.413336346049643,91.07674123512406,3.5178408752380648,0.0004350731669593,3,0,1.0,1.5246250423571586,5.83300792881963e-14,,,0.5491880422893769,1.5453686026319408e-12,0.6264184598992438,1.5479619403589395e-05,0.0041273816084518,False,up
MICAL3,3,0.8715263723478958,0.1033954909786293,0.0,0.8647304923644535,0.0,8.429055891112606,3.484651316660239e-17,3,0,1.0,1.0729017257361388,0.0001386640452674,,,0.8629432780814253,2.3969597627209582e-09,0.7727331808380817,0.0003008429828927,3.716518233997284e-15,False,up
MLH3,4,0.8714269999285632,0.3312979589458814,0.287167778921949,11.7894670949126,74.55355720620686,2.6303421931763658,0.0085298960848848,4,0,1.0,2.871748557518788,0.0053029132776859,0.443163214981308,0.999899862550801,0.3968614158088251,0.010708962632847,1.1852594066925104,0.0004266113461328,0.0464000204973384,False,up
SRRM5,4,-0.8713725995002823,0.2507974197844158,0.008359536181197,3.084239314323064,2.7312833323879993,-3.4744081508067746,0.0005119816108782,0,4,1.0,-1.21484865572714,0.0005450218808762,-0.9677806742844282,,-0.3219758133797377,0.7154628575296879,-0.2605155248921758,0.7343610357409573,0.004716702919137,False,down
ENSG00000279145,3,0.870611093740104,0.2689464769489859,0.0,1.5676241431814422,0.0,3.237116557973142,0.0012074408362759,3,0,1.0,1.3732260470937794,0.0143578552647503,,,0.7465978117774202,0.092045675975259,0.4679704329957371,0.5438792537836836,0.0096810802789065,False,up
ENSG00000260874,3,-0.8702099781134092,0.3047002729386113,0.0,0.7213892760588703,0.0,-2.8559540486159403,0.0042907722885926,0,3,1.0,-0.8909935503973775,0.0142402406303403,,,-2.1368940911964427,,-0.3437116818116408,0.8029623990014326,0.0269584948043491,False,down
CHST14,4,-0.8695236919080657,0.1223301089554446,0.0,1.942750409127364,0.0,-7.108010442668416,1.1772765445101029e-12,0,4,1.0,-0.3219923547463132,0.6263798461531774,-0.923700524516281,,-0.8158989560689219,7.24287225220705e-06,-1.0353615191341254,4.507974882840136e-06,6.93839156569097e-11,False,down
MAPK3,4,-0.8688715847510834,0.209405198241502,0.1378723542446633,19.436263710075348,84.56493467700346,-4.1492359886359385,3.335867763653351e-05,0,4,1.0,-1.4062191299955489,1.0056953678896585e-07,-0.32485512040659,0.999899862550801,-0.6013122617398102,7.786869534975675e-12,-1.1154493655403357,2.7544992314737703e-15,0.000456870650966,False,down
MANF,4,0.8663194840386343,0.2210013064909505,0.1172515672999508,10.352125191577912,71.02044319903817,3.919974491526855,8.855834154339e-05,4,0,1.0,1.594427625428979,0.0033324506683101,0.0665911366320791,0.999899862550801,0.684986140674059,1.923984602253441e-12,1.1466253125796466,1.5680798853836007e-09,0.0010615907075318,False,up
NUCB1,4,-0.8625339751189629,0.3148098381642485,0.3422646058725038,43.880861070206954,93.16330644651624,-2.73985711548489,0.0061465899399913,0,4,1.0,-2.513015247186229,3.397251141473203e-12,-0.506624348424264,0.89548590742836,-0.241314439725663,0.0019593424952269,-0.4999883316289434,0.00045225502267,0.0358362813864616,False,down
ALG2,4,0.8621775338469887,0.1468563063454201,0.0489973304964156,8.148474437481282,63.18329249214275,5.870892134649393,4.334562321045746e-09,4,0,1.0,1.5544042528363355,8.36073638389083e-07,0.452447440323812,0.960832380776417,0.7552894375743391,1.570940519983284e-17,0.8305281980516157,3.1767972465550114e-08,1.4410782798171578e-07,False,up
KDM4A-AS1,3,-0.8616545287099101,0.2214838195234379,0.0,1.981593343093717,0.0,-3.890372355704872,0.0001000905163512,0,3,1.0,-1.1289233365756184,0.0004400632679799,,,-0.5850414503055644,0.3075913468197755,-0.4189655287593457,0.5113391373214974,0.0011773875865176,False,down
MINAR1,3,0.8607223492811986,0.2275102764321449,0.007015501944333,2.086780958903504,4.158604118618311,3.7832240493888607,0.0001548099427016,3,0,1.0,1.4079976420036473,0.0038979707662128,,,0.6758120124754536,0.0543528661420394,0.6611155025062002,0.2537700482838995,0.0017197178529473,False,up
P3H4,4,-0.8605583577371256,0.3192114186003442,0.3208336670528358,15.23245103583041,80.30520503270763,-2.695888391181122,0.0070201183997655,0,4,1.0,-1.863527544148982,4.093624854171197e-06,-0.200111891476368,0.999899862550801,-0.4507495465137957,0.0451892607053947,-1.059444188044463,0.0003442777782099,0.039739142453817,False,down
TMEM262,3,-0.8593661892782555,0.3032810260699491,0.0,0.949427465478944,0.0,-2.833563973369208,0.004603209319062,0,3,1.0,-0.9942422345658412,0.0141908243236626,,,-0.2352158503231344,0.8224515054103473,-1.028319601508542,0.3488516457709064,0.0285145043352761,False,down
CUTA,4,-0.8572250368738953,0.2698331612309045,0.1869809917285777,15.376521107869712,80.48973510357555,-3.176870600201513,0.0014887344458843,0,4,1.0,-2.9143357850980203,7.958137593559524e-05,-0.24996936730307,0.999899862550801,-0.5177637087306344,1.6470297166068969e-07,-0.8624127256202118,8.431455557209891e-07,0.0114725337603183,False,down
BHLHE40,4,-0.8572089640207745,0.3088307935425604,0.2705201588962647,23.99368092104946,87.49670794626545,-2.77565897554397,0.0055089959035688,0,4,1.0,-0.0803293558036675,0.9205714377462112,-0.0571901946883041,0.999899862550801,-0.9012732946618572,2.811906123292242e-18,-1.6053582832811228,3.7950834325061515e-29,0.0329745691709671,False,down
NUP58,4,0.8561665740472237,0.141609140623536,0.0579512182491522,12.323681008258898,75.65662403960711,6.04598382757875,1.4850099284056136e-09,4,0,1.0,0.9817523145767816,1.31924965654383e-07,0.464872305765485,0.582033060363171,0.7312461167574473,1.3952018483356458e-19,1.1818815126764866,7.575332700401878e-18,5.4291666967241124e-08,False,up
MBNL1,4,0.855749688320301,0.1193791844492805,0.0253519210159027,5.807312043525341,48.34098843810632,7.168332505101629,7.59167388024902e-13,4,0,1.0,1.3297293952780966,7.595771734636172e-05,0.551485742052907,0.861513717287501,0.9324486185841804,1.641947919259367e-31,0.6744774803873498,4.009147012808691e-06,4.6283975188476645e-11,False,up
DNAJC4,4,-0.8555419541680898,0.1953455571577748,0.095723960889874,11.604715541109869,74.14844000809448,-4.379633540767419,1.1887905338869654e-05,0,4,1.0,-1.718388434431796,0.0030414875126616,-0.150822239060001,0.999899862550801,-0.7849089637206556,3.402694947933024e-17,-1.1033804395920894,4.0634621116744123e-13,0.0001867529683106,False,down
MXI1,4,-0.8552919081685125,0.1837653469090626,0.0889436872537158,11.708816752481392,74.3782820807728,-4.654261113722158,3.251445536137334e-06,0,4,1.0,-1.2084484544456908,0.0002259180992806,-0.6140671455331511,0.853610451336367,-1.0627608240105586,2.0090527862496553e-30,-0.5270434495468149,0.0007508427218105,5.9833666224788114e-05,False,down
NUTM2A-AS1,3,0.8545692818493978,0.3156169371839133,0.2483079626252451,18.877170914090485,89.40519207511576,2.7076154070636305,0.0067768504304541,3,0,1.0,2.132261671690935,3.295318196520867e-07,,,0.5525245641148323,4.643951687405813e-09,0.2995033253969306,0.119427777104905,0.0386603683576633,False,up
ASB1,4,0.8543577461793107,0.1347356064641688,0.0275165626655176,5.168917560366686,41.96076905921521,6.340994549250912,2.2828661864206242e-10,4,0,1.0,1.5441305249035104,0.0113785880057415,0.138296742107272,0.999899862550801,0.7876424689533102,2.1820553762989236e-15,0.9808212736130656,8.527901732023307e-11,9.497845349136397e-09,False,up
FOXF2,4,0.8543326520117976,0.3229259959806016,0.2102669526609791,6.451462725710195,53.49891757035997,2.6455988760443985,0.0081546451075534,4,0,1.0,0.43767620501159,0.2349512977704116,0.0160124362643024,,1.259868574137378,0.0001788830885771,1.629170729286865,0.0249407473696602,0.0447570035342006,False,up
NLRC5,4,-0.8537094861161593,0.1504132498878558,0.0372880857095763,5.655160751854324,46.951110116254405,-5.675759859936958,1.3807436363660289e-08,0,4,1.0,-0.1933801045468791,0.7427502717646942,-0.0504051449002172,,-0.9820607583332795,2.1241885630811644e-16,-1.0018670479035972,2.383494843816582e-11,4.08451434042741e-07,False,down
ENSG00000277879,3,0.8512119552877491,0.2689862809116319,0.0148268290251297,2.1172473525405175,5.53772578342491,3.164518102569667,0.0015533999846345,3,0,1.0,1.89936267609838,0.0379488916098936,,,0.8090337892075753,0.0266813337509532,0.5324107281113019,0.3898309441608705,0.0118752276004939,False,up
BRIX1,4,0.8508590417372361,0.1494489552092551,0.0426145107157199,6.090332966431203,50.7416094237302,5.693308732375427,1.2460078417819514e-08,4,0,1.0,1.1904089432035465,0.0018635317543692,0.889980158592362,0.295410062981839,0.60225880851355,5.3726286148128545e-08,1.0214949280095755,5.7418195206037295e-08,3.726003612741708e-07,False,up
RBM12,4,0.8504634235092844,0.2164770190169868,0.1536048559424302,25.693870494575563,88.32406351299484,3.928654539734534,8.542244846751463e-05,4,0,1.0,1.8288162250348103,1.5106987244367244e-07,0.160198680722585,0.999899862550801,0.6882333826224052,3.883304725076969e-21,1.0071578185760397,1.2683056495653762e-13,0.0010296071568025,False,up
C14ORF93,3,-0.8500700010218063,0.2896119398893734,0.1812152585576507,7.501797840218977,73.33972412216296,-2.9352035739497406,0.003333289232181,0,3,1.0,-0.0729217833677193,0.8914582317776396,,,-1.042927247752074,8.436934079941196e-09,-1.2508294164619926,1.2646029752239488e-05,0.0219647792548121,False,down
TEX15,3,-0.8498311447403086,0.3059660115725501,0.0330151176642222,2.2015818772248505,9.1562289511099,-2.777534473102082,0.0054773029550011,0,3,1.0,-0.5821729844215812,0.135919324993008,,,-1.606594699901453,0.0188340756123387,-0.8151267109995014,0.4646887824332424,0.0328382890414165,False,down
PTS,4,0.8497430782402555,0.1220805442891694,0.0,1.4264691600330326,0.0,6.960511875073955,3.390385801994921e-12,4,0,1.0,0.5202700968087657,0.4460151046977934,0.127035228767317,,0.8573878749904439,1.709611045343927e-07,0.9468667984727972,7.123735713467915e-05,1.8515881170249679e-10,False,up
MTRF1L,4,0.8492994750387446,0.1723297241436728,0.0679670868312825,8.236075618538347,63.57488518867669,4.9283400136512485,8.293120240413005e-07,4,0,1.0,1.2681350841178292,1.2852327274248384e-08,0.1214700226769509,0.999899862550801,0.6571059033279587,7.348810890733907e-08,0.8959916752662053,4.4391392535136225e-06,1.733364514446817e-05,False,up
AGO2,4,0.8488063894436545,0.096592566198558,0.0117132337082107,4.385738720453817,31.596472311292334,8.787491862456859,1.5293595559420453e-18,4,0,1.0,0.878799986248707,0.0088479342562174,0.579618714578265,0.444290313230123,0.7681911431960706,1.0497346846370664e-12,1.0386078673372547,7.782050733943266e-17,1.8699819148182483e-16,False,up
AGFG1,4,0.8483537531926784,0.2476714911987036,0.2016427096964257,28.062856527988835,89.30971265520347,3.4253185503375323,0.0006140789630932,4,0,1.0,1.6582189396002278,1.0541646984287206e-17,0.452124429888423,0.999899862550801,0.716033357398515,1.1749046915667276e-27,0.4661169137820891,0.0094338067151377,0.0054917772851359,False,up
AMMECR1,4,0.8474778590272923,0.1605127359091124,0.0456393309352704,5.6897155531545085,47.27328682825399,5.279816920615959,1.293130297911173e-07,4,0,1.0,1.1376234973430597,0.0017632205216405,0.215319986833802,0.999899862550801,0.6845558462418818,1.0966659084579053e-08,1.094051029758124,9.467473234975377e-08,3.149229783058659e-06,False,up
DNAJB6P1,3,0.8467854220383046,0.2697839779347968,0.0765718700656112,3.0354739031915687,34.11242976270846,3.1387535632044146,0.0016966807168439,3,0,1.0,1.3844053757508692,0.0070620420982797,,,0.4829458433384438,0.1514922930018417,0.9743154942031264,0.0474883734940659,0.0127622166428638,False,up
C16ORF91,3,0.8457293062335542,0.104041575233857,0.0,1.7140427815489945,0.0,8.128762990492845,4.3369333783851815e-16,3,0,1.0,0.4221865513289464,0.3639990305379009,,,0.8432547416214067,1.364423912100856e-10,0.9884087400805236,1.5792682880204722e-05,4.027492266872551e-14,False,up
HSPBAP1,4,-0.8453283646311555,0.1443640780595024,0.0242640842369838,4.138610013167299,27.51189432067109,-5.855531209659629,4.7548771404235794e-09,0,4,1.0,-0.4874069528159633,0.4014930291506322,-0.208465444600837,,-0.9347677671450776,1.2293950793828944e-12,-1.037367234542922,1.185606413054639e-05,1.576055587102147e-07,False,down
ACSS2,4,-0.8446614809482106,0.1751515792175932,0.0789551307379564,9.58016917235942,68.68531289973917,-4.822459978501684,1.4179848674536531e-06,0,4,1.0,-0.8790341316933288,0.0162396576348848,-0.466760131403651,0.770085759920626,-0.7153666893568902,1.5347301137635707e-11,-1.2767432620305752,7.723365864907622e-12,2.8294133225555263e-05,False,down
MAP3K14,4,0.8443558015774848,0.2166884025793244,0.1186718930365046,12.436176815158976,75.87683060003478,3.8966358675720367,9.75380988058248e-05,4,0,1.0,1.796215443305173,0.0154348067405301,0.334361948739129,0.999899862550801,1.1081017705690468,5.867374600243465e-34,0.6408762298778051,0.0002193675608903,0.0011541483960308,False,up
CYP27B1,4,0.8442971067127145,0.2375149347456676,0.0,0.2845821620834687,0.0,3.5547116547293864,0.0003783938173315,4,0,1.0,1.0577046841821325,0.1159215886498701,0.695951758705701,,0.8995200389783816,0.0438615958671503,0.7331347651337394,0.1623212638747029,0.0036784759388917,False,up
IGFBP4,4,-0.8441263590217374,0.2707291139387425,0.1044044594592243,4.447317284740697,32.5436030774468,-3.117974076525573,0.0018209881985785,0,4,1.0,-2.7821504472263485,0.0110249085066015,-0.455329838643751,,-0.7096203586448105,6.931135626456147e-10,-0.7127961780507065,0.1437593777404185,0.0135261995486042,False,down
TIPIN,4,0.8438759754947422,0.1782951060490812,0.0679284301828894,6.5085907821810665,53.90707296864833,4.733029381425866,2.211934554926569e-06,4,0,1.0,0.91005220286005,0.0004950721144535,0.9891070760123258,0.0442634429291097,0.4371729410159179,0.0409529099995742,1.2023041774240049,7.966370058977533e-05,4.233258053859031e-05,False,up
SNPH,4,-0.8435501445808609,0.2104507979255095,0.0,2.522214838138048,0.0,-4.008301003826277,6.115714040038253e-05,0,4,1.0,-1.564490839840916,0.01847233708648,-0.800306896848967,0.880567188358822,-0.8671019266198665,0.0097566221941781,-0.3665135191798941,0.5470911831189978,0.000774903571141,False,down
EIF1AD,4,0.8435337098054513,0.23847981854392,0.1713080335822027,20.343652375737584,85.25338545610481,3.537128277586728,0.0004045031489943,4,0,1.0,1.774602850976282,3.732753473093515e-09,0.0286629101066995,0.999899862550801,0.5694367251968758,5.829412568152021e-10,0.8568089002389547,3.67071316523742e-09,0.0038961530880594,True,up
PHETA1,4,-0.8404658386669908,0.2389115918070447,0.1365213180559508,9.166021376683462,67.27042326530676,-3.517894767307009,0.0004349848219025,0,4,1.0,-1.7844173237396366,0.0022468046505062,-0.534416543196701,0.999899862550801,-0.5016498111669668,1.102563377114171e-05,-1.0267110490727085,4.012236034395721e-05,0.0041273816084518,False,down
EIF4B,4,-0.8402821145945343,0.2446985302527614,0.1973524666107008,33.1562599146439,90.951934845115,-3.4339483515759763,0.0005948575294548,0,4,1.0,-2.0729162729545703,8.344665391484628e-13,-0.362819681484079,0.999899862550801,-0.4647667172324102,9.472171649344344e-12,-0.6136411850762195,3.0868479910986597e-07,0.0053525017848617,True,down
CCT6A,4,0.8397298040298916,0.2500732410018937,0.2166670776261208,35.826230730930426,91.62624719711314,3.3579354618894737,0.0007852694538157,4,0,1.0,0.21490940289069,0.4436124648502749,0.354298827758364,0.999899862550801,1.0581727937172412,1.781844529268275e-53,1.538067497665834,3.983502452714506e-34,0.006764381764787,False,up
GLCCI1,4,-0.839437755436751,0.1477892828672114,0.0,1.6939403369085682,0.0,-5.679963656031711,1.347233657519508e-08,0,4,1.0,-0.8542292772934019,0.0049924788220402,-0.434296116742042,0.999899862550801,-1.0135335080714158,3.062205112553979e-05,-0.6389207708232213,0.1139641834435039,3.996127435087177e-07,False,down
FUBP1,4,0.8393293213100577,0.2876540976654122,0.2794280006839729,36.11721541779243,91.6937118066912,2.9178423951614696,0.0035246244858522,4,0,1.0,2.1267890148990984,7.144962264745445e-14,0.432579777638049,0.999899862550801,0.5150687659841952,7.883965260290557e-13,0.377006311020291,0.0141344297959935,0.0230120024648834,False,up
HEXIM2,4,-0.8390992814137278,0.2761909442697187,0.119574133309427,4.97072224406154,39.64659756267688,-3.0381129389756234,0.0023806471430294,0,4,1.0,-0.1854478570170039,0.7449688795295782,-0.707904293232635,,-1.2491200497322106,1.643339982534295e-05,-1.17245098456696,0.1743390901532555,0.0167719791840384,False,down
MAPRE3,4,0.8380198867371985,0.1186315175197785,0.0,1.9785406890748625,0.0,7.0640577163440685,1.6170952651051556e-12,4,0,1.0,1.08103433496228,0.0005876586854869,0.420276253078702,0.999899862550801,0.8608482773346947,1.7747926523729577e-06,0.7884183107718616,0.0030198275033448,9.268398356692544e-11,False,up
ENSG00000286223,3,0.8377458217698215,0.3168687564133704,0.0,0.5193688987842641,0.0,2.6438258894699675,0.0081974810862222,3,0,1.0,0.908303257473854,0.0446681508786633,,,0.3567113988585648,0.7413982706237068,1.0476538433225746,0.2346037581718535,0.0449248907436915,False,up
NAGS,3,0.8368817740176224,0.1961981913650235,0.0,0.5096800717893922,0.0,4.265491787641495,1.994623512920991e-05,3,0,1.0,0.3854662484476026,0.6878673895676244,,,0.911768075828038,0.0007546783462247,0.7962204555542375,0.0543043510065989,0.0002930551995719,False,up
GGH,4,-0.8364928068723206,0.1802959920840988,0.0509120929948138,5.083599008039609,40.98669082168833,-4.639552977318207,3.491636217915693e-06,0,4,1.0,-1.450946186953525,4.8173820873506675e-05,-1.05008070416486,,-0.6706086404106288,1.0049953352612997e-07,-0.6825086971185874,0.0146649973628944,6.356279695625019e-05,False,down
TMTC2,4,-0.8362254736290216,0.2577935465893404,0.1315547900134048,6.056722122919608,50.46825759683578,-3.2437797015962966,0.0011795493679042,0,4,1.0,-0.0448283652934714,0.9476627297373847,-0.598794999251186,,-1.0231362963308348,0.0001238677699941,-1.3447161433731212,0.0002397443605639,0.0095263258474127,False,down
CHUK,4,0.8360469415250524,0.1821378186643218,0.0901645129854087,11.31046145958671,73.4758832721435,4.590188614621977,4.42845652417629e-06,4,0,1.0,1.501134897722611,4.200717978598725e-08,0.4595139676145139,0.977556066663073,0.6187208332751302,1.763013041648755e-09,0.8142038464145294,1.7912046461889394e-06,7.822303341941891e-05,False,up
KLRG1,3,-0.8338917223189153,0.3077535104156917,0.0,0.6003520787670692,0.0,-2.7096091322973153,0.0067362540209197,0,3,1.0,-1.091587838401689,0.1690803773950636,,,-0.9208748618742169,0.0602053180829209,-0.4461375045258599,0.5701414550305917,0.0385186320463557,False,down
VAV3,4,-0.83345689170552,0.3070578816021486,0.2606576367885066,17.695473033448305,83.04651141944979,-2.7143315369622085,0.0066409667325754,0,4,1.0,-0.4555365700945541,0.6056741415977106,-1.17595333853664,0.388582497796445,-0.4041680712487148,0.0001631717848769,-1.2466438903764268,1.3041510500974055e-10,0.038072684766151,False,down
FANK1,3,-0.8314908408732413,0.3174716992021591,0.0,0.883351141318606,0.0,-2.6191022474219534,0.008816151816583,0,3,1.0,,,-0.25560541652488,,-1.0693946666780316,0.0253078884854665,-0.6399008033273769,0.3821826133306976,0.047650954157951,False,down
BTBD2,4,-0.8314287869501134,0.178371820776863,0.0794392386423448,10.649898643608577,71.83071782753146,-4.661211526175998,3.1435344026560297e-06,0,4,1.0,-1.8490807459704943,7.19362798258384e-06,-0.405483804278073,0.999899862550801,-0.6622715124103405,3.1811462001902114e-17,-0.8095440777267844,4.6738860841303114e-07,5.8188434539997104e-05,False,down
LTV1,4,0.8311180202186866,0.1373255037475504,0.025323765974038,4.498496359690796,33.31104973471169,6.052175288186495,1.4290284661564232e-09,4,0,1.0,0.7512262542162669,0.085085527879007,0.7278593804323841,0.999899862550801,0.6783130519545939,6.535287516223841e-10,1.132838976686231,1.010977885379456e-08,5.2419145852727865e-08,False,up
ADGRL1-AS1,3,-0.830876430860504,0.2572066551536484,0.1212418851848784,5.560068591328056,64.02922073444624,-3.230384650677723,0.0012362377668427,0,3,1.0,-0.4181489252841354,0.4850885915538617,,,-0.6297462121221158,0.0018398355692683,-1.2671587973300873,2.102649948788689e-07,0.0098724082040794,False,down
AHSA1,4,0.8308194365994679,0.2778574551949878,0.2524299687911218,29.556458891879664,89.84993428687014,2.9900922975647215,0.0027889316170283,4,0,1.0,0.3543142904465731,0.4886032841102911,0.0129202601540512,0.999899862550801,1.043906186013239,1.9180639222409073e-50,1.5925899731181308,1.268394857172937e-25,0.01903895656302,False,up
PPFIBP2,4,-0.8294761800705521,0.2966504668271472,0.2225945863859565,18.931199466824353,84.15314356991856,-2.7961398104047905,0.0051717022448355,0,4,1.0,-2.2574214031208575,3.142509879988278e-07,-0.0754529115805583,,-0.4585328770061966,3.696736490374741e-07,-0.4055941895141793,0.0248529504519687,0.0314344089220063,False,down
IPPK,4,0.8287654136808142,0.1111323656491078,0.0,2.6736049046341184,0.0,7.457462178908162,8.820487039133997e-14,4,0,1.0,1.1793024751814487,1.8752721453415956e-05,0.537622552961288,0.977556066663073,0.7760332868268288,1.1095755102871536e-05,0.7593265688346277,0.0010912353160737,6.344120890336605e-12,False,up
C8ORF44,3,-0.8283542752578282,0.142984684836788,0.0,0.9716949695200592,0.0,-5.793307697277967,6.901349828342347e-09,0,3,1.0,-0.5316845794341497,0.5152950493340104,,,-0.767179465332086,3.095057225298666e-05,-1.0515733542326788,0.0006570406261247,2.1981448389578397e-07,False,down
LRFN1,4,-0.8275546868107175,0.1055650156660207,0.0,1.999864763390804,0.0,-7.839289196232186,4.5310392632405e-15,0,4,1.0,-0.9382637858233142,0.0229983879387604,-0.3946104398884109,,-0.7518887295310949,4.6017568212269994e-08,-1.0539433098478246,6.4826557055019555e-06,3.8355247363330833e-13,False,down
LCOR,4,0.8275056875953,0.2728146827658431,0.2676922156954011,34.726476039144586,91.3610583561133,3.033215365118557,0.0024196285062639,4,0,1.0,1.8144244394551752,7.472184441418276e-13,0.168506930005283,0.999899862550801,0.524441323482595,9.917543005696084e-06,0.8984430628677211,9.265004072649745e-09,0.017008496900148,False,up
LMTK3,4,-0.8267216130329579,0.2362368795895565,0.0857389192702242,4.882829778704877,38.560217415653575,-3.499545094183954,0.0004660527673195,0,4,1.0,-0.9867669146083232,0.1019727022518618,-0.618741496737061,0.944721786944811,-0.4717951091449306,0.1156700036801321,-1.416677970428177,0.0003324231470595,0.0043704113148424,False,down
CEP70,4,-0.8266352647068537,0.2662694890397191,0.1541006287319465,6.720819280033696,55.36258490222402,-3.1045061440875243,0.001905969691058,0,4,1.0,-0.3684439940068351,0.4420309451212736,-0.258854829156915,0.999899862550801,-1.0618767188813851,9.64636756018278e-06,-1.5190654660753946,0.0013177801264783,0.0140578039311317,False,down
ENSG00000287562,3,0.8266033772632752,0.2509401189859478,0.0079462809685307,2.087128079024456,4.174543953487545,3.2940264020101284,0.0009876322129009,3,0,1.0,1.4026923232904982,0.007343306695798,,,0.5713302591437807,0.2610288159598551,0.6447667088938791,0.1808039048833939,0.0081963791002023,False,up
CCNA2,4,-0.8258018718275401,0.1965596044861195,0.0930834416497209,8.460136866399301,64.53958077303751,-4.201279677920067,2.6541046462462376e-05,0,4,1.0,-0.5231833512145659,0.0507546792577129,-0.0916817674341832,0.999899862550801,-1.0530175843887932,3.707633132982205e-16,-1.1857705724136678,4.12442622443576e-06,0.0003744499305079,False,down
FOXN3,4,-0.8257036253002382,0.2887563107580465,0.2439190309621583,26.139390328059363,88.52306820339399,-2.8595171587162587,0.0042428646426667,0,4,1.0,-1.4003525445079537,9.976972042910646e-06,-0.566610961494099,0.999899862550801,-0.3173823255105849,0.0001357786200009,-0.9845568004701856,1.0360894451849847e-10,0.0267032336060771,False,down
MAPK1IP1L,4,0.8250850442515077,0.2148905030684983,0.1542494538704444,25.87875317119573,88.4074785977744,3.8395602991748055,0.0001232548555949,4,0,1.0,1.6290557484936736,1.9376622746899556e-10,0.283520748410426,0.999899862550801,0.5407131844429295,1.2894963224202699e-12,0.9249113365014526,1.1488062130086788e-12,0.0014092031775525,False,up
CBX4,4,-0.8233529758533099,0.2085961412163758,0.1327061205669746,14.717784723537962,79.6164976159616,-3.94711508588862,7.909854077598666e-05,0,4,1.0,-1.249295092364041,1.2771308806269674e-05,-0.520718433299844,0.680569674538557,-0.4830759259072765,8.067315513758092e-06,-1.119083065486871,3.6570915504607304e-09,0.0009655461918683,False,down
HOMER3,4,-0.8231472990213263,0.1911503957006469,0.0593254389593471,5.442057778367476,44.87379366082459,-4.306280905169691,1.6602220654116968e-05,0,4,1.0,-0.0510518336743691,0.9580381318897576,-0.48087457035605,0.999899862550801,-0.7312079774120718,3.1729827095528866e-11,-1.2035994946039716,2.027657230097576e-07,0.0002494186173218,False,down
TPX2,4,-0.822899579068558,0.0919717374111849,0.0,0.310983846508519,0.0,-8.947309273821357,3.64252607451274e-19,0,4,1.0,-0.785888391045737,0.0117303731693684,-0.627309801673422,0.932913459381682,-0.8527250767368098,5.293556650725055e-12,-0.8049718045916369,6.793644181897898e-05,4.6882079750848475e-17,False,down
ENSG00000287299,3,0.8227116970561892,0.2373627038359966,0.0,0.766655232487829,0.0,3.466052938226696,0.0005281592766478,3,0,1.0,0.950833661381684,0.0020979663630397,,,0.5571403955766192,0.4310144130886096,0.3869435645363744,0.7089291830845357,0.004851526510744,False,up
HIPK3,4,0.8226599527112719,0.1639287702880167,0.0676492005591117,9.957053717481108,69.87060545095737,5.018398852537532,5.210391411518718e-07,4,0,1.0,1.4711727600196614,1.024723484443178e-06,0.151641155961161,0.999899862550801,0.8424368606184784,1.5565832439881118e-25,0.7484698318738165,4.28390563048443e-06,1.134573384700753e-05,False,up
MECOM,3,-0.8222061821542598,0.2690564400933392,0.0,1.6371573351528246,0.0,-3.055887388791087,0.0022439551734837,0,3,1.0,-1.2589716564291598,0.0093073141609143,-0.550056704991577,0.932756417754424,-0.5570663252825485,0.6926449616117029,,,0.0160608811099848,False,down
SMARCD3,4,-0.8219289449934153,0.2074630458094886,0.0660268721946906,4.804526727078908,37.55888622511707,-3.961808917758708,7.438406112921413e-05,0,4,1.0,-0.3060928823159408,0.5545819667643254,-0.298482938332491,0.999899862550801,-1.0424021129666303,8.510029281931574e-10,-1.1400938996219327,0.0064545907923517,0.000914591509158,False,down
NRL,3,-0.8197121314123709,0.3081255592969255,0.0666462121129895,2.5711040429804997,22.212404999311463,-2.6603185184727067,0.0078066785648089,0,3,1.0,-1.4516184289383327,0.0429112993203973,,,-0.9263069517433108,0.0207027542785384,-0.2121796272297004,0.7559227605895028,0.0432244499453784,False,down
NXN,4,-0.8191135601303587,0.2761004849389697,0.2103087542218657,16.825569904903475,82.16999473446835,-2.9667226419809394,0.0030099234855963,0,4,1.0,-1.5862688456886942,2.79402724941737e-10,-0.41870504682554,0.999899862550801,-0.5972792414419826,4.20147301973665e-06,-0.4369246501412484,0.0402185546916518,0.0202276048838135,False,down
PPFIBP1,4,-0.8183852920424431,0.2572284165708633,0.2093250690587985,16.57653439921694,81.90212786490693,-3.181550868105538,0.0014648879532938,0,4,1.0,-0.6219190428399921,0.0455156829924933,-0.0524261107604275,0.999899862550801,-0.9092544561019386,3.559792505278273e-12,-1.518806973555411,7.799579215286609e-12,0.011334797850801,False,down
CHFR,4,0.8174133585254246,0.1153290705245151,0.0200231594320654,5.111748364894576,41.31166509285182,7.087661027768969,1.36397554432626e-12,4,0,1.0,0.7337644256845306,0.252295595272248,0.12608297651947,0.999899862550801,0.7999524233277941,1.2386599927152646e-24,0.9975682576464951,8.924454604387655e-14,7.962795160497785e-11,False,up
OLFML2A,4,-0.8165189972127717,0.2612350325213891,0.0,0.3564923102768778,0.0,-3.1256106400887007,0.0017743630940761,0,4,1.0,-0.7427832398134792,0.0772465240126936,-0.365320082813704,,-1.005467169301378,0.04917557562192,-0.7143552692249986,0.4971442583896688,0.0132379516398378,False,down
SNX33,4,-0.8162235705782249,0.1439211754964193,0.0410165229526565,6.47917632030621,53.69781818411421,-5.671323679527144,1.4169838942623461e-08,0,4,1.0,-0.2398737335584299,0.6623578580286312,-0.564696349064414,0.613136546258528,-0.8310832482651562,2.599518707380129e-15,-1.1309137709423964,1.3893820604802887e-11,4.1804823765174227e-07,False,down
PNPLA2,4,-0.8158411911575171,0.2274910031870299,0.1499202136992143,16.766483716649823,82.10716062652497,-3.586256949628816,0.0003354584309656,0,4,1.0,-1.801793919955576,1.7187664188978846e-07,-0.446048658902505,0.999899862550801,-0.4748393676598327,5.174781783813302e-07,-0.7222306085366947,4.049326712868483e-06,0.0033242253971734,False,down
R3HDM2,4,-0.8149835260651463,0.2032542806902635,0.112957259317327,13.337065845354338,77.50629685130495,-4.009674597245451,6.0802480594249826e-05,0,4,1.0,-1.257518080727585,0.002837616080718,-0.229234649888975,0.999899862550801,-0.6374109395237187,1.9165746418506924e-14,-1.160451247305003,9.676084148749293e-13,0.0007721879950368,False,down
SEC24A,4,0.8138981329595355,0.1475398603681017,0.0590729124461121,10.01586964898132,70.04753351292746,5.516462676112854,3.4589090645235026e-08,4,0,1.0,0.609630959475835,0.0108974920716755,0.514783467090072,0.367339714929397,0.8107376462103342,9.603956376791458e-16,1.2386158368083906,1.3978530487689262e-13,9.492160798141864e-07,False,up
HIP1R,4,-0.8110121311900875,0.1672718753765766,0.0327938036944039,4.141993155499212,27.571101946004394,-4.848466781186426,1.244193603162595e-06,0,4,1.0,-0.8224630746619576,0.0300598825885769,-0.488955000274108,0.999899862550801,-1.0225922200964728,6.224316247889714e-12,-0.3968916022922802,0.2458175519593091,2.5099410643451468e-05,False,down
PSMD11,4,0.8107350409534979,0.1931853296791392,0.1248122994538105,23.086350831692545,87.00530879968413,4.196669810797975,2.7086838769012817e-05,4,0,1.0,0.844471830140466,2.605174819803028e-05,0.062633491141063,0.999899862550801,0.9146234904203008,1.176391635890756e-33,1.2803308867104763,1.3509469037390629e-21,0.0003806859734784,False,up
C12ORF29,3,0.8097131574366302,0.2308133356492327,0.1041609785282123,6.438136593304343,68.93511078842288,3.508086546035418,0.000451342193329,3,0,1.0,0.1143053304558394,0.8466340156266373,,,0.7902477580092924,2.9265401282855835e-09,1.2100943196679144,3.781752860237107e-08,0.0042551207240534,False,up
SIGLEC9,3,0.8093738411520268,0.2576675027593471,0.1231758048177955,12.875054161018568,84.46608476370264,3.14115607317371,0.0016828232814755,3,0,1.0,,,0.843925406164672,,0.545427637711452,5.152657727373166e-09,1.0863370828425276,6.626161666391059e-18,0.0126882251563407,False,up
RABGGTB,4,0.809344041222868,0.1387478439497544,0.0378628512912068,6.767564672132798,55.67090755182175,5.833200849708054,5.437404971037058e-09,4,0,1.0,1.6518609416179828,2.498451170836951e-05,0.519567762471383,0.942366865147255,0.7244267636666799,1.1737622268628949e-17,0.7357175807860317,9.962570433798767e-07,1.7781849332474685e-07,False,up
ARID5B,4,-0.8092103499370688,0.2549850496700017,0.2133597311383752,24.803170223428488,87.90477195868183,-3.1735599831611228,0.0015058178348972,0,4,1.0,-1.94270490127009,2.5407977902757596e-11,-0.125666210174287,0.999899862550801,-0.6136692755364181,8.538271068646733e-09,-0.5980158060407249,3.7336004725406735e-05,0.011567729399041,False,down
ZBED3,4,-0.8075498225680364,0.1191072902136367,0.0112448127864563,3.513870196934026,14.624051775799671,-6.780020107245956,1.2015915822671528e-11,0,4,1.0,-0.9770874719738976,0.0286595591465885,-0.309646464716357,0.999899862550801,-0.7044268118493908,1.793923612516386e-11,-1.1234176735293742,5.451048058934606e-06,6.178932040681721e-10,False,down
HDAC5,4,-0.8055104542469443,0.111279645484592,0.0219101380000506,5.579508068478986,46.23181894926766,-7.238614490001016,4.532914677758513e-13,0,4,1.0,-0.8199211664808315,0.0117086777738638,-0.506255449235189,0.642251198717031,-0.7328363674266689,1.6977544424311073e-19,-1.0655117759612207,1.0756797567913277e-12,2.8668080213444567e-11,False,down
SELENOS,4,0.8054338774986682,0.0786692993917849,0.0,1.987089106871468,0.0,10.23822359835044,1.3366800555488761e-24,4,0,1.0,1.308028539877966,0.0563949565765287,0.497907798203221,0.944721786944811,0.7829568453251101,9.260426913140209e-16,0.9089250679205124,1.8055610142737464e-07,2.8562127517063313e-22,False,up
ERMP1,4,-0.8053712649362523,0.1575142744549725,0.0384116990768146,5.14844149143963,41.72993895360115,-5.113004949697292,3.170739867447636e-07,0,4,1.0,-1.04169896971575,0.0180885082762785,-0.127259252399192,0.999899862550801,-0.6232116692034544,1.3142106282120269e-07,-1.0487550762890658,5.6977682958724816e-08,7.216630169871253e-06,False,down
AUH,4,-0.80503482490805,0.2123797305952226,0.1233252115479142,9.820677579499662,69.45220962897305,-3.790544524431932,0.0001503173829712,0,4,1.0,-0.8143134298150125,0.0067638579784285,-0.115121247794518,0.999899862550801,-1.0468329958522349,8.99845076664823e-10,-1.1365607088488257,2.0550939023588855e-05,0.0016765983185435,False,down
NUS1,4,0.804862821861453,0.1233663329894613,0.0296694083678986,6.064823295122842,50.534420311758886,6.524169133974414,6.837951456686643e-11,4,0,1.0,0.6774181489268318,0.0101400592227093,0.342667914678557,0.999899862550801,0.8349834946899582,3.4971014962065625e-23,1.1002494148759578,7.744497795089787e-10,3.0902766655075214e-09,False,up
PSPC1,4,0.803502727496004,0.1844423948244247,0.1147761449971056,21.824312281754093,86.25386238397942,4.356388498755279,1.3222600135985637e-05,4,0,1.0,1.3724459937894666,8.966738894971599e-13,0.348213111676999,0.594762326711184,0.6188076224750869,5.324639885696057e-15,0.9305412320164504,8.778202098301313e-09,0.0002043491400755,False,up
PIGA,4,0.8022972382027345,0.1833547071930599,0.0630150550464112,5.97060392812248,49.75382664608634,4.375656619265141,1.210674755151826e-05,4,0,1.0,1.405479090906475,0.000519977156648,0.338710343591756,,0.5893431573461999,3.898506611174745e-05,0.9351193019194554,8.511375307709149e-05,0.0001899197482974,False,up
PRKAG2-AS1,3,-0.8021464477215855,0.1435522927205119,0.0,1.6519713710314468,0.0,-5.587834457533317,2.2991865553738113e-08,0,3,1.0,-0.4841375324324441,0.5400991704110989,,,-0.7154646753632564,0.0001261852851247,-1.1031577860482562,0.0003554390747059,6.537829056488657e-07,False,down
RASSF3,4,-0.8020116947054975,0.1515878802350594,0.0467718963071591,7.397096354927191,59.44354573667672,-5.29073758048374,1.2182405710172666e-07,0,4,1.0,-0.5492726258912256,0.2424757238131662,-0.0614385476867996,0.999899862550801,-1.0259574258116555,3.4028276892206775e-33,-0.8528243146467792,1.1670197318019736e-08,2.9857746912604695e-06,False,down
ALDH3A2,4,-0.8013691163069859,0.2546341670183846,0.2081573599241505,23.371086456512113,87.16362627992383,-3.1471389943091457,0.0016487656458495,0,4,1.0,-1.0284775840918237,0.0258867921026225,-0.166876923551471,0.999899862550801,-0.6701135906321247,3.9794063784762276e-12,-1.3656964405203562,1.0475384038922669e-17,0.0124785705294022,False,down
TBC1D2B,4,0.8010704924077707,0.1741025917501188,0.0857194774066391,14.84419453167473,79.79007891874119,4.601140536480404,4.201837961282411e-06,4,0,1.0,0.5787949046688403,0.0076193121614007,0.0044019978778899,0.999899862550801,0.8820268817062223,9.254829901480291e-29,1.2327017247341712,3.924364673336214e-21,7.457923523376176e-05,False,up
CCNB2,4,-0.8010319543687185,0.1524117459533831,0.0341304019692232,4.705460762312868,36.24428825275308,-5.255710111829067,1.474543986845176e-07,0,4,1.0,-1.0176159340823154,0.0001888352915358,-0.257281145803369,0.999899862550801,-0.6242475504026794,8.592605014378578e-08,-1.1188029025370705,0.00025386307543,3.5506825608835316e-06,False,down
TMEM98,4,-0.8005583989947884,0.1815686222424404,0.0,0.7737134235543384,0.0,-4.409123058310366,1.03790039508475e-05,0,4,1.0,-0.8097109599036776,0.0010710886574458,-0.300935091843665,0.999899862550801,-0.9417908507211064,0.0242770599680025,-0.8329940421976878,0.5736236164605608,0.0001658907029442,False,down
EEF1E1,4,0.7996767033216544,0.1920662768131631,0.0467324491143785,4.340038140156472,30.87618350073208,4.163545608267078,3.133433998727312e-05,4,0,1.0,0.8564956475925708,0.0852093979485416,0.44585801415962,0.999899862550801,0.6408984125652041,0.0029694952577545,1.396568164286656,0.0002881661790147,0.000432645852434,False,up
PER3,4,-0.7979741865080411,0.3063572665478539,0.2866416927668411,14.2425448092707,78.93634852356405,-2.6047176732574586,0.0091949992954401,0,4,1.0,-0.107940449502297,0.6543444878977419,-0.9541475825576902,0.12540674716138,-0.8849685630683696,0.0032702051858518,-1.5093687897820856,0.001400643317562,0.0493143348196944,False,down
SPTBN1,4,-0.7979135763156746,0.2520246465403972,0.2068952484606466,22.9608356452554,86.93427344566217,-3.1660140675478594,0.001545433195508,0,4,1.0,-0.2856252833218919,0.5052697413810849,-0.110839806347982,0.999899862550801,-1.1938985442237815,7.349348920499105e-29,-1.314061585613033,4.487471889321837e-19,0.0118348779401307,False,down
ZHX1,4,0.7971154993775186,0.1457826310396457,0.0501208634991382,8.493905607062846,64.68055875844155,5.467835871069869,4.555634136762914e-08,4,0,1.0,0.7168010621152495,0.002837961891284,0.198909410800282,0.999899862550801,0.7595069016639402,3.209617176638764e-16,1.1395242547429054,4.9359829944414225e-14,1.2080114664580117e-06,False,up
MTMR9,4,0.7960076516539458,0.197205661100689,0.1143416947614526,13.18849278119073,77.25289728119226,4.0364340821206,5.4269764444346194e-05,4,0,1.0,1.4249031371530163,1.0045581787142497e-08,0.349953941395732,0.999899862550801,0.5679676097212457,3.851912793844541e-07,0.8358660078622663,7.684605069715187e-06,0.0006948360940404,False,up
ZNF554,4,-0.7955703802879344,0.2042892406251815,0.0723048459763067,5.430204343958368,44.75346027561942,-3.894333239740229,9.846920505012617e-05,0,4,1.0,-0.3591358292512434,0.6067880249515295,-0.171778810480786,,-1.013149056230898,9.408028757115817e-08,-1.0762693436186015,0.0001705269066186,0.0011637377021422,False,down
GRPEL2,4,0.7954795348290995,0.0880587120039168,0.0,1.335386668175636,0.0,9.03351317236751,1.6624696109976678e-19,4,0,1.0,0.6707596008874785,0.0010270663265622,0.618329838281413,0.511774587560638,0.8733306053759256,5.910367947299084e-11,0.8494338803042389,9.58752344210094e-05,2.24474194284955e-17,False,up
TRPT1,4,-0.7943657914553243,0.2505091853195539,0.1743011003361881,14.013089795760704,78.59144525779338,-3.171004649757722,0.0015191271150835,0,4,1.0,-2.184674299013693,8.724050110174212e-06,-0.168646142481033,,-0.7403549352728644,2.3978860871143743e-09,-0.5023018669200126,0.008515877474993,0.01164843758293,False,down
EIF3L,4,-0.7935812728345537,0.2851685829382401,0.2694320114305601,38.36842997197112,92.18107177647988,-2.7828495855254225,0.0053883780587349,0,4,1.0,-2.229925088818498,3.817799152690796e-11,-0.0767230429128001,0.999899862550801,-0.3280123318568826,2.535589119082258e-05,-0.6686300255487594,6.72279559799613e-08,0.0324556137642853,True,down
GOLT1B,4,0.7925770457859714,0.1432452548072571,0.0323855784815861,4.9904780720367725,39.88551884818513,5.533007336629889,3.1478629888434115e-08,4,0,1.0,0.6654248612032572,0.0642353542050307,0.265462984019931,0.999899862550801,0.7451321539039509,7.050803790051503e-11,1.143857428595056,1.3805271815464453e-07,8.70368298008224e-07,False,up
MICU1,4,-0.792331367237686,0.2784097189876817,0.2714008706074513,35.08003443559553,91.44812698086774,-2.8459184906283492,0.0044283528456457,0,4,1.0,-2.285030304422012,7.916936422105023e-12,-0.193782358831776,0.999899862550801,-0.4356656365672264,4.937228441084801e-07,-0.5518647289258117,0.0010002214223635,0.0276335746469569,False,down
TLE6,4,-0.7911814370194865,0.1298887061262137,0.0,2.503188553241023,0.0,-6.091225793339491,1.12049379464213e-09,0,4,1.0,-1.198403662929694,0.0926694012601377,-0.861718747725532,,-0.6177919108265425,0.0009781242638602,-1.010501567094391,1.1995271577541832e-05,4.186918153867341e-08,False,down
IFTAP,4,-0.7910147508198503,0.2263573903176886,0.0821799996869909,5.013481755686566,40.161346022706965,-3.494539099031293,0.000474881046952,0,4,1.0,-0.7937645946891855,0.0706600958807092,-0.109369500165254,,-0.903580021011386,0.0005806510760565,-1.3573204212052008,0.0046719241890197,0.0044399562287035,False,down
ZNF473,4,0.7907909879870493,0.2490810406517604,0.2054590022872277,20.314543533112612,85.23225493543572,3.1748341259447845,0.0014992217604218,4,0,1.0,1.5720070381279954,2.538390106326717e-13,0.430956335507015,0.968871114283713,0.5923908874085101,1.0540796104450396e-05,0.5383299264079922,0.0088703885611419,0.0115291305818042,False,up
MTG1,4,0.790248703366782,0.1123301763429626,0.0,2.9795935757282654,0.0,7.035052637628035,1.9918579364700987e-12,4,0,1.0,0.7647875826010693,0.0635545137766204,0.045308007560651,0.999899862550801,0.728707563160242,1.2308978199333509e-06,1.058647239415741,1.603465730758166e-05,1.1183367684635305e-10,False,up
ZUP1,4,0.7897457112603042,0.2634575374673513,0.2245229757066772,21.43931788920795,86.00701750166161,2.997620485077876,0.0027209628021494,4,0,1.0,1.5131558677243009,3.952922352445557e-12,0.369199203231116,0.999899862550801,0.4616600638267538,3.265457133518959e-05,0.7326831684827271,0.0006522682652807,0.018673423857969,False,up
LRRC45,4,-0.7896090459410738,0.0987683678669062,0.0,2.586525798740995,0.0,-7.994553954815768,1.3004380068570557e-15,0,4,1.0,-0.458112176348638,0.3771281097779649,-0.4754091616678629,0.896909477910821,-0.8017410440357905,2.276409443901007e-09,-0.97653901883746,5.901200879201872e-06,1.1494514093540937e-13,False,down
USP31,4,0.7891040284902305,0.1548801946951143,0.0491025856539751,6.31482183917531,52.49272146699568,5.094931795789657,3.4886682858787645e-07,4,0,1.0,0.3170831629679988,0.3519360266995127,0.599973398519714,0.619191427730099,0.9007987526119476,2.759789081516287e-09,1.098619112321789,5.061097285391336e-08,7.826921539643805e-06,False,up
SORBS3,4,-0.7882033842435272,0.1176572733003272,0.028326228904361,6.528881482621342,54.0503222797743,-6.6991471256654975,2.0963944707033507e-11,0,4,1.0,-1.3439118787025797,7.242918516352275e-05,-0.474362753066251,0.315371773162671,-0.7630159082164572,6.268603565101579e-20,-0.8671126649216719,1.598122618402603e-07,1.0438811290884627e-09,False,down
FASTKD2,3,0.7879927781914939,0.1066636621048413,0.0112124832749098,2.8786820491527303,30.52376171280704,7.387640388879243,1.494572973398076e-13,3,0,1.0,,,0.520467962016177,0.359896055275193,0.8088129049754443,6.7352128151694145e-15,0.9828616076077238,8.947799410045737e-07,1.0183918443194506e-11,False,up
SRSF1,4,0.7874749225298933,0.2035716036859884,0.1270927605886994,16.664229047120617,81.99736698579305,3.8682945375062343,0.0001095992303854,4,0,1.0,1.4360208978948086,1.4431888625579232e-07,0.506522334606166,0.810402933993036,0.4566669315239858,1.284928153135931e-07,0.8553624703730908,1.7721050322350405e-07,0.0012688950350102,False,up
EIF5,4,0.7871021168853152,0.2624362426094749,0.2314271922509436,30.01093285336407,90.00364295685759,2.999212719474051,0.0027067825256472,4,0,1.0,1.4226433594061156,7.542177627895458e-05,0.305938167826428,0.999899862550801,0.3925056974382421,3.3191876992298867e-06,1.1428057457997534,1.0356499575701765e-15,0.0186128001816865,True,up
TUBE1,4,0.7870070504291916,0.2771860902967119,0.2457302784853091,17.596215587726398,82.95087949426727,2.839273246311694,0.0045216418992878,4,0,1.0,0.2347752704077261,0.6142921131231092,0.354418937927606,0.999899862550801,1.3463484174411822,3.2927428314717637e-25,1.0018560074834189,6.094354792821817e-05,0.0281041560467176,False,up
PRMT5-DT,3,-0.7868844978946008,0.2290227861719047,0.0,1.9771379525165815,0.0,-3.435834971040674,0.0005907306904084,0,3,1.0,-1.2839637012640304,0.0178192935337753,,,-0.8084249252856912,0.0355926637389021,-0.3933761183823759,0.449011636130848,0.0053218959333602,False,down
MXRA7,4,-0.7867773143744167,0.1841657023125436,0.0784933557103482,8.500813242852985,64.70925881682868,-4.272116384836923,1.936264663360397e-05,0,4,1.0,-1.3129708072101012,5.281357864331213e-07,-0.285282353744053,0.999899862550801,-0.5583452045223657,5.663475241617139e-06,-0.773069522075352,9.474742571894667e-05,0.0002852426303607,False,down
BAG5,4,0.7867334178994321,0.2891746309388304,0.3029262366989399,43.45597118641568,93.0964608128749,2.720617003453014,0.0065160207763239,4,0,1.0,1.846937310644159,4.2916585563557745e-15,0.129172581883288,0.999899862550801,0.4048145963997352,7.730378475421594e-07,0.8087540797820131,5.6311178822052355e-08,0.0375029030507622,False,up
HUS1,4,0.7865306366739119,0.2774563029048971,0.2663051280481573,26.0083955451707,88.46526309248996,2.8347910227273108,0.0045855670845799,4,0,1.0,1.765501469430072,1.3174421273024352e-11,0.638383409751693,0.422194412479455,0.5926346764120737,5.738764540249521e-07,0.2312015722944287,0.3016107404124954,0.0284372347040065,False,up
ENSG00000267383,3,-0.7858776885858891,0.2303469356969748,0.0,1.7400119924777822,0.0,-3.4117132325116937,0.0006455598824291,0,3,1.0,-1.8106724295449064,0.0576472752909573,,,-0.7624442939280694,0.0285055665396019,-0.6028817587550693,0.193799338604248,0.0057175563188662,False,down
FBXO45,4,0.7857071781499675,0.1336903275338178,0.0367724036212253,6.648532503481687,54.877260531869744,5.87706824153915,4.175960906630161e-09,4,0,1.0,0.5381707023283255,0.0262022080293528,0.353551881363804,0.999899862550801,0.8091657188020395,6.082073087505491e-15,1.098458753557731,1.5425349439415966e-11,1.396789112371173e-07,False,up
RPS27,4,-0.7854233946523447,0.2230678673183789,0.1513019553528644,22.964504076443667,86.93636061108188,-3.5210064277493203,0.0004299121952857,0,4,1.0,-1.3077240503458296,0.0087212412701394,-0.538609046948866,0.511972609876797,-0.4463984932376083,4.0750054838989736e-08,-1.0960655713126202,1.669933585104271e-18,0.0040907641617138,True,down
RBM11,3,0.7838594388266145,0.2736766041550968,0.0,0.9683086997807973,0.0,2.864181398503429,0.0041808850824174,3,0,1.0,1.013593210264235,0.0117377500929337,0.45846050899829,,0.57885704488724,0.7621860469101946,,,0.0263871611397801,False,up
SIRT3,4,-0.783495711710064,0.0922711290144538,0.0,1.6497610792676594,0.0,-8.49123360772288,2.0445512397663813e-17,0,4,1.0,-0.8515680258049263,0.0319173789970566,-0.466222922017493,0.999899862550801,-0.8646458225206575,5.8607302951017995e-12,-0.66660823770108,0.000398090065117,2.2276499126741724e-15,False,down
BTAF1,4,0.7833937955398225,0.2616238903798971,0.2243636334994788,25.513772859121772,88.24164494775053,2.994351144317429,0.0027502921996243,4,0,1.0,2.306763035135777,2.5931710355204537e-08,0.598793223903788,0.33767841222663,0.3238460216632452,0.0004716507066757,0.4307291497391021,0.0158055282199232,0.0188277390424673,False,up
KIF2C,4,-0.7833838246956161,0.1630948608972523,0.0507989459631428,5.997607363741794,49.98005341035935,-4.803240398783244,1.561182592710604e-06,0,4,1.0,-1.1973232962757447,1.4130560105031729e-06,-0.556914981417238,0.999899862550801,-0.8101175708192595,4.977754875598059e-09,-0.4146079050917573,0.1310461552575378,3.08993414415177e-05,False,down
UBE2G2,4,0.7832949524571371,0.164134823822165,0.0753445730730958,13.630052138870996,77.98981273560634,4.772265471864842,1.8216517325933168e-06,4,0,1.0,1.5990175241822102,1.164626223998165e-07,0.274069660368889,0.999899862550801,0.6623670024907555,7.932565079013439e-19,0.77305613202837,2.1327021219869774e-09,3.56063347980873e-05,False,up
RFX5,4,-0.782449561155856,0.2023192326949782,0.1170612076149776,15.964580025376137,81.20840012558163,-3.8674007939497144,0.0001100015554953,0,4,1.0,-1.691415619970943,6.997261403655304e-09,-0.373398581998515,0.999899862550801,-0.5850872528282681,5.599205707344505e-11,-0.5649844343529896,7.159877790987907e-05,0.0012722145217539,False,down
NAPA-AS1,3,-0.7814428001593914,0.2911950499674374,0.0957853487272823,3.199924892302519,37.49853301835183,-2.683571716781502,0.0072840350775615,0,3,1.0,-0.4375523230444048,0.3074704028599638,,,-0.6498293484463422,0.1432766728851407,-1.504238398811881,0.0062713555925361,0.0409382860117599,False,down
ASAH2B,3,0.7812889301536434,0.2910832820805356,0.0,0.0036350004322281,0.0,2.6840735220838963,0.007273111003462,3,0,1.0,0.7736916244313445,0.0693577501491842,,,0.8061911308231704,0.2156671665696402,0.7494711988990558,0.5589426648376243,0.040908228999539,False,up
AMER1,4,0.7811317875305763,0.2142891549397156,0.1036015740806689,8.111116710012764,63.01372416085874,3.645223146035208,0.0002671598865492,4,0,1.0,0.7366778069840437,0.3266888538251046,0.295392086913565,0.999899862550801,0.670549584719879,2.4494250475821485e-06,1.2597648074816488,9.025948075958676e-09,0.0027361200293446,False,up
CALCOCO2,4,-0.7798279370898643,0.2788176635180052,0.278697149359728,38.00976859922096,92.10729212368452,-2.796910092604321,0.0051593888232364,0,4,1.0,-1.3036262287809963,6.989787479187884e-06,-0.692966606613535,0.0071540196847222,-0.1553397441250603,0.1187058148255129,-1.0811275261557975,2.8347655250766527e-09,0.0313768965489391,False,down
DNAJC11,4,0.7793789706102933,0.1661384945163228,0.0772544355833801,12.811109559530165,76.58282457066097,4.691140201307896,2.7168671117556957e-06,4,0,1.0,1.2003420999784649,4.164707787431338e-05,0.34643592527272,0.991299984804734,0.591200787541594,1.6546156000764387e-11,1.0111526146801078,3.597278057059762e-14,5.093315865641491e-05,False,up
RETSAT,4,-0.7784152113645819,0.2887605720667222,0.2898418461265712,36.21717191559449,91.71663649775964,-2.695711557132938,0.0070238459513896,0,4,1.0,-2.1389653289975237,2.7108190606822896e-13,-0.224730825064531,0.999899862550801,-0.4499362165396432,3.143859913553108e-07,-0.4288366696097164,0.0047463869959306,0.0397500194250795,False,down
MIX23,4,0.7777783825910939,0.2636013853811077,0.2311590538096185,20.875489951286944,85.62907981081874,2.950585337275838,0.0031717241310377,4,0,1.0,0.442308599075781,0.211166291526313,0.508047482635525,0.6463068656779,0.5811888834322272,1.1919019009621648e-05,1.5136826087499085,2.9389743503513706e-15,0.0210832003624311,False,up
DPP9,4,0.7777466937664242,0.0902990771202311,0.0095039672299244,4.1254299991395404,27.28030773457013,8.613008223006227,7.11679870610162e-18,4,0,1.0,0.8114863243814355,0.0006309421934166,0.324733241414617,0.999899862550801,0.7535615275626866,4.170716543829591e-20,0.9650549346434172,1.143904274407485e-09,8.1157317472844845e-16,False,up
GRAMD1B,4,-0.7765085659888475,0.2056567054751896,0.1029425452855357,8.682612876045667,65.44818889396007,-3.7757512656572505,0.0001595261217305,0,4,1.0,-0.4833969577553523,0.2830024419623593,-0.0630450794628771,0.999899862550801,-0.9283914491953102,1.539785423809421e-14,-1.2152567291925744,1.1620195528339373e-07,0.0017616710552771,False,down
DDX5,4,0.7756969937000852,0.2539495391159774,0.2098754649306106,26.94320921470309,88.86546893469959,3.0545320003350285,0.0022541196558444,4,0,1.0,2.0883950759151233,5.452381012166489e-10,0.514860779886955,0.864215730862928,0.4670073197346874,2.126467321122577e-09,0.3298224377201953,0.0351120441329072,0.0160969888077482,True,up
ALPK1,4,-0.7753945422828211,0.2730545892803494,0.2062615881389749,16.73820065781873,82.07692653870389,-2.8397052191154035,0.0045155239816535,0,4,1.0,-0.1766412764051832,0.6403074999772724,-0.353666362875661,0.999899862550801,-0.7483426579700093,1.5993292656235093e-12,-1.420122666098765,7.640751625616115e-14,0.0280819913286837,False,down
TPP1,4,-0.7752654058056302,0.1931625404875285,0.1139080081290721,19.056091565350755,84.2570025982934,-4.013539083969984,5.981509291518437e-05,0,4,1.0,-0.8988022393983826,0.0010519885819208,-0.41994299569425,0.969070085035665,-0.5564593108552784,1.5012216815288774e-15,-1.153490826202042,7.126753392894646e-19,0.0007600868244632,False,down
ZMIZ1,4,-0.7752363352850096,0.2913235415307866,0.2519577042409716,27.067309613946197,88.91651943695847,-2.661083725714229,0.00778895863,0,4,1.0,-2.0311139689356814,1.887734331343624e-09,-0.623875161187491,0.999899862550801,-0.3314951660618082,0.0043213509446598,-0.3321703890737205,0.014511670910495,0.0431708112573979,False,down
DPM3,4,-0.7751771600141492,0.2547021290134471,0.1680902365531028,11.06835042059226,72.89569008929632,-3.043465569042116,0.0023387020200447,0,4,1.0,-2.3786547436878847,0.0005421990159979,-0.202459374945758,0.999899862550801,-0.5497013654209857,2.7363533235807698e-06,-0.8799683705891264,0.0006171326441962,0.0165453207197571,False,down
PSMD12,4,0.7743463567531892,0.1814025078414037,0.0972574672049583,16.195873177756347,81.476762832891,4.268664011140261,1.9664721100498537e-05,4,0,1.0,0.6293365876918627,0.1209998623407139,0.283973129016086,0.95398368220764,0.8312213011311842,1.2585584318965661e-24,1.202338864578428,5.411594237449977e-19,0.0002893053788107,False,up
GASK1B,4,-0.7731996443925274,0.2424309168709404,0.132964293769657,12.887301803275108,76.72127148261868,-3.189360723344312,0.0014258782940723,0,4,1.0,-1.3857333334442268,0.0035415449734713,-0.155289794239156,,-0.3975384579633997,2.2788677670444035e-05,-0.9220560227291972,7.941665370024163e-09,0.0110891008389535,False,down
ENSG00000240057,3,0.772701142724362,0.2426850627073848,0.0,1.8952048841304583,0.0,3.183966636034945,0.0014527175538409,3,0,1.0,0.5164071773101164,0.3187478673216382,,,0.6412254654636235,0.1476126783891746,1.3591078963448742,0.0149259389741758,0.0112540868153764,False,up
FKBP10,4,-0.771770817957715,0.1960412816333781,0.0940960497297893,7.952151144985829,62.27435890863785,-3.936777047810897,8.258326664875037e-05,0,4,1.0,-1.1824002085576508,6.016298589259793e-07,-0.195066914684001,0.999899862550801,-0.7039758490760493,0.0003254733728526,-0.9415874057552608,0.0045952682570741,0.0010024216966325,False,down
STRBP,3,-0.7695336001184553,0.1784164226466053,0.0647445268867523,6.34929827896551,68.50045607991409,-4.313132102433717,1.6095787711747088e-05,0,3,1.0,-1.2061613161871496,5.092931601611706e-07,,,-0.5948562248154481,2.7741549855123197e-08,-0.6117136048648054,0.0074997456020503,0.000242472410505,False,down
FSTL3,3,-0.768516855103468,0.1452464088322659,0.0,1.4363282445760652,0.0,-5.291124656933653,1.2156646803747416e-07,0,3,1.0,-0.2972394363392933,0.6115764976692222,,,-0.8729639073082177,2.5260740969049337e-05,-0.7443271983888932,0.0086781808502333,2.9857746912604695e-06,False,down
VANGL2,4,-0.7682856837671491,0.2765414764202545,0.2095566974788282,12.517450831977776,76.03345888656472,-2.778193324604953,0.0054662085267759,0,4,1.0,-0.1319030535088544,0.748396806405403,-0.457176972518296,,-0.8088016611141332,9.152862092194378e-07,-1.4038375458346597,1.8767001985212108e-09,0.0328076857010667,False,down
TESMIN,4,-0.7672519813989259,0.2477738690575904,0.0994462733375927,5.2973796900349805,43.368227774132045,-3.0965815092494378,0.0019576603297519,0,4,1.0,-0.232132072343072,0.5991807597594572,-0.571233646867114,,-1.1488451568270308,9.996792043794457e-07,-0.7684715537099158,0.0519374367095064,0.0143716298190497,False,down
CCDC85C,4,-0.766402475852375,0.1106378596394711,0.0001685272596536,3.008932593162678,0.2968691682550717,-6.927126738982513,4.2947380352314895e-12,0,4,1.0,-0.989316901895193,0.0006843623580379,-0.0063878815864788,0.999899862550801,-0.6987488929923178,4.676381812676862e-05,-0.8475638553449352,7.678078359112209e-05,2.3281499856504888e-10,False,down
EMC8,4,0.7662696583906542,0.1525247397343688,0.0509144016965923,7.579538537339811,60.41975398342774,5.023904054680962,5.063153841854805e-07,4,0,1.0,0.3874900314925766,0.5054390997322763,0.402093915144981,0.84630949135211,0.7879669887744731,9.933481743322636e-16,1.119274766369473,5.107330943035689e-11,1.106603305912437e-05,False,up
GFM1,4,0.7647992008019485,0.2159535748411678,0.1411631163991274,18.344780357531697,83.64657443953364,3.5414982195337696,0.0003978615437574,4,0,1.0,0.3573357634793027,0.2558503392785174,0.333796978449639,0.999899862550801,0.7689352024301275,1.4351606454281494e-18,1.328189266384884,2.1648221170269628e-20,0.0038439572943622,False,up
ZNF704,4,-0.7641593925901276,0.1870961116184802,0.0675338712896586,6.100381731645549,50.82274959224946,-4.084314665760528,4.420709295308528e-05,0,4,1.0,-0.2738040242737293,0.5912070206108256,-0.556018817544291,0.999899862550801,-0.6996747544752947,4.874834407303062e-06,-1.2148283161078122,2.970213540304478e-07,0.000583305700722,False,down
SPATA5,4,0.7640842883674386,0.1214458443823207,0.0,2.0878129745144633,0.0,6.291563883915559,3.1428342322613003e-10,4,0,1.0,0.8595800767379798,0.0001157088090146,0.8190101851268189,0.26749469360136,0.5295143204325103,0.0267630192189061,1.0068038220547568,0.0041997511985676,1.2738607480265e-08,False,up
PIK3R6,3,-0.7635216687586419,0.0814300683200615,0.0,1.7868053544510398,0.0,-9.376409531643937,6.825756037037584e-21,0,3,1.0,,,-1.55429467961631e-05,,-0.7034499753955608,7.204934887755373e-13,-0.9452456970644652,3.477121808637597e-08,1.043250448744168e-18,False,down
LRP12,4,0.7631722134128143,0.1275880484821792,0.0213463167710044,4.4727039370149475,32.92647932332897,5.981533713319626,2.210462938882206e-09,4,0,1.0,1.2455992479982063,0.006316891161073,0.156094350402329,0.999899862550801,0.7866590729617867,6.010146031495979e-11,0.8110474473998228,5.459977357629271e-06,7.75918322517679e-08,False,up
TMX2P1,3,0.7616591667478995,0.171792627977817,0.0307845371957702,3.027497578691203,33.93884064262054,4.433596340619747,9.267406672731956e-06,3,0,1.0,1.1121148956466416,0.0001677975271432,,,0.5452052379772282,0.0073560566804528,0.7634727339659106,0.0203307532644037,0.0001504176647936,False,up
ARHGEF25,4,-0.7604534783862177,0.2010594247829036,0.0,2.7690161518625613,0.0,-3.782232438033315,0.0001554281224317,0,4,1.0,-1.1071793654674158,0.002012688912511,-0.494857437839558,0.999899862550801,-0.8067153965839888,0.0938690988034766,-0.1284431277940606,0.878834840728827,0.0017224660355485,False,down
RIF1,4,0.7601412891074648,0.2175754989929846,0.1473023108047115,18.21318867122929,83.528419684473,3.493689742759015,0.0004763943124949,4,0,1.0,1.248983742622907,3.929529585717013e-07,0.9416099105269012,0.248663738015949,0.3040449662668572,0.0055571217640893,0.7207027267090197,3.6159367005794854e-06,0.0044465489498313,False,up
MYBL2,4,-0.7597667954730569,0.198377588274501,0.0969599374550274,8.529324556441727,64.8272265857879,-3.82990236992772,0.0001281941092997,0,4,1.0,-0.5489458804441409,0.086957680522387,-0.110566454619209,0.999899862550801,-1.0939989404069077,7.170526014526698e-19,-0.9035080157391008,0.0005575228784971,0.0014558432154691,False,down
USP3-AS1,3,-0.7594519660746548,0.232137891620663,0.0,1.3559530713206875,0.0,-3.271555370700431,0.0010695764179866,0,3,1.0,-0.5625280414076554,0.1032387326146364,,,-1.2099670587853202,0.024842394916577,-0.8360957073178349,0.244861821940315,0.0087640757198319,False,down
QSOX1,4,-0.7581259675621179,0.2772495716846204,0.2128561863361381,22.35674744038307,86.5812323192367,-2.7344531605787608,0.0062483984581834,0,4,1.0,-2.087864562727825,0.0005408098866141,-0.427040747412628,0.999899862550801,-0.2669116941221277,0.0035913495392725,-0.8483187899220622,2.676167890208511e-09,0.0363139692807391,False,down
TSC22D2,4,0.7574729830931534,0.2727226927243389,0.2274122244966045,22.65208807289992,86.75618781657006,2.777447580641144,0.0054787676568713,4,0,1.0,1.8126501565894015,3.439784588171409e-10,0.119086049213695,0.999899862550801,0.502111836350748,4.526495847987295e-07,0.4552536329685219,0.0082957826821335,0.0328382890414165,False,up
SSBP3,4,-0.757223938236551,0.2161651751133425,0.1171675352767306,12.662159096834152,76.30735819177889,-3.5029876474761195,0.000460070798078,0,4,1.0,-0.4327514634789471,0.2431668420729068,-0.443041995622405,0.999899862550801,-0.6091003179159304,7.415541844156513e-11,-1.2091632238584271,3.4890440065124336e-14,0.0043253730008113,False,down
CTDSPL,4,-0.7568299705066517,0.2547944210643777,0.1637463333476022,11.046595670427704,72.84231188047235,-2.970355345085939,0.0029745545690043,0,4,1.0,-1.331351313960042,0.0044376858264241,-0.722980888087031,0.999899862550801,-0.3214922579489505,0.0079260655927216,-0.9375775268341304,3.584345695276221e-05,0.0200450004620996,False,down
TLR1,3,0.7566297418643317,0.2225609272048311,0.0871829839753868,8.305381208755538,75.91922694780585,3.399652182289739,0.000674716213675,3,0,1.0,,,0.0763415148746464,,0.5454723337171608,9.831303714194136e-11,1.0233790268943666,2.1778738969974343e-11,0.0059399316587094,False,up
COL27A1,4,0.7561854358060712,0.0693279400377158,0.0,1.1803287107562312,0.0,10.90736917027522,1.0628784012640722e-27,4,0,1.0,0.5401065265318469,0.0590012679446777,0.4305299209673079,0.999899862550801,0.7825320553196425,6.691430071095879e-20,0.7706071921897475,1.5234756697790647e-06,2.7201035736536006e-25,False,up
MXRA8,4,-0.7560401541083823,0.1906092267659864,0.0,0.1959730041422774,0.0,-3.9664404863075338,7.295398119381525e-05,0,4,1.0,-0.6210064811388497,0.2417974809319897,-0.545173256582052,,-0.8311024315091473,0.0062125795803476,-0.7311219890357401,0.0658908984172667,0.00089901689367,False,down
TMEM165,4,0.754683375363295,0.1175864709736,0.0269025967211235,6.658922703399645,54.94766745875605,6.418113998273942,1.3797292610875436e-10,4,0,1.0,1.141991728297546,5.2426303730715143e-08,0.0069323783992769,0.999899862550801,0.666029041116721,3.839401579328227e-20,0.7044736556600822,2.692214295692145e-07,5.977649863636958e-09,False,up
CDK1,4,-0.75426226325082,0.1503818490622644,0.0421292875052859,5.887579358257202,49.04527281160864,-5.015646954430808,5.285530688079661e-07,0,4,1.0,-0.5174971290078858,0.024265185228697,-0.120120301186878,0.999899862550801,-0.842725400977278,1.0377717969247697e-15,-1.1310860451260236,3.44808294312445e-05,1.1494984675291034e-05,False,down
SNHG19,3,-0.7534834344995154,0.2019511384210026,0.0650336191682397,4.433707215230055,54.89102227747746,-3.7310185047273503,0.0001907072135931,0,3,1.0,-1.4202996792406248,0.0086618777508874,,,-0.5149769966409197,8.636374896605534e-05,-0.842307759692924,0.0005838660650118,0.0020534613815913,False,down
HMGN3,4,-0.7529170564062009,0.1134076358831901,0.0105882669179044,3.685159644167793,18.59240061016461,-6.639033170409316,3.1574734271838814e-11,0,4,1.0,-0.6144173805751925,0.0334593005662008,-0.201427138861371,0.999899862550801,-0.8373137261635035,1.9025731564571285e-11,-0.9046295988899772,0.000156565930543,1.5273150034920887e-09,False,down
UTP4,4,0.7527812673153965,0.2211976428558708,0.1488932265213781,17.700027458156764,83.0508737509472,3.4032065513731435,0.0006659991173177,4,0,1.0,0.0433895264587256,0.9354485429434944,0.284660770418551,0.999899862550801,1.0328513162651394,5.9900090082708354e-33,1.2610042685838916,3.2390540789932187e-15,0.005879652857219,False,up
GNA15,3,0.7524354645058742,0.0820367719824626,0.0040166147860956,2.288055240367265,12.589522983764509,9.171929201050542,4.646281348055281e-20,3,0,1.0,,,1.29600280229635,,0.6896616251293918,1.8091550913915633e-21,0.9381847294484136,4.777661469136237e-09,6.640260142165498e-18,False,up
ENSG00000233175,3,-0.7522236912056457,0.2434008173150512,0.0,1.637803494213641,0.0,-3.0904731524873568,0.0019983787009282,0,3,1.0,-0.3378177341015554,0.7845926096569342,,,-0.5488958780213526,0.1579560391287667,-1.163983914414283,0.0109958859071357,0.0146120653916046,False,down
MIER3,4,0.7515943026335761,0.2357350404170096,0.1679983945492822,16.392058362263715,81.69845461930319,3.1883011592337898,0.0014311139942057,4,0,1.0,1.7697041073268456,1.9824429841440087e-06,0.121916620273378,0.999899862550801,0.4962079209452689,7.00009167059208e-06,0.8070294287083021,5.8081554607474044e-06,0.0111141100559187,False,up
ENSG00000237753,3,-0.7515672847802392,0.2448504231545846,0.0,0.6925760371692284,0.0,-3.0694955520078575,0.002144205985755,0,3,1.0,-1.038053298579321,0.4841435851452658,,,-0.6028316112524923,0.0907890250555985,-1.029635993108035,0.0437158028171003,0.0154524654683965,False,down
CACNA1A,4,0.7514757802188746,0.2617902934439387,0.1374698077759723,8.396436600563526,64.2705573481177,2.8705257568298648,0.0040978981019416,4,0,1.0,2.7295440757116074,0.0017932847722666,0.323311968397772,,0.4848790075436948,5.6209586145291954e-05,0.6963876483079074,0.0032264480339772,0.0259957653793048,False,up
LARP1B,4,0.7513501487579288,0.119318351555709,0.0278593574625449,5.952874614652803,49.604179590552775,6.2970208602582645,3.03420461235523e-10,4,0,1.0,0.3976191105616986,0.0765527000081004,0.950678540721054,0.0039037002564304,0.70646733093333,1.8128609446379423e-10,0.9902616872761548,5.137605655563559e-07,1.238957501174884e-08,False,up
EML5,3,0.7512537468943763,0.1792139530493928,0.0,0.2662605219021448,0.0,4.191937815730926,2.7658181552154985e-05,3,0,1.0,0.7729729738215342,0.0001507211582861,0.434905555560109,0.999899862550801,1.0438345300523364,,,,0.0003872321359932,False,up
NOC3L,4,0.7512379289443171,0.2003152108437992,0.1243831484765221,14.645281820297551,79.51558708933709,3.7502790016785768,0.000176637923719,4,0,1.0,0.240941906761687,0.2432544838511921,0.7888814384939189,0.157796623697953,0.7778331313942719,2.352212031892327e-09,1.2327979586472135,4.7605299640130255e-09,0.0019255195954097,False,up
CSRNP1,4,0.7512010063812954,0.2774864703770483,0.2099322041003131,19.504326645312887,84.61879738503593,2.7071626424184365,0.0067861002447871,4,0,1.0,3.1532102136151,1.940801828618091e-06,0.1236538659026229,0.999899862550801,0.4746418786188965,2.021031296500126e-06,0.445532733439439,0.005667992005161,0.0387031045057063,False,up
NCBP2-AS1,3,-0.7508466801065198,0.2520454409820293,0.0,0.1020402108582103,0.0,-2.9790131381906435,0.0028917837871391,0,3,1.0,-0.8109426886178432,0.0289452700251034,,,-0.6975666283325953,0.2058585617855704,-0.56604880562159,0.5813957399302204,0.0196375406884125,False,down
EXO5,4,0.7507975700541011,0.2322304030409897,0.1264591591397088,8.738242878725387,65.66815500969918,3.232985691031943,0.0012250369851716,4,0,1.0,1.5998176787987108,2.7659588465898783e-05,0.655235518915172,,0.5438812443759943,0.0007800446959721,0.4427224908060425,0.066467201727868,0.0098043050933242,False,up
DNTTIP2,4,0.7501109476231688,0.1751855977402071,0.0916704966740273,15.318769734167429,80.41618189932895,4.281807165081868,1.853816010767984e-05,4,0,1.0,1.5398426792598303,6.513247217413655e-08,0.297344309221141,0.999899862550801,0.5791040390169824,3.458763758907121e-15,0.7633973847457987,2.4118065867109917e-07,0.0002749372025202,False,up
AAAS,4,-0.7493357520107281,0.1903166311874742,0.0977597856893684,13.28563684241799,77.41922321388698,-3.937310929345864,8.23998096346874e-05,0,4,1.0,-1.4277327214757711,3.872280924415724e-05,-0.390000833820247,0.999899862550801,-0.465463553978644,6.011323418795619e-08,-0.8577286978657517,3.2094877125738752e-09,0.0010012713800265,False,down
FGD2,3,0.7493095320967051,0.1739657290488738,0.0466760459187787,5.188315539868492,61.45184338478585,4.3072249700755405,1.6531545147973487e-05,3,0,1.0,,,0.424248120172586,,0.5739208168602593,9.989050887517604e-09,0.9640002295832542,1.1377415636725022e-10,0.0002486963616963,False,up
ATP2A2,4,0.7489728918979353,0.0676303217401218,0.0044758660594262,3.864271179115715,22.365696894840895,11.07451321577264,1.6678404794486539e-28,4,0,1.0,0.735278307046535,1.2997418584508246e-05,0.225754343369939,0.999899862550801,0.7909466575931454,9.385166051148303e-33,0.7816553559974257,7.599829357777193e-11,4.422590495444027e-26,False,up
ARHGEF38,4,0.7488598253170397,0.2823376825121951,0.0,0.5664703601593899,0.0,2.6523552175317366,0.0079932400296326,4,0,1.0,0.6896371688170755,0.0777696834639667,0.58330946815618,,1.0852418981887642,0.1233852836356848,0.2465829068487057,0.8765108128437596,0.0440028063562245,False,up
AKAP3,4,-0.7487176766638824,0.2056107379736912,0.0,1.4053679438008029,0.0,-3.641432758048289,0.0002711249441241,0,4,1.0,-0.6316512054200413,0.4005748733943622,-0.1718040086127369,,-0.9183569180462864,0.0055978106353319,-0.7814586053728005,0.0863170952536824,0.0027684726348024,False,down
ERBB2,4,-0.7486874525479863,0.1167871102948066,0.0,1.680621130226799,0.0,-6.41070277925422,1.448503476376292e-10,0,4,1.0,-0.5262693074509347,0.0525712933666102,-0.72108211845166,0.0672756155597413,-0.8419250590455162,8.734191841260336e-05,-1.0085005279585095,0.0088584227917259,6.23876966958235e-09,False,down
ANKRD10-IT1,3,-0.7481835229811663,0.1707300997629215,0.0,0.858111168983595,0.0,-4.382259039385002,1.174550390618951e-05,0,3,1.0,-0.2725462996679847,0.7127498963251884,,,-0.8051013562347644,0.0007416398173381,-0.7915343676563509,0.0275694981546524,0.0001850442344103,False,down
CCNT2,4,0.7481424848653151,0.2673467546111342,0.2499504195897021,30.47391542489266,90.1555151080145,2.7983974817779855,0.0051356869626762,4,0,1.0,1.9790053753793613,2.614014634477733e-11,0.319721552153098,0.81556941579238,0.3890365649937633,4.079598423695946e-05,0.5106136396974397,0.0139275364457339,0.0312673124098316,False,up
ACAA1,4,-0.7476334292018672,0.2031912774892399,0.1059277797817473,14.08807674968792,78.70539710066204,-3.6794563154486704,0.0002337317213958,0,4,1.0,-1.086904265231022,0.0026127439326335,-0.20089728138414,0.999899862550801,-0.4888394233007557,1.1339026818777376e-10,-1.0085430571266374,1.0756028540541493e-12,0.002440323271443,False,down
CTSB,4,-0.7474640471730009,0.1900349448959242,0.1186812416710198,20.123641997654584,85.09216174512719,-3.9332978867774138,8.378829425878497e-05,0,4,1.0,-1.378757311672454,4.970624910944746e-10,-0.29544865922116,0.941725570697621,-0.5224739624340258,1.0979922468133655e-10,-0.8557363803478725,2.1562967667321076e-08,0.0010149128059117,False,down
TAF1A,4,0.7471929198591498,0.1277469454023617,0.0,2.431484598592313,0.0,5.849008111354309,4.945129767660818e-09,4,0,1.0,1.14506279888233,0.0057087228729147,0.7365021027071439,0.732651756908251,0.5620711484811008,0.0072124293048391,0.8774460329910426,0.0004614444560883,1.6293018122222596e-07,False,up
SLC12A6,4,-0.7470626344476456,0.2725650263747088,0.2306276412044524,29.18499684398529,89.7207458474738,-2.740860206403082,0.0061278572981518,0,4,1.0,-0.6679361023666726,0.0133089479924929,-0.8212854563214089,0.975046423995903,-0.3576949592404554,8.707364327379828e-05,-1.1874376660717647,4.392472771221901e-19,0.0357783727283705,False,down
DNAJC3,4,0.7468382816868473,0.2629763689168537,0.2325284791903595,30.17064399672817,90.05655961362531,2.8399444587470826,0.0045121389210866,4,0,1.0,1.7567641623951429,1.5836752299048788e-10,0.707459720304823,0.58226664232336,0.3041844255621342,7.266927973973027e-05,0.3942852269954915,0.014319561770886,0.0280728882257794,False,up
NPTXR,4,-0.7466869065407179,0.1668724334590573,0.0397957864497321,4.9214556120520285,39.04242491482854,-4.4745970982913725,7.655553139217642e-06,0,4,1.0,-1.2754402546656525,0.0530105239467772,-0.370666854557421,,-0.5353692892585163,4.6306133429559075e-05,-0.957458837854999,7.006738490727748e-07,0.0001274516407269,False,down
DHX15,4,0.7463721929341723,0.0786308660330323,0.0106967474626864,5.454933289086782,45.00391038691814,9.492101900806048,2.2642188284775207e-21,4,0,1.0,0.7642139391541203,4.286859595420798e-10,0.324852873644895,0.999899862550801,0.7043737216176243,3.060872444973753e-24,0.9253312784770574,1.4316478895113495e-14,3.559513728282982e-19,True,up
DGKA,4,-0.745928457975641,0.2467355340057895,0.1870504992102549,19.12843156235926,84.31653954366352,-3.023190238817155,0.0025012495082191,0,4,1.0,-0.9205642123878418,0.0035644583753679,-0.1932646520749739,0.999899862550801,-0.4779255787993309,6.958645361986402e-07,-1.2405877524323503,1.6741927045728285e-13,0.0174706443752442,False,down
KIF13A,4,-0.7458241616399325,0.2593934425392332,0.2312614814026149,26.082343094107134,88.49796588759007,-2.875262205316261,0.004036921001952,0,4,1.0,-1.0592441645482198,0.0004198552167254,-0.203527835759911,0.999899862550801,-0.4541957033883572,0.0001815423448015,-1.2844558813456757,7.762747754130183e-16,0.0256417299659341,False,down
UTP3,4,0.7456349839433632,0.2171986494648332,0.1358169618300702,18.1804224227318,83.49873325138493,3.4329632609621243,0.0005970229905753,4,0,1.0,2.1256088246051714,7.0084670954337525e-06,0.238639815542637,0.999899862550801,0.4574364029492191,3.820421764977947e-08,0.7653543744852279,3.237708217559548e-08,0.0053654058797768,False,up
SSH3,4,-0.7454106322931788,0.2243612304517649,0.1464589093081346,14.28288833370042,78.99584502861714,-3.3223682665327225,0.0008925680620512,0,4,1.0,-0.6580901753479724,0.0291063617752625,-0.198520804164591,0.999899862550801,-0.5963739500284576,2.0005485260110265e-06,-1.2848266037781733,4.1186322308936546e-14,0.0075381928156887,False,down
RPS4X,4,-0.7452365861082717,0.2694550882186299,0.2116578681320806,27.771355725364984,89.19750252862178,-2.7657172519362603,0.0056797757906661,0,4,1.0,-2.0775528781919763,2.2068275440005685e-06,-0.333776993268066,0.999899862550801,-0.2256782267436528,0.0104606683984437,-0.6812566319902036,2.553793999276637e-08,0.0337031136184205,True,down
PARP4,4,-0.7437507575915067,0.241163552076423,0.1734762491440786,21.687297962237885,86.16701810790987,-3.0840097982792076,0.0020423086905729,0,4,1.0,-1.072830124627746,0.0054674151778007,-0.319638765021964,0.999899862550801,-0.4327816612813109,5.542399669414575e-09,-1.1079379020150872,5.989736546401861e-15,0.0148810693596275,False,down
KLHDC2,4,-0.7437256491409265,0.1433829036447901,0.0532195158777761,8.719834337533943,65.59567666226523,-5.186989733332479,2.137205080964655e-07,0,4,1.0,-0.9905746545250717,2.520745488216736e-06,-0.556743696067794,0.207733400620465,-0.9575517521022628,3.4619973556417606e-14,-0.4277926247636783,0.0309942910641975,5.025197096236053e-06,False,down
CUL4B,4,-0.7428128616890367,0.1972613840961449,0.1057913723071614,12.369934564376448,75.74764858789513,-3.765627343094129,0.0001661314236853,0,4,1.0,-1.4615645748455783,3.1305740020949883e-08,-0.128742473065798,0.999899862550801,-0.6206823075056871,1.1464956331135291e-11,-0.5922240772829181,0.0013647225574312,0.0018245441636182,False,down
RINT1,4,0.7423709524078903,0.2009314928242118,0.1188589586232136,13.257656983666063,77.37156721058544,3.6946470758437338,0.0002201924116498,4,0,1.0,1.1530802004052358,2.348751878444272e-09,0.254325073892599,0.999899862550801,0.4846473243163607,9.617696561720431e-05,0.9672787475835076,1.2120193054715832e-05,0.0023154394591507,False,up
SLC18A2,3,0.741758514978303,0.2774028315703772,0.0,1.1539634934630112,0.0,2.673939955043749,0.0074965872627584,3,0,1.0,0.9132827696942628,0.0178208698014699,,,0.2190994620430056,0.7883422855652743,0.9011760236842352,0.4046394107232133,0.0418441308701614,False,up
NKRF,4,0.741224945587649,0.2102992586748892,0.1473460450778758,20.76295086210093,85.55118672714308,3.5246198691244115,0.0004240908900594,4,0,1.0,0.2865255837508047,0.1348749033329944,0.451825611851414,0.757708079672924,0.8875507207696233,8.413399289640551e-18,1.284558550368892,4.443433103037615e-13,0.0040406131598779,False,up
NUMA1,4,-0.7411460396237451,0.1324121505759924,0.0357329968913401,7.312608238099967,58.974966218353174,-5.59726608471928,2.1775836360963395e-08,0,4,1.0,-0.5790297800631238,0.0929851382873436,-0.334246644739035,0.999899862550801,-0.663637995936534,5.32141937808812e-21,-1.0238554471326553,3.9374243798707265e-14,6.208087855808852e-07,False,down
RAPH1,4,0.7406958967946069,0.2034414354363665,0.1110132521017525,9.89050821858234,69.66788830564253,3.6408310588542103,0.0002717594210792,4,0,1.0,1.1286142009100415,0.0011584816062783,0.145777500368853,0.999899862550801,1.0201572932023697,6.459513291184573e-13,0.607021637960983,0.010085851869086,0.0027716186740191,False,up
PSMB9,4,-0.7406476485712008,0.0803161818718229,0.0,0.991836280160202,0.0,-9.221649128605304,2.9256542598781275e-20,0,4,1.0,-1.6836692857563,0.1303802617688561,-0.769524133319181,,-0.7332680101028584,6.9304269747113225e-16,-0.732844646185798,0.0022443832460951,4.264286397725676e-18,False,down
WDR5B-DT,3,-0.7403237681903628,0.2185943448437956,0.0,0.4423221518503629,0.0,-3.3867471215661475,0.0007072654687099,0,3,1.0,-0.7332925788525825,0.0550452506643322,,,-0.5697245836580167,0.2360959552223129,-0.9549735755734862,0.0524730823536713,0.0061795179439612,False,down
MAT2A,4,0.7395647450143766,0.281912685379145,0.2763517873764746,41.11134749369297,92.7027446608014,2.6233822859717515,0.0087061524163185,4,0,1.0,1.9032126583487168,2.6128731779985336e-10,0.961941927350307,0.0705919683971529,0.3243260199536293,8.767739748818932e-06,0.037543848185574,0.8290792364924883,0.0471490424534338,False,up
PLEKHG5,4,-0.7394360433436388,0.1989384632870371,0.0,2.749701600696619,0.0,-3.716908390293274,0.0002016755286529,0,4,1.0,-0.4910130832330277,0.1558903026972011,-0.615464952296976,0.999899862550801,-0.8634412839812975,0.0299638400004714,-1.5842478289396509,0.0241015985318701,0.0021526075218833,False,down
RNF6,4,0.7392216378542558,0.212290994366014,0.1488686381336439,22.15376126176824,86.4582814423606,3.4821149152457824,0.0004974701580563,4,0,1.0,1.5127954054885686,6.333737590630745e-13,0.129476634535745,0.999899862550801,0.6492651310472112,4.03613364116292e-16,0.6157530668872117,0.0001690765614635,0.0046100297720684,False,up
CTPS2,4,-0.737741338375268,0.1234159993942365,0.0,1.2592106861218335,0.0,-5.977679895607767,2.263379242827273e-09,0,4,1.0,-0.5984130536680619,0.0086765547893017,-0.314693657957509,0.999899862550801,-0.8632616568232787,8.36874236298976e-05,-0.8076428038855596,0.0037270845616233,7.932279260411699e-08,False,down
RPL28,4,-0.7377388372322599,0.2675907991624627,0.2361680580752549,27.38307234680305,89.04432650213464,-2.756966381285612,0.0058340349358517,0,4,1.0,-2.4088305404373793,5.144703489881536e-08,-0.261151468956619,0.999899862550801,-0.2830703496136189,0.0036382935252631,-0.597974481784265,0.0005112695063509,0.0344239342903917,True,down
C11ORF68,3,-0.7375240457350943,0.0846058381806055,0.0,1.3055119022005954,0.0,-8.717176752752257,2.852246900825002e-18,0,3,1.0,-1.050657715353729,0.0045257280046694,,,-0.6921080677737632,4.418319084811012e-12,-0.8333102568678518,0.0003138559745189,3.430333444822813e-16,False,down
RBL2,4,-0.7367816999999849,0.2049490380890927,0.1324706896169319,17.81229549073791,83.15770136667703,-3.594950758830597,0.0003244529375927,0,4,1.0,-1.5172547182581737,1.917922030774288e-09,-0.378482233684819,0.946011046829588,-0.4964668156052611,5.67987516511815e-12,-0.6429983518558872,0.0005749883041949,0.0032370284240607,False,down
CAB39L,4,0.7356830927949695,0.2290924162296039,0.1338091784104102,10.019522419620294,70.05845314417999,3.211293961200547,0.0013213868894834,4,0,1.0,1.1884584288852842,0.0002243458866056,0.0239743719883328,,0.4426391441281265,0.0025704411376522,1.0148150159160478,9.176008526500586e-06,0.0104500194217178,False,up
RRP8,4,0.7352627233812673,0.25786779737595,0.2249578441337804,32.11437075984441,90.65838772792902,2.851316569433114,0.0043538598754163,4,0,1.0,1.4055573259995542,3.8001244913573315e-18,0.675566422247137,0.829134530458773,0.423343260023441,9.311877508743757e-06,0.4399327764670231,0.0085222122495783,0.027308094043328,False,up
STX10,4,-0.7346997967593072,0.1631031604611869,0.0633477108148352,8.929992399985593,66.40534654872899,-4.504509873885254,6.652630488421462e-06,0,4,1.0,-1.0433964392019783,0.0011683022591088,-0.321334497760385,0.999899862550801,-0.5407667335093325,2.019555324322869e-09,-0.9843759439834469,1.5680798853836007e-09,0.0001127157385832,False,down
FOXN2,4,0.7345480122439475,0.1839019207082566,0.0768192880990173,8.09820340606384,62.954746261947,3.994237849256834,6.490268612631995e-05,4,0,1.0,1.5289214574600802,4.637046169225334e-05,0.391761247649567,0.999899862550801,0.5339633990170961,5.593393901382113e-07,0.6935613493204598,0.0006572012193623,0.0008148563713372,False,up
MEGF9,4,0.7342530021381195,0.1888040592652584,0.0916938018819946,12.195659707753636,75.40108471464902,3.888968303941696,0.0001006712631746,4,0,1.0,0.9701515447108552,2.6790634659223505e-06,0.327886898866106,0.999899862550801,0.4156699543281762,0.0003185763466462,0.9508443088366098,2.787233959226607e-10,0.0011829545281426,False,up
PPT2-EGFL8,3,-0.7335757279239112,0.1687033169232999,0.0,0.759025595898615,0.0,-4.348318345497781,1.3718537785922428e-05,0,3,1.0,-0.7189104504192543,0.0010742731029253,,,-0.570506385359758,0.2323359168150066,-1.1347189285885535,0.0630570636908652,0.0002112885221346,False,down
DDX56,4,0.7332700226776628,0.1338723744268676,0.0432796348028983,9.058875880577638,66.88330826529985,5.477381168571388,4.3166670308329746e-08,4,0,1.0,0.5355141318440979,0.0407233369464334,0.338393792565534,0.999899862550801,0.7199829580114668,2.4792645412298503e-19,1.0537503860885171,1.4048325408785224e-16,1.1571927488623988e-06,True,up
MORF4L2,4,0.7321810531631487,0.2459776844485814,0.2161937940286393,37.7900892633647,92.0614106542788,2.976615764167835,0.0029144902669667,4,0,1.0,0.6217482856397668,0.0012131693235437,0.0383345816585367,0.999899862550801,0.7002602097574325,1.9572422972110708e-23,1.4735205024682074,1.5886663313985065e-25,0.0197490813687412,False,up
CTSO,4,-0.7317744650470336,0.1484691881311677,0.0350460355237416,5.333901883483032,43.75599578819017,-4.928796838307855,8.273755469348548e-07,0,4,1.0,-0.3663424060579008,0.7709846843793253,-0.101199281468391,0.999899862550801,-0.7827558356959995,7.448693016269286e-12,-0.9507238687530916,3.2104371737885694e-08,1.730960875711903e-05,False,down
PLXND1,4,-0.7309650777473304,0.1880134106072579,0.1016572149477373,14.139345359181192,78.78261034163091,-3.887834784691218,0.0001011424307657,0,4,1.0,-1.0410866936157268,0.0033520620518252,-0.0273387956258642,0.999899862550801,-0.993560942532455,2.0213932737097327e-32,-0.7696456103810497,7.10852266225514e-07,0.0011878568616448,False,down
ZPR1,4,0.730190231083661,0.1117736764579514,0.0182052183191954,4.903851149949858,38.82359173910336,6.532756676017128,6.457000303854872e-11,4,0,1.0,0.2827597242271821,0.408480882456756,0.283250236584014,0.999899862550801,0.7497172405687854,4.03613364116292e-16,0.9071294372195988,1.700007033888717e-11,2.9362008199905344e-09,False,up
NOP53,4,-0.7287289525358676,0.2576785634526082,0.2068207813605394,21.863223264686127,86.27832701664967,-2.828054234592526,0.0046831871848745,0,4,1.0,-1.2073943418445847,0.00759457195199,-0.0242677922859027,0.999899862550801,-0.513446165569196,7.587048118073571e-11,-1.2173122160998489,3.434127587909636e-13,0.0289298103685533,False,down
CLOCK,4,0.7274885887630628,0.0738796537889715,0.0,1.6144392888797243,0.0,9.846940956721966,7.066192846507969e-23,4,0,1.0,0.8039040595724465,1.7304262063415153e-05,0.461216035342573,0.999899862550801,0.7681907094516939,1.165377900560096e-14,0.5710994003613034,0.0018656664675693,1.3406882617137403e-20,False,up
EMSY-DT,3,-0.7270366202405746,0.2657495238440301,0.1008089045182097,3.7143835826085647,46.155264917592994,-2.7357965114070213,0.0062229494291551,0,3,1.0,-0.1811868746956834,0.7675156871714925,,,-0.6749435302986868,0.0026175472217139,-1.321794072164634,0.0035508572415968,0.0361756191194601,False,down
OXA1L,4,-0.7270027352146939,0.276737517884755,0.2708865849620905,44.75741614185116,93.29720019919829,-2.6270479722863165,0.0086129190591152,0,4,1.0,-2.0931070289078555,3.303230119897318e-14,-0.338575228170017,0.999899862550801,-0.2839603758458491,0.0001147162974656,-0.3676564080159363,0.004690281717657,0.0467710751637305,False,down
POLR1F,4,0.7268353473325155,0.1472847863679466,0.0592603414640372,10.280882657575344,70.81962609708918,4.934897658178603,8.019279859599875e-07,4,0,1.0,0.627681110199942,0.0011669862302084,0.740071052788981,0.101284198659255,0.4980572749080922,3.645232121803316e-07,1.1078225806838642,3.432288885372656e-10,1.6793180821116425e-05,False,up
OSBPL5,4,-0.7265561692989563,0.1973734353011118,0.1049020581810232,11.314083883414344,73.4843754835706,-3.6811244035476514,0.0002322076658023,0,4,1.0,-1.3920193285125817,0.0009198293936462,-0.2793037693135,0.999899862550801,-0.4902782315618186,0.0002176989500537,-0.9596551158571268,2.8553487103570446e-09,0.0024267134456997,False,down
PELI3,4,-0.7265036129401032,0.1318671055258161,0.0,2.5502656325939355,0.0,-5.5093619446881155,3.6013671563780026e-08,0,4,1.0,-1.786721017704174,0.0254674954311359,-0.445998698185058,,-0.7006321924435702,7.74241669011907e-05,-0.7183760609327721,0.0133622817557191,9.80971407731726e-07,False,down
ALDH6A1,4,-0.7264987346209959,0.182314388761766,0.0946796185892517,11.564093351073968,74.05762899932499,-3.9848677855609447,6.75177082207337e-05,0,4,1.0,-1.2264302417250696,9.12605799195655e-07,-0.378470021226538,0.959093353685443,-0.8784292253645322,2.3542337245916005e-16,-0.3813095209901727,0.0771163681114629,0.0008430933861451,False,down
RNF208,3,-0.7262653672046688,0.1271917379708805,0.0,1.7976329685339465,0.0,-5.710004272218856,1.1297333756580306e-08,0,3,1.0,-1.4339586982497368,0.0218115145872252,,,-0.662320968976602,7.583213569523172e-05,-0.7463698597694324,0.0053088777099881,3.429558877911393e-07,False,down
C18ORF54,3,-0.7251626289285692,0.1136060924571556,0.0,1.1212810739324215,0.0,-6.383131513849494,1.735027757167809e-10,0,3,1.0,-0.9616702518653846,0.0195528273505368,,,-0.7511727033496834,1.34844251004407e-07,-0.5154403150527923,0.0847362878323454,7.386117196809732e-09,False,down
MIIP,3,0.724178407168074,0.2408609129827591,0.1375630666150469,11.66136155088784,82.84934403866649,3.0066248533231748,0.002641655472397,3,0,1.0,0.2725482085005059,0.4764319976640951,,,0.5981417899806059,2.1903617274005332e-12,1.207094455481084,8.777730924647255e-11,0.0182715887152689,False,up
RIPOR1,4,-0.723601732903683,0.2709150039665738,0.242116900544068,32.2342941720901,90.69314195625374,-2.670954809844946,0.0075635828723884,0,4,1.0,-1.269512164504249,1.3858397920835605e-06,-0.147284105803379,0.999899862550801,-0.3152745005783772,0.0007520933568975,-1.0381843843066467,6.332429559358606e-16,0.0421309612746562,False,down
PDP1,4,0.7228274253454794,0.2225730970231294,0.1257732369025248,11.496507428431228,73.905118413781,3.247595666381748,0.0011638453128043,4,0,1.0,1.8922575707441216,2.478664879813278e-05,0.0416277731391869,0.999899862550801,0.6556196757656315,2.1561791593419495e-10,0.5058259311091552,0.0083952090924561,0.0094277038975008,False,up
TYW1B,3,0.721883755441869,0.2155416227039625,0.0,1.4552811383824464,0.0,3.3491617367720505,0.0008105646412894,3,0,1.0,0.7427432748404741,0.1559290427348623,,,0.896314976475143,0.0051269556109262,0.2277304471089101,0.7224427578338124,0.0069388242668765,False,up
AR,3,-0.721489773007588,0.2343486926357557,0.1350244456764617,13.209888283194584,84.85982653960542,-3.078701932973816,0.0020790457725595,0,3,1.0,-1.0124451556029257,0.0003029867065882,,,-0.3549353238915707,5.84218207817288e-05,-0.9055091057873792,1.9497663238628353e-07,0.015083159250158,False,down
OTUD4,4,0.7214646685212749,0.1344633324203706,0.0545843882214517,12.934162567640788,76.80561084406406,5.365512333620968,8.071976388224331e-08,4,0,1.0,0.7282954578387931,1.2559423783948138e-06,0.384635874600701,0.315371773162671,0.659731716062285,2.5507881532813474e-13,1.1504413955618549,5.510096912286472e-12,2.0562051889864504e-06,False,up
TTLL11,4,0.7212566067579367,0.2044567058735584,0.0752385292597416,5.91513042917318,49.28260609091351,3.5276740064665884,0.0004192281142275,4,0,1.0,1.8608073555615356,0.0073593752117676,0.0107636199147494,0.999899862550801,0.7043715650861446,0.0001332158930402,0.7576717549849512,0.0007161199900119,0.0040081631477126,False,up
SCO2,4,0.7209687791261401,0.2037344959623687,0.0,1.0298235088266938,0.0,3.5387663523574737,0.000402001497168,4,0,1.0,0.7103848581692018,0.1566087204119123,0.359640971221511,,0.9462374762006964,0.0195967991469156,0.7299215926809741,0.1323394157853242,0.0038754493872846,False,up
RUSF1,4,-0.7195275469084673,0.2150425675432261,0.1462580109396487,19.766609788930232,84.82289056123285,-3.3459772877936533,0.0008199311150062,0,4,1.0,-1.3577679841537005,9.126962703167864e-09,-0.114883145456217,0.999899862550801,-0.4664739374629189,3.1139406652001635e-08,-0.8579521590040499,5.9509556240841264e-08,0.0070053819527064,False,down
NCAPD2,4,-0.71947627082435,0.0926713223584517,0.0064125756626136,3.636345387145802,17.49958596879255,-7.763742358627658,8.245932318406125e-15,0,4,1.0,-0.8087765008123249,0.0010197987892271,-0.578656005246136,0.910977363146255,-0.8519731904834283,2.809215458384824e-13,-0.5268865038574639,0.0004702853773066,6.672232514551485e-13,False,down
ARPP19,4,0.7191450317681402,0.1729472495778213,0.0863731249393093,14.614913490406048,79.47302252613846,4.158175591248968,3.207994010259865e-05,4,0,1.0,1.301544307434905,3.659635349151628e-11,0.134611304667597,0.999899862550801,0.5985701551677867,3.4748699414764626e-11,0.6425639910330776,2.7954763392305272e-06,0.0004415555983227,False,up
TMEM168,4,0.7190420504592947,0.136981090628732,0.0226794413068825,4.290883415724838,30.084327413653934,5.249206639828535,1.527556492826206e-07,4,0,1.0,0.3327441202543947,0.4090719910122064,0.4341225168097911,0.966245724273252,0.956255692512324,5.445286451867224e-08,0.768728055929214,0.0002136004587571,3.6703046780144072e-06,False,up
TYMS,4,-0.7180133995367217,0.2480366593884408,0.1896458934407124,14.670683189011188,79.55105456679007,-2.894787412905236,0.0037941539124991,0,4,1.0,-1.0324772665349482,6.659633695519465e-05,-0.303333722658068,0.999899862550801,-1.1535948929607778,1.5206387232582182e-19,-0.2060656399088119,0.5608227426263004,0.0244382597191086,False,down
ATP6V0A2,4,0.717524222040799,0.2298236317059509,0.1794252605048286,23.21931815816586,87.07972396276008,3.122064588026523,0.0017958753471917,4,0,1.0,1.4306443865009846,1.8239058455134242e-13,0.50210468116995,0.663275655991277,0.4420538037963337,3.239680071064976e-05,0.5111987906397735,0.0069588007933762,0.0133486729200751,False,up
FIGNL1,4,0.7174901650037878,0.2472949824096897,0.1902053939292017,16.424048836177196,81.73410204801687,2.9013535091267357,0.0037155445748114,4,0,1.0,1.5012950370730047,9.860033378685816e-05,0.5983112196582742,0.511831939231021,0.2151012273083523,0.1350312769346126,0.8160896644349617,8.2650590336318e-05,0.0240021780296521,False,up
ENSG00000240591,3,0.7171324324637388,0.2457703430756153,0.0,1.5560861900267746,0.0,2.917896534990396,0.0035240125955975,3,0,1.0,0.8674030638301709,0.0042094186371049,,,0.0609111024010907,0.9570716282731172,0.1438922903960401,0.911537668802331,0.0230120024648834,False,up
APOLD1,4,-0.7169185298981204,0.2611762116000833,0.1160555717788383,5.287666716994552,43.26420025002701,-2.7449610571573646,0.006051807863582,0,4,1.0,-0.0524228314710542,0.9358714094877324,-0.50627689018159,0.999899862550801,-1.125290113161043,2.3115856076094512e-06,-0.753698616596906,0.1136393592529124,0.0354428523867954,False,down
BCL10,4,0.7168282678283834,0.0729951802398271,0.0,2.936556273087037,0.0,9.820213683605264,9.214801025936697e-23,4,0,1.0,1.0956491041450445,0.001276572956636,0.325138966564481,0.999899862550801,0.7198767031585286,1.7275091016482157e-15,0.6972822175720882,9.291808902263004e-05,1.7042735779818548e-20,False,up
ILKAP,3,0.7162838838896992,0.1074242803828746,0.0140805096913425,3.2851433215590635,39.11985553644461,6.667802486893716,2.5966190260607087e-11,3,0,1.0,0.9637488584619262,4.742187061343744e-05,,,0.5827956308837934,1.7092926521631687e-09,0.7886158026610421,1.9235975535176587e-06,1.2699775143237807e-09,False,up
STX1A,4,0.7159527134916412,0.1305289218769975,0.0,1.7236524623666185,0.0,5.485012081585347,4.134411606103041e-08,4,0,1.0,1.0739384253784436,0.0059950934573322,0.4523282678595871,0.999899862550801,0.7367202847146143,0.0001761681540352,0.5815089363039709,0.0558063814929606,1.116494049554869e-06,False,up
CORO1B,4,-0.7156355938029899,0.2620893355571264,0.2209247597395099,23.51048822585096,87.23973755380652,-2.730502529916965,0.0063237847740623,0,4,1.0,-1.703846587995452,1.2315589968896865e-06,-0.542366334544164,0.866506005661154,-0.2192419183404832,0.0134170411131613,-0.6404475815039492,0.0002178740267497,0.036664957611259,False,down
TIGAR,4,0.7153522255736217,0.2089909823018896,0.135304340862378,14.732122925691275,79.63633608589896,3.422885608242598,0.0006196014611824,4,0,1.0,1.5242620097640434,1.2161775565137078e-08,0.4283458209196289,0.733987015841087,0.551890581425248,1.5830885876654792e-06,0.4633736889504592,0.0464938284107451,0.0055344190581024,False,up
GBE1,4,0.7150315108462075,0.1627351890220245,0.0510372008268346,7.036276985897639,57.36381603491863,4.393834641070995,1.1136854042431373e-05,4,0,1.0,0.2708365545845391,0.6898987518947816,0.145316138495347,0.999899862550801,0.6761804338405626,3.165694900439123e-13,1.0377679771337305,4.974217267020585e-11,0.0001764658175809,False,up
CBLL1-AS1,3,0.7145198774061718,0.1904646253497441,0.0,0.3744766499364522,0.0,3.7514571332819497,0.0001758098152658,3,0,1.0,1.020900474195356,0.1327460475504863,,,0.6431575927321654,0.0200839863247267,0.7511409841338424,0.0698521080685036,0.0019174421328967,False,up
HSPG2,4,-0.7130752002834128,0.1983900060448227,0.0957051416307583,10.044317971354758,70.13236728909165,-3.594310088998666,0.0003252522840212,0,4,1.0,-0.1306322007768101,0.6937556718057627,-0.461345041652927,0.999899862550801,-0.9493283719125272,2.303763843380346e-09,-0.9614057749295072,4.767417813211262e-12,0.0032420640937603,False,down
PSMD6,4,0.7127504826434131,0.1982403702776485,0.115821474935478,17.184044780861363,82.5419449363794,3.595385146048505,0.0003239120107409,4,0,1.0,0.4079344034460057,0.1593937089275216,0.112485118960674,0.999899862550801,0.74673806559162,2.6345750019153624e-21,1.2296825436472236,1.8322953738360252e-19,0.0032330972536947,False,up
CNNM3,4,-0.7120001475004746,0.2582984348588396,0.1976771685066841,19.39967689090047,84.5358249167172,-2.756501981475743,0.0058423258718831,0,4,1.0,-0.1545812736534805,0.5325174629864974,-0.134731633090468,0.999899862550801,-1.0206316168313017,9.877558318421331e-21,-1.1409452617780655,6.767201364247645e-09,0.0344636156832688,False,down
GOLGA3,4,0.7119657449152661,0.0911431635555173,0.006938799802443,3.689455215503674,18.687182123975223,7.811510124745577,5.6506809779785924e-15,4,0,1.0,0.7793824238467355,0.1011919154020458,0.109086157874576,0.999899862550801,0.6288694310165348,2.2366047700419932e-11,0.8692363699988559,1.7766432816800868e-11,4.711580418828738e-13,False,up
LIG1,4,-0.7118817061022473,0.1837339391715091,0.1010771309797577,14.493301265171016,79.30078216748777,-3.8745248118679423,0.0001068329586068,0,4,1.0,-0.6556527527923893,0.0426426677961778,-0.128716044498327,0.999899862550801,-0.9713243267981836,8.339741102006344e-24,-0.954466394458073,8.88656759177956e-10,0.0012440669767083,False,down
TUFT1,4,-0.7106305876156669,0.1857701130285637,0.0,1.2443850935506693,0.0,-3.8253224699626536,0.0001306010212903,0,4,1.0,-0.6007847175258862,0.0269680502222797,-0.573688197833536,0.999899862550801,-1.0940237838093216,0.0127554653872038,-0.6010478071164508,0.3695731018089312,0.0014816483905049,False,down
LARP4B,4,0.7101557784376633,0.1555015585515127,0.0730631479146903,15.582189215006522,80.74724957703098,4.566872416281353,4.950551144424014e-06,4,0,1.0,0.3881000146330532,0.2119491814142263,0.386712578452894,0.458594111946105,0.7984520918898271,1.4459149848585889e-22,1.096911434628132,1.4841349299429751e-19,8.640498028360675e-05,False,up
RBM25,4,0.7093545624284404,0.2438727953540507,0.1962929181205138,24.430474531399824,87.72025489662848,2.9087072274650825,0.0036292655904805,4,0,1.0,1.9278158845426283,2.670592694561755e-09,0.329995607368537,0.999899862550801,0.3977876800426089,2.8727955433887853e-08,0.4426415456616444,0.0147616530912317,0.0235554427546109,False,up
PEX13,4,0.7084180105295838,0.1658427797349854,0.0677779470924932,9.08519807859331,66.97925599367339,4.271624074690656,1.940545079672479e-05,4,0,1.0,1.2509698388935515,6.37909470354804e-08,0.222605407517156,0.999899862550801,0.6322426739641206,1.2692882314812152e-09,0.5546720522675014,0.0037111277980395,0.0002856819843378,False,up
ZBTB21,4,0.7081617399997661,0.2072212596275841,0.1334503775918469,14.871622460034764,79.82735234126575,3.4174183733486942,0.0006321804820281,4,0,1.0,1.4804822288907848,5.672710176095909e-08,0.667256730174538,0.145185869111528,0.506295433268312,2.8951266524146135e-05,0.3200849348049635,0.1580237108367214,0.0056171417961073,False,up
ZNF618,4,-0.7074518782708218,0.1215767933334824,0.0320355706551001,6.848994741549247,56.19795147745437,-5.818971358541238,5.921087811025872e-09,0,4,1.0,-0.1727819059419298,0.5740375049323565,-0.840857540100269,0.0095406308848714,-0.818594611295167,4.8949838121146116e-17,-0.7957864215674327,8.173477590386339e-07,1.9249220329818082e-07,False,down
EEF1A1,4,-0.7067363375678026,0.2096011805922912,0.1262756835821671,16.265041562850875,81.55553437470485,-3.3718146795295056,0.0007467467706061,0,4,1.0,-1.9167256615172064,5.468756307570959e-06,-0.240588883447651,0.999899862550801,-0.4420089314572491,1.5885584347020757e-08,-0.6922053606592207,8.151554895886505e-06,0.006465440469815,False,down
TASP1,4,0.7066115900846217,0.1916158869278883,0.0641984676783329,5.413125837278068,44.57915647664829,3.687646162400637,0.0002263380871176,4,0,1.0,0.5714455641742637,0.2238107543356677,0.279249863933862,0.999899862550801,0.5892000189390361,0.0016311420182498,1.2128076282440718,1.908243478210894e-05,0.0023710018845181,False,up
NTPCR,4,-0.7064993698023585,0.1873200869674728,0.1020563781746418,13.370019990079673,77.5617388588353,-3.771615640585509,0.000162193959828,0,4,1.0,-0.8861455666223077,0.0071280001168623,-0.193584661387538,0.999899862550801,-0.5975653388746952,2.045208565916506e-09,-1.1193976405221149,5.6987742382470895e-12,0.0017866500810088,False,down
TMEM59,4,-0.7064844210026032,0.1870931683312677,0.1149162031340114,21.31383345914945,85.92463431906859,-3.776110198485173,0.0001592965368495,0,4,1.0,-1.546542344853279,2.2916816780923832e-10,-0.552066567978692,0.158285774845369,-0.4446190919199664,1.425777720308699e-09,-0.4690352943509961,0.0014513501064761,0.0017600188150208,False,down
RNF122,4,-0.7054623214796107,0.208650783021019,0.0877429964933466,7.996699383395405,62.48452197378717,-3.3810672131939414,0.0007220487842539,0,4,1.0,-2.007590250881777,0.0008317129048983,-0.545250416353187,,-0.6497421074820106,6.713254104869011e-08,-0.4144986981242029,0.0302022470815869,0.0062936917594634,False,down
MYO18A,4,-0.7052488240260346,0.1115626813204474,0.0215739361288812,5.53027731487157,45.75317241447105,-6.32154781221429,2.5895622623854636e-10,0,4,1.0,-0.8598033901664437,0.0070652036580306,-0.1535996097818919,0.999899862550801,-0.7772705279560935,9.697825998731973e-18,-0.7911915194370952,1.8216265110499442e-08,1.0713096961060469e-08,False,down
DCUN1D1,4,0.7052261805898936,0.1999731410978482,0.1110127854688893,12.202394761524644,75.41466196898254,3.5266045065763185,0.0004209250089571,4,0,1.0,0.6733082451301106,0.0704345712246801,0.0203667536984911,0.999899862550801,0.7221780477345796,6.18332720906304e-12,1.1704357980165898,1.3454664071399668e-11,0.0040156647256776,False,up
PCTP,3,-0.7052035615544457,0.2220659433858137,0.1005083563979898,9.21036312030886,78.28532953722532,-3.175649317505821,0.0014950155923647,0,3,1.0,-1.130624810895798,0.042471376158814,,,-0.4067829747916094,8.223728094248049e-06,-0.8934493070725337,3.3610989613407425e-08,0.011504824535789,False,down
MBTD1,4,-0.7046222354386352,0.1744218066346994,0.0789550029045395,9.898759422327638,69.69317192179454,-4.039759987776999,5.3505927423408513e-05,0,4,1.0,-1.2684326788665583,2.7951297939002384e-08,-0.31358945529217,0.999899862550801,-0.5845348455050497,3.6869657075411454e-08,-0.5550833482276674,0.0064217116493984,0.0006866542021351,False,down
MPHOSPH10,4,0.7045634597950295,0.1185645898802067,0.0206873689927183,4.8290226572672825,37.87562799099221,5.942444202834034,2.8080325055103652e-09,4,0,1.0,0.2981305109743762,0.5189014977822506,0.817946701063738,0.384288683825297,0.5998441999230488,4.195771458115489e-09,0.9321772927969968,3.340576984397244e-09,9.668658181628255e-08,False,up
PP2D1,3,0.7026980980138654,0.2414723449974221,0.0,0.6425776525575224,0.0,2.9100562137720876,0.003613637547602,3,0,1.0,0.7876788281342973,0.0108848642277794,,,0.2538170905912489,0.7739286215263212,0.7722940471230967,0.4613424028168946,0.0234678515152475,False,up
TMEM53,4,-0.7018880473992218,0.1446175304931762,0.0,2.955168808582456,0.0,-4.8534091614317845,1.2135694326488935e-06,0,4,1.0,-1.2807453212592144,0.0053800511110481,-0.614207840781213,,-0.5362186785260837,0.0124038044009422,-0.8482163990888186,0.0146649973628944,2.452658369437052e-05,False,down
CCDC34,4,-0.7017011658801003,0.2383162793271517,0.1078658451350522,5.796795077631136,48.24726491408159,-2.944411384154043,0.0032356959192025,0,4,1.0,-1.239486031416872,0.0219752636321237,-0.0670436663095216,0.999899862550801,-0.9704142182775648,3.578479633861652e-05,-0.5260361569627426,0.2293653181026707,0.0214628586244745,False,down
RTN3,4,-0.7006639792752489,0.2078596826493711,0.1434120587984804,31.52661573384036,90.48423076765631,-3.370850808317486,0.0007493642832694,0,4,1.0,-2.154339459197031,4.458391412647332e-09,-0.155435413960044,0.999899862550801,-0.4469981354887558,8.307130320562875e-11,-0.6309687831027816,6.662045061333967e-07,0.00648384272684,False,down
TIMM8A,4,0.6991117951931007,0.1791574364646581,0.0650921720540531,6.422213029278184,53.28713036575834,3.9022203542804785,9.53143262297059e-05,4,0,1.0,1.267555397942271,0.0008705842929085,0.959465026545898,0.370868608084818,0.4033350279805424,0.0140427954931746,0.6019471057216206,0.0088538384140434,0.0011302656282271,False,up
SNHG7,3,-0.6989485066053838,0.117200011935133,0.0164992143646342,3.141108898884759,36.32821833365619,-5.96372385177087,2.465532860699868e-09,0,3,1.0,-0.7788358654258243,0.0035591324350239,,,-0.5721729897348603,2.7563782892549253e-10,-0.9355506312708344,1.2106332193569284e-05,8.599669212542536e-08,False,down
TMEM198,4,0.6984212143104114,0.2530529077150493,0.0,0.5586692017981792,0.0,2.7599809882321917,0.0057804725347514,4,0,1.0,0.5816239888648497,0.1889260450716771,0.368511196262948,,0.8946837744961276,0.1516876260168545,0.911298049410357,0.1809553933284834,0.034162841035807,False,up
JADE1,4,-0.6974913822438925,0.1675676746961328,0.0622536015301273,7.788193329526289,61.48015498502689,-4.162445910338752,3.148567389632751e-05,0,4,1.0,-0.9508108833249722,3.893687461985387e-06,-0.0014111663064743,0.999899862550801,-0.4705854401962541,0.0001738494881311,-0.9097277696695556,1.810458655061878e-05,0.0004341905994888,False,down
PIP5K1A,4,0.6968030389901125,0.1768258217628902,0.0775492521311388,12.061550828685217,75.12757652303473,3.9406181294294886,8.12719161785651e-05,4,0,1.0,0.1598530774484423,0.7488570687541111,0.0376281413564496,0.999899862550801,0.801053174722891,1.7409598557380193e-27,1.0916770031877394,9.082747514867192e-17,0.0009887858502896,False,up
BIRC6,4,0.6962757582207522,0.1143485549432436,0.0201053017881342,4.982199451003536,39.785630232131176,6.089064777131163,1.1357216339645207e-09,4,0,1.0,1.0772212988989185,7.239698058123774e-07,0.366393830604247,0.999899862550801,0.6131305081618337,3.3331357955729794e-08,0.6087539743096441,0.0001945288740397,4.233443562310388e-08,False,up
DOT1L,4,0.695988541505437,0.0987402059828964,0.0090100676349943,3.70579688985584,19.04575212386495,7.048684318381858,1.8061738724341277e-12,4,0,1.0,0.0658949710442698,0.8996618872417504,0.724409097848111,0.944881968731683,0.7224041436864509,1.5301593951455748e-17,0.8038178986485294,5.6617831009202274e-06,1.0271855493127318e-10,False,up
ELF2,4,-0.6948075419069294,0.1637553640717523,0.0718287539094264,10.43586426007591,71.25297986600893,-4.242960502976177,2.205902711735309e-05,0,4,1.0,-0.5053759679246861,0.0985234618418876,-0.194863539766003,0.999899862550801,-0.7717158321472876,1.0172056183754706e-17,-1.0995731936321989,1.3370234435473423e-10,0.0003185237681188,False,down
TCERG1,4,0.6947223261061513,0.1396934287337816,0.0656749113743246,20.25386822114702,85.1880146190163,4.973192600420068,6.585917035406381e-07,4,0,1.0,1.0558324382499866,4.2983032422870705e-18,0.563661657925101,0.0031690013275996,0.4530672563704805,2.8300546575397252e-09,0.7322092649617805,5.0381199849877496e-08,1.4100140859169166e-05,False,up
DOK1,4,-0.6940162471416685,0.1621257500191375,0.0606225823865337,8.802002125878438,65.91684531431989,-4.2807280586812775,1.8628287771817377e-05,0,4,1.0,-0.9882096250492622,0.0113949426573528,-0.323255355021834,0.999899862550801,-0.511696731928634,1.5968738881519402e-09,-0.9578945105946574,9.215852218819411e-10,0.0002757161974242,False,down
SCFD1,3,0.6938264866510288,0.071489625532364,0.0,0.9952463928282802,0.0,9.705275156839736,2.8630275868315586e-22,3,0,1.0,0.7206309627664781,6.466790509158761e-05,,,0.6505531033165416,1.0565818746964512e-12,0.8503520919661934,1.6490530016331144e-05,5.122957248664697e-20,False,up
RRN3,4,0.6936614539936666,0.0806239134921589,0.0049060876181129,3.609756869619986,16.891909667151022,8.603668861362436,7.720752480423112e-18,4,0,1.0,0.3671380132212178,0.121188839547836,0.782739900124003,0.408036930850985,0.700968840817724,6.691100508304571e-15,0.8271485147098913,1.1840656792095002e-08,8.759074295960426e-16,False,up
UTP11,4,0.6928066004135546,0.1924768570217535,0.1097196909976365,14.05572880563239,78.6563895655283,3.5994280618124104,0.0003189178415139,4,0,1.0,0.1167847935137053,0.7662286224773645,0.478051580946439,0.712204914407427,0.7529362480170406,2.600103692316723e-16,1.2099414206622614,1.2300688252474917e-12,0.0031977783867501,False,up
DCAF1,4,0.6922890888724619,0.1470484124811276,0.0631066698952614,12.247863243992068,75.50593160426095,4.707899100653746,2.502829257261841e-06,4,0,1.0,1.1433409743422414,3.6543045182232074e-08,0.275738391214267,0.955808511426917,0.5775875707894965,2.6706798789857844e-10,0.8041083417036816,5.60345731447471e-08,4.746669698558287e-05,False,up
CNN3,4,-0.6921068282153126,0.1684675451786117,0.0302051017536263,4.016453825434479,25.307245386408113,-4.108250212119676,3.986680669608176e-05,0,4,1.0,-0.4386231412907017,0.0188488468590291,-0.5649371137269351,0.999899862550801,-1.0110241796642707,0.0006046181405497,-0.9257835914487792,0.019647584304676,0.0005337156621496,False,down
ENSG00000269958,3,0.692069379860933,0.1256844465257912,0.0088219447033931,2.3823617308513585,16.049692450135105,5.506404324411901,3.662368552811481e-08,3,0,1.0,1.1647109829293665,0.0090036782876301,,,0.5687187572991507,9.04309230201365e-05,0.7786613693317427,0.0003666020432354,9.96354381691321e-07,False,up
RAB23,4,0.6918986005149124,0.1964721617955387,0.0691392788478123,5.508974818425639,45.54340691545685,3.5216113783842085,0.0004289324400664,4,0,1.0,0.4545123169863085,0.074431011939666,0.180083523509876,0.999899862550801,1.0351644965816584,6.776710512983743e-05,0.9860954567945844,0.0117269605780699,0.004083206779162,False,up
MSANTD4,4,0.691076653612134,0.1549575258976243,0.0517404181309665,7.070034363434171,57.56739153184552,4.459781153635009,8.204338374458781e-06,4,0,1.0,1.2099119930822515,3.321759008320392e-05,0.375710846123638,0.999899862550801,0.502215776568303,3.7325479490939673e-06,0.7419092876132589,0.0001341564955291,0.0001353592828211,False,up
PKMYT1,4,-0.6904692957253638,0.1094613561101987,0.0102683847888527,3.778321848906595,20.599670436541363,-6.307881797391975,2.8288011592536375e-10,0,4,1.0,-0.8569986166723084,8.808867615638403e-08,-0.150316832085692,0.999899862550801,-0.710789099296688,1.1606914058783272e-06,-0.5110594384277475,0.1081082194489436,1.1637212096077256e-08,False,down
H3-3B,3,0.6903805506869828,0.258991537644604,0.1801612392902664,27.379127489003903,92.69516531962807,2.665649067014474,0.0076839857308716,3,0,1.0,1.3269024310177089,3.4918137541061045e-08,,,0.2370060136590326,0.0005213765461712,0.6329665573372053,6.147918349110815e-07,0.0427062732198873,False,up
CCS,4,-0.6898055145022982,0.2343356482906848,0.1519826389595718,17.25375953452157,82.61248515723454,-2.9436644383129433,0.003243514647307,0,4,1.0,-0.4482911975889821,0.4126928591894112,-0.272776132382287,0.999899862550801,-0.5480236092163535,7.131931681914273e-09,-1.1842264570491918,1.3606582076161356e-17,0.021495487465396,False,down
OSGEP,3,-0.6878826056058818,0.2411411559050739,0.1432568773905083,15.37217335374708,86.98947797441741,-2.852613868520516,0.0043361274288709,0,3,1.0,-0.7510017015492042,0.021212948787649,,,-0.3657891597770228,2.7404301494349737e-05,-0.993373414687554,1.949938385606771e-11,0.0272274350557117,False,down
ITGAL,3,0.6875490017987822,0.0789877589689643,0.0,0.2274263637200397,0.0,8.704500681794663,3.1897592328562757e-18,3,0,1.0,,,0.675504757628251,,0.6627226666368683,1.9748625648783983e-11,0.7447994544339183,1.1531282338048425e-06,3.791521995627835e-16,False,up
BUB1,4,-0.687491929200011,0.182195988915835,0.0785692266423982,8.757946976683497,65.74539663248731,-3.7733647886046273,0.0001610605243952,0,4,1.0,-0.3370036087423281,0.0962361659893249,-0.458147058472905,0.999899862550801,-0.9505464036509096,1.983196953517696e-14,-0.8228755455425356,0.0015273440348702,0.001776832622263,False,down
TMEM185B,4,0.687356428169447,0.064131936868601,0.0,0.9948831431457088,0.0,10.717849198563291,8.393238201720463e-27,4,0,1.0,0.6829700621621521,0.0444622538768362,0.380844946254073,0.999899862550801,0.7082450118597304,3.344990082396531e-19,0.6774037560545206,4.952012689102445e-06,2.0525197731296182e-24,False,up
MAMDC4,4,0.6861855437648919,0.2487505514191074,0.1126369465856471,6.790355645236772,55.8196925649335,2.758528734309304,0.0058062200362165,4,0,1.0,2.067567887905667,0.0017099005797893,0.0156461848933685,,0.5318708519623043,0.001074795392149,0.4394122640299351,0.0819398315868643,0.0342781911955716,False,up
TMEM94,4,-0.6859890925999653,0.1509850568828656,0.0573085552145118,10.27653177849537,70.8072717073888,-4.543423745120396,5.534783292552583e-06,0,4,1.0,-0.4483561238280035,0.2206068063544706,-0.328134933713564,0.999899862550801,-0.6506283973102938,2.6968100080740084e-21,-1.0614443038153898,6.035546321354284e-14,9.554121214571748e-05,False,down
EPHA1,4,-0.6859089614481592,0.138588719810187,0.0,2.31712051882592,0.0,-4.949240907828497,7.450348322906276e-07,0,4,1.0,-0.5755774708430499,0.1037253633115614,-0.265943829004464,,-0.5391924777870977,0.0164368168718483,-1.0030567377403272,0.0002469346823111,1.5691360405631028e-05,False,down
ZNF710-AS1,3,-0.6851341408725224,0.1267085663368681,0.0,1.3692634499928216,0.0,-5.407165124503269,6.403010735815393e-08,0,3,1.0,-0.6959881387969489,0.0668374891582983,,,-0.5699653754641578,0.0020118663364977,-0.9103676651466625,0.0004537910391857,1.667738027036225e-06,False,down
SSBP2,4,-0.6849609008867326,0.1512448510348793,0.0441512789059996,6.9111179025251435,56.59168252788918,-4.528821286807114,5.931363884696913e-06,0,4,1.0,-0.8781548517548842,0.003319508799132,-0.33323830787256,0.999899862550801,-0.4545186776710816,3.685351361146831e-05,-0.8710012345175919,1.910888582801157e-09,0.0001016693050921,False,down
NOM1,4,0.6847744124998564,0.0702235587054054,0.0,1.7687494636587728,0.0,9.751348765626515,1.8203346446774316e-22,4,0,1.0,0.9044356767644558,0.0002012249756156,0.416009035504473,0.999899862550801,0.65303690992502,6.2930708060416945e-12,0.716568157074556,7.874830098414263e-07,3.311053321876495e-20,False,up
CHD7,4,0.6846216157014586,0.1729562005384646,0.0697257462495934,9.925812163468194,69.77577299879343,3.9583525399495705,7.546851087321347e-05,4,0,1.0,0.3398721431842017,0.4897454474895681,0.316140186828835,0.999899862550801,0.6082906109730284,1.4050966750629177e-12,1.0564271955427138,8.435060350692647e-14,0.0009263728141709,False,up
KANK3,4,-0.6846202356137386,0.2504011491378033,0.0230003378013096,3.276283333372883,8.432827849734641,-2.7340938249327738,0.006255221734906,0,4,1.0,-0.5472559406873861,0.2014343999004688,-0.249834787126262,,-0.4434961388249185,0.3749827399808255,-1.6011821269530049,0.0124629415660219,0.0363440272343052,False,down
SLC25A32,4,0.6845621288219559,0.229031622403472,0.0985109468223928,5.96288501020937,49.68878328420653,2.988941534090876,0.002799456942278,4,0,1.0,0.2480305883963628,0.7609090007443474,0.304419122572606,0.999899862550801,1.0144720019697444,1.363522634519323e-05,1.0179216916465252,0.0388072755580548,0.0190930424055153,False,up
PTK7,4,-0.6836575145318057,0.0798055384349359,0.0,2.000409786590351,0.0,-8.56654222174291,1.0663880740621376e-17,0,4,1.0,-0.941651896798694,0.0001875727748706,-0.441273707970943,0.999899862550801,-0.6868046054759241,2.7979199567809675e-11,-0.5448526279572898,0.0039241548672984,1.1913774173621112e-15,False,down
ENSG00000279267,3,0.6830772772283361,0.2046390887480267,0.0,1.7186688733196849,0.0,3.3379609018363685,0.0008439562393436,3,0,1.0,1.805705818813249,0.0789187558727522,,,0.6506617841137047,0.0216021121543214,0.5481873328732895,0.2453000112194978,0.0071772151745419,False,up
TSSC4,4,0.6828739498747605,0.0950458863945235,0.0056264262912904,3.396010567973291,11.661052286113074,7.184676536554524,6.736648541977066e-13,4,0,1.0,0.8827474743858772,0.0069854119654788,0.129066864653829,,0.5976641484701966,4.415110050188329e-10,0.8908151680758424,4.706007452967169e-06,4.1531343910468696e-11,False,up
MCCC1,4,-0.6814937950157357,0.0721349696894243,0.0,2.694783068542555,0.0,-9.447481546743465,3.4708081980548194e-21,0,4,1.0,-0.6902475450953816,0.0084317268984433,-0.299059495363169,0.999899862550801,-0.751268288773903,8.481197112730959e-16,-0.5664908490405772,0.0010195045235035,5.417660824892802e-19,False,down
CCDC115,4,-0.6801967761815019,0.1812750326342255,0.0930159394084777,14.25141689929164,78.94946150828615,-3.752291566561151,0.0001752255024261,0,4,1.0,-1.959694680929843,1.180276770276411e-05,-0.453323641396619,0.422194412479455,-0.4191554435506849,1.939534581739424e-06,-0.6296833459749326,7.497601989248456e-05,0.001912016897817,False,down
CDS1,4,-0.6801662955883122,0.2495638467528603,0.0,1.8862520527711797,0.0,-2.7254199854591583,0.0064219740066802,0,4,1.0,-0.9934628484417084,0.0129353436696949,-0.135773482481325,,-0.4462249027572325,0.4845496905895332,-0.8063129518621798,0.51355583252822,0.0370974346228413,False,down
EHMT2,4,-0.6801550841318103,0.1234022467037139,0.0373025612072797,8.186180094541,63.352870748585566,-5.511691256033997,3.5540195158658964e-08,0,4,1.0,-1.055970518142017,1.6020344259549195e-09,-0.499769595803671,0.506360448150603,-0.6867835171321177,1.7462339595448043e-14,-0.437401979506976,0.0166834790637179,9.704766194130582e-07,False,down
ACTR3B,4,0.6799820966104392,0.122765449497301,0.0016943785258211,3.0669356630172917,2.1824932235924215,5.538871884514938,3.0442623411304143e-08,4,0,1.0,0.1604728548388296,0.8490781181186255,0.804001834059217,0.491473301213517,0.565381187140911,0.0007821502362959,0.9940526163553112,0.0002387692443791,8.449075645137361e-07,False,up
RECQL5,4,-0.6797826617359397,0.0704009088093972,0.0,1.1032773893833394,0.0,-9.655879067930462,4.641610572145014e-22,0,4,1.0,-0.8599951803100543,0.0024645363705747,-0.618913170042305,0.655730550236881,-0.6363811168685087,1.7644306956402529e-12,-0.7666388445141895,2.647726254342493e-06,7.919163339716251e-20,False,down
TMSB15B,4,-0.6796056035396532,0.2536052526812454,0.0,0.8450904513645104,0.0,-2.6797773167334373,0.0073671151475842,0,4,1.0,-0.3349241459606128,0.7872468553062558,-0.577946934913623,0.779782562284993,-0.9605607823541368,0.1113083579507174,-1.3345483882723024,,0.0412730847480892,False,down
PPP2CB,4,0.6795981184822857,0.2229861688076963,0.1531563655458137,21.254243339181436,85.88517148258292,3.047714224232321,0.0023058910225578,4,0,1.0,0.1092842439823577,0.7487057874190957,0.0146229905822974,0.999899862550801,0.9709711971758584,3.456304489392505e-28,1.1938724350009078,5.263284741265399e-20,0.0163658031330138,False,up
GNB5,4,-0.6785240885344499,0.2060358815243599,0.1166564139216165,10.32755135786554,70.95148795638593,-3.2932326326578556,0.0009904248996861,0,4,1.0,-1.1627848753437298,4.553492172748007e-05,-0.279662236953894,0.999899862550801,-0.3817998952936403,0.0131624680021607,-0.9194272796514056,0.0001081422607751,0.0082132426302843,False,down
HMGN2P5,3,-0.6783294089703126,0.2187008913888547,0.0,1.9997407784509087,0.0,-3.1016307462790755,0.001924578611215,0,3,1.0,-1.3219943934032454,0.0241459107043349,,,-0.6163141061189767,0.0964984448145973,-0.4321821903579601,0.3507123059474066,0.0141808003529403,False,down
MCRIP2,4,0.6777068674610364,0.0801968439320376,0.0,2.676510152283869,0.0,8.450542867190078,2.899514283528312e-17,4,0,1.0,0.320028094202703,0.289752546271191,0.527486974284515,,0.7101731166859309,8.07863414099638e-12,0.7834991043772968,3.407665601139894e-05,3.128206365988952e-15,False,up
USP45,4,0.6771502427482357,0.0962380831601933,0.0,1.7498294918275985,0.0,7.036198358409563,1.975556499130527e-12,4,0,1.0,0.6758563977290148,0.004104645211915,0.31581655173878,0.999899862550801,0.641155346017382,6.628058610723192e-07,0.9562031539135826,0.0010003454176816,1.1120210483213239e-10,False,up
TOE1,4,0.6764026169267946,0.1523279471902245,0.034613013914649,4.870821483163725,38.40874664839037,4.440436764253868,8.977648305455937e-06,4,0,1.0,0.0833933131567645,0.9085195138058788,0.558879182515779,0.999899862550801,0.5929761967254242,9.484256245583714e-07,1.0018681317155411,1.4448487338899883e-06,0.0001462539315727,False,up
TDG,4,0.6763996597687976,0.065075320391034,0.0,2.625284882575815,0.0,10.394104181191096,2.637536446633817e-25,4,0,1.0,0.3785987737048024,0.2166645187252695,0.292684104597244,0.999899862550801,0.6799546559735093,9.292775230735234e-18,0.7947114638466424,3.0551147137076393e-07,5.984488624119967e-23,False,up
IFT172,4,-0.6763615358957474,0.0934243660106357,0.0,1.062138800959772,0.0,-7.239669529239813,4.49779341645941e-13,0,4,1.0,-0.8458688791788352,0.0349358347129489,-0.556383481229872,0.860515646338543,-0.6161501481638533,2.0784177467403297e-06,-0.7988588155005523,4.1040376501122725e-05,2.8527935245779585e-11,False,down
ENSG00000228801,3,-0.6758246616634512,0.1648962523424253,0.0,0.6739536230964507,0.0,-4.098484059298245,4.158648725792041e-05,0,3,1.0,-0.812568232490302,0.1212543677261536,,,-0.7655131879480166,0.0025642130694808,-0.4939689146294103,0.1314829533627545,0.000554377345887,False,down
XPO1,4,0.6753409974397833,0.1512771271426176,0.0542778047450478,9.14756551988033,67.20438904230723,4.464263766743141,8.034453843087362e-06,4,0,1.0,1.283020815778087,4.886407582272551e-06,0.126383653198258,0.999899862550801,0.5512621358253009,3.30777079546641e-10,0.672482827526992,2.457793741384653e-06,0.000132903965464,False,up
UBR3,4,0.6753108022304556,0.2500055005704633,0.2133175453300141,26.84575365672561,88.82504831728419,2.70118377671503,0.0069093148783715,4,0,1.0,1.7993110585440324,2.5058504110471056e-10,0.0618295490683518,0.999899862550801,0.4729921660968569,2.55360009446719e-06,0.4992331787957175,0.0017127579114253,0.0392330008147776,False,up
TJP3,4,-0.6752115033130366,0.2423697111345699,0.0,1.352304982690007,0.0,-2.7858741100621343,0.0053383599581501,0,4,1.0,-1.161815474829685,0.093931658199564,-0.430408420549543,,-0.4128605918987513,0.3567902232632091,-0.818640087712377,0.089519894340148,0.0322072270611091,False,down
RBMXL1,4,0.6751015976013427,0.204811105491081,0.1183006698367277,11.061846491360244,72.87975382461578,3.2962157788398905,0.0009799671605235,4,0,1.0,1.3833495261839597,3.9505017878679543e-05,0.106490126301409,0.999899862550801,0.616855786411572,1.2228944514504212e-05,0.7391398859083432,0.0018502255111685,0.008141977061519,False,up
PLXNA3,4,0.6733932708689466,0.0667351570310231,0.0,0.5280913100975532,0.0,10.090532499322752,6.083858184681658e-24,4,0,1.0,0.5289231417479866,0.0880817516005895,0.485159209045757,0.999899862550801,0.6991154815812181,5.735382625638486e-18,0.6324765319946284,6.693446587318835e-05,1.217269407151442e-21,False,up
RBM14,3,0.6720305813681837,0.1652410129969445,0.05225969164861,6.300304502458062,68.25550258372908,4.0669720499753295,4.762795292190528e-05,3,0,1.0,1.1803103987224353,0.0008433327370794,,,0.4518181683490651,2.4400759330571757e-07,0.7073683693293632,1.342774039314425e-05,0.0006228423148295,False,up
B9D1,4,-0.6710881928749011,0.2448649810016464,0.131541282599965,6.999648988102005,57.14070798265175,-2.740645845435893,0.0061318561466406,0,4,1.0,-0.7000435608680227,0.0050091468172246,-0.440606763717073,0.999899862550801,-0.2664754733486381,0.4637978235442782,-1.8407195019101597,0.0023065375073109,0.0357783727283705,False,down
ATG4A,4,0.6708101345582235,0.1060659762252263,0.0,0.9808618731346956,0.0,6.324461042377892,2.5411795119052225e-10,4,0,1.0,0.2411895625040401,0.7347868932219469,0.554389628236644,,0.7266065833225265,1.6151237425051484e-07,0.6189510181405585,0.0067123135916112,1.0532734440211308e-08,False,up
HCCS,4,0.6706741064127498,0.1666019498951748,0.0621017262610058,8.014643573688655,62.568516336163384,4.025607784511134,5.682834248866947e-05,4,0,1.0,0.6602808994184413,0.2389204987724413,0.195385395277976,0.999899862550801,0.6267778697555981,4.447516419926785e-12,1.0499573860390663,9.7061262764479e-09,0.0007246436789299,False,up
LMBRD1,4,-0.6699011158730356,0.0804461664392128,0.0,2.783343173799333,0.0,-8.327321804442107,8.26917386799111e-17,0,4,1.0,-0.9082586203211206,0.0048779405581056,-0.356728596722138,0.913019581958274,-0.7223253741933027,3.7953573179061464e-10,-0.6407947325810199,0.00013955034403,8.504497554234411e-15,False,down
TRAPPC2L,3,-0.6697538099387331,0.1777831485613727,0.0574759317733328,5.879670747088912,65.98448984596253,-3.767251369763691,0.0001650547877271,0,3,1.0,-1.4885450654883186,0.000871577895345,,,-0.4864000595237094,3.695389880353691e-07,-0.5969078187297779,0.0007821550223171,0.0018145308806632,False,down
LETMD1,4,-0.6683162856446985,0.1338451010597448,0.0373302292283487,6.679494712224565,55.08642301176599,-4.993206926164448,5.938487218799016e-07,0,4,1.0,-0.5926777719446777,0.0281822958474623,-0.0404534768501686,0.999899862550801,-0.7451756311690062,7.667793517194664e-17,-0.9194843732296384,2.140453196061178e-07,1.2801191498388591e-05,False,down
PRORP,4,0.6681319933616637,0.1954379662865006,0.0771305156101699,6.289179791248329,52.29902627088778,3.4186397149785175,0.0006293499823294,4,0,1.0,1.2324969390919875,0.0018803898211358,0.180309328573424,0.999899862550801,0.453786198778035,0.0103224358387769,0.8726320591534309,0.0013434527155827,0.0055980293706395,False,up
LPIN2,4,-0.6679858208778247,0.1473907734361612,0.0474307416728483,8.207912973518077,63.44990487010318,-4.5320735165769825,5.840751416242447e-06,0,4,1.0,-0.2553141830291458,0.3116797585568706,-0.602633859707268,0.999899862550801,-0.6816913636840559,2.577186839517903e-16,-0.9725596598828204,1.8788460805397126e-10,0.0001003505838564,False,down
ICAM3,4,-0.6679206252070182,0.1092917077850969,0.0,1.7071739750022337,0.0,-6.111356833405582,9.878760144609134e-10,0,4,1.0,-0.1418434831286988,0.8363070957438408,-0.962382542329404,,-0.6490458778152361,1.0377162956068475e-05,-0.7748195892291978,0.000439996348223,3.755123178285017e-08,False,down
UTP14A,4,0.6673890211730157,0.0967079791284002,0.0101672694880975,4.0266167702701345,25.49576552330461,6.901075042493817,5.161045839161262e-12,4,0,1.0,0.6053459386791425,0.0953347104444756,0.635151506522757,0.60796739480081,0.553369706071065,2.3468434306349152e-09,0.8941719044754061,5.463603754663896e-09,2.7704745822951275e-10,False,up
RINL,4,-0.667247352145294,0.0868434564958846,0.0,1.838009294442388,0.0,-7.683334808039495,1.5499979649853833e-14,0,4,1.0,-1.2620850018746954,0.0437681259194922,-0.560239504438225,,-0.6077608383649091,3.277042252734696e-08,-0.7627911290495352,1.5296944192946146e-05,1.2140179790520748e-12,False,down
BBS7,4,0.667194683275961,0.1430671844807677,0.0446567780868047,6.777570320193545,55.73635007427957,4.6635060702243045,3.108670111652052e-06,4,0,1.0,0.6954080311716379,0.0002615330219799,0.0978635610627751,0.999899862550801,0.7810621826914524,5.3700427272668394e-08,0.9302557179109912,7.678078359112209e-05,5.764003410897221e-05,False,up
THYN1,4,-0.666975558614264,0.0779387152149932,0.0,1.2509434790047422,0.0,-8.557692499477547,1.1514900630543296e-17,0,4,1.0,-0.8593935033116908,0.0054215844347239,-0.362902298127271,0.999899862550801,-0.6289642008340954,1.414026163126274e-10,-0.7539769513732517,4.177877538265289e-05,1.2799568079678152e-15,False,down
MIRLET7IHG,3,0.666706231693226,0.2203726635698091,0.0,0.8352224741104415,0.0,3.0253581405845664,0.0024833887128742,3,0,1.0,0.8067266784087772,0.2588543931998092,,,0.8367967240087625,0.0225786278741902,0.4187317782452538,0.3312110653842404,0.0173624212775253,False,up
TAB1,4,-0.6666517639728121,0.1467551859546781,0.0494017849710877,8.286315316944895,63.79572964276144,-4.542611285836888,5.556164795368328e-06,0,4,1.0,-1.5598210880674996,5.1564827269501074e-05,-0.365739783730598,0.960832380776417,-0.569894035862871,2.623092692513269e-09,-0.613349213827955,3.6627850561037245e-05,9.576008690780072e-05,False,down
SCPEP1,4,-0.6665401987115043,0.0834164934939955,0.0050238504461569,3.516525605066638,14.688521088042805,-7.990508480909507,1.3438332134881106e-15,0,4,1.0,-0.4314904010710186,0.4172404281687973,-0.492655964305247,0.714387129174997,-0.6132116005275945,2.7679449891723693e-13,-0.891282374147239,1.0352941828738056e-08,1.1783436332932206e-13,False,down
C19ORF47,3,0.6664429952190367,0.0884408210665766,0.0,1.4083500325509084,0.0,7.535468205539953,4.8658574315926785e-14,3,0,1.0,0.4996631513640119,0.2479772106335226,,,0.6172178629508005,3.8979071053678874e-08,0.8408587625877911,8.554450029265462e-06,3.6058133404687963e-12,False,up
CCNI,4,-0.6663098637254008,0.2207214158071978,0.1562141105210689,25.442933505332377,88.20890680954201,-3.0187821208406365,0.0025379297996327,0,4,1.0,-1.5901574885097305,4.870069550153801e-10,-0.34066047094216,0.999899862550801,-0.3374854732665765,3.0054811784634265e-06,-0.4883533557070821,0.0002270782974867,0.0176819553529967,False,down
IFT140,4,-0.6642060502710196,0.0919224610023733,0.0039011563323998,3.3585724728870714,10.676335728400645,-7.225720928575556,4.984504090762867e-13,0,4,1.0,-0.5472015587987203,0.1443902257274858,-0.53614541084133,0.205100514769026,-0.5994425442784648,3.0250734665963783e-06,-0.9396333372900442,4.755457523033784e-07,3.143379671449855e-11,False,down
NLRX1,4,-0.6632037037565315,0.086325546277049,0.0,2.093353745514743,0.0,-7.682589133326508,1.5590499417123732e-14,0,4,1.0,-0.4558846300660804,0.2957101433540769,-0.257851974433648,0.999899862550801,-0.6069075432141305,4.345210451176286e-07,-0.8159464681834547,1.7265821185210112e-07,1.2167776655016889e-12,False,down
SMN1,3,0.6627441495208549,0.2417870566547339,0.1170655239622642,6.498474814445767,69.22354772301178,2.741024100670688,0.0061248014773839,3,0,1.0,0.1686685710200179,0.7496624122773896,,,0.5475858426213887,0.0001152163745553,1.1306842232763243,5.190543933991479e-06,0.0357783727283705,False,up
EPHB4,4,-0.6627212351148887,0.1699180643902217,0.0582051458898509,7.324330553773992,59.040625242477674,-3.9002400215254935,9.609736947758444e-05,0,4,1.0,-1.2501291758268165,1.5458190160890378e-05,-0.758344680458148,0.999899862550801,-0.5369650956604314,1.2475448081733407e-09,-0.4238389660242819,0.0377869856225352,0.0011383245451195,False,down
ESF1,4,0.6626705754917731,0.1001150434365393,0.010668010977977,3.989924209204965,24.810601838530115,6.619090925249661,3.614145105718172e-11,4,0,1.0,0.5607729453056335,0.0846047998498737,0.501598777489651,0.891707568158956,0.5716371274424066,6.335391081968319e-09,0.9219962667510944,3.3236137645764844e-08,1.7143043024084316e-09,False,up
ITPKC,3,0.6624972092073453,0.2001130596848702,0.0822834827137729,6.902723360724122,71.02592852873373,3.310614560841848,0.0009309133788422,3,0,1.0,0.0253052685973765,0.9561712358285755,,,0.7923829990032617,9.967284661779259e-12,0.9303866599634456,1.9005631131861408e-06,0.0077931541933045,False,up
WIPF1,4,-0.6616374569282192,0.170126620240393,0.0656655483468083,11.31296036413918,73.48174214850373,-3.8890883507431657,0.0001006214850836,0,4,1.0,-0.5703660776169257,0.0605454412802344,-0.0436352028857705,0.999899862550801,-0.4831810972145328,1.5661329498490236e-12,-0.947726235654995,1.1655313786671481e-13,0.0011829545281426,False,down
C7ORF31,3,-0.6614958249580423,0.1282414537614773,0.0,1.3195862670783498,0.0,-5.158205912016493,2.493273383735059e-07,0,3,1.0,-0.7981567819292062,0.0871349316023463,,,-0.5718404587590004,0.0005118829016505,-0.9394393911933708,0.0049897452315094,5.788444504496299e-06,False,down
EXOSC9,4,0.6613725961171203,0.2523504118663147,0.2041767084213349,28.997673315125866,89.65434237637567,2.620850075994682,0.0087710825154318,4,0,1.0,1.1996196805302035,2.3363166089578344e-19,0.711086445359009,0.975046423995903,0.3689167305688293,0.0006561336588599,0.3872588374356798,0.0414940043750839,0.0474423089412974,False,up
UFM1,4,0.6611468418941535,0.2442508133188087,0.2045093090694638,27.19888001121752,88.97013406889283,2.706835784539192,0.0067927848808018,4,0,1.0,1.777061173153517,1.2971777400195748e-10,0.273630382550611,0.999899862550801,0.4578126663745023,6.321032386567679e-07,0.2977225567895706,0.0864077804852238,0.0387311923423752,False,up
RAMAC,4,0.6609903643273068,0.1634606142704943,0.0524465730513913,6.180015958202368,51.456436030423546,4.043728620972273,5.260780848242501e-05,4,0,1.0,1.0316330159683813,0.0010144786559395,0.16398712788668,0.999899862550801,0.4805710250965989,0.0001710945703537,0.8772382707400639,0.0001199146340724,0.0006782924762095,False,up
SRSF7,4,0.6604254766883081,0.0837132523195272,0.0085083170862636,4.223721789004751,28.97259455370284,7.889138916351183,3.0427867132403176e-15,4,0,1.0,0.4480390200561067,0.195966907511712,0.613499057987872,0.442197418200016,0.5872262306037758,1.9830845688190063e-16,0.858526653311198,1.9343920812912198e-11,2.6262232459492614e-13,False,up
BCL7A,4,-0.659757109094996,0.1411948229406137,0.030441558844651,4.940578120994056,39.27836122554028,-4.672672094871982,2.9730621863032715e-06,0,4,1.0,-0.5278002829415848,0.0123809248945179,-0.158383835104107,0.999899862550801,-0.919340258684234,2.916420361692863e-10,-0.5378519745634143,0.0516792583231632,5.526530883306479e-05,False,down
TIMM44,4,0.659739355862624,0.0720861061606346,0.0,2.593802380749762,0.0,9.152101438139542,5.583662092890304e-20,4,0,1.0,0.4425093298131445,0.3271523397244676,0.168664531535111,0.999899862550801,0.711624189515692,8.247866453748013e-16,0.6135782944806536,0.0003397362468186,7.877616602719402e-18,False,up
ATL3,4,0.6597298201644999,0.1385777256005787,0.0546436455445276,11.64912251501276,74.24698730626481,4.7607205076090855,1.9290303918222923e-06,4,0,1.0,0.6146436345194259,0.000451701109664,0.192126968505173,0.999899862550801,0.6637398709041901,1.012634389909843e-14,1.0304805109759374,5.602756605552985e-13,3.734039568479932e-05,False,up
NDUFC1,4,-0.6596144288682102,0.0895749485122912,0.0101824762202446,4.350773102437659,31.0467374564039,-7.36382705012328,1.7871120354889959e-13,0,4,1.0,-0.8711828959475397,0.0006348497114279,-0.376865777697734,0.760446711358617,-0.7565461325529044,6.624298868978732e-17,-0.5636791464959963,0.0002021339445911,1.2102322704331478e-11,False,down
TP53TG1,3,-0.6594137950261879,0.2094079628910365,0.0,0.1739150359998235,0.0,-3.148943268070984,0.0016386200285822,0,3,1.0,-0.5680978954594202,0.3849626194353537,,,-0.7219599535605848,0.0131091332728828,-0.5179682495708656,0.390209685253817,0.0124231444054658,False,down
PLEKHA5,4,-0.6592325330112101,0.150471762568075,0.0531075006359716,7.397292337997593,59.444620235029355,-4.381104612321971,1.18079158444887e-05,0,4,1.0,-0.9164550738863192,3.835122739680942e-06,-0.212212044684207,0.999899862550801,-0.6921582999936899,1.4299599593520496e-05,-0.820280546402668,0.0029652889250066,0.0001857615581282,False,down
KPNA4,4,0.6590849376891096,0.1821638175773524,0.1051687094863709,18.193032124319693,83.51017038006697,3.618089181784091,0.000296786136646,4,0,1.0,0.0482709006780056,0.8896417262259406,0.47448783917092,0.536273986837176,0.8304055301207536,8.751827710241229e-20,1.0826916897564076,6.840730302462587e-18,0.0029949408901616,False,up
FAR1,4,0.6590083683594601,0.1433340748819743,0.048943726053397,8.731896010884466,65.6432005573538,4.597709015822705,4.271620126299806e-06,4,0,1.0,1.2552589194591304,2.8772645468741815e-05,0.552555901887142,0.681649644432094,0.6716008285536057,4.96110416998445e-18,0.3725922407755091,0.0212011179952097,7.575671825925257e-05,False,up
AMZ2,4,-0.6585424391297411,0.0865772475935085,0.0,2.3898406083749197,0.0,-7.60641458852658,2.8180431348215454e-14,0,4,1.0,-1.015964274181287,0.0544566236152276,-0.360780420171402,0.999899862550801,-0.6047102489523156,5.647512588173751e-08,-0.8251000329076569,1.4210255237119744e-05,2.153552477579424e-12,False,down
TXLNA,4,0.6581785403175447,0.1552501254006474,0.0553620277888789,9.876321258850776,69.62431738121604,4.2394718755879355,2.240462599804868e-05,4,0,1.0,1.669693516181014,5.449288521474739e-05,0.121504142934819,0.999899862550801,0.6167190799040285,3.3340588748108756e-14,0.5692237020750276,5.281170241381639e-06,0.0003227116581093,False,up
MYO19,4,0.6581476602076914,0.0733845201598893,0.0,2.48240812439198,0.0,8.968480801860212,3.006321327351865e-19,4,0,1.0,0.6982446765891944,0.0001386809195357,0.298195698974813,0.999899862550801,0.6034238288730538,9.71082728273738e-09,0.8190839865018704,4.77536202631835e-07,3.962043478663904e-17,False,up
SNX6,4,-0.6581138595661408,0.1714602610371789,0.074821597353313,10.48788765778963,71.39557461056687,-3.8382879833796424,0.0001238951253317,0,4,1.0,-0.8152399452948976,0.0489182177595302,-0.14686241461439,0.999899862550801,-0.5734543095675267,1.1886354169018928e-08,-1.001818367404098,5.610384015078914e-12,0.0014143194053045,False,down
RAB13,4,-0.6580266877316238,0.1776014725858731,0.0614483454149854,6.715485888033473,55.32713417884191,-3.70507450276606,0.000211328607621,0,4,1.0,-1.456607352118264,0.0034225650150209,-0.310905992186245,0.999899862550801,-0.4434580275837125,0.0001316214644399,-0.7632606723276064,7.556467152520375e-05,0.0022393506620758,False,down
ERP44,4,0.6576474411972469,0.2403598364985911,0.1897924871597887,27.97057599992531,89.27444325777199,2.736095392547422,0.0062172999999408,4,0,1.0,1.8070848430044395,1.2015937844885155e-09,0.0568612792501967,0.999899862550801,0.346501117404332,7.892046887425332e-06,0.5454059481329024,5.87814113476438e-05,0.0361523264725756,False,up
EEF1A1P5,3,-0.6573701591599167,0.177275351568356,0.0519742889758554,5.521845450967255,63.78022496718625,-3.7081870285076817,0.0002087484569822,0,3,1.0,-2.1029765874561113,0.0145363490239817,,,-0.493805761224477,1.479506616801181e-09,-0.7010957185168976,3.543950110718788e-05,0.002215209638246,False,down
GRK2,4,-0.6570523140351051,0.1415918659265094,0.0446520578367774,8.253268363718721,63.65076394234352,-4.640466524935378,3.4762348721113956e-06,0,4,1.0,-0.1458313465047312,0.7302934856384491,-0.414811357996897,0.999899862550801,-0.6738356177028065,3.986677315525179e-16,-0.9620302530435848,7.526300621342637e-13,6.333481233468518e-05,False,down
ZFAND4,4,0.6563974036417384,0.1557862375989177,0.0,0.9819230231384376,0.0,4.213449235045256,2.51500134192586e-05,4,0,1.0,0.7206298537184229,0.0885354822941309,0.418069566694652,,0.8074045763597113,0.0028120407930342,0.5262948134354841,0.1612542937764291,0.0003571139647383,False,up
FMNL3,4,0.6562565449617426,0.2285096712195471,0.1607097412244354,17.38996461438177,82.74867104951466,2.871898337866084,0.0040801420196774,4,0,1.0,0.2068556088159464,0.655042455629024,0.0724822144540883,0.999899862550801,1.0617592400695668,6.0621536399414985e-30,0.9874121374706818,2.3466747749874784e-08,0.0259013111367408,False,up
HSPA4,4,0.6554334623465284,0.1495735096396908,0.0545446650782899,10.092262036053222,70.27425576859864,4.3820156652431885,1.175863522363014e-05,4,0,1.0,0.3135689575409143,0.389053996910545,0.306183549984573,0.999899862550801,0.6368940808455942,3.1618879545309456e-21,1.0143032176343567,4.8199551366950493e-14,0.0001851185998833,False,up
SRCIN1,4,-0.6546160042405207,0.1985276221830894,0.0,1.9955375507557185,0.0,-3.2973547813755095,0.0009760013082592,0,4,1.0,-1.011229697117046,0.013293377741582,-0.070393261835179,0.999899862550801,-0.3905885522527198,0.2857826422556855,-0.7673599452283384,0.1148256368458222,0.0081151540587369,False,down
HEATR1,4,0.6529185877745679,0.1170704728257445,0.0316818899363547,7.583030939460935,60.43798286001368,5.577141460310108,2.4450303647192316e-08,4,0,1.0,0.1580950119284066,0.6359806989550049,0.580964507003476,0.0136194596127992,0.7166423112517043,8.463246258807658e-14,0.922216989083574,3.859241415177832e-09,6.899060679116098e-07,False,up
MVB12B,4,-0.6529068717521687,0.2318232994437676,0.1523183768129599,11.045310318626552,72.8391515180803,-2.8163988404907565,0.0048565334490419,0,4,1.0,-1.098068944737918,2.66137511216031e-05,-0.0683436894616426,0.999899862550801,-0.3739688600727053,0.0437788830100339,-1.0058526382004875,0.0003770891388625,0.0297985627766834,False,down
SLC24A1,4,-0.6512729477616658,0.238704395365693,0.1488881705707782,12.306434745627104,75.62250918312469,-2.728365963952701,0.00636489510083,0,4,1.0,-0.1044316368467268,0.724616546165639,-0.367112532542679,,-0.7569774373862825,4.6998830125363856e-08,-1.1290886904033748,2.3429192108634137e-07,0.0368644674405706,False,down
RNF215,4,-0.6511247740002916,0.1052169660118872,0.0,1.2083184879874496,0.0,-6.188400964980578,6.077757234587461e-10,0,4,1.0,-0.539504377218098,0.1111379086658248,-0.472815920891239,0.943851267250661,-0.6173175446278701,0.0002776585578074,-0.8093435940667681,7.350887805259301e-05,2.371726222979352e-08,False,down
RPL34,4,-0.650900452348189,0.234491596974596,0.1788284200243013,25.905761428636836,88.41956447308385,-2.7757943599945087,0.0055067025896483,0,4,1.0,-1.8773797993492105,1.1242666650342816e-08,-0.181300816789064,0.999899862550801,-0.2971583119374109,0.0012907984516171,-0.5135416656455812,7.69664337390147e-05,0.0329698088399264,True,down
SRSF10,4,0.650360192825771,0.182508990047086,0.1070215083201933,20.86024629884625,85.61857824197442,3.5634419578892125,0.0003660236561491,4,0,1.0,1.1536725175306286,7.279352797725755e-14,0.149509699782403,0.999899862550801,0.464959634271835,1.2945234451202716e-09,0.7023244357637243,1.1445761285746124e-06,0.0035692577085451,False,up
ZNF583,3,0.6498975917082596,0.1360226023419539,0.0,1.463571289288117,0.0,4.777864711589989,1.7716651213528004e-06,3,0,1.0,1.376819590969922,0.0522289817716218,,,0.6016911618464905,0.0004129664098338,0.6567801113533606,0.0613586173940322,3.481513795299721e-05,False,up
OIP5,3,-0.6496325392506713,0.2398349329221945,0.0,1.7801367667596044,0.0,-2.708665211257695,0.0067554468993114,0,3,1.0,-0.9563037653308096,0.0138629949415063,-0.0866694712833596,,-0.4827671162118068,0.3270673127412776,,,0.0385982946020107,False,down
CHST6,4,-0.6489191447060029,0.1659900894730602,0.0,0.9694194072737295,0.0,-3.909384872109011,9.253144125085924e-05,0,4,1.0,-0.1428492616782226,0.8550921427751462,-0.654976000650035,,-0.703251617480126,0.0014865254037315,-0.7118940850885651,0.140284414906082,0.0011014194107572,False,down
THOP1,4,0.6487204730234336,0.2033522556772873,0.1257336181483256,15.953818512273116,81.1957244111049,3.1901316799402974,0.0014220798157868,4,0,1.0,0.0973090236420415,0.7511357520017012,0.443596859688652,0.977556066663073,0.7335457243247339,1.6231507089784517e-18,1.1768996489519183,3.1238753296208955e-11,0.0110752139651987,False,up
DDX39A,4,0.6484964286399547,0.1505345940017472,0.0520961167576511,8.675862253819396,65.42130439335523,4.3079561408484475,1.6477004668501823e-05,4,0,1.0,0.1558140913912757,0.73276044772882,0.155294321219057,0.999899862550801,0.7910800922135749,1.6647836506446717e-25,0.9285640112504514,4.4534361607219653e-10,0.000248045414329,True,up
AGTPBP1,4,-0.6480026246608852,0.1628293315474646,0.0612628457089087,7.885927043011001,61.957548127980886,-3.979643093185534,6.901880729266563e-05,0,4,1.0,-1.052099234731124,0.0066406837075525,-0.0124257875107418,0.999899862550801,-0.7057144796567543,1.7609201669539903e-20,-0.8203881795338195,0.0001935337649965,0.0008567596896245,False,down
HNRNPDL,4,0.6477255137828496,0.1156204231742552,0.027119448999057,6.5456205593927335,54.16782911904194,5.602172142257616,2.1168217065143743e-08,4,0,1.0,0.7523256235127119,0.0007060460628457,0.0252352886456235,0.999899862550801,0.6194930523366354,2.700503116610628e-18,0.8593476298625006,2.4263679893099e-08,6.042688578297647e-07,False,up
MFSD4B,4,0.6473514208644827,0.113277016441621,0.0060325265228652,3.3432298537069527,10.2664150754212,5.71476404658049,1.0985634682828822e-08,4,0,1.0,1.305255396723033,0.0047382999800249,0.297751046478847,0.999899862550801,0.6319838685502853,2.7437005759492724e-05,0.6174239581805836,0.0013502394807705,3.344160909189205e-07,False,up
ZNF518B,4,0.6469652224469993,0.23139093476575,0.1459225722026038,12.077342908489108,75.16009918132478,2.7959834429207793,0.0051742051127696,4,0,1.0,1.845338655464951,2.522382513786129e-05,0.129569425049922,0.999899862550801,0.5004311552939831,4.294894758907138e-06,0.4509314597334097,0.0454533813171966,0.0314409387981629,False,up
ATR,4,0.646933362826422,0.1192837649820057,0.0281746863281699,6.193926249870447,51.56545494769576,5.423482088480471,5.8449074652887913e-08,4,0,1.0,0.4408114599472854,0.0292187231783159,0.891776258775832,0.163402479587637,0.5151207668722187,4.891851340306629e-07,0.9088751063675214,9.86207561857752e-08,1.5296143686509037e-06,False,up
UTP15,4,0.646916230841751,0.2034061810738394,0.1238162795942024,13.058212662119308,77.02595234413107,3.1804157937900177,0.001470638730805,4,0,1.0,0.0560649734042515,0.8576108289569166,1.04919545724175,0.0297812455094522,0.5598559547914264,4.565539648641801e-05,0.9846361527215912,1.045626374512395e-06,0.0113626504637328,False,up
GMPPB,4,0.6466924760270656,0.1672087174156456,0.0561722305698021,6.820472548254491,56.01477787975606,3.867576320315432,0.0001099224312504,4,0,1.0,0.7646963484910092,0.052155357497156,0.298475472645717,0.999899862550801,0.4451730918578275,0.0001855585872199,0.9475926094383283,1.340118347627371e-07,0.0012719678177657,False,up
PSIP1,4,-0.6462748574456907,0.1522611182926519,0.0756534974331923,19.591982656366504,84.68761404795785,-4.244516687467938,2.190650657727032e-05,0,4,1.0,-0.9750750239154156,2.6875473096322147e-18,-0.089032695194266,0.999899862550801,-0.8394947561139174,1.709246834832713e-25,-0.5237054301033863,0.0002376404605669,0.0003171975679336,False,down
CC2D1B,4,0.6458960827688102,0.1495998955367383,0.0647543024294219,12.638056866213294,76.2621735939468,4.317490199117102,1.5781341382187388e-05,4,0,1.0,0.8039189259628974,0.0005111477946969,0.0590224132166395,0.999899862550801,0.6948102543223362,1.9768643105547392e-16,0.9174098210921838,1.4830950630677197e-11,0.000238061372502,False,up
NFATC4,4,-0.6454561282073306,0.129200929908759,0.0100140809189986,3.4031557587972356,11.846526793699311,-4.9957545093765825,5.860617504293192e-07,0,4,1.0,-0.3361288162643865,0.4624695103791084,-1.05736433616629,,-0.7961684095335535,8.201705855149768e-09,-0.3839711480863547,0.1809553933284834,1.2658128621392432e-05,False,down
COQ10A,4,-0.6447588101453101,0.1538378676845392,0.0201182571423247,3.7552908454187746,20.112712343976852,-4.191158001926132,2.77534294162489e-05,0,4,1.0,-1.1851972084395512,0.0036433554547761,-0.882378602710211,,-0.5963004613759911,0.0023229126991964,-0.3648139162561337,0.2166937890256572,0.0003883186446422,False,down
RABL3,4,0.6435378297696196,0.1849493841964873,0.1025939168378875,14.44428274950662,79.23053673189503,3.4795348606618504,0.0005022850163493,4,0,1.0,0.3216348424069912,0.0874614967255741,0.199290792727444,0.999899862550801,0.77484834536752,5.347536890575865e-13,1.1119313101624917,3.730628617349971e-10,0.0046447859442917,False,up
CYB5RL,4,-0.6432002076131161,0.1172218326654499,0.0,2.9410104035968243,0.0,-5.4870342238105385,4.0873796734243516e-08,0,4,1.0,-0.0534118955933322,0.93608473787937,-0.392268490979851,,-0.6341979984340944,0.0001336575921343,-0.8463353374030864,0.0003032270156918,1.1065084776432538e-06,False,down
POLR2D,4,0.6430996248890023,0.1332444573508118,0.0395497135430845,7.297400104499692,58.8894680702768,4.826464362384857,1.389782492210478e-06,4,0,1.0,0.2621199326289686,0.4758382716532538,0.360015900865194,0.856802849720016,0.7300232133280721,1.2191214397152964e-13,0.9360686717398844,7.739977221339683e-09,2.7756554329455903e-05,False,up
KLF5,4,0.6427473999906371,0.245615771280455,0.1207821406594406,6.336335148399913,52.65401955959389,2.6168816303604525,0.0088737107496564,4,0,1.0,0.2708687193948336,0.1687421565000618,0.431825617798797,0.999899862550801,0.8069531917564774,0.0316049921077798,1.2506753727577216,0.0046413317951493,0.0479267484390644,False,up
FAM110A,4,-0.6422553078446533,0.1809226416613402,0.067037617634889,7.02090853610486,57.270487365380575,-3.549889068317153,0.0003853935127787,0,4,1.0,-0.1800274412626666,0.6864756784904505,-0.691522110752399,,-0.5400747069441109,1.2774930357282426e-05,-1.0246170821287166,1.7934760806027304e-07,0.0037382661184427,False,down
CCDC102A,4,-0.6415513634011305,0.1736298497388635,0.0,2.049829792400823,0.0,-3.694937042023667,0.0002199412782964,0,4,1.0,-0.698022618057272,0.3719683224944295,-0.462951016479751,0.887267429628561,-0.9485837592071968,0.002513576861008,-0.3607458404938999,0.4757658043588715,0.0023139042036459,False,down
EXOC5,4,0.6414705246304171,0.2447226815056354,0.2149922831974469,36.5363044725122,91.78898894315644,2.6212140234972265,0.0087617237460054,4,0,1.0,0.0244173364055232,0.9188780107745288,0.375379351521686,0.856802849720016,0.884637565810799,1.0764188327778038e-29,1.2262555014813918,1.1162201821196178e-15,0.0474033377398802,False,up
TMEM219,4,-0.6412371023198526,0.1813915643163596,0.0945555327274542,13.908346252995193,78.43021775968553,-3.5350988053749295,0.0004076227096503,0,4,1.0,-1.3706784575854858,0.0001194060212901,-0.0066455552835446,0.999899862550801,-0.6014514595373189,4.254605134109442e-12,-0.7733096049097492,3.977715210247884e-07,0.0039227670383452,False,down
QARS1,4,-0.6411469353838101,0.2136711330071978,0.1497051184228728,25.40035157695213,88.18913985929962,-3.0006249621104044,0.002694261778646,0,4,1.0,-1.4182278091984626,1.082940596537193e-12,-0.303905665912133,0.999899862550801,-0.4423181424697255,1.8724080225249546e-07,-0.3834166333935709,0.0039005592111042,0.0185538196139614,False,down
USP27X,4,-0.6409913016485927,0.1422840455661038,0.0068181367647427,3.2310798257251685,7.151783248601913,-4.505011781878204,6.636926010453906e-06,0,4,1.0,-0.2905696300103281,0.6904676055474864,-0.700928020685484,,-0.4853743963057058,0.0143295265867249,-1.0121024791172253,0.000400534835296,0.000112536290111,False,down
AMOT,4,-0.6397450457832212,0.1475926377492559,0.0299665216613242,4.55577716058257,34.149544759200325,-4.334532233715339,1.4607038506780873e-05,0,4,1.0,-1.093493959871802,0.0004409886559978,-0.612423522603968,0.999899862550801,-0.6383403992827092,9.520501333223924e-06,-0.317804956544457,0.2474629814557819,0.0002230994521136,False,down
HHLA3,3,-0.6395562369086057,0.1585347241764989,0.0,0.016938955562216,0.0,-4.034171316288909,5.479533077863519e-05,0,3,1.0,-0.6024122097533551,0.3728169460758371,,,-0.6536088068057553,0.0019759737002696,-0.6122997095380206,0.1101948166322678,0.0007011572297133,False,down
FADS3,4,0.6387698716496102,0.1188950945941303,0.0213001262108453,4.973355336086945,39.67855105321287,5.372550262314569,7.76307805989933e-08,4,0,1.0,0.493109038716983,0.2194403437737663,0.0006396956095704,0.999899862550801,0.7970623809816131,5.186594685881166e-23,0.5315619325629055,0.0008998020205907,1.991347144759025e-06,False,up
SLC27A1,4,-0.6385982017749895,0.1556809403882924,0.0538624388795071,7.871999560746357,61.890241775933674,-4.101967782197527,4.0965132354947353e-05,0,4,1.0,-0.9302620234229784,0.0387248322913003,-0.603014962415563,0.602117246593927,-0.3989902451235845,5.739557299359084e-06,-0.8651120765857975,4.635161697980061e-07,0.0005467565785324,False,down
SPEN,4,0.6373614360391338,0.083508842811304,0.0094950559208154,4.547856231084814,34.03485405948285,7.632262818912613,2.3066857568511242e-14,4,0,1.0,0.7687467978447295,2.0018561342261938e-07,0.345846509862312,0.680822385340168,0.6084942120597147,7.613347433412326e-08,0.7547036066018845,2.0589632355443258e-07,1.7689145234333237e-12,False,up
PSMC2,4,0.6368937062155642,0.2225199615305724,0.1556123158608224,24.935822074643816,87.96911531121899,2.8621868430804134,0.0042072880033278,4,0,1.0,0.1208641996574432,0.6029740618565506,0.112218744277236,0.999899862550801,0.8418371504185026,8.149851904102775e-27,1.1530193832665554,1.2012488148616616e-17,0.0265096483438999,False,up
NUP35,4,0.6366865988708191,0.1130460048360558,0.0,1.5947428810485846,0.0,5.632101725259281,1.7802661828826303e-08,4,0,1.0,0.2777850018551635,0.5878661182063194,0.65485245368868,0.702836297868101,0.6158154900183176,6.605544311686643e-05,0.8620940270654683,0.0033349498075475,5.182788150669816e-07,False,up
MAML2,4,0.6360003932622917,0.2051508348471724,0.1007047398565741,12.529593232156436,76.05668480680855,3.10015990788476,0.0019341619051043,4,0,1.0,1.189990684920411,0.0001678394460993,0.456672284152374,,0.28631881199901,0.0049896317062367,0.6764152084891911,2.133903998759095e-06,0.014243259088267,False,up
VWA8,4,0.6359606583623304,0.1024955733340158,0.0,2.423789630886952,0.0,6.204762192898236,5.477967343440402e-10,4,0,1.0,0.6163895270061982,0.0324640931976629,0.1908616496955479,0.999899862550801,0.7457977241986818,1.1803018973418937e-07,0.4491702388506848,0.1036734028693394,2.1567450483549062e-08,False,up
CCAR1,4,0.635696478291548,0.1806216022118204,0.1054426058225294,19.54601673197634,84.65160425708557,3.5194930756180955,0.000432372322351,4,0,1.0,1.1693561533819576,1.6318926041261076e-10,0.494766337439709,0.633071260548177,0.3544651542758951,2.4257187924362494e-06,0.569439653434431,0.0001828674561772,0.0041106187657121,False,up
FLJ20021,3,-0.6355431369050023,0.1713596109275842,0.0026052108557949,2.044322382259665,2.1680720538153775,-3.708826913557711,0.0002082216992573,0,3,1.0,-0.6994066431860798,0.4283128858842037,,,-0.4689486676319256,0.0475891562065895,-1.0083853043665134,0.0042935974876499,0.0022106856627862,False,down
PIGP,3,-0.6348402570692715,0.1189197974191519,0.0,0.0320045319210673,0.0,-5.338389997686215,9.3775574293235e-08,0,3,1.0,-0.6264417670532987,0.2158214102863713,,,-0.6226402843890397,5.433523664774685e-05,-0.6730861234164363,0.0147555735252283,2.342686282201827e-06,False,down
ANAPC7,4,0.6346043819561306,0.1779701813378513,0.0874716564908139,11.294602191709398,73.43863954587,3.565790500327824,0.0003627610800977,4,0,1.0,0.9431851578555156,0.0009556582178811,0.163500559313146,0.999899862550801,0.4464961303856262,2.3251599844844993e-05,0.952999292217186,2.772062346440076e-08,0.0035425859574574,False,up
PPP4R1,4,0.6335692655222984,0.0591702033998358,0.0,1.9214284794455456,0.0,10.707572884970944,9.378846818083203e-27,4,0,1.0,0.537585676184121,0.059337463548419,0.0703585474753649,0.999899862550801,0.6544398619165875,5.630962852989963e-20,0.6370623839686388,8.007650257164713e-06,2.268341094716409e-24,False,up
RAP2C,4,0.6329264287657158,0.0954865986061669,0.0119460617836707,4.399103217262335,31.80428255859452,6.628432031349358,3.3927127497481195e-11,4,0,1.0,0.4384752114490921,0.0441812866161137,0.0962905883627095,0.999899862550801,0.68472982944654,1.370952615538837e-16,0.7951415399703786,1.0671045030914275e-06,1.6228851278829083e-09,False,up
SIRT5,4,-0.6328160747775832,0.0963580457849328,0.0,2.8788925142645185,0.0,-6.567340273691337,5.1221907663528506e-11,0,4,1.0,-0.6987832041206852,0.0434101497689249,-0.421034217342402,0.856802849720016,-0.5698202260437806,4.91143354019917e-05,-0.9235569885461944,5.8542912036339256e-05,2.3486311786804143e-09,False,down
CAPN5,4,-0.6326488461583096,0.128562027663747,0.0216452200218475,4.430660951434011,32.2900119669723,-4.920961948523383,8.611987474152106e-07,0,4,1.0,-0.9715157624749232,0.0107829370294147,-0.719981011184581,0.975046423995903,-0.4474326849998567,5.291889484302029e-05,-0.7915348297704308,3.661447929764167e-05,1.788124833194469e-05,False,down
DPP8,4,0.6325388157757234,0.195990016084134,0.119623824526324,17.47209733602354,82.829765984564,3.227403254583074,0.0012491927565248,4,0,1.0,1.4127740288934632,7.648614355811892e-09,0.245764962616191,0.999899862550801,0.4320921857112286,1.5605549314062816e-07,0.5014308192860072,0.0020713501700003,0.0099650175347429,False,up
ISG20L2,4,0.632392149226779,0.0643105677322894,0.0,1.6017578718254213,0.0,9.833409523910383,8.083472892034856e-23,4,0,1.0,0.5434921429127583,0.0364031736565352,0.264692176055915,0.999899862550801,0.6532311259552093,5.031581352339549e-16,0.6703109772437816,1.573884820919364e-05,1.5205910673572236e-20,False,up
NPLOC4,4,0.6320453617345105,0.1309146033009044,0.039558810788959,8.102627962633681,62.97497535571313,4.827920994281804,1.3796580405871666e-06,4,0,1.0,0.6080312683082186,0.036006876714185,0.0519926180934487,0.999899862550801,0.7083967284161351,4.976376329612287e-17,0.8631980650084327,2.7562820799392737e-10,2.76044489229845e-05,False,up
POLL,4,-0.6314423508215429,0.1388728776582136,0.0369197985459636,5.936916626880389,49.46871939523295,-4.546909097510128,5.443949678852286e-06,0,4,1.0,-1.1848214146695546,6.032635328098783e-05,-0.313831232070242,0.999899862550801,-0.6130976232722476,2.7432855222678824e-07,-0.4930058344466513,0.0153943824676547,9.419488088196538e-05,False,down
ZNF524,4,-0.6311630111387582,0.1728628179070712,0.0505723912218262,5.497436798716292,45.429113424268365,-3.651236389528619,0.000260980885977,0,4,1.0,-0.7545416082173755,0.1796528375241,-0.828666930895988,,-0.4037600000993621,3.0172267433878304e-05,-0.9144897130235756,7.249979379112526e-05,0.0026828249974166,False,down
XRCC1,4,-0.6309883815175745,0.1199594973120604,0.0292567808447258,6.380622393631267,52.98264315101282,-5.260011884479082,1.44046091320202e-07,0,4,1.0,-0.3276202431694071,0.2564927335580736,-0.75769007669543,0.0879400621570314,-0.515130274625732,1.5154599488777976e-07,-0.8891761953747472,1.3604527789931076e-08,3.476217570028866e-06,False,down
ZNF837,4,-0.6297194727011265,0.1588841025507132,0.0,1.1025479977398376,0.0,-3.9633888009666047,7.389329053379492e-05,0,4,1.0,-0.1556003390565763,0.8936312019712734,-0.0578677625518675,,-0.6130160235604458,0.0066973747511935,-0.7851240638867731,0.014102025278781,0.0009090650818101,False,down
SLC2A8,4,-0.628284661184104,0.1074141178539272,0.0015572005543803,3.079896369752678,2.594125261399423,-5.849181408709329,4.9399809174736185e-09,0,4,1.0,-0.2293997891444869,0.6398732635977116,-0.421702553430165,,-0.6056280656527652,2.0134423790847135e-05,-0.9025778432629088,0.000143382527525,1.6293018122222596e-07,False,down
ZNF740,4,-0.6281561391922345,0.1950125680130484,0.1136607969610954,16.967909064672014,82.31956578405915,-3.221105929696818,0.0012769694008645,0,4,1.0,-1.5463572301253188,4.821221474995299e-07,-0.477965801931298,0.856802849720016,-0.3321033883435458,3.100893925750612e-05,-0.4393660282705857,0.0031844160952809,0.01015368883301,False,down
SOX13,4,-0.627499989305162,0.1722322029747489,0.0227769938086457,3.700905962998388,18.93876715609738,-3.643337183564679,0.0002691259141715,0,4,1.0,-1.149645608871112,0.0021770082476811,-0.248621543048842,,-0.6348342768195963,0.0245611408185334,-0.4406935945618954,0.2237325037961277,0.0027536923500702,False,down
SENP5,4,0.6272288118808635,0.2061329699337728,0.1466692636822748,26.055891464291104,88.48628915993369,3.042835952358237,0.0023436005576053,4,0,1.0,1.4992746939237274,8.070253671345748e-12,0.267157918836284,0.896909477910821,0.4662030822063339,4.7894371497781346e-08,0.3792036203481184,0.0153339915766059,0.0165611056320413,False,up
RPS9,4,-0.6264093051955529,0.2281744340682594,0.152481114676352,18.874885010015824,84.10586343488677,-2.7453089026098323,0.0060453964233528,0,4,1.0,-1.8235420518412873,3.3529610450014077e-06,-0.435971176765637,0.999899862550801,-0.2518009740808122,0.0002889772998578,-0.4294159194924659,0.0086868472869534,0.0354297669283558,True,down
COMMD6,4,-0.6262498625853101,0.159059318554762,0.063549533073475,9.315781919686746,67.79658405635071,-3.937209515767542,8.243462858866994e-05,0,4,1.0,-1.1641707014437217,0.0017542580899777,-0.34021853041135,0.910977363146255,-0.4233363305282913,3.460908024175758e-06,-0.8486237258252367,2.971679920792848e-06,0.0010012713800265,False,down
PAOX,3,-0.6261996838710869,0.2331876971624728,0.0,0.8460002099053873,0.0,-2.6853890299143193,0.0072445427484796,0,3,1.0,,,-0.226373054369653,0.999899862550801,-0.684934310534736,0.0511910200385953,-0.8584023238466902,0.1611139542959633,0.0407788085297412,False,down
SRSF2,4,0.6260148172803827,0.067707966309626,0.0022558027703468,3.300256031665355,9.097961757647074,9.245807419730191,2.3347125564720215e-20,4,0,1.0,0.3493200546609098,0.4415419213501597,0.781465432100816,0.0352422207600733,0.5622908197764386,8.239676689224254e-15,0.7832304024353386,3.1468037521884676e-08,3.4486368225095792e-18,False,up
KCTD7,4,-0.6233194446604507,0.0948894633052533,0.0,2.488685015709857,0.0,-6.568900518019288,5.068813303821976e-11,0,4,1.0,-0.5866272663293783,0.3283321458187258,-0.438457966291523,0.999899862550801,-0.5453881231158871,6.5614617623988566e-06,-0.8950513198365071,2.7548922725876824e-05,2.329008601332315e-09,False,down
RPRD2,4,-0.6233143456945368,0.1575530139240333,0.0702531653802408,11.98241665913536,74.96331428507948,-3.956219752134209,7.61451209303801e-05,0,4,1.0,-0.4265761114580423,0.1435315677478411,-0.167191079305611,0.999899862550801,-0.7394420045766438,3.811539099627214e-20,-0.9969246740818573,3.2874382565640977e-10,0.0009341571719937,False,down
SNHG12,3,0.6232758410093487,0.1839554525752371,0.0622529502438782,6.0186411143509195,66.76990765853813,3.3881890005648576,0.0007035576564157,3,0,1.0,1.4687094574436212,0.0010555946004896,,,0.4405107985117418,2.195061465978031e-05,0.521733174328858,0.0041077741237162,0.0061544516931856,False,up
CTDSP2,4,-0.6221995685234407,0.0670459651124528,0.0027255415454034,3.4095502552912293,12.011855659134357,-9.28019407998463,1.691701349366236e-20,0,4,1.0,-0.7460862469754237,0.0264742102768223,-0.825109079720369,0.336007212015177,-0.5355942992044184,4.1323844651535314e-14,-0.748304191580642,1.3410401691654215e-10,2.550181849191883e-18,False,down
PITPNM2,4,0.621997180671564,0.1685664406970148,0.0465595825307773,5.207802072974474,42.3941240860844,3.6899229650909935,0.0002243219708912,4,0,1.0,1.3368564172334367,0.0048213736264071,0.314729528927144,0.999899862550801,0.7171106129919089,3.072019431117626e-05,0.3856430605634131,0.1069398552875427,0.0023532422580298,False,up
ICE1,4,0.6213698524435248,0.1889595719761157,0.1135894832524196,18.137424751026103,83.45961435440124,3.2883745763462313,0.001007676722918,4,0,1.0,0.1246888779026671,0.7166652159392604,0.412285449669589,0.634248439183749,0.6479803283621289,2.708973023765625e-13,1.147429496003711,1.6367377709705062e-15,0.0083344445677205,False,up
VSIG10L,4,-0.6210828765264479,0.2291261775598453,0.0745860931766209,4.737553334433958,36.676174636492206,-2.7106587433215816,0.0067149696960622,0,4,1.0,-1.5511553884644742,0.0061025300356949,-0.469404567394532,,-0.3360135493141287,0.2356132523055166,-0.5717612936151153,0.0669168212255347,0.038425328416345,False,down
AMMECR1L,4,0.62073781176803,0.1235456455160233,0.0295271695692836,6.162783420516657,51.320697235397986,5.024360099260017,5.051138453011687e-07,4,0,1.0,0.5660775926967756,0.0469357608510878,0.0014249705039578,0.999899862550801,0.7043054253497696,2.3975836099276682e-14,0.8043443973695973,2.701310022387115e-07,1.105074614436722e-05,False,up
ZNF496,4,-0.6206967065840185,0.1019388202792288,0.0134798456944823,4.354375037909256,31.10377553880973,-6.088913967061991,1.1367918330344127e-09,0,4,1.0,-1.2082965517164612,0.000301710857352,-0.553689073718381,0.864215730862928,-0.5512155052297455,9.895397024524868e-12,-0.5705265206236517,0.0005238037799713,4.233443562310388e-08,False,down
PHKA2,4,-0.6206070052786833,0.1623018209822564,0.0627531889429715,8.581230397336718,65.03997840529857,-3.823783377923597,0.0001314193881124,0,4,1.0,-0.3980107764964554,0.2436242025717148,-0.178454276186168,0.999899862550801,-0.5891394348981971,2.205662558047999e-09,-1.024691613350984,1.7640861044526124e-09,0.0014893971745451,False,down
IDE,4,0.6205862658656681,0.0693019691403691,0.0010608278570724,3.1424024441905773,4.531642484362231,8.954814322933426,3.4030787513994624e-19,4,0,1.0,0.6751882381581826,0.0018604001601827,0.334380767357944,0.975046423995903,0.5823258126943783,1.1011560132288984e-10,0.7874377807165237,1.0954698132640329e-07,4.405785896444163e-17,False,up
PDK3,4,-0.6202665543318882,0.082510928629911,0.0,2.9598399149059027,0.0,-7.517386661759557,5.588196505569059e-14,0,4,1.0,-1.04302938590168,0.0024581648669891,-0.1374435505633,0.999899862550801,-0.623838507769611,3.904657418738391e-09,-0.5387996937273308,0.0042837416860468,4.1272019090962894e-12,False,down
PPTC7,4,0.6197450693156553,0.1078847733998502,0.0242333526297504,6.565849737935485,54.30903661003829,5.744509162740807,9.218800399648924e-09,4,0,1.0,0.6036930499110246,0.0012689061530533,0.597460439635225,0.442583377110786,0.4595630653423918,7.83507569311643e-08,0.8725535790821859,3.363599636436962e-09,2.841688767449204e-07,False,up
ZNF202,4,0.6196147328558173,0.1271859262146635,0.0214101314028903,4.480782670184564,33.047411114977606,4.871724028726541,1.1062862532885978e-06,4,0,1.0,0.1740244900347384,0.6508703943854319,0.420814207855793,0.999899862550801,0.7925141652425559,1.7402783434050638e-11,0.6178189441587201,0.0013567871875191,2.2440787233759214e-05,False,up
PTRH2,4,0.6193353483634334,0.1927280200387503,0.10654341392462,13.79987843542185,78.26067806293474,3.2135200073082704,0.0013111866265249,4,0,1.0,0.0390274366018044,0.8918639273114334,0.831557791105031,0.627058686704247,0.823929473171405,2.597647734537541e-15,0.8125681873575544,1.4745503435005465e-06,0.0103730792462929,False,up
LRRC58,4,0.6191697630262202,0.1431731037611258,0.047697769362877,8.73486917398306,65.65489487884322,4.324623457624142,1.5279261739585908e-05,4,0,1.0,0.658959246302714,0.1677077672858398,0.39165847351602,0.811437658984479,0.4851016443767538,9.315214953819756e-09,0.9270222914059988,6.473213928123918e-11,0.0002315986719191,False,up
TLR7,3,0.6190634783148706,0.0866381710501966,0.0,0.4537948374446325,0.0,7.145389506851386,8.974105298235182e-13,3,0,1.0,,,0.14704809847986,,0.6540667130781556,1.1443209261056492e-09,0.5348852501776027,0.0029799593933248,5.4261286678257704e-11,False,up
ZNF81,4,0.6185561682948302,0.1823230138665702,0.0718016825563561,6.835076237236267,56.1087558371838,3.392639004681599,0.000692227996567,4,0,1.0,1.4186244274139577,0.0003863940958825,0.566359944550895,0.736765266426164,0.3943973276612599,0.0169098045392028,0.4779489293506116,0.0619412075397556,0.0060770825594108,False,up
TFDP2,4,-0.6181764675981803,0.0816029486006363,0.0,2.112572433779735,0.0,-7.575418268566826,3.57972417698374e-14,0,4,1.0,-0.4082566940676689,0.1587964052565357,-0.466686021325246,0.680569674538557,-0.719287049748819,4.89398059322236e-10,-0.5570969653926515,0.0037778766742362,2.688947078881745e-12,False,down
ENSG00000286207,3,0.6175242494261762,0.1906111500102593,0.0,0.641959743733704,0.0,3.2397068555167894,0.0011965264240512,3,0,1.0,0.7817632039717155,0.0146787038093535,,,0.5285418255045417,0.1666165633295783,0.4086010189348424,0.4544188243365295,0.0096240197933405,False,up
FICD,4,0.6174105099264386,0.1610296365435041,0.0403469050403063,4.999422543862455,39.9930697259636,3.834142106876317,0.000126003284301,4,0,1.0,1.0908869073288083,0.0001023850064605,0.517048210237269,,0.5354126130176297,0.0014683722309895,0.3514552335385809,0.2006905539119506,0.0014354069793901,False,up
CCZ1B,3,0.6162454107654571,0.0811184724497088,0.0,0.8371225849731668,0.0,7.596856698053722,3.0341020008080213e-14,3,0,1.0,0.4443848287332987,0.0617711185796183,,,0.6545865721476295,1.7673412568898007e-10,0.6163642495122013,0.0056949791252861,2.30267417019944e-12,False,up
CDC42BPA,4,0.6155771599680862,0.0716108257096664,0.0,1.684746908034508,0.0,8.596146656147164,8.243743836994769e-18,4,0,1.0,0.6907622402469346,0.0006457509880002,0.24326738377436,0.999899862550801,0.5984232694935461,4.121895438667772e-10,0.6990861898334078,7.559944704141267e-05,9.304438877354762e-16,False,up
EEF1A1P13,3,-0.6155357643666932,0.1379423431150211,0.0013639783988443,2.0283536735779597,1.3978663557201347,-4.462268441050318,8.10965431290563e-06,0,3,1.0,-1.644980007253816,0.05029840533619,,,-0.5829118813067581,0.0005259202855985,-0.5617506762757103,0.1069304749899383,0.0001339980343639,False,down
KNOP1,4,0.6151699107721886,0.1966608127492725,0.1025836059267598,10.21328480230527,70.62649227873425,3.1280757064524236,0.0017595485298971,4,0,1.0,0.197113113521862,0.6212114512999124,0.311009268530169,0.999899862550801,0.602498594880877,6.5468481362672675e-06,1.1135107649444194,2.359976920457351e-09,0.0131452490137498,False,up
UAP1L1,4,-0.6149543322993488,0.1151190053515789,0.0143880924381596,4.077839900665436,26.43163848805222,-5.341901021653625,9.197687456544149e-08,0,4,1.0,-0.8458873858059481,0.0011525942902328,-0.512767957740947,,-0.7048552630092684,9.757024305358973e-09,-0.3503070597443536,0.0698274802402399,2.3108664752406414e-06,False,down
LRPAP1,4,-0.6143410055179681,0.168246388915484,0.0764603205206893,12.4726797050861,75.94743013582989,-3.651436500230462,0.0002607775812945,0,4,1.0,-1.4415179679933663,8.128520476025764e-06,-0.226704547155106,0.999899862550801,-0.4205584340494814,6.628058610723192e-07,-0.5998969203455703,1.1586440048452162e-05,0.0026819877508002,False,down
KNL1,4,-0.6132849647918908,0.1340468196213981,0.017230796162133,3.80284309728817,21.111654537119406,-4.5751549087404895,4.758677498418147e-06,0,4,1.0,-0.3656327990932707,0.2098657230232228,-0.122575143894283,0.999899862550801,-0.7050559167375628,5.1522749302146585e-08,-0.9787310521488556,0.012921147373132,8.325415982725358e-05,False,down
SH3PXD2A,4,-0.6127383308365526,0.2252333670898125,0.1213948101633641,12.440086759729873,75.88441256124212,-2.7204598446207178,0.0065191189133151,0,4,1.0,-0.0483135079504244,0.9354094550615072,-1.31131684607463,0.84630949135211,-0.4222016296237821,0.0008886736869495,-0.9542270021726552,1.763991119770232e-12,0.0375109250099747,False,down
BABAM2,4,-0.6126458540259822,0.2228183674746332,0.1385527674140978,14.155772089590632,78.80723155887743,-2.7495303056456013,0.005968074379037,0,4,1.0,-2.0033274102040415,3.0924005829369984e-05,-0.0377635747231837,0.999899862550801,-0.4423287303044647,8.170219669574077e-06,-0.5277499047829171,0.0036322778289444,0.0350831594573251,False,down
NUP42,4,0.6125688979928725,0.2099640828581735,0.1315068120732555,15.459809270236178,80.59484468688942,2.917493742997226,0.0035285672812591,4,0,1.0,1.156521475570811,1.8779386477905595e-10,0.3963305913528909,0.999899862550801,0.3965766201498203,0.0002707963631919,0.4258989524973257,0.0633796607463292,0.0230240845814508,False,up
WDR55,4,0.6122330268073413,0.0923049128744167,0.0112718232404849,4.456103423610915,32.67660745699189,6.6327241719008,3.2954729353805636e-11,4,0,1.0,0.4524861447088575,0.1444533940719199,0.139409875567135,0.999899862550801,0.7072650375596644,9.47428019962206e-19,0.6615687282652715,1.3941969354757322e-06,1.5801756826751815e-09,False,up
SMIM20,4,-0.612008077087257,0.1586359210659263,0.0439147924343758,5.50689228689522,45.52281316380356,-3.85794133494467,0.0001143460835872,0,4,1.0,-1.3833101390428788,0.0013191711975529,-0.568182393279329,0.957411106987414,-0.4374627532947303,0.0001629753424782,-0.5656548352676953,0.0149719394712563,0.0013189952587372,False,down
MRPS17,4,0.6117187550648522,0.1383013347614587,0.0,1.973564041212302,0.0,4.423086415759767,9.730079982361708e-06,4,0,1.0,1.0562848558150852,0.02129413720783,0.188917806289289,0.999899862550801,0.5727429814666162,0.0036463573479649,0.6380605366277499,0.0722030900037504,0.0001572315200674,False,up
NAA10,3,0.6110640808077565,0.1387178067270656,0.0319527679644542,4.58244971678645,56.35522212772808,4.405087531480772,1.0574117174492129e-05,3,0,1.0,0.1244445201341819,0.7354443711494938,,,0.7193618454387347,1.0329428285880985e-13,0.726772467296539,1.6382459712778194e-05,0.0001686418441256,False,up
GRK4,4,0.610797307037891,0.1354831292901427,0.0,1.7823666226343284,0.0,4.508290517336985,6.535205050301017e-06,4,0,1.0,0.6608815944757115,0.0939378220985206,0.0991088211215809,,0.5373957528899731,0.0133436459210316,0.8234850765024015,0.0033429921725,0.0001109825061358,False,up
SCRIB,4,0.6100020317007712,0.0912428287652428,0.0077579648856567,3.668043786649738,18.212535768552147,6.685479176344209,2.3017025028820278e-11,4,0,1.0,0.317011096940375,0.3924546372945298,0.146688504658982,0.999899862550801,0.6702247285968035,4.067711839633678e-19,0.704176624264972,0.0003589378790572,1.133292402369811e-09,False,up
RUFY3,4,0.6087329879097158,0.0794935419948632,0.0,2.8436351342271733,0.0,7.657640767209125,1.8937972366298163e-14,4,0,1.0,0.8099286587165395,0.0392282142724605,0.3049732625591,0.999899862550801,0.5228466496900871,5.451252640721724e-07,0.7914213654245493,7.940166910318918e-07,1.4573630552792176e-12,False,up
KIF22,4,-0.6086781047121812,0.0816405681765237,0.0,1.7388538746014657,0.0,-7.455583888099528,8.947070558158379e-14,0,4,1.0,-0.3724333711124418,0.2496532386492721,-0.513403132526136,0.999899862550801,-0.6873933990458407,2.1288570059955832e-10,-0.5136121136335924,0.0044361347351634,6.414204427182664e-12,False,down
RPGRIP1L,4,0.6085533915147999,0.2026275116912502,0.0936641280566345,7.064946359585469,57.53683259137975,3.0033107865533655,0.0026705955634702,4,0,1.0,0.5521902426676019,0.0729464759363688,0.1952326980879739,0.999899862550801,0.4680678337025946,0.046785700119166,1.2408810427871788,7.370617725378056e-05,0.0184146666176092,False,up
MARCHF7,4,0.6070685910965988,0.2158497203568688,0.1567282804288782,24.481321024421497,87.74575931990218,2.8124594745497915,0.0049164218257789,4,0,1.0,1.5374502925273286,1.1581718222086884e-08,0.103013886444308,0.999899862550801,0.3543573858346404,4.479398868703283e-06,0.596843287633025,0.0002312619584895,0.0301240333974298,False,up
PTCH1,3,-0.6069384214665212,0.0968534330855075,0.0,0.1272221105473636,0.0,-6.266565904077788,3.6909721453794115e-10,0,3,1.0,-0.5095105889001008,0.2030242955901824,,,-0.6339171715174017,2.2456478546511513e-05,-0.5958236848054671,0.000183220352577,1.4796831684454551e-08,False,down
LRRC14,4,0.6068012429779791,0.139910054338063,0.0402027986166271,6.730844200338998,55.42906787459283,4.337081032873964,1.4438740413363671e-05,4,0,1.0,1.062298582471254,1.6331065276711018e-05,0.3626018579394119,0.999899862550801,0.4397375177782695,5.736695713548176e-06,0.5852390132539093,0.0013865316662892,0.0002208354675175,False,up
COX10-AS1,3,0.6065559904148592,0.1296162785166247,0.0103797094450963,2.4662226136311327,18.904319952880968,4.679628186802646,2.8739562821908513e-06,3,0,1.0,1.128099359540177,0.0049809244200689,,,0.5169317255073824,0.0013727378694945,0.5649079737928026,0.0082328450213678,5.35443015029442e-05,False,up
SLC25A25,4,0.6064325430244736,0.084107375751541,0.0004780534465916,3.0330431564385387,1.0894390463384858,7.210218338233704,5.586223239584859e-13,4,0,1.0,0.7895901027138962,0.1190991147442206,0.22212812045866,0.999899862550801,0.6901905886380426,3.820352657858222e-11,0.4102712344720445,0.0304881686946812,3.482923152408588e-11,False,up
TEAD3,4,-0.6057641920400159,0.2236864215236285,0.0,2.4200864990603,0.0,-2.7080955022387334,0.0067670546425043,0,4,1.0,-0.1454541315586159,0.780293367956195,-0.871807495899923,,-0.7991201155643951,0.2139569300346419,-0.9712819533729083,0.2931370102868206,0.038644552575734,False,down
GEMIN4,4,0.6057613508652158,0.1106872821083484,0.0186304340368987,4.955583865650106,39.46222924820908,5.472727664161583,4.4316088037246195e-08,4,0,1.0,0.1544400118383137,0.6337758985574001,0.92722460959521,0.626368519760741,0.6214821323279345,7.081576815105945e-12,0.7475562913469925,6.574332975433769e-07,1.1836805602084364e-06,False,up
LITAF,4,-0.6055100127798648,0.2093367857500066,0.1336796984966262,17.163644998604312,82.52119523420608,-2.8925160506810044,0.0038216965453341,0,4,1.0,-1.4323801140259802,0.0006807396693384,-0.132972263221984,0.999899862550801,-0.3588190248075202,0.0009208392234999,-0.8708623190320685,5.726941436782725e-07,0.0245295185961677,False,down
NPC2,4,-0.6054194026532923,0.1980416546035182,0.1280679343137878,24.880941254826354,87.9425783402866,-3.057030622498833,0.002235414375991,0,4,1.0,-1.4416594673726164,1.354757438687263e-05,-0.365485541712068,0.554940640756897,-0.2131585068656561,0.0095790976761648,-0.706887001881886,1.1948009505436134e-08,0.0160111390914124,False,down
RPL18,4,-0.6048853793532433,0.2262220457778058,0.149542878683485,15.968738022524407,81.21329314960015,-2.6738569058267583,0.0074984439162123,0,4,1.0,-1.5960648149559462,3.41657375880165e-06,-0.313812808699011,0.999899862550801,-0.290185614572814,0.0010518899229965,-0.4431329283478539,0.0169985538920338,0.0418441308701614,True,down
RAB22A,4,0.6037893345203531,0.1365225186292905,0.0487801584211927,9.333748464128904,67.85857245318446,4.422635478619216,9.7504169959723e-06,4,0,1.0,1.0328749713813783,4.552265896964242e-07,0.157228464125826,0.999899862550801,0.6056682404467356,5.140446855365843e-10,0.5743187908101676,0.000427546108969,0.0001574445544125,False,up
GSKIP,3,0.6032697821573172,0.0844388611271035,0.0,1.34901600633438,0.0,7.1444566412286346,9.035257122147134e-13,3,0,1.0,0.3510776167048931,0.2728282804265384,,,0.6596993337697824,4.67774234478949e-10,0.5359718476349802,0.0111860981530312,5.4384891388029117e-11,False,up
TIMM21,4,0.6029352359141521,0.1379674815695672,0.0356251262821401,5.9801597648166585,49.83411617779789,4.370125692336672,1.2417503910552484e-05,4,0,1.0,0.75700471238981,0.0397690150552833,0.4057486214612411,0.999899862550801,0.4243801555911169,9.880402328149252e-05,0.8655302808119312,4.509575371507176e-07,0.0001939651125389,False,up
PPP2R5C,4,-0.6019382672647244,0.1329349652034464,0.0452676388481268,9.255748547711732,67.58771065856494,-4.528065782719435,5.952605222059945e-06,0,4,1.0,-1.0104067459562809,7.30075016974746e-08,-0.150131577053564,0.999899862550801,-0.6265366711146079,3.277901576697082e-13,-0.4910186211587899,0.0024086795555276,0.0001019539987021,False,down
PATL1,4,0.6018119767969704,0.1302486104234814,0.0449363486238624,10.537284726363056,71.52966748165824,4.620486735637948,3.8284082098974e-06,4,0,1.0,0.4458550270028986,0.025758206234417,0.0557724208543506,0.999899862550801,0.7822880347338917,1.2946832850928422e-25,0.8082184512839348,2.1278996409685543e-10,6.895207552506701e-05,False,up
TMEM39B,4,-0.6013329446601797,0.0796747492083383,0.0,1.175378046895638,0.0,-7.547346563812553,4.4421539641550625e-14,0,4,1.0,-0.501501826398241,0.1274456466931361,-0.250509140128882,,-0.6259643011797348,1.953260367327224e-09,-0.6406547134618171,0.0004041215037564,3.314148020240297e-12,False,down
THBD,3,-0.6011600104774718,0.1084550330067249,0.0,1.0982099354121493,0.0,-5.54294248788063,2.9743057509064385e-08,0,3,1.0,,,-0.541338103851416,,-0.5373442826771477,6.15168344493699e-05,-0.8036717002759729,0.0009492051264909,8.275789541302125e-07,False,down
RACGAP1,4,-0.6009876833775417,0.0849313635754426,0.0,0.4664133095913076,0.0,-7.076157241296351,1.4820669000373833e-12,0,4,1.0,-0.59084382430954,0.0467560969264397,-0.395696183276872,0.999899862550801,-0.5837854740483199,8.790888989487714e-07,-0.6719114388201183,0.0001213761340404,8.58389747445336e-11,False,down
ACER3,4,0.600940247767164,0.2297714922601676,0.1665756014379409,18.24357620889086,83.55585568503847,2.615382099215016,0.0089127686041883,4,0,1.0,0.0591864675221345,0.872085173318633,0.160395265391986,0.999899862550801,0.7646507141154342,3.90531723763181e-15,1.20228920567221,1.0192206547359211e-11,0.0481140849177293,False,up
ADAT2,4,0.5999935638247814,0.0978054383244464,0.0,2.6204250733502716,0.0,6.134562393498452,8.539392503849744e-10,4,0,1.0,0.6102700388167406,0.0238591734881627,1.38857857229814,,0.5041166701949938,0.0001671398987921,0.8409908834386564,0.0004358919645297,3.262907805854671e-08,False,up
DDX20,4,0.598950519580907,0.1911612635784526,0.1181729251331909,17.879378628480318,83.2208933971494,3.133221178646884,0.0017289910058324,4,0,1.0,1.193139822971212,2.8587534842124836e-08,0.0794824432117864,0.999899862550801,0.4349528146603659,3.460908024175758e-06,0.7081450330081106,4.084661476628401e-05,0.012978636782867,True,up
GNPDA1,4,-0.5987042176245028,0.1939638745256819,0.0860684365178201,10.471255448433766,71.35014025038684,-3.0866789967388013,0.002024060432002,0,4,1.0,-1.3644391379832306,0.0032540392999457,-0.314867378324687,0.999899862550801,-0.3085591403686598,0.0013605124726492,-0.6966590927050754,3.550934260444057e-06,0.0147655107881778,False,down
TTPAL,4,0.5983391246959296,0.1091886875077278,0.0179550677357073,4.816967631489767,37.72015447253119,5.4798636960773255,4.2565362325485037e-08,4,0,1.0,0.9909402657508936,3.423234483763602e-05,0.381907382907081,0.925821872452915,0.4924557528448425,1.5000905257972156e-05,0.6159667144502619,0.0005848390227019,1.1438596574134311e-06,False,up
CD22,3,0.5983132293035288,0.0931369674180302,0.0,0.2761549303096677,0.0,6.424014501332177,1.3272655088191547e-10,3,0,1.0,,,1.69963701015691,,0.5916624506702693,3.1999065731228236e-08,0.6204897620715526,0.0190995368024771,5.773080352490272e-09,False,up
TBC1D5,4,-0.5979448310356302,0.1488590299472389,0.0472562097969185,7.491367661264018,59.95390780895393,-4.016852932922937,5.898050593254704e-05,0,4,1.0,-1.4126098878151914,0.0008682494296785,-0.120738766147827,0.999899862550801,-0.5301261182304968,1.974453152987189e-07,-0.6396181196666019,2.4584693556449888e-05,0.0007503479509071,False,down
LAPTM4A,4,-0.5979037072635007,0.1578083359647225,0.0733804902977599,14.81285231113753,79.74731714739131,-3.7887967299595617,0.0001513787084592,0,4,1.0,-1.3078835102723014,9.842595096383933e-05,-0.225889514688368,0.855603163111376,-0.4524979573489913,3.546981092301567e-07,-0.7542397405816188,3.138452703473282e-07,0.00168607995672,False,down
SLC2A4RG,4,-0.597695986279547,0.1114602823551053,0.0066898065676123,3.4008156576611266,11.78586839184289,-5.3624122750319785,8.21178518082693e-08,0,4,1.0,-0.5804231294841506,0.0764039989561073,-0.371777209386749,0.999899862550801,-0.4965134965860729,0.0004201528302382,-0.9304295150961268,6.59107440894861e-05,2.085928600984651e-06,False,down
PWP2,4,0.5972553137892125,0.1823781927506286,0.0,0.4706336140329994,0.0,3.2748175907514243,0.0010573021955592,4,0,1.0,0.7257717132466533,0.5677819267386722,0.660728619198597,0.548471454138231,0.6191998765151242,0.0442312888749339,0.2571409972844287,0.7236894239329329,0.008679658344671,False,up
FMNL2,4,0.5958126154118599,0.0934290474814711,0.0121315505551776,4.600980981224769,34.79651378168905,6.377166753519792,1.8039401362785735e-10,4,0,1.0,0.0351479040661529,0.9352574758143416,0.694626854414892,0.511972609876797,0.6271519002400238,1.1540919100790616e-17,0.6870139306586732,2.776482134380658e-07,7.635176626799064e-09,False,up
HMG20B,4,-0.5958052497141504,0.1753532518823252,0.0819645240904045,12.056161733817218,75.11645856918892,-3.397742803845912,0.000679442647507,0,4,1.0,-1.2008382297773037,3.483189118741426e-05,-0.514091408417906,0.955808511426917,-0.2981795991600969,0.0009056830087253,-0.5762180903853049,0.0001157514588001,0.0059743720451393,False,down
CDCA8,4,-0.5957845093312332,0.1527621568987711,0.0448420823136649,6.04833241086458,50.399551542320665,-3.9000791912491386,9.616122934357603e-05,0,4,1.0,-0.1990553711161539,0.4688233155597372,-0.4517736490765839,0.999899862550801,-0.7835006215265323,4.0791144512404847e-10,-0.7598562630542754,0.0015919230057596,0.00113846826069,False,down
SNHG6,3,-0.5957671773922634,0.0715173234368594,0.0006063616576188,2.046010905074505,2.2488103538641253,-8.3303897400222,8.057664838602268e-17,0,3,1.0,-0.2323794286500523,0.6590767224781197,,,-0.5682134537710883,2.706134039351213e-12,-0.7576754411442833,6.2158263147427626e-06,8.3258753724318e-15,False,down
RPS28,4,-0.5956677907502363,0.2242860526632202,0.1362590390852695,13.440720025945328,77.67976719841688,-2.655839646189098,0.0079111222558453,0,4,1.0,-1.8076062173018952,8.727239013630574e-05,-0.455686442855079,0.999899862550801,-0.2560194755129792,0.0061959682979531,-0.4377763604462062,0.0226918000209262,0.043635325223246,True,down
RAB11B-AS1,3,-0.5955871579819925,0.2058284878059983,0.0140955553068996,2.195631681294861,8.910040921776481,-2.8936089670121725,0.0038084211996153,0,3,1.0,-1.1953915701983182,0.059615301697985,,,-0.623498690640382,0.0163986369026041,-0.1875063811928842,0.7332780801401643,0.0244936435517527,False,down
BCAS3,4,-0.5949784876613358,0.09997895360732,0.0062593547712594,3.474925840609324,13.667222334910218,-5.951037355303684,2.664482574556882e-09,0,4,1.0,-0.1343542384051277,0.8020264428355484,-0.394738969946631,0.84630949135211,-0.6273760051275975,8.635085476811792e-08,-0.8041066489780792,0.0001388931993858,9.22053411689032e-08,False,down
FN3KRP,3,-0.5944107351911847,0.1081439392434313,0.0077427088671195,2.496611013534592,19.89140522261464,-5.496477558979703,3.874523739575887e-08,0,3,1.0,-0.1336581613886248,0.7753475984318746,,,-0.5954350038742217,1.3990345001837202e-06,-0.7196190211886899,2.726386336179726e-05,1.0527702837571077e-06,False,down
REPS1,4,0.5940813457297187,0.0801461738282648,0.0025633222816645,3.247067049384918,7.608929708788089,7.412472952267207,1.239657444453951e-13,4,0,1.0,0.8191757255517409,0.0008652898099432,0.0072771916659557,0.999899862550801,0.6244976045639048,1.2844339425228044e-11,0.4629463388538944,0.0088376384123417,8.552859152033543e-12,False,up
DHX9,4,0.5936549589434545,0.2086945510948611,0.1419028299593303,24.66906813123805,87.83902179020234,2.844611686452759,0.0044465594119544,4,0,1.0,0.0716318623289401,0.8267365971860828,0.158220544554128,0.999899862550801,0.747391359042762,3.65538045679862e-29,1.1657969384099929,6.230134596767971e-20,0.027723605126829,True,up
UMPS,4,0.5935987983613459,0.0686803301548398,0.0,0.6933169011937341,0.0,8.642922901259746,5.479289606438489e-18,4,0,1.0,0.5215415728462829,0.0088858791750474,0.4261433105947239,0.991299984804734,0.5986667749920884,1.6450383744085952e-10,0.6659504685815606,2.70972914600221e-05,6.347036049900248e-16,False,up
RNF167,4,-0.5927759066127728,0.180758787786907,0.0979951572162481,15.556347279859295,80.71526724088963,-3.279375314862061,0.0010403717218542,0,4,1.0,-1.4573803655826525,2.1412567375113082e-07,-0.368452799168717,0.922709574924338,-0.4120699987304889,2.112338403120717e-06,-0.3585939893263097,0.0171279938840716,0.0085598284958091,False,down
UTP20,4,0.5920069879000781,0.0834174715428353,0.0,1.724966794450674,0.0,7.096918390724408,1.2756933561323644e-12,4,0,1.0,0.8833413393024521,0.0055566164191293,0.65757329665118,0.101284198659255,0.5131211782030124,1.2615576327442926e-05,0.6484830937458221,0.0031221165563391,7.46721677529713e-11,False,up
PAAF1,4,-0.591067370772368,0.1834852993569005,0.0917176014605847,10.252135861544604,70.73780487778266,-3.2213336591214987,0.0012759550606399,0,4,1.0,-0.765998811378181,0.0180517489282498,-0.30536347203566,0.999899862550801,-0.3408406056344131,0.0197312062014151,-0.9859161288901704,1.5597631882810553e-07,0.0101527458169289,False,down
MFSD13A,4,-0.5909507539574421,0.1456895897672646,0.040322666207967,6.207814060093547,51.67381028234611,-4.056231848146946,4.9870757421326486e-05,0,4,1.0,-1.2647173128668563,0.0022631900459943,-0.140173664157956,0.999899862550801,-0.4862888051184239,3.7669559815268617e-06,-0.6815559864936093,0.0001020289222113,0.0006471730542959,False,down
ENSG00000280088,3,-0.5902789814326851,0.1749467110215592,0.0,1.8326409370468268,0.0,-3.374050177827825,0.0007407086448512,0,3,1.0,-0.0416656742841271,0.9611704929341792,,,-0.739546049196891,0.0013936654819698,-0.3708969057707236,0.4373653078587414,0.006420739095916,False,down
ENSG00000234589,3,-0.5901674942570018,0.1967982287498739,0.0,1.9206889706307897,0.0,-2.998845558752925,0.0027100464181032,0,3,1.0,-1.201734755630112,0.0365591245807415,,,-0.4285429646490271,0.1409855309080604,-0.6593509456426047,0.2194101245789571,0.0186217332550842,False,down
CABIN1,4,-0.5897551719715423,0.0997438271361548,0.0172050565769238,5.404404906103463,44.489725471680494,-5.912698448661887,3.3654798801342602e-09,0,4,1.0,-0.8835126964636445,0.0001825871904143,-0.235668641828929,0.999899862550801,-0.5127752257048172,5.5791834850460646e-12,-0.7039227889426346,1.3441805452815474e-06,1.1466075337751537e-07,False,down
TVP23B,3,0.5897513405954086,0.1566013038583897,0.0371872375081369,4.137679535371564,51.66372883876809,3.76594144534521,0.0001659226780402,3,0,1.0,1.2878076759873476,0.0027013324908827,,,0.469999722682651,1.6920249060645613e-05,0.507750025845982,0.0113810123087959,0.0018231613684408,False,up
AGO1,4,-0.5890651199135665,0.1884990515624038,0.1089811909540682,18.07064552131466,83.39849012885874,-3.125029622329705,0.0017778715538561,0,4,1.0,-0.0646379234876385,0.9033207892739596,-0.2437260079961649,0.875251742374446,-0.8682094218019093,1.313118292500188e-20,-0.9081259535743184,1.1006270124620372e-09,0.0132596323377903,False,down
SLC35B1,4,0.5888546229167996,0.1675031605371109,0.0634207326651937,8.550260464997336,64.91334957243393,3.515483654329835,0.0004389537800709,4,0,1.0,1.0923013238593868,0.0025657113416881,0.0204144615954915,0.999899862550801,0.4121231060732977,4.941784651171533e-07,0.7635252939210074,8.122058724653308e-06,0.0041570282898375,False,up
PTPN7,3,0.5888051513008379,0.1007438344037878,0.0111313754880275,3.0391554072248317,34.19224317237939,5.844577534550339,5.078554597790877e-09,3,0,1.0,,,0.0501782258736131,,0.6827849278229965,4.1997174082661885e-21,0.4301477960326608,0.0024970943942388,1.6682672857131253e-07,False,up
EXOSC3,4,0.5882041821815219,0.0738154058183797,0.0,2.3542638261623843,0.0,7.968582921955046,1.6050415459864138e-15,4,0,1.0,0.6699987188337769,0.0159949085950546,0.324047872616087,0.999899862550801,0.5568055059437284,1.7457068186824724e-08,0.7532116787126648,1.375316668934405e-05,1.401799975619642e-13,False,up
PORCN,4,-0.588199641299138,0.1563295946850579,0.0388462452797225,5.155157331964787,41.8058498157105,-3.762561033207607,0.0001681822471525,0,4,1.0,-0.7693070919695041,0.0635237007095892,-0.419176453041593,,-0.3658485985531777,0.0086919577732683,-0.854098412065368,2.6952783184221776e-05,0.001844306466159,False,down
GLS,4,0.5873665577928912,0.0689540602185761,0.0,1.556321212054053,0.0,8.518230194581857,1.6200994556712236e-17,4,0,1.0,0.8404320842551416,0.0145107376631588,0.33251109678625,0.999899862550801,0.5678641328702411,1.6269153619312956e-11,0.6607897565241795,0.0002100093904675,1.7739686029785054e-15,False,up
SAT2,4,-0.5872246185331549,0.1404696678131216,0.0369760381234728,6.438222481409121,53.40328780711232,-4.180437155403458,2.9094921484148135e-05,0,4,1.0,-1.1606533958126923,0.0008846486578363,-0.640508908995411,0.999899862550801,-0.3885304569478427,2.8231635585251846e-05,-0.5947144068580197,0.0001199146340724,0.0004052848904712,False,down
GMPR2,4,-0.5862694499171178,0.1755823808164673,0.0823521307546557,11.901780441100756,74.79368725674004,-3.338999318672717,0.0008408077053695,0,4,1.0,-1.3569047431083123,7.961120250581732e-06,-0.314311749565975,0.999899862550801,-0.3596266176754314,5.934184353641269e-05,-0.5030961312638867,0.0010689894718959,0.0071559693687077,False,down
CDH23,3,-0.5851711703374767,0.1811409508470779,0.0386957726057786,3.281024293323202,39.043426040156206,-3.2304742113862894,0.0012358505272987,0,3,1.0,-0.6162001659430638,0.2850529310802236,,,-0.7989130978596864,8.527146356399945e-06,-0.3042447405088742,0.2428497186146648,0.0098724082040794,False,down
BBS4,4,-0.5851465215554225,0.1574970493753673,0.0410161225415053,5.202708499982956,42.337726589720944,-3.715285612499481,0.000202974296803,0,4,1.0,-1.0728793489952633,0.0010903486856608,-0.144186072771681,0.999899862550801,-0.4158199535816745,0.0013655454590417,-0.6671544390550291,0.0078132154967093,0.0021633226626331,False,down
DVL2,4,-0.5848173614819323,0.0752767572020153,0.0,0.3865769044388715,0.0,-7.768896844380482,7.917261077048321e-15,0,4,1.0,-0.6989253331619083,0.0406975412884832,-0.450029249858605,0.999899862550801,-0.5702890585271893,9.126977775175403e-10,-0.6352213731396447,0.0011979113939563,6.429926164013155e-13,False,down
UBE2J1,4,0.5847697887166208,0.192264368238839,0.1184504405202786,18.268629883039704,83.5784072521763,3.041488103454482,0.0023541186784684,4,0,1.0,0.127304155069753,0.655042455629024,0.257402087109737,0.999899862550801,0.71413918307587,6.219378519851775e-17,1.0985260062633695,8.307150648669471e-13,0.0166155617956364,False,up
NAPG,4,0.5845329535423549,0.0820988106811323,0.0,1.0434389674661777,0.0,7.119871149079753,1.0802800679285957e-12,4,0,1.0,0.5432325695571392,0.182721630953843,0.312085415607912,0.999899862550801,0.5841889863743686,4.6962355370891526e-08,0.6784322544009335,0.00035468347772,6.443329001365979e-11,False,up
RAB21,4,0.5842207194453629,0.1974844800517561,0.1305852281439611,24.01931753076325,87.51005312221012,2.9583120622554855,0.0030932879990277,4,0,1.0,0.3925277719600291,0.0208732310726006,0.0470275969978858,0.999899862550801,0.6036188987447209,4.264518298976971e-11,1.1434464874027994,1.008964995211559e-18,0.020680490756562,False,up
PLCG1,4,-0.5835321397568447,0.0855963151726697,0.0,1.830689109326664,0.0,-6.81725771231753,9.279471705909614e-12,0,4,1.0,-0.6093075417111242,0.159125449452635,-0.0532682830424334,0.999899862550801,-0.5952128879894548,5.464147467704787e-08,-0.6464791914398149,0.0011588670183498,4.86266411369916e-10,False,down
LYPLAL1,4,-0.582697947898513,0.1469226511168803,0.024567035582883,4.158701080737437,27.862091028960695,-3.9660184693710954,7.308320183591795e-05,0,4,1.0,-0.6033589778511378,0.289708687984321,-0.0045138645847309,0.999899862550801,-0.5440689189108447,0.00095251639712,-0.8550515401897978,0.0001007730573168,0.0009001053101324,False,down
INO80,4,0.5826303244142045,0.0638517758340274,0.0,2.562319053736066,0.0,9.124731721301842,7.1914151055798e-20,4,0,1.0,0.4119161610680416,0.5135046070212909,0.378127061467865,0.602830544620669,0.5793029666446141,5.72501261087822e-12,0.7229349248785225,3.946426703305515e-07,1.0047415291398514e-17,False,up
ZNF75D,4,-0.5821043184499392,0.1609163144139236,0.0503783214029137,6.868402781682664,56.321722890208235,-3.6174350659846537,0.0002975369425351,0,4,1.0,-0.0616612016884585,0.8935174172624739,-0.200627531536759,0.999899862550801,-0.5797900191722003,9.92585309158372e-10,-0.9063540319069064,1.350937702342571e-07,0.0030011414153328,False,down
DNAJC2,4,0.5820440798762034,0.0921801328087292,0.0102716976599256,4.2212114893262775,28.930355477668517,6.31420309497629,2.7155712499430047e-10,4,0,1.0,0.385127934541527,0.1520078716891467,0.7916981926075372,0.0409897907345641,0.4808177811590514,1.7620726020163574e-07,0.7646088926965963,5.121946011082969e-06,1.1213322258910994e-08,False,up
CCDC82,4,0.5817821473120959,0.1924183422169804,0.1104761973595765,13.957157186443233,78.50565154547418,3.0235274902017895,0.0024984632825453,4,0,1.0,1.134299632178133,4.5308263701759e-07,0.144957288129832,0.999899862550801,0.3535418707714363,0.0004412827059398,0.6613790586921009,0.0006808294481054,0.0174567232969968,False,up
LBR,4,-0.581717663465967,0.1596759447975768,0.063329930260385,10.846466020492985,72.34122160773941,-3.6431139593594857,0.0002693595104548,0,4,1.0,-0.650788552753353,0.0011402149119953,-0.4521163981802209,0.999899862550801,-0.3375196924528234,3.1671122974758044e-05,-0.8462798423744075,2.9154380242245874e-08,0.0027548017962828,False,down
KLC4,4,-0.5815009478481087,0.1566891176041775,0.0622194684867473,9.135125848047148,67.15972992707788,-3.711176351870688,0.0002062983134228,0,4,1.0,-0.0699629530637204,0.8573720122298105,-0.4217306728854,0.860372384813051,-0.8623954710685238,1.4193332412689537e-15,-0.6875817252795966,3.4602293143211215e-05,0.0021923802897747,False,down
FUBP3,4,0.5809771145906778,0.0642582924906784,0.0,2.2055651871192756,0.0,9.041278441610572,1.5485004673508152e-19,4,0,1.0,0.3761024777045983,0.2625601538040588,0.247943178174471,0.999899862550801,0.5966251115089362,1.8514736803926224e-13,0.6568686616797161,7.92881947047992e-06,2.103762147279265e-17,False,up
NUP153,4,0.5805159982521673,0.0698681747236208,0.0034726736275852,3.564670355255921,15.840745398051858,8.308732846514564,9.672941765046945e-17,4,0,1.0,0.5429068429190972,0.0079913593925697,0.409940036857005,0.799613776137299,0.52344423633983,5.7981228483032546e-11,0.7737169230831856,3.451396787103644e-09,9.810680889719734e-15,False,up
FBXL17,4,-0.5792079445895346,0.1620735133059824,0.0473989169374459,5.6153657561978125,46.57516303922271,-3.573735971873666,0.0003519237985544,0,4,1.0,-0.2237144449059856,0.6460636095580777,-0.10067830784137,0.999899862550801,-0.6192606061256476,2.783301012897674e-07,-0.9614813074384184,5.568423985455044e-05,0.0034599098262888,False,down
DDX55,4,0.578179790645686,0.0753499877670895,0.0,2.121768324043608,0.0,7.673256596044416,1.6768357052520882e-14,4,0,1.0,0.7887067446153465,0.0013061262816256,0.424958364337623,0.880567188358822,0.5081331661666331,3.828780674010678e-06,0.6731133740324224,1.4235442178487222e-05,1.2994886280596205e-12,True,up
HMGB1,4,-0.5781668847462814,0.0807191278875656,0.0053927351333558,3.633994839087753,17.44622288035239,-7.162699844225459,7.91034268660327e-13,0,4,1.0,-0.8166004752626909,0.0147619504191403,-0.320010580533721,0.999899862550801,-0.6545206276976069,7.256574566381197e-17,-0.4342401166060062,0.0067699843832126,4.809357242802524e-11,False,down
RMND5A,4,-0.5778661796018368,0.219939012045748,0.1496352961147352,20.211861894061357,85.15723085916464,-2.6273928132478774,0.0086041944426387,0,4,1.0,-1.488326483840667,1.023005137893e-07,-0.0300916310997408,0.999899862550801,-0.5610701202657697,8.35121891039546e-13,-0.2349352651644081,0.1573132103544605,0.0467464121175107,False,down
MTPAP,3,0.5778622874649668,0.1442518483759686,0.0430138324375485,6.572388981449292,69.56966476504901,4.005926398661209,6.177488420319517e-05,3,0,1.0,0.3531419876373899,0.0761000835822299,,,0.4940509616242509,1.806774066603645e-07,0.8977107327562814,7.008356651508139e-08,0.0007809324677932,False,up
PHC1P1,3,0.5775317830079172,0.1878862812213031,0.0,0.733620649662935,0.0,3.073836893539169,0.0021132493534437,3,0,1.0,0.1492441822515587,0.8640643678559917,,,0.5463704765844812,0.0885216648651919,0.7097052020493593,0.0300512129005158,0.0152643600328007,False,up
SEC23IP,3,0.5774241149027909,0.0593347421459635,0.0,1.5306620100778416,0.0,9.731636036815113,2.2100933996637293e-22,3,0,1.0,0.6453048770539085,0.0035048683302489,,,0.5296905447626974,8.411428700975285e-13,0.7025276498468292,1.9878093938584114e-07,3.9870447240327054e-20,False,up
FAM133B,4,0.576808763737349,0.1961101816943425,0.1175975426562989,14.462150089729112,79.25619647571924,2.9412484285816607,0.003268922496901,4,0,1.0,1.2739647954590916,2.0445171819766066e-07,0.3588130598748809,0.971302250255285,0.3252665598185805,0.0056134902477855,0.438042301870624,0.0222433017695264,0.0216313034378517,False,up
HCG25,3,-0.5764282026489821,0.1918446466349232,0.0,0.8561847643325742,0.0,-3.0046613901398778,0.0026587666134264,0,3,1.0,-0.4366167897966339,0.2154813638349169,,,-0.8290404714817666,0.0300458655870098,-0.4806321913089436,0.3085447591411029,0.0183703342659668,False,down
PKNOX1,4,0.5759031596639844,0.0816149167142139,0.0,2.3311121225871103,0.0,7.056346840132058,1.709368534576188e-12,4,0,1.0,0.8962358997091526,0.0021086275284371,0.192107797693964,0.999899862550801,0.5567137981922055,1.5605549314062816e-07,0.5585505776318843,0.0049447973688396,9.746500538209152e-11,False,up
RIMKLB,4,0.5758878508066827,0.1986642009622069,0.0871139138929715,8.426820548310802,64.39938428970859,2.8988003274743854,0.0037459336495835,4,0,1.0,1.425491126221194,0.0001637967039528,0.0126070730832377,0.999899862550801,0.4166324738467183,0.000473960479824,0.4128156831516157,0.0413384370810321,0.024163028632381,False,up
HMGN2,3,-0.5758254120286997,0.0790602294784403,0.0033074215541802,2.337866229393068,14.451905979273302,-7.283376431202077,3.25567132088485e-13,0,3,1.0,-0.4551534472882786,0.1522449681362608,,,-0.6595364687016102,9.832021235778715e-15,-0.4338591523462544,0.0033026690750622,2.107472650039843e-11,False,down
ROGDI,4,-0.5749778372767163,0.151454083426936,0.0326401024018661,4.694116217088734,36.09020609505522,-3.796383856194246,0.0001468221010558,0,4,1.0,-1.0190673319928691,0.1470834359496836,-0.297998614127873,0.999899862550801,-0.4165419601371722,0.0014047754030091,-0.8621876644400295,7.713882376475618e-05,0.0016428101790227,False,down
SH3BP5L,4,-0.5748494948552102,0.0738426043193515,0.0,1.832617026174012,0.0,-7.784794430720831,6.9826648754358335e-15,0,4,1.0,-0.7802901383191806,0.0061531324999583,-0.444652114739995,0.999899862550801,-0.5073053350130313,1.740110104370699e-07,-0.6879225551839706,1.185139176936856e-05,5.713065845482054e-13,False,down
BLZF1,4,0.5746301216262184,0.0961423258643426,0.0,2.4475909376817593,0.0,5.976869359672294,2.27466464273152e-09,4,0,1.0,0.90276848034589,0.0018593664321298,0.202646748681277,0.999899862550801,0.5478785019601077,6.760400425512755e-05,0.5419507411405261,0.0127810179270558,7.959156458168208e-08,False,up
SGO2,4,-0.5744736315384252,0.1948700864900162,0.0850426390670327,7.547336981446447,60.25088044465387,-2.947982637488372,0.0031985502866202,0,4,1.0,-0.2083238176112825,0.4374396549908823,-0.130532021917852,0.999899862550801,-0.8095105802137491,1.6180989858566086e-08,-0.8990567104299884,0.005400733006666,0.0212358652362668,False,down
PCDH7,4,0.5737184378145549,0.1926665587636284,0.0,2.985517200871131,0.0,2.9777790266053232,0.0029034523018153,4,0,1.0,1.573088165679096,0.0584186304562079,0.453229019412683,0.806570057085143,0.3146707362656695,0.5868738978458449,0.9299125129839934,0.1165687067856102,0.0196985455334938,False,up
TCEA2,4,-0.5736635217301799,0.1775295060402164,0.0838216786959202,10.100316751407062,70.29796120421595,-3.231370010122293,0.0012319834620611,0,4,1.0,-1.2029533822638687,5.2097273638946584e-05,-0.646433864089619,0.506360448150603,-0.3125054931810412,0.0037636806997234,-0.3828711986812114,0.0736838872108659,0.0098527340176251,False,down
PPHLN1,4,0.5736495358288504,0.1377861677728985,0.0545354962540246,12.17112162498118,75.35149107505005,4.163331814078384,3.136370684715863e-05,4,0,1.0,0.934389723348139,1.410765979370988e-08,0.0276649402296132,0.999899862550801,0.542079645097678,3.067780034823105e-12,0.6631602478491438,7.731505306626936e-06,0.0004327798269586,False,up
TMEM9,4,-0.5724722856006665,0.2094019517516034,0.1429997086682949,19.121302376307725,84.31069212253473,-2.733844077440807,0.0062599680375607,0,4,1.0,-1.2947719254754813,1.564133072780151e-09,-0.361782378641204,0.959093353685443,-0.4382946089627003,1.7970959072043444e-05,-0.2298191123529386,0.2377837340323772,0.0363504338433612,False,down
AGBL5,4,-0.5721195846793765,0.1023617958653288,0.0071946876681378,3.5472905498945826,15.428410562840613,-5.589190574890651,2.2813047923427284e-08,0,4,1.0,-0.2155192934837857,0.491347750948784,-0.224344677216911,0.999899862550801,-0.6854004435645872,1.7590479682386022e-08,-0.6113028676570461,0.0009146407037937,6.495373502544774e-07,False,down
SOWAHC,4,0.5711414625722621,0.1581822586274803,0.0274752454789069,4.1144559824324185,27.086350836923163,3.610654364958221,0.0003054254576811,4,0,1.0,0.4522591517772976,0.2068292536801411,0.205383072031874,,0.8905341938745932,1.953880007551198e-05,0.4120727079238724,0.2039674054725556,0.0030722618364279,False,up
XPO4,4,0.5707234893121815,0.1197412882216211,0.0303961530714922,6.612081061187325,54.62850542456458,4.766304904419163,1.8763524311190287e-06,4,0,1.0,0.6925074553793245,0.0002149380782873,0.635197925175244,0.384288683825297,0.3298355585443444,0.0038703732240971,0.7462183244849825,1.4032093892884994e-05,3.641679070237981e-05,False,up
CCPG1,4,-0.5706305681448501,0.204188159620914,0.0972593303464005,8.498556309183652,64.69988677067232,-2.79463103641394,0.0051958978771597,0,4,1.0,-1.3051376867217428,0.063060234546269,-0.177147882604665,0.999899862550801,-0.3822413776982998,0.0011081527234142,-1.0025093697173597,0.0002265391626506,0.0315118535074149,False,down
PLAUR,4,0.570495563903714,0.064664380798351,0.0,2.029477928175877,0.0,8.822408207738716,1.1202401767738193e-18,4,0,1.0,0.5688122862495338,0.272614141187796,0.673841907053238,0.999899862550801,0.52618118480281,3.1093008868636842e-12,0.7678573958569096,3.0509041409806287e-06,1.39295853393305e-16,False,up
ZNF407,4,0.5704885953461006,0.0851883789324562,0.0024603992766202,3.228407259693331,7.074920891951769,6.696788957545803,2.1304895130341775e-11,4,0,1.0,0.387839565187538,0.1898766352906327,0.33340063592458,0.999899862550801,0.5646068106205432,1.7779442294924077e-07,0.8068913251486483,2.3441923328461064e-05,1.0584637402340683e-09,False,up
TMED5,4,0.5699124313020777,0.0689115213190065,0.0,2.537282919516179,0.0,8.270205335677154,1.3372849510256842e-16,4,0,1.0,0.4844870699400983,0.0239846446194055,0.179426650126932,0.999899862550801,0.6417377861678473,1.7982886946185046e-12,0.4890704791625526,0.0037281625735654,1.3257794814019943e-14,False,up
CEP55,4,-0.5696069150089871,0.2062961409897726,0.0924070938596153,7.310078596525071,58.960769567839066,-2.761112797729096,0.0057604777319031,0,4,1.0,-0.2152646170264895,0.4333708318541908,-0.0108556157894621,0.999899862550801,-0.6784296245794108,2.005138875394861e-05,-1.1337268333415838,0.0010889348186177,0.034072118893162,False,down
ESPL1,4,-0.5691447030314496,0.1867943901124098,0.0881717930298067,9.172950504413514,67.29514676268484,-3.0469046885666513,0.0023121101041578,0,4,1.0,-0.1391598146604607,0.575880937221331,-0.655493882974553,0.918306057261438,-0.5719730923730086,0.0004747893171502,-0.964646688657854,4.853429943052355e-06,0.0163940822430447,False,down
VPS26B,4,-0.5685657939845946,0.0994558157868941,0.0158338171578002,5.17382120182686,42.015777450123146,-5.716767687099079,1.085693832110314e-08,0,4,1.0,-0.8544247560966522,3.1527870590185485e-05,-0.258358367436478,0.999899862550801,-0.4417407714167204,6.01617793207518e-08,-0.6252847785840993,4.761885275899703e-06,3.323370730308192e-07,False,down
PTOV1-AS2,3,-0.5683809728330124,0.2018894059621105,0.0722999931947243,4.935531303860367,59.4775136278503,-2.8153085602702848,0.004873042074259,0,3,1.0,-0.9106539253727628,8.646673997157967e-05,,,-0.2846130170033352,0.2052135257027359,-0.5325519680552936,0.1046351995534305,0.0298831939293306,False,down
PPP2R3C,4,0.568263241619572,0.1116448930272352,0.0119849682604773,3.8304650466126264,21.68052799090353,5.089917023620121,3.582202306758053e-07,4,0,1.0,0.3984060537521143,0.3547490130029133,0.0770802353582977,0.999899862550801,0.5733911917093395,2.808775632556071e-07,0.7951635426373342,6.90988431322357e-05,8.02041613117375e-06,False,up
SEC24D,4,0.5680376380237412,0.0636034596371465,0.0,2.8935003069335794,0.0,8.930923589131124,4.2246682921174127e-19,4,0,1.0,0.7799351865002602,0.0122658212798397,0.119468744444367,0.999899862550801,0.5148704248080039,2.143663447851751e-11,0.7354687945919984,1.7402037002724271e-06,5.374608349203014e-17,False,up
SS18L1,4,0.5670985474722507,0.1514718443049296,0.0492053871121905,7.289017253774958,58.842188246346794,3.743920529089343,0.0001811709771465,4,0,1.0,1.131046742667431,0.0003213403559162,0.720146871534868,0.702836297868101,0.3458848335336694,0.0012339616996037,0.4682777809667384,0.0075109762596502,0.0019652006091764,False,up
TAF2,4,0.5670554878877864,0.1069885215207785,0.0231205328540921,6.256367533944443,52.04885288910458,5.300152575504627,1.1570594587587688e-07,4,0,1.0,0.8936973871295347,2.5890034420592556e-06,0.188282860624319,0.999899862550801,0.5614683630851734,3.6417238948863426e-12,0.530256977339968,0.0018697061626611,2.8453320254549436e-06,False,up
PRR22,4,0.565652891321956,0.1840698165589345,0.0,1.199712630980614,0.0,3.073034470813677,0.00211894009739,4,0,1.0,1.4943118689650483,0.1822802218822307,0.108555716849934,,0.48148879237666,0.0709291026966967,0.6402772222231049,0.1005018111069869,0.0152954255832918,False,up
DTNB,4,-0.5650542220474767,0.1256235638771542,0.0065020913564839,3.2874664201216475,8.744315025155762,-4.497995476390373,6.8597156603360826e-06,0,4,1.0,-1.1362518388255023,0.0039342572541649,-0.234364145854995,0.999899862550801,-0.520261521627619,0.0015964882542308,-0.4952165104007492,0.0638030126539018,0.0001156014410171,False,down
DPM1,4,0.564662044808378,0.0977330863338897,0.0150965182573592,4.9725239073547955,39.668465031153715,5.777593504816768,7.577661153409538e-09,4,0,1.0,0.6586214443815336,0.0001167147424813,0.148610025277276,0.999899862550801,0.5347133446049178,1.5603173817486962e-08,0.7723943324447631,2.749046529079548e-05,2.3791261672666266e-07,False,up
SVIP,3,-0.5646091644658339,0.1513160847808439,0.0,0.9799309060864332,0.0,-3.731322848351356,0.0001904769317249,0,3,1.0,-0.8675078656801385,0.0249496990253877,,,-0.4807790418677822,0.0286971664229487,-0.5266094334204655,0.2080994470199959,0.0020519857025622,False,down
DNAJC24,4,0.564258783478211,0.2068507831996072,0.1191623969735124,10.889803747229514,72.45129416805851,2.7278542278165387,0.0063747772054091,4,0,1.0,1.157568719215151,7.222044656857143e-06,0.169046230218876,0.999899862550801,0.3069059364081748,0.0451959807360706,0.599872449574,0.0123840883074809,0.0369022807769201,False,up
VKORC1L1,4,0.5633260664428797,0.0935003750435118,0.0085747952678958,3.9204072891385104,23.477338481858737,6.024853549311724,1.692628181256839e-09,4,0,1.0,0.4701220600349549,0.0142851259178372,0.0239231780845169,0.999899862550801,0.5425985669755418,3.982841965698636e-07,0.7839784698979255,4.229473415917623e-06,6.067272580013318e-08,False,up
PRPF18,4,0.5631096869007373,0.0932407195011513,0.0,2.489011660544441,0.0,6.03931082807425,1.547738464775267e-09,4,0,1.0,0.2598615299093208,0.5687369873874714,0.147001540676863,0.999899862550801,0.5873348069596377,1.036768712586836e-05,0.674734223994319,0.0002226161974235,5.6333951698718816e-08,False,up
MYNN,4,0.562711775645364,0.0977512660194993,0.0,0.5687788096687411,0.0,5.756567649293818,8.584139094806645e-09,4,0,1.0,0.6272022910483364,0.0269477540986306,0.443624143356072,0.850109697878794,0.6118433044872191,3.237340550194195e-05,0.4742923511287343,0.0606279600315844,2.664715336214379e-07,False,up
CLIP1,4,0.5618449472143521,0.0781704461230816,0.0056419170631612,3.7796384056187415,20.6273278538959,7.187434319227382,6.602014328066961e-13,4,0,1.0,0.2421051394601452,0.4915614176810177,0.316289402615401,0.987888712786396,0.653459986988166,2.169647628778939e-17,0.5597544575352215,5.515409491419687e-05,4.081565543438926e-11,False,up
C12ORF76,3,-0.5602301911042799,0.1944966889341356,0.0586680283658046,4.202245875099477,52.4064022086129,-2.880409914299344,0.0039715843260554,0,3,1.0,-0.0243314340356876,0.9678223174176758,,,-0.8115084040039099,5.12658952365861e-07,-0.5140991128836053,0.0420888911901962,0.0253290638748636,False,down
PLEKHA8,4,0.5595158111216179,0.0911772438726573,0.0,2.7018399570290192,0.0,6.136572979800369,8.432063737873878e-10,4,0,1.0,0.342680554367012,0.2586486183156464,0.4227978327875449,0.920009835484457,0.5255108549705908,0.0001788830885771,0.7861723942380794,3.736831330892851e-05,3.2275007096846295e-08,False,up
INTS12,4,0.5593730471003148,0.08462709975932,0.0,2.679966226651003,0.0,6.609857228844837,3.8469084688374354e-11,4,0,1.0,0.9509695630191164,0.0049316401032768,0.195996955050136,0.999899862550801,0.5647160033708691,2.506177986391702e-07,0.477990944052334,0.0221847569154624,1.8129894751743707e-09,False,up
ACOX3,4,0.5593092142179187,0.0824060037944489,0.0,1.6244047575412195,0.0,6.78723865330301,1.1430005191272932e-11,4,0,1.0,0.2931574112873222,0.6437776335678699,0.103370456306536,0.999899862550801,0.6136302330030137,4.465113884641316e-09,0.4962982402547366,0.0060637987378854,5.91912904128767e-10,False,up
SMG1,4,0.5591844377686763,0.0845488475656631,0.0,1.6985770274279388,0.0,6.613744052920379,3.747194069571171e-11,4,0,1.0,0.4766628637790167,0.074110295638435,0.342124093504955,0.999899862550801,0.5259425831599962,6.674140862531745e-05,0.7066873158643691,1.6333664814733742e-05,1.769785284918281e-09,False,up
BEND7,4,0.5586828048842288,0.1668304273612393,0.0,2.587990482398427,0.0,3.3488064121211427,0.0008116048209167,4,0,1.0,0.7264520760764853,0.0089086694312052,0.15317990010462,0.999899862550801,0.7343964970898325,0.0502367964288493,0.1096252345121222,0.8835463642427316,0.0069450274119584,False,up
PWWP3A,4,0.5584952145620405,0.15079965068455,0.0496965116321447,7.285219994142558,58.82073564817464,3.703557747161681,0.0002125967583898,4,0,1.0,0.9818206748253536,0.0257094070220738,0.0417428407786214,0.999899862550801,0.6611736593878155,8.798896757355772e-11,0.6538148981993629,0.0006557875393966,0.0022506214792701,False,up
C1GALT1,4,0.5582531654692776,0.0740833696440993,0.0,1.7578594907448957,0.0,7.535472105968682,4.8657119817660746e-14,4,0,1.0,0.6417132275968471,0.1497733767117113,0.417398305325283,0.513976225445817,0.5363184665550451,1.117880123809701e-07,0.7297470505390613,5.432402139610477e-05,3.6058133404687963e-12,False,up
CD209,3,0.5581329851309914,0.2063622129701312,0.0491029988267199,3.115930850808114,35.81372322555548,2.7046278342235808,0.0068380953232853,3,0,1.0,,,0.33491711351817,,0.7471478179189824,8.959015982131061e-08,0.2209612155345395,0.5203348564917877,0.0389290325841148,False,up
INAFM1,4,-0.5580589621108812,0.2020490580874437,0.0686237327196192,5.258824621582241,42.95303198193783,-2.7619973455622935,0.0057448945500243,0,4,1.0,-1.3791880444595268,0.0070258142159563,-0.39682902437708,0.999899862550801,-0.2663118702888815,0.2908067186585744,-0.6202098528329872,0.0372487747214404,0.0340073652908783,False,down
BAG2,4,0.5575868602774069,0.2074057222595809,0.1238088336207626,12.000179782614769,75.00037454150277,2.688387061855279,0.0071798118518894,4,0,1.0,1.0046268210038591,1.524822432431615e-07,0.719361972465527,0.495197551808706,0.2891859770979197,0.0643349392706715,0.2231829020658966,0.5095693714155217,0.0404661918177297,False,up
DOK4,4,-0.5575674910834546,0.1814973520110255,0.0586907904769775,5.773261243296483,48.036302644655215,-3.0720420155197834,0.002125997981698,0,4,1.0,-0.2595196858617153,0.5889271961094898,-0.734593047204873,0.999899862550801,-0.3694842214758713,0.0115996854185414,-0.9331310986034173,4.250479460655095e-05,0.01533128754233,False,down
ARIH2,4,0.5575097307500204,0.1881133834738583,0.1126307306636041,21.271459330075174,85.89659527610137,2.9636898792344364,0.0030397446044928,4,0,1.0,0.3437210026570318,0.0475287914251226,0.0164868014567264,0.999899862550801,0.5522826063064051,1.525832008944934e-12,1.0982971862184954,4.206003854274909e-16,0.0203844421085569,False,up
C19ORF44,3,0.5574631945831541,0.1436131817738957,0.0,1.1502871098870842,0.0,3.881699351671095,0.0001037290691172,3,0,1.0,0.4645437608206907,0.1380992433089491,,,0.4731496913152052,0.0514769493442504,0.8281389038024601,0.0111530277762129,0.0012124126830597,False,up
SBNO1,4,0.5573190660063038,0.1798730878195261,0.1088660498473215,22.246893503589632,86.5149711823094,3.098401616174423,0.0019456755993684,4,0,1.0,0.523456466964008,0.011118047251385,0.0717358786760731,0.999899862550801,0.540093720019712,1.9069852768050592e-11,1.0416694697547415,2.01264592065668e-15,0.0142984420158255,False,up
APOL2,3,0.5569096761696353,0.1205774846067504,0.0187743043653801,3.4746705089988845,42.44058552256121,4.618687128744906,3.86175623276775e-06,3,0,1.0,0.0664078641663491,0.8825147246933922,,,0.58426166597625,6.601646554997523e-09,0.6993180957306135,1.633769972404001e-05,6.949582414307884e-05,False,up
TRIM52-AS1,3,-0.5556116789395691,0.1328390598593568,0.0,1.97250401579444,0.0,-4.182592676640605,2.882034730229771e-05,0,3,1.0,-0.962967718640408,0.0727524044380791,,,-0.4145562695220477,0.0329480685531283,-0.7286385802312548,0.0063975979407737,0.0004019689631028,False,down
FAM171A2,4,-0.5554290469229625,0.1578502495861662,0.0,0.1654166477049596,0.0,-3.5187087025780635,0.0004336525758813,0,4,1.0,-0.5292914992159624,0.2522684339509334,-0.664638749583679,0.856802849720016,-0.5749753345576768,0.0393265297582747,-0.4674360330578825,0.2238606655894539,0.004121010165187,False,down
ASPHD1,4,0.5546312526027369,0.1567117694565992,0.0,1.7881535171904663,0.0,3.5391805894728297,0.0004013711719236,4,0,1.0,0.504993312498743,0.408434132107944,0.848939200138854,,0.3862734975998452,0.1235050134701162,0.8396003677974023,0.0050690780865217,0.0038710684149287,False,up
INPP5K,4,-0.5545050381295218,0.1379271960676095,0.0357937855030654,6.266307964269489,52.12491921708906,-4.020273404656998,5.813063873860696e-05,0,4,1.0,-1.128344745937968,0.0002872175926421,-0.063713431712109,0.999899862550801,-0.4399167200067735,1.0936906376438757e-05,-0.5370974027499303,0.0008504608319563,0.00073996369462,False,down
NUDT1,4,-0.5543117862045732,0.1948713750762678,0.0968128513875821,9.711349763412924,69.10831065623478,-2.8445008200287463,0.0044481071346184,0,4,1.0,-1.119030071558272,0.0038494421224826,-0.325737404184318,0.999899862550801,-0.2427855732466451,0.0547552930350368,-0.7398638459172664,0.000227211933139,0.0277254007153262,False,down
DENND11,4,-0.552500637689551,0.107938500374478,0.0213645742332159,5.977626918546726,49.81285983753973,-5.118661420834314,3.077118046149744e-07,0,4,1.0,-0.6553615047174312,0.040939652224496,-0.230897349475629,0.999899862550801,-0.4636754448688842,1.7448326260487506e-08,-0.7596477746949011,1.0995499235313495e-09,7.025341398102667e-06,False,down
HMGXB3,4,0.5520669318728393,0.0839271313854064,0.0091857612165197,4.372177328751903,31.384301815215014,6.577931626635279,4.770374825021345e-11,4,0,1.0,0.3188352928207258,0.1312184476250397,0.240160097179141,0.999899862550801,0.6196369289324977,2.0780497029717017e-17,0.6744720786856642,3.7408817777189026e-06,2.2103406215556793e-09,False,up
TRIM11,4,0.5519531864327389,0.2005178764420623,0.1102489681903012,12.698065868761978,76.37435471664874,2.7526382995194965,0.0059117170885082,4,0,1.0,1.3458771258931417,5.608825980408042e-06,0.2069678437446249,0.999899862550801,0.3409582645657448,3.917773840203062e-05,0.3870729303208151,0.0498379059830133,0.0348076461746866,False,up
MED10,4,0.5515646217392829,0.074045985634707,0.0,1.6975748887130884,0.0,7.448946988974264,9.408816491616499e-14,4,0,1.0,0.4853553077797695,0.1294849346408054,0.124454396136627,0.999899862550801,0.5744094519050131,1.9316789576731736e-09,0.5925857036131384,0.0005430242893753,6.679956198838307e-12,False,up
KRR1,4,0.5515202770481504,0.0715254769785845,0.0,2.4010922224399645,0.0,7.7108227773619875,1.2500915769394874e-14,4,0,1.0,0.5975727026178898,5.56505979542826e-05,0.4660335591019151,0.595126193006386,0.4688431329518038,3.358432160096812e-05,0.774715105882112,7.790869826457409e-05,9.932586829191762e-13,False,up
ZCCHC14,4,-0.5503587193724853,0.1529379996641469,0.0657311955962802,10.661279523726744,71.8607884417299,-3.5985740664915027,0.0003199667293462,0,4,1.0,-0.5829265547877336,0.0074852360351589,-0.138697272019924,0.999899862550801,-0.4863532482802049,1.8262618486720062e-05,-0.9571080923194768,3.7762893973999594e-08,0.0032024318991271,False,down
SLC30A1,4,0.549589873081942,0.1238399237105684,0.028724039701335,6.380944669691568,52.98501781014488,4.437905455807708,9.08385004291066e-06,4,0,1.0,1.0497540063884645,0.0393373676089672,0.195552602533267,0.999899862550801,0.686408245973299,1.6670739958034202e-19,0.4240530394588838,0.0033212125891642,0.0001476403699454,False,up
AKIP1,4,-0.5492063193621333,0.077262314993405,0.0,2.3056414906548808,0.0,-7.1083337252969,1.174522841751685e-12,0,4,1.0,-0.943369189154952,0.0047754130774335,-0.243727781255243,0.999899862550801,-0.5320026162632455,4.7903830415421124e-08,-0.5345768019767604,0.0052903847256507,6.93839156569097e-11,False,down
SLCO3A1,4,0.5491916570173195,0.0798647049243735,0.0,0.202683434466551,0.0,6.876525212700234,6.133008493218926e-12,4,0,1.0,0.4600743889194417,0.3376796807750797,0.4228292472130731,0.999899862550801,0.5723613867972074,2.5561438824188843e-08,0.5135280185231702,0.0023249551306395,3.2604199016245245e-10,False,up
ZMYM3,4,-0.5488883326468439,0.0733530713100351,0.003864916851134,3.5708394966889228,15.986142676483675,-7.482826865243378,7.274068542685474e-14,0,4,1.0,-0.6933685940930753,0.0130960595460768,-0.851194953875825,0.00744588132891,-0.519715724475847,5.518670163128368e-10,-0.4301334469537419,0.0018454767050972,5.301158097879622e-12,False,down
LBHD1,3,-0.5488827514716941,0.2088334317947659,0.0609631785000711,3.7300635829027406,46.381611049010665,-2.6283279777306756,0.0085805741508369,0,3,1.0,-1.087742202505546,0.0033108237327664,,,-0.4029538921784598,0.0933719737325697,-0.321125945259275,0.3381285879059604,0.0466526325310695,False,down
TXNDC11,4,0.548471061015175,0.2011821801893677,0.1137708962109827,15.601355545190216,80.77090166101061,2.7262407659511045,0.0064060251217524,4,0,1.0,2.0885736317785217,7.415050299412468e-05,0.127667673176981,0.999899862550801,0.3215958050338349,0.0003346535245508,0.5495092191016548,0.0003021881241767,0.0370350663946233,False,up
EEF1A1P6,3,-0.5484310276762789,0.1302908566992558,0.014369835124728,2.6315445369676485,23.999006214630995,-4.2092825357822,2.5618287693344222e-05,0,3,1.0,-1.1108535458871245,0.1055374521615614,,,-0.4250981143652911,0.0004823760756416,-0.7079321482758244,0.0009605340309292,0.000363060459654,False,down
LLPH,4,0.5482152323987322,0.0763385016465455,0.0,2.1017065028874073,0.0,7.181372709370432,6.901492290979995e-13,4,0,1.0,0.9754514638951376,0.0581345189096273,0.293929149027109,0.999899862550801,0.5130223380965365,1.1577275050280397e-07,0.6591446468734857,0.0001484416678881,4.242875526038511e-11,False,up
NDE1,4,-0.547936805563733,0.201072240152652,0.124968552915118,17.661994163110517,83.01437554392409,-2.725074357095465,0.0064287007203344,0,4,1.0,-1.2662973824934496,1.3539468035686645e-08,-0.275415311613697,0.999899862550801,-0.4004555859636421,7.53762056487859e-05,-0.2651237284391599,0.0978047071764807,0.0371168085398325,False,down
CCNB1,4,-0.5474732824474356,0.1219800300525819,0.0143076531437838,3.871907800492043,22.518816186202603,-4.488220589972279,7.182054143073642e-06,0,4,1.0,-0.981892979243724,0.0004409886559978,-0.464503765148437,0.999899862550801,-0.4866042612267112,0.0003102627288122,-0.3746973446214251,0.1082029838129969,0.0001205719524293,False,down
CLCN5,4,-0.5474381582350113,0.1650232142094486,0.0539302964922336,6.9655998390031115,56.93120378230989,-3.3173402957731684,0.0009087885435469,0,4,1.0,-0.2805238445685329,0.4475976681345742,-0.827879000718795,0.999899862550801,-0.3887997268216695,0.0003110858503233,-0.8692454999225278,8.320050186596276e-07,0.0076546219115671,False,down
PRPF40A,4,0.5458217020834571,0.1217689677443745,0.038735654420884,9.727934737400322,69.16097731961435,4.482436799737697,7.379550140930351e-06,4,0,1.0,0.8577978874674299,0.0001778714447204,0.278851188374896,0.899348470181021,0.3999811103149737,5.0309212361127745e-08,0.7313032181414234,5.9598676629200034e-08,0.0001233230972298,False,up
MTHFD2L,4,0.5457949464397315,0.1885665118549223,0.0863353234074142,7.830960893588514,61.69052507392539,2.894442608450277,0.0037983233790952,4,0,1.0,1.0113340998501257,0.0002865532236583,0.125995308476539,0.999899862550801,0.7112558378969851,6.189294940840088e-05,0.2431713245395384,0.4206704905014916,0.02444365475161,False,up
SEC22C,4,0.5456799747290609,0.0771344355019514,0.0033009048123645,3.391050935270287,11.531850825446767,7.074401610358004,1.500950142534559e-12,4,0,1.0,0.4048442138903487,0.1441130828072428,0.166721891436141,0.999899862550801,0.6028535359765568,6.297086708704962e-12,0.6173959549981619,0.0001318455499726,8.670449261691105e-11,False,up
MPRIP,3,-0.5455684388213297,0.1187151362072339,0.0201843673283526,3.8985183242959462,48.69845839800714,-4.595609761749028,4.314855811986113e-06,0,3,1.0,-0.4948683060606414,0.1565001759917619,,,-0.4178005601107615,1.3244892781127605e-05,-0.7352631867895072,2.106079734933933e-07,7.646188531884249e-05,False,down
DDX31,4,0.5449714264101101,0.1608280409828573,0.0707125239529682,10.78295557399734,72.17831438316988,3.3885348791147596,0.0007026709150448,4,0,1.0,0.0570043977323151,0.8439109281032274,0.6634469033766509,0.495197551808706,0.5462387146052312,9.412443985924217e-08,0.886661454357048,8.968056610644092e-08,0.0061491388346807,True,up
TEX10,4,0.5445846562121861,0.1293658122332265,0.0409240687214925,8.264889614394571,63.701874556496904,4.209648954473261,2.5576777470338387e-05,4,0,1.0,0.2306521354136502,0.2750519487948932,0.525755676715796,0.595126193006386,0.5120357217341893,3.35134235616089e-07,0.8773105049999185,3.370044095683552e-08,0.0003627057315365,False,up
PARPBP,3,-0.5445630755106448,0.1276948126372316,0.0,1.7245413228716924,0.0,-4.26456693317445,2.0029029759576375e-05,0,3,1.0,-0.2789262944726443,0.343057245339694,,,-0.6544351548739623,0.0003208001329066,-0.6323728981075761,0.1199572897942058,0.0002940753275373,False,down
BBS2,4,-0.5441803059960189,0.1880755977498888,0.0984720511138917,11.80245287779993,74.58155494403276,-2.893412609113138,0.0038108032111859,0,4,1.0,-0.2516483333628775,0.354273480800377,-0.0247531010347626,0.999899862550801,-0.903989397261962,5.599389253318377e-18,-0.6767270489847136,0.0003811873142368,0.0244936435517527,False,down
BLOC1S5,4,-0.5440074278252109,0.1967634000827009,0.096213117994462,9.117280464555844,67.09545119662886,-2.7647795656944387,0.0056961273768295,0,4,1.0,-1.3974058879680598,0.0004777410472567,-0.256967669522012,0.999899862550801,-0.5667287396352335,4.0688178322110187e-07,-0.1979811689913914,0.4371186704529325,0.0337731862706467,False,down
EOGT,4,0.5438261755509837,0.0821966161608707,0.0,2.689122613802941,0.0,6.61616257397551,3.6864294538890824e-11,4,0,1.0,0.9154763598377098,0.0079790132232618,0.445523561851144,0.999899862550801,0.4693802928781518,1.0044819880804143e-05,0.688785801931782,0.000581127879967,1.744830663454727e-09,False,up
MRPL50,4,0.5437875159218074,0.2023494539070502,0.1116474840919091,11.929485743109815,74.85222695594629,2.687368339385772,0.0072017487549549,4,0,1.0,1.2947315657102914,9.188869014560913e-06,0.165419120392416,0.999899862550801,0.3199611724348223,0.0034442771121279,0.4269070989254924,0.030160986569843,0.0405794389011273,False,up
ATP6V1C1,4,0.543693044836502,0.110894767125755,0.0199622715214956,5.377605405069072,44.21308790763782,4.90278359320555,9.448806021432992e-07,4,0,1.0,0.1142820847986464,0.7884525355869088,0.152104549824743,0.999899862550801,0.6938633872583075,6.1799679984688384e-18,0.5551713352858704,3.534046199730077e-05,1.9435399226702684e-05,False,up
TMEM41A,4,0.5434731256586869,0.0905532948502148,0.0,0.4755052631009279,0.0,6.00169355027502,1.9526998783398286e-09,4,0,1.0,0.6670794610973088,0.1079815697491848,0.4256461256955791,0.999899862550801,0.5007574141757131,5.9476049944596e-05,0.6129490840671827,0.0006728211538599,6.909480968228503e-08,False,up
MDN1,4,0.5430058708770434,0.1016854499012173,0.0,2.5172429526315474,0.0,5.340054761074942,9.29185100686446e-08,4,0,1.0,1.00420208924053,0.0079235966036677,0.730654357364044,0.860515646338543,0.4406556973697231,0.0067196986927506,0.5382446355360595,0.0036523197502584,2.326556869284185e-06,False,up
DIS3,4,0.542976537325727,0.0919588242692299,0.0135736621361875,5.021957954241415,40.26234334625845,5.904561543066732,3.5358586099094643e-09,4,0,1.0,0.2012771662125579,0.3920322679704026,0.577926673686968,0.170871699944105,0.5576645314782145,1.6354105417974158e-10,0.7282557143010918,1.2866798436758507e-06,1.199086473736478e-07,False,up
ENSG00000284024,3,0.5423542672064646,0.197012933149778,0.0819725466681754,7.625262093682219,73.77139335765172,2.7528866178249465,0.0059072350879486,3,0,1.0,1.0761229266170886,0.0010019222474054,,,0.260106025349422,0.0268990971274582,0.5337664976679561,0.0039118139754871,0.034805703299584,False,up
C9ORF85,3,-0.5412776122428106,0.0899609129540821,0.0,0.1447472766984368,0.0,-6.016808794716095,1.7788898911029752e-09,0,3,1.0,-0.4415093155229292,0.2118631051776703,,,-0.5442555471475545,1.7987178471536489e-06,-0.5758512199796971,0.0095769367878651,6.314772195691191e-08,False,down
SLC37A4,4,-0.5412681381869132,0.1786984963225297,0.0819264257526438,11.49037493275802,73.89119138795661,-3.02894623808131,0.0024540835052824,0,4,1.0,-1.5341123489527595,0.0005121045020915,-0.550579797862119,0.725761365936939,-0.2400721963765251,0.0119279649901581,-0.4669905071183322,0.0021849546874023,0.0172012496394141,False,down
JARID2,4,-0.5411479171181549,0.0695404996394929,0.0,1.1179694672993843,0.0,-7.781766307742059,7.151889014164549e-15,0,4,1.0,-0.5936112586652694,0.0073417137913725,-0.303846277784618,0.999899862550801,-0.493518569003476,9.48512119179073e-08,-0.6527463357742297,2.1489910857106632e-05,5.829849085657317e-13,False,down
C19ORF81,3,-0.5411330358103565,0.1900046100169131,0.0,0.0401653313379821,0.0,-2.847999507812932,0.0043994992608374,0,3,1.0,-0.2262792693616829,0.9302275954850058,,,-0.5551684445489593,0.0377577028510169,-0.5241936593076885,0.191878909305799,0.0275159361272442,False,down
RAD51B,4,-0.5405963062865282,0.1432712833557134,0.0,2.220451155936441,0.0,-3.7732355963081425,0.0001611439844999,0,4,1.0,-0.1583429976583966,0.7737601273023578,-0.0141984976058485,0.999899862550801,-0.5999429479514765,0.0039920861397921,-0.7350457709060902,0.0296068617720664,0.0017768627028348,False,down
KRAS,4,0.5404027134911229,0.15844190139038,0.0616428975817068,9.37227331889872,67.99069022079574,3.410731055036014,0.0006478896367926,4,0,1.0,0.8872932536408749,0.0099640636818862,0.0617526134871369,0.999899862550801,0.4024000320897846,7.297394478623184e-06,0.8001443871895876,3.264113522032078e-07,0.0057312713087493,False,up
DYNC1LI2,4,0.5402376450311527,0.0856767176939277,0.0110705638935174,4.861752724066705,38.293858814551285,6.305536201341217,2.871978628489922e-10,4,0,1.0,0.6705350037253379,4.165830100967435e-06,0.0241072626914759,0.999899862550801,0.5997777867365217,7.196467382643127e-13,0.4750233518852386,0.0013697108921304,1.1770833823917074e-08,False,up
MYH10,4,-0.539640276243971,0.1213053410534459,0.0157284399294994,4.076744834311079,26.411877075280227,-4.448611013806974,8.642737571103341e-06,0,4,1.0,-0.8735931925027243,0.0052355171456727,-0.270875296258592,0.999899862550801,-0.6688716616572137,5.5668227102035206e-05,-0.37125192157643,0.1000433799960673,0.0001415312583351,False,down
OPN3,4,-0.5393503753686789,0.147316335205788,0.0215959178941354,3.881332435587612,22.70695567086057,-3.661171550427544,0.0002510645734803,0,4,1.0,-1.2053949646856748,0.0220804144807452,-0.378905397148146,0.999899862550801,-0.3783899192182553,0.0173055095588639,-0.7218113141168592,0.0116216788307516,0.0026027697587044,False,down
SLC25A51,4,0.5380502280557694,0.1361199882663899,0.0276170077157451,4.782280953451874,37.26842840894605,3.952764284719103,7.72535296287172e-05,4,0,1.0,1.1344155073471691,0.0101950833300042,0.146264194592872,0.999899862550801,0.557254512973316,1.4100425249921174e-05,0.584792384579616,0.0147945938908641,0.0009456467928801,False,up
BORCS8,3,0.5377567276685513,0.0963948401917571,0.0,1.7595198897683118,0.0,5.578687890335188,2.4233961647568475e-08,3,0,1.0,1.1787920808992434,0.0354593347364178,,,0.5051945713721548,5.933365346659934e-05,0.529682904488778,0.0088748895327575,6.855594625981164e-07,False,up
ATG5,4,0.5376524085606591,0.1074798043651007,0.0121931801583078,3.928238705423124,23.629895610509752,5.002357528808803,5.66334335666125e-07,4,0,1.0,0.0167842403132083,0.977217750821432,0.2165775125091089,0.999899862550801,0.5970067020205657,6.029329336552524e-10,0.6876531137802285,0.00042120744712,1.2268161804798962e-05,False,up
LRG1,3,0.5366350702184697,0.1418482449123026,0.0041736813888002,2.0617763406403946,2.996267801831826,3.783163271073555,0.0001548477657953,3,0,1.0,,,0.146665681247039,,0.625422888339531,3.698852919336566e-05,0.0920519337304259,0.8543962105952193,0.0017197178529473,False,up
ENSG00000261338,3,0.5354620398433837,0.1238140048977485,0.0,0.1834818278928799,0.0,4.324729179753078,1.527193620941256e-05,3,0,1.0,0.5520337500284395,0.7619508105393205,,,0.5672037837277538,0.0003045145917563,0.4463970391892868,0.1170286445187191,0.0002315986719191,False,up
ZER1,4,-0.53535201026967,0.075729132536933,0.0,0.3759099311911865,0.0,-7.069300708133417,1.5571638661089157e-12,0,4,1.0,-0.4338353376024386,0.2197197461699216,-0.638575031346258,0.999899862550801,-0.5647913491037722,6.928765896199003e-09,-0.4804037866073173,0.0037325058733892,8.971628149002912e-11,False,down
E2F3,4,0.5347941571019516,0.0584039143619597,0.0,1.421509348133445,0.0,9.156820445074128,5.3448903238311104e-20,4,0,1.0,0.6213294916996478,0.0001909671268731,0.501292189027828,0.422194412479455,0.4846156473240499,1.1483767005313282e-09,0.6447038053211487,1.3133767487057917e-05,7.589399428206381e-18,False,up
AAR2,4,0.5347516438270048,0.0642557858848577,0.0,0.4097605231535272,0.0,8.322233343861763,8.632116008834412e-17,4,0,1.0,0.4382277014077552,0.1825373216826075,0.342754871170812,0.999899862550801,0.550785992411082,2.949802165831213e-12,0.5291184696308301,0.0007700105252715,8.836476336671471e-15,False,up
UBLCP1,4,0.5346091238383128,0.1608780872872852,0.0681028468612009,9.32150911751011,67.81637005144788,3.32306986521815,0.0008903261268426,4,0,1.0,0.1352914016355535,0.6183074332036853,0.371955014115386,0.932837633228604,0.5986314605654595,1.1677810202458718e-07,0.9769411093587744,5.386007853839019e-06,0.0075279245968801,False,up
MED17,4,0.5344167581482567,0.1678246978962175,0.0414417420696965,4.802918577828302,37.53797922269824,3.184374915298456,0.0014506699129282,4,0,1.0,1.3689203741063705,0.0037200899211156,0.150298318911687,0.999899862550801,0.4600896395422938,0.0016063586868677,0.4153193412905284,0.108062861015224,0.0112421810259289,False,up
MEX3B,4,-0.5340880539499127,0.1131827087742511,0.0101534360055714,3.6302882270040353,17.361933477226756,-4.718813144993545,2.3722458758049807e-06,0,4,1.0,-0.7879868176746715,0.0031268353784759,-1.13817795703506,,-0.3755494814349328,0.002813103638877,-0.6729991710485399,0.0026460882224063,4.524329244418702e-05,False,down
TACC1,4,0.5327545512302362,0.0921466413113091,0.0115619238591758,4.504296363552676,33.39692245219388,5.781594897532651,7.3995720482053e-09,4,0,1.0,0.8774895281290449,0.0004413087392053,0.301406960302688,0.999899862550801,0.4327601453231938,3.213009541692091e-09,0.5996752920146627,2.8216456327800876e-05,2.3265311601278637e-07,False,up
PXK,4,-0.5321653395409148,0.0959361805971298,0.007569862768766,3.680107451644128,18.4806411383527,-5.547076569325463,2.9048555195438693e-08,0,4,1.0,-0.6927641115112013,0.0830762081569151,-0.39400324317383,0.999899862550801,-0.4017907418330813,0.000139289738999,-0.705763057188319,7.406175145267859e-07,8.092780396157091e-07,False,down
MCM3AP,3,0.5321639124883064,0.0691097151944668,0.0,0.1668496836104768,0.0,7.700276451593787,1.3577217004988641e-14,3,0,1.0,0.6333471920543234,0.0333338677859161,,,0.5292545975916727,1.3492436175804215e-08,0.5160040366266481,8.789004905133687e-05,1.0748955721683272e-12,False,up
RELT,4,0.5319500732245137,0.1801178605491952,0.0770040539139824,10.707575414047485,71.9824527589669,2.9533443912921853,0.0031435104792597,4,0,1.0,1.1268337392811838,0.0002639094209117,1.33319909364856,,0.2984484051435602,0.0004126591397675,0.2734133177006983,0.0985426335476196,0.020927260174842,False,up
PER2,4,0.5318176579365684,0.1925331316668641,0.0783818690210227,8.521542218969685,64.79510488932692,2.762213720476748,0.0057410884395658,4,0,1.0,0.481404146970545,0.3436840118094763,0.496987306613649,0.999899862550801,0.8002495687005726,7.200024611184878e-12,0.2636109946980184,0.1291206860176287,0.0339939777956427,False,up
PLPP7,3,-0.5301964501152217,0.1246846594497048,0.0,1.969366348846021,0.0,-4.252298979323049,2.1158711824045897e-05,0,3,1.0,-0.8603795356178052,0.6460709419456951,,,-0.4074786919746264,0.0179694070464524,-0.7772606510415141,0.001294180140753,0.000307380916525,False,down
GHDC,4,-0.5300280395630557,0.0741886875054618,0.0,2.3510142510159304,0.0,-7.144324254611388,9.043968489262874e-13,0,4,1.0,-0.6048868944422238,0.210837054921566,-0.456935696732179,0.999899862550801,-0.4633226407131424,7.084156720448569e-07,-0.73234457717333,9.75239869274168e-06,5.4384891388029117e-11,False,down
RAB3GAP2,4,0.5300037833214409,0.0679720276150184,0.0,1.702061000422179,0.0,7.797380803810777,6.3205290728939066e-15,4,0,1.0,0.3795699127207559,0.3332832871020657,0.295148153127709,0.994193307407718,0.5781077031996084,6.559282037325322e-11,0.5236350450676167,0.0011469518558161,5.229643773132407e-13,False,up
ARMCX6,3,0.5298834504827922,0.1338371359418283,0.0266463217267152,3.933017881198036,49.148464095190434,3.959166092086008,7.52119190249217e-05,3,0,1.0,0.8995770911162566,0.0002300821545173,,,0.4478315913357101,0.0001982007468619,0.3715101721300676,0.0716452543676058,0.0009237422739767,False,up
ERMAP,3,-0.5296771880230655,0.0856031147583795,0.0,1.3832690441695337,0.0,-6.187592466910984,6.109001377352102e-10,0,3,1.0,-0.3753214675420728,0.3886198855079081,,,-0.4846110652702319,7.911123408765807e-06,-0.7066307528267904,0.0002554454629143,2.3796993152945565e-08,False,down
RPL15,4,-0.5285724053062304,0.1734014654370325,0.0794831273432802,14.424517437990072,79.2020772071109,-3.0482580062056712,0.0023017221424,0,4,1.0,-1.7292620577997757,5.5970225573868234e-05,-0.311473475604238,0.999899862550801,-0.2760318607718269,9.603980123035392e-05,-0.4619699868278749,0.0002178740267497,0.0163467578677261,True,down
ACADS,4,-0.5283444510804655,0.1875007164386149,0.0833617554904326,8.648561583345511,65.31215080000027,-2.81782630549808,0.0048349957888474,0,4,1.0,-1.5602893927784325,0.0038447883515687,-0.264940299662009,0.999899862550801,-0.2878764375571883,0.0231789272773249,-0.6494910496403012,0.0018992653993954,0.0296912450660557,False,down
GTF2IRD1,4,-0.5282525890025208,0.1718494429933689,0.0630684839747805,6.837009136405355,56.12116438420779,-3.073926687227635,0.0021126134135914,0,4,1.0,-0.9394363433931312,0.022430936223135,-0.340058234847136,0.999899862550801,-0.2615083336036938,0.0855408209766034,-0.7876621224080447,0.0003477190520461,0.0152643600328007,False,down
VPS53,4,0.5276705555509894,0.1377035643637353,0.0494966462073199,9.815336774283388,69.43558770331619,3.8319309887809494,0.0001271414073305,4,0,1.0,0.9346699716427284,6.45340095069224e-07,0.0230576155328197,0.999899862550801,0.4377906879889209,1.4445624955128344e-05,0.5624875600946674,6.352964689640434e-05,0.0014460283749623,False,up
LINS1,4,0.5276583950907336,0.1112647701095389,0.0,1.944736326497954,0.0,4.742367189284261,2.1123530835265577e-06,4,0,1.0,0.8999759509553761,0.0067105933929799,0.287716778547373,,0.4659959939036248,0.0034358019749,0.5074727928111297,0.0631632369756143,4.053250132112991e-05,False,up
IMPA1,4,0.5274463503211372,0.1924764634640864,0.1013682146802362,11.837861491818977,74.65758488496196,2.74031609282738,0.0061380121847582,4,0,1.0,0.0394526606416853,0.8979454723965655,0.275780757060974,0.999899862550801,0.6601775512276581,1.768467131762905e-10,0.9458793005729452,1.2036090526572891e-06,0.0358047999401922,False,up
MAP9,4,0.5268558957168437,0.1413093660539934,0.0,0.2765150090881342,0.0,3.7283862381459927,0.0001927098671047,4,0,1.0,0.531294862425295,0.0324149751685825,0.514357947749844,0.506360448150603,0.6594960804478136,0.1773806407453088,0.2706406384711773,0.7527291740973716,0.0020729968060154,False,up
TMEM11,4,0.5268231531874935,0.113687533892154,0.0180524294444991,4.6391438489421315,35.33289551510473,4.63395708527944,3.5874139394182357e-06,4,0,1.0,0.3072709209215652,0.440515542846332,0.406814051101945,0.999899862550801,0.427338938829238,3.2134520968100075e-05,0.7849489490130294,7.753595955003379e-07,6.514471402034319e-05,False,up
ARHGEF9,4,-0.5258210346778218,0.124302140911126,0.0266966479533104,5.376541205364539,44.20204578723033,-4.230184861045757,2.3349934700297264e-05,0,4,1.0,-0.2838804565478277,0.323294404881353,-0.362454663955427,0.999899862550801,-0.4661696366025077,1.7189883964199694e-05,-0.8621127576489587,3.993194888009794e-06,0.0003343583037207,False,down
RPL31,4,-0.5245339866196684,0.1435847488468582,0.0456359462116857,8.635262076803016,65.25872668000514,-3.653131623185937,0.0002590613491946,0,4,1.0,-1.4646685480070374,0.0008718722204491,-0.185294950948538,0.999899862550801,-0.3912463230613037,9.113414382114707e-06,-0.5623333668063693,8.621859429221084e-06,0.0026680773207421,True,down
ADCY3,4,0.5243352587769984,0.0710288654953473,0.0,1.0699756059429884,0.0,7.382002445348708,1.5592632855200766e-13,4,0,1.0,0.2954589719602346,0.3836570965307682,0.640042315488807,0.999899862550801,0.517772996088327,4.920437997898714e-09,0.6131743300205293,0.0002721983195595,1.0591921497225728e-11,False,up
POLR3A,4,0.5242988594945571,0.1115445207330307,0.0196571921039636,5.029951677942107,40.35727990875286,4.700355123219431,2.5970945357589088e-06,4,0,1.0,0.184255078680665,0.6086534810218484,0.210934263285668,0.999899862550801,0.5613051067415337,2.608289699714995e-09,0.751216361408235,2.648731101169129e-06,4.889602535288094e-05,False,up
SLC51A,4,0.5242315407982933,0.1464780750090248,0.0,0.4518924132300927,0.0,3.578907906633768,0.000345033016344,4,0,1.0,0.5631491264117957,0.2294360830044324,0.421112220720594,,0.4495446440320313,0.04587205453675,0.6747929927560664,0.0385017503625743,0.003408362503014,False,up
SAMHD1,4,-0.5239603177349301,0.1906340988371337,0.0987864124746746,14.3623846337934,79.11210375927915,-2.748513098816441,0.0059866242812516,0,4,1.0,-1.2634243607938318,4.2073097985315827e-05,-0.396518985125269,0.999899862550801,-0.2059226881015899,0.0162713989173988,-0.454682707558083,0.0016972706179047,0.0351640282375415,False,down
PHAX,4,0.5238360426609051,0.0716615469727174,0.0,1.0017284462606262,0.0,7.309862329100111,2.6741622678667733e-13,4,0,1.0,0.4259519030661444,0.2626816564342124,0.190057218232489,0.999899862550801,0.5218616878809051,1.8260797849152e-08,0.589945899922534,0.0001209537659326,1.7516558736154706e-11,False,up
ARMC8,4,0.5233938761356267,0.1514534612035217,0.0639519807573389,11.131462924344412,73.04936448704306,3.455806635097596,0.0005486487533867,4,0,1.0,1.072063904669624,2.8339134956396077e-06,0.413138195070931,0.751721857587445,0.3109296404552315,0.000640824058002,0.4309834259532367,0.0118820187260006,0.0050042314186862,False,up
MED6,4,0.5231525223385014,0.1321370824537548,0.0357108257609929,6.333349917070989,52.63170298053858,3.959165077839476,7.52122384009383e-05,4,0,1.0,0.7802476925139784,0.0002831107547465,0.153445135030215,0.999899862550801,0.3795143814432037,0.000879652639822,0.7351451215882089,0.000550770211652,0.0009237422739767,False,up
CNPY3,4,-0.522838616595118,0.1020291929755009,0.0156655925776749,4.873936542556638,38.44811121758387,-5.124402157338058,2.984832962357046e-07,0,4,1.0,-1.3494900660315987,0.0105037540103576,-0.2278245246643,0.999899862550801,-0.5347490976414604,1.1584770807152569e-12,-0.5416968517219829,0.0003555172741318,6.843040486303772e-06,False,down
THAP1,4,0.5215846276496232,0.1010135019339035,0.0021011035076688,3.1094450387538437,3.519761159621764,5.163513962627624,2.4235649439807853e-07,4,0,1.0,0.9791069087235944,0.0227442399467292,0.444321011367376,0.999899862550801,0.4220810917923623,0.0007199689106703,0.7350367010050348,0.0035138087709513,5.650449242804354e-06,False,up
RAP2B,4,-0.5211501048019416,0.1603358415680448,0.0570146959362024,8.845205909782862,66.08332207753381,-3.2503656057511696,0.0011525673026454,0,4,1.0,-0.849271662587685,0.0838228983331902,-0.342459023527012,0.999899862550801,-0.3099994853001348,0.0001582542198133,-0.748430716787727,3.109116858582167e-07,0.009346666825322,False,down
CEP131,4,-0.5206599901559258,0.0842650296630488,0.0,0.1446227568339363,0.0,-6.178838270607538,6.457500417903925e-10,0,4,1.0,-0.4851997209426156,0.1554396081746306,-0.541481731131535,0.633071260548177,-0.4992221572605032,4.0133613046172166e-05,-0.569817765015664,0.0018829242638785,2.5021677235501315e-08,False,down
SPAG5,4,-0.5203947621496199,0.1183615818602186,0.004205277387098,3.2045063850722957,6.381837340844678,-4.396652646668663,1.0993305777184238e-05,0,4,1.0,-0.1792528979417839,0.5782657859260792,-0.642787541661722,0.999899862550801,-0.6766340775987593,1.8685719429506523e-05,-0.4324604511405391,0.1672503576823583,0.0001743167628602,False,down
ZNF770,4,0.519939744790196,0.1838732155091951,0.0969905743578049,12.600431074034422,76.19129073939328,2.8277079037876227,0.0046882562044101,4,0,1.0,0.691247001944918,0.0336599709844015,0.394086961811813,0.876283797527857,0.2165921383145904,0.0546147834920144,0.8507202191991154,4.795921111255048e-07,0.0289435710526962,False,up
ZNF33B,3,-0.519597521064908,0.1077874552271622,0.0037770807357149,2.18958950182378,8.658677878472876,-4.8205750842698265,1.4314496631716972e-06,0,3,1.0,-0.8776295068393869,0.0070167258193336,,,-0.4240772184178557,0.0013148179216449,-0.5796206930744467,0.0160336773970516,2.8511109173525687e-05,False,down
UQCRB,3,-0.5195746013074795,0.1875962395364399,0.0702561906932543,8.41655053430531,76.23729588685852,-2.7696429448232824,0.0056117773681353,0,3,1.0,-1.6058631313103604,0.0006218420430116,,,-0.3682228622059183,2.593518275799473e-07,-0.3165142300554643,0.0502986117150242,0.0334442480626294,False,down
RPL19,4,-0.5195489157393287,0.1970816119418731,0.1048416740100473,16.204943825942102,81.48713113588599,-2.636212027190864,0.0083837327640259,0,4,1.0,-1.969920552251659,1.7967041334507122e-05,-0.436817392078315,0.999899862550801,-0.2684741626638727,0.0010477527435244,-0.2313478372024528,0.091619599103815,0.0457746401397783,True,down
TAF9,4,0.5180040301076088,0.0714693971201339,0.0,1.4316822624081147,0.0,7.247913806197196,4.232397956126145e-13,4,0,1.0,0.6041588913958049,0.0347786557618097,0.401145762417722,0.999899862550801,0.4672367354156246,2.829209440676004e-07,0.6673232374914702,8.688657391313405e-05,2.7000245396052268e-11,False,up
LRR1,4,0.517713434046172,0.188536172153769,0.0798826380928917,7.160900135021392,58.105825476771045,2.7459634304229312,0.0060333488426977,4,0,1.0,0.6204717702118714,0.0473983352564566,1.17987359235545,,0.2189937181047821,0.1804127740289312,0.3992963911260267,0.2067256860070066,0.0353723960252892,False,up
CEP112,4,0.5175621559802629,0.1620101996224302,0.0,1.4907312222324829,0.0,3.1946269875999014,0.0014001167355984,4,0,1.0,0.7593496196186543,0.0203911851648528,0.0019879254415389,,0.4463532977422698,0.1175602335306382,0.4780772879501489,0.3291618241452931,0.0109526764925283,False,up
APMAP,3,-0.5172295945512136,0.158817821049218,0.0559961046543195,8.518297900514433,76.52113105977173,-3.256747833046537,0.0011269650158841,0,3,1.0,-0.7948619106906848,0.0004825659890913,,,-0.2614106369717522,0.009083920637607,-0.6031947526073081,6.69242708647098e-06,0.0091728450571722,False,down
EIF2B5,4,0.5169795464932119,0.066889901928191,0.0030348361062225,3.5050512992112717,14.409241294839864,7.728813043382994,1.0855395905399511e-14,4,0,1.0,0.6171419322872697,0.000763778492581,0.2448643101575559,0.999899862550801,0.4533273532546064,5.935723330421255e-10,0.6676348933884555,5.662032377514969e-07,8.656391611664414e-13,True,up
CCNJ,4,0.5156395271931559,0.0870501691965,0.0,2.83789017799768,0.0,5.923475301112772,3.152080904562706e-09,4,0,1.0,0.8807303223062017,0.0014306831908177,0.656721521831556,0.995674588998593,0.4311482426662587,0.0002198963782667,0.5493246195046536,0.0127451390608897,1.0805942153975173e-07,False,up
RPL13A,4,-0.5153588618947951,0.1795492691274928,0.0868253468918427,13.460474493364565,77.71252416488831,-2.8702921732800455,0.0041009267752713,0,4,1.0,-1.856025140073757,0.0003273673348341,-0.278012544894735,0.999899862550801,-0.2633183074820366,0.000898958407341,-0.5376119217999834,0.0004516538718363,0.0259957653793048,True,down
PRRC2C,4,0.515225314176275,0.118022172310324,0.0286177990622227,6.544851874655732,54.1624461874043,4.365495941063994,1.268346574827071e-05,4,0,1.0,0.4841728264630385,0.1738833896751029,0.152460077463839,0.999899862550801,0.5593748046135902,7.29844814838336e-12,0.7673159742731087,4.874831998520533e-06,0.0001970504870107,False,up
MRPL10,4,-0.5150214361172034,0.1736371720399911,0.0799695692381361,10.678980895212408,71.90743171621406,-2.966078231212995,0.0030162375485992,0,4,1.0,-1.4522733019336656,0.0001028825810649,-0.468794467953859,0.671569328921173,-0.3283564106050455,0.0003754120111162,-0.2698595917563062,0.1858962699193621,0.0202638498800737,False,down
POM121,3,0.5147464932321749,0.0677844126628456,0.0,1.6043032071604717,0.0,7.593877014063451,3.1047308954363673e-14,3,0,1.0,0.3419017480881111,0.3695497569837683,,,0.467508031712382,2.193059591398402e-07,0.6332700281257057,6.345438092414421e-07,2.3481794597133677e-12,False,up
SNHG3,3,0.5140704782725547,0.0803808977252529,0.0,0.7150422625798201,0.0,6.3954309148136215,1.6009521446669942e-10,3,0,1.0,0.8127751198954356,0.1122304278795186,,,0.5266964301598962,1.1808340158656225e-07,0.434128759289093,0.0195650491590134,6.855127578205424e-09,False,up
MAP1A,4,-0.5140266082395665,0.1490737960327186,0.0,2.4658876830687064,0.0,-3.448135231806589,0.0005644713421542,0,4,1.0,-0.2839744271339374,0.5375972403733894,-1.0485306370619,0.759158793042863,-0.7717936942397265,0.0193832961351759,-0.3843376076044861,0.1245221635376675,0.0051294177413184,False,down
CITED4,4,-0.5139525295993467,0.1510010759463941,0.010513383115937,3.217395511826359,6.756878693566462,-3.403634883911698,0.0006649557301732,0,4,1.0,-0.4544863200115112,0.7497948119400173,-1.35636244253684,,-0.6306444775358983,3.747026934539893e-05,-0.0774339564675722,0.8574696666960223,0.0058727972172486,False,down
LMLN,4,0.5136333720871813,0.1933372897423639,0.0802464226629023,6.657758262870207,54.939787815205555,2.656669971797139,0.0078916657415563,4,0,1.0,0.3994648601145669,0.1810281624396625,0.0012011236530278,,0.4458291414239893,0.0288240406128832,1.0989264160527106,0.0002789239266422,0.0435696556703347,False,up
TCF12,4,0.5134481633273776,0.0556393062116483,0.0,0.7578280807035421,0.0,9.228155386665923,2.753324043737002e-20,4,0,1.0,0.4543094587423557,0.0341861438936057,0.201966619031025,0.999899862550801,0.5319932467846188,8.044339164766133e-15,0.5007599028237671,0.0003674065532988,4.039860591907179e-18,False,up
NT5DC3,4,-0.5128752353842344,0.1941445553858971,0.0818396421049218,6.666244412405746,54.99714960319996,-2.6417183544745972,0.0082486617502712,0,4,1.0,-0.5796375049058401,0.1077843859390234,-0.141506329117152,0.999899862550801,-0.9010432732122696,2.5748959790770817e-06,-0.2622015973294526,0.4590414948314965,0.0451716338546207,False,down
GLT8D1,4,-0.5125083154388571,0.1232965999970565,0.0323153666142609,6.673710216493741,55.04749378260912,-4.156710853755027,3.228621910401697e-05,0,4,1.0,-1.0089283953875554,7.786716023325573e-05,-0.253596091479888,0.999899862550801,-0.5146671030760568,5.460653848094759e-09,-0.3607547690422584,0.0644246717108501,0.0004438397228359,False,down
BRPF1,4,0.5121926210345636,0.0984004303068151,0.0120418884304898,4.320156229085775,30.558066863363052,5.2051868008862705,1.938015547101219e-07,4,0,1.0,1.190810325505896,0.0066492159757478,0.0660842509045365,0.999899862550801,0.5045690793266913,1.5580090254610995e-10,0.4877777829504594,0.00056578448304,4.601271216413239e-06,False,up
HNRNPH2,4,0.5119763257841448,0.1607148929081978,0.0644244677901026,11.444112749439414,73.78564799488755,3.1856184359752606,0.0014444496684222,4,0,1.0,0.3966951300897758,0.2583265341703453,0.0881397394282266,0.999899862550801,0.4115012205094371,3.2211604173000375e-08,0.8540824404837247,1.6700330954919027e-11,0.0112018649585288,False,up
DRAM2,4,-0.5115472120060939,0.1462069786598522,0.0487211872174307,8.100503865357828,62.96526673075689,-3.498787928558449,0.0004673781587038,0,4,1.0,-1.3857242699800514,0.0010515046400056,-0.380216771572641,0.860515646338543,-0.5299449554115798,7.093040514081625e-07,-0.2790377352058662,0.0800422976253483,0.0043772450616655,False,down
TRABD,4,-0.5115226212926949,0.1189607968699841,0.0252201384408374,5.54357333002898,45.883281028334174,-4.299925981932967,1.70855164514496e-05,0,4,1.0,-0.9043573026411408,8.994308482578998e-05,-0.0898204191489735,0.999899862550801,-0.4428393256103846,5.983506845306906e-07,-0.4891918912891182,0.0117268284519643,0.0002556323124268,False,down
SLC7A6,4,0.5115100328957352,0.1373898384459267,0.0422731417553773,8.013552628653951,62.563420507492005,3.7230557855052218,0.0001968260111136,4,0,1.0,0.7604211047008687,1.2397954063666804e-05,0.645430988300722,0.999899862550801,0.5716248907691919,2.126856714565881e-09,0.1624775189921184,0.3975482661145765,0.0021110836640356,False,up
TYSND1,4,-0.5113901094864033,0.0878913500594992,0.0,2.4296690318413283,0.0,-5.818435023926826,5.940114152877048e-09,0,4,1.0,-0.3567551156020565,0.3869623824445318,-0.215552264353616,0.999899862550801,-0.6138984316593029,1.631171107126289e-07,-0.3659676420883054,0.0783697126040431,1.9282591798034066e-07,False,down
ACBD3,4,0.5096744128054925,0.1305863544482415,0.0433668457985332,9.623121148141951,68.82508331946704,3.902968384093333,9.502011861610142e-05,4,0,1.0,0.3763258820971523,0.0347230051460117,0.0061809360989274,0.999899862550801,0.5210908595889125,6.53558277696454e-10,0.8466468353603687,1.4484219244280551e-09,0.0011273842537044,False,up
HPS5,4,0.5095780772030877,0.1355742997402165,0.0400897662607033,7.35845923707414,59.23059565397748,3.7586628009845975,0.000170823872597,4,0,1.0,0.6106919142504086,0.0078934923101616,0.484595053908008,0.999899862550801,0.2928336530164205,0.0012171610484077,0.7383897867109872,1.169174700334231e-05,0.0018686195884636,False,up
CHAMP1,4,0.5095368869304062,0.0785238482389287,0.0035687379519626,3.396817344035047,11.682033616905391,6.48894442080845,8.643984427553991e-11,4,0,1.0,0.4504741583424442,0.2910119267288535,0.3087478008532609,0.999899862550801,0.4514691726878657,2.257838477518288e-07,0.7196951732223204,1.467644403026435e-06,3.851246906031306e-09,False,up
ENSG00000263345,3,-0.5088057875770945,0.1643428901045053,0.0,1.5893224429285575,0.0,-3.096001215833225,0.0019614955717396,0,3,1.0,-0.1346016921781543,0.8168026247950212,,,-0.4970760286870979,0.0402107897192811,-0.8044785052420044,0.0407417455600873,0.014385390216067,False,down
MOB1A,4,0.5078722517690274,0.1097414572395072,0.0237656465696415,6.532746760148719,54.07750965794816,4.627897829537769,3.693961653225426e-06,4,0,1.0,0.548487625866952,0.0103670183920461,0.118362769922018,0.999899862550801,0.3967435894647695,3.1663121719175295e-08,0.732786021474769,4.4364864907760356e-08,6.68588832449329e-05,False,up
ERGIC3,4,-0.5076449006179975,0.1910340708814046,0.1165120164201254,19.773752913021184,84.82837318137784,-2.657352682041453,0.0078757003284872,0,4,1.0,-1.3816509812982825,9.432374755829748e-07,-0.354486076992183,0.84254039781055,-0.1700492401104959,0.0867667732116637,-0.3729860952137855,0.0061920796700189,0.043519028001425,False,down
FLI1,4,-0.5076445691962846,0.056674776291123,0.0,1.8560274499419624,0.0,-8.957151706936635,3.3317314215309303e-19,0,4,1.0,-1.1940202241684958,0.2991049569406348,-1.19459239059565,,-0.474018262012284,1.8705232505939256e-12,-0.6024680541973357,2.289645038956848e-06,4.3389394589629737e-17,False,down
CTDP1,4,0.5075145665675003,0.1809813246374567,0.0806469712294814,10.493307694139425,71.4103494584885,2.8042372194156355,0.005043578200405,4,0,1.0,0.0040125674285298,0.9920139027894952,0.0334378261980278,0.999899862550801,0.5585429746376409,5.2318469271347835e-12,0.930848882983532,1.0760877774226976e-08,0.030774636155452,False,up
USF1,4,-0.5073769105756724,0.0622134734252174,0.0,0.9701971962033468,0.0,-8.155418475156441,3.479728884720924e-16,0,4,1.0,-0.7856611019725107,0.0218344438434274,-0.405641406654116,0.999899862550801,-0.5049255808266887,1.2127560917789353e-10,-0.4795399130180224,0.0005681461111662,3.2451420772806286e-14,False,down
RPL10,4,-0.5060943583330317,0.1643738235128336,0.0751219284159132,16.482551890870305,81.79893489877801,-3.07892307617653,0.0020775031623648,0,4,1.0,-2.4499401794467626,2.4227543679100055e-05,-0.3300112075158289,0.513976225445817,-0.2924112971708279,0.000273637047315,-0.4285656130721941,0.0005154629096392,0.0150803981202139,True,down
VTI1A,4,0.5054922439511134,0.1662720886467009,0.0815004470985475,12.9418050551653,76.81930776107119,3.040150924098848,0.0023645962331524,4,0,1.0,1.1836406299191224,1.2038608072925707e-06,0.178848799900592,0.999899862550801,0.4450474601219976,4.422939241723289e-06,0.3132006152124464,0.0752649276666481,0.0166749114051429,False,up
TRMU,4,0.5053779511456427,0.1857358006480642,0.0870486221309507,11.083437224519413,72.93258454729884,2.7209506696193833,0.0065094474675405,4,0,1.0,1.1140270988891408,2.5146017528864054e-05,0.6367075559847721,0.999899862550801,0.2679886398094997,0.0084246653090235,0.2838304742155627,0.113780231276796,0.0374748703408579,False,up
PSMC6,4,0.5046096369209174,0.1474519697737504,0.0535357397582871,9.1420849243534,67.18472837625512,3.422196649493309,0.0006211736933441,4,0,1.0,0.0936964992093665,0.7488910518783523,0.236351657573997,0.999899862550801,0.5988933829596043,2.2823271630788213e-12,0.8273895356232842,1.9764130069258688e-07,0.0055439626183339,False,up
HCG18,3,0.5038775989798998,0.0914311071548544,0.0,0.3795169097719277,0.0,5.511008393746075,3.567837064823996e-08,3,0,1.0,0.2602040248148187,0.6373629903303496,,,0.5081027002396299,2.964394802523585e-05,0.533922924291442,0.0037611643993526,9.730424530323586e-07,False,up
TMCO4,4,-0.5034693656811352,0.0937826888505766,0.0,2.0669745801432575,0.0,-5.368468017411079,7.940826905083573e-08,0,4,1.0,-0.6722647604501277,0.3489747123905573,-0.177583482665208,,-0.4317193108492851,0.000563063893677,-0.6983066853752651,0.0003208685689199,2.029845056376125e-06,False,down
PHRF1,4,0.5030235821293996,0.1057107973402773,0.0155449847900126,4.579349360958406,34.48850997094194,4.758488203529428,1.9504828912543298e-06,4,0,1.0,0.2664227578991996,0.5414893393866586,0.133279400931491,0.999899862550801,0.4745577531774041,8.555671197047743e-09,0.7389203158271596,2.430334096966558e-06,3.7722476233406445e-05,False,up
ZNF140,4,0.5029094038297816,0.1755902359459193,0.065786741654485,6.520550150119174,53.99161219632411,2.8641080246892225,0.0041818536987393,4,0,1.0,1.0242038284468495,0.000484858238341,0.052631632305112,0.999899862550801,0.4671167511138075,0.0113672446359969,0.4744578333552097,0.1309580234084523,0.0263871611397801,False,up
ENSG00000268205,3,0.5025116204436112,0.1557973884337324,0.0210773704724743,2.7314384112569963,26.778506454421255,3.225417482895432,0.0012578909132865,3,0,1.0,1.4226346703592196,0.0353281232099693,,,0.4071418523917263,0.0161527165012211,0.4862625799519218,0.0409214760240925,0.0100198773472763,False,up
WDR11,4,0.502383766621986,0.139578071413029,0.0438078193863632,7.439161553843224,59.6728747146224,3.5993029674078927,0.0003190712825815,4,0,1.0,0.9235223355154716,0.0027946493040371,0.0617868608339173,0.999899862550801,0.6188465272349551,4.764574974482855e-19,0.3696534982724704,0.0775859663791354,0.0031977783867501,False,up
MOV10,4,-0.5022018282976284,0.1006774267499985,0.0165859306826536,5.18614943387227,42.15361438669476,-4.9882267009534536,6.093603798527106e-07,0,4,1.0,-0.347438758810156,0.3393403857640559,-0.360208704750395,0.84254039781055,-0.4233654693196044,5.550059792620867e-07,-0.7542568298554246,1.1685777105718033e-07,1.3109885239665987e-05,False,down
FBXW4,4,-0.5021811418965539,0.1610730262877675,0.0716612720549796,10.692445014288236,71.94280638346868,-3.1177233921176493,0.0018225376688531,0,4,1.0,-1.0196622936162587,0.0003363670134878,-0.398063819820244,0.686052979132235,-0.1970563399473141,0.1217215711853558,-0.5878443350575164,0.0006121777180956,0.0135331415498611,False,down
MTMR2,4,0.5020648958874502,0.135110669030815,0.0385640701186666,7.007617667567041,57.18944522494813,3.7159529997808174,0.0002024392141326,4,0,1.0,0.2006238765162862,0.5541507983384163,0.164100186450673,0.999899862550801,0.4986424809953014,1.842062834523876e-08,0.8297196723873529,2.272077754437616e-07,0.0021596767336308,False,up
C2ORF16,3,0.501720315093023,0.1709696665875256,0.0,0.1874056574517848,0.0,2.9345574867584707,0.003340236728701,3,0,1.0,0.7926691704722785,0.5269883221382271,,,0.4572462487326951,0.0579849048994715,0.5734938055412064,0.1235558733707138,0.0220039719131938,False,up
DNAJA2,4,0.5017001455767305,0.0886381979063463,0.0104684139692786,4.49119939251049,33.202698481773254,5.660089638857717,1.5129394828315652e-08,4,0,1.0,0.6027749042046743,0.0036417833237419,0.111613442726,0.999899862550801,0.4159481115496323,1.2183518174789123e-06,0.6653196039798873,7.240178948364824e-07,4.4471744932577235e-07,False,up
ZBTB45,3,0.5013379880296945,0.0785719586237743,0.0,1.5579121110677228,0.0,6.380622257747807,1.763698581806097e-10,3,0,1.0,0.213973429330475,0.5811515336086451,,,0.5487351330795339,3.553490725345478e-09,0.3824783178295997,0.1179498628712875,7.479237396333411e-09,False,up
ANKLE2,4,0.5012148911493293,0.0597658650980988,0.0,2.8028802369082615,0.0,8.386306971824837,5.0165235651611e-17,4,0,1.0,0.669498232913749,0.0227593415022115,0.143756051525745,0.999899862550801,0.4974441349127446,6.745195459508623e-11,0.5688019882537307,3.729671936001352e-05,5.257555578363364e-15,False,up
PLEKHG2,4,0.5008011607864199,0.0639987849257474,0.0,2.65964444486649,0.0,7.825166702265651,5.069846553249711e-15,4,0,1.0,0.2997008503821587,0.4891016314377747,0.0366754164929937,0.999899862550801,0.5559784089389833,1.3795965299611897e-12,0.4034254510310077,0.0082393392667748,4.2751820992518346e-13,False,up
UBQLN1,4,0.5003981842030034,0.151365697274398,0.0765373704181483,21.21518946410617,85.85918827132947,3.3058889379399736,0.0009467560616965,4,0,1.0,0.1664396969801002,0.2541531965983592,0.27077178388868,0.911222350603491,0.6787765969179326,1.701609731944168e-21,0.8282479920332634,2.756763395681713e-11,0.0078958522780897,False,up
