gene_symbol,n_contexts,mean_log2fc,direction_consistency,n_positive_contexts,n_negative_contexts,pooled_log2fc_meta,meta_FDR,meta_k_studies,log2fc_GSE185520_D9muD10mu_18hr,log2fc_GSE185520_WT_18hr,log2fc_GSE185520_WT_6hr,log2fc_GSE278320_VacV,log2fc_GSE284044_6hpi,log2fc_GSE287860_M003,log2fc_GSE288000_NTC,meta_sig,evidence_score
EIF4B,7,-0.967963848385713,1.0,0,7,-0.8402821145945343,0.0053525017848617,4,-0.6862176270076172,-2.419082091483912,-0.15630336346118362,-2.0729162729545703,-0.362819681484079,-0.4647667172324102,-0.6136411850762195,True,10.920141057297267
EIF3L,7,-1.0032081860170157,1.0,0,7,-0.7935812728345537,0.0324556137642853,4,-0.9086597147556772,-2.695655026928217,-0.11485207129827539,-2.229925088818498,-0.0767230429128001,-0.3280123318568826,-0.6686300255487594,True,10.896790636417277
RPS27,7,-1.0637297418151748,1.0,0,7,-0.7854233946523447,0.0040907641617138,4,-1.5894586026379902,-2.278279211395206,-0.189573216828102,-1.3077240503458296,-0.538609046948866,-0.4463984932376083,-1.0960655713126202,True,10.892711697326172
RPS4X,7,-1.0635999088331298,1.0,0,7,-0.7452365861082717,0.0337031136184205,4,-1.2220419107653522,-2.8123043657000752,-0.09258835517258267,-2.0775528781919763,-0.333776993268066,-0.2256782267436528,-0.6812566319902036,True,10.872618293054137
RPL34,7,-1.117337920904613,1.0,0,7,-0.650900452348189,0.0329698088399264,4,-1.977276562832798,-2.7936199989761623,-0.18108829080206298,-1.8773797993492107,-0.181300816789064,-0.2971583119374109,-0.5135416656455812,True,10.825450226174095
RPS9,7,-1.0142760126850952,1.0,0,7,-0.6264093051955529,0.0354297669283558,4,-1.1350439886209651,-2.8708158311975374,-0.15334214679696137,-1.8235420518412873,-0.435971176765637,-0.2518009740808122,-0.4294159194924659,True,10.813204652597776
RPL18,7,-1.0241023184543983,1.0,0,7,-0.6048853793532433,0.0418441308701614,4,-1.4817980474985601,-2.8167814037506345,-0.2269406113559665,-1.5960648149559462,-0.313812808699011,-0.290185614572814,-0.4431329283478539,True,10.80244268967662
RPS28,7,-1.0702191372319512,1.0,0,7,-0.5956677907502363,0.043635325223246,4,-1.8419855001016154,-2.452398682839653,-0.24006128156623008,-1.8076062173018952,-0.455686442855079,-0.2560194755129792,-0.4377763604462062,True,10.797833895375119
RPL15,7,-0.9772439967442429,1.0,0,7,-0.5285724053062304,0.0163467578677261,4,-0.9488634131864219,-2.8853576513025856,-0.2277495317169765,-1.7292620577997757,-0.311473475604238,-0.2760318607718269,-0.4619699868278749,True,10.764286202653116
RPL31,7,-1.0259186952556107,1.0,0,7,-0.5245339866196684,0.0026680773207421,4,-1.8014370680334775,-2.598543061966364,-0.17790754796618516,-1.4646685480070374,-0.185294950948538,-0.3912463230613037,-0.5623333668063693,True,10.762266993309835
RPL19,7,-1.109473484622354,1.0,0,7,-0.5195489157393287,0.0457746401397783,4,-1.7345867739098393,-2.873826799855592,-0.25134087439474706,-1.969920552251659,-0.436817392078315,-0.2684741626638727,-0.2313478372024528,True,10.759774457869664
RPL13A,7,-0.8449736353658152,1.0,0,7,-0.5153588618947951,0.0259957653793048,4,-0.8598208094123521,-1.9155441193903098,-0.20448260450753208,-1.856025140073757,-0.278012544894735,-0.2633183074820366,-0.5376119217999834,True,10.757679430947398
RPL10,7,-1.194685501366478,1.0,0,7,-0.5060943583330317,0.0150803981202139,4,-2.0445644025691494,-2.6602970340372734,-0.15700877575330863,-2.4499401794467626,-0.330011207515829,-0.2924112971708279,-0.4285656130721941,True,10.753047179166515
EIF3F,7,-0.9421449531989328,1.0,0,7,-0.4953485963650202,0.0017788126029576,4,-1.3977703608194187,-2.725997898636471,-0.13633554225182942,-1.2930986121678836,-0.0941639329715995,-0.4014448533892815,-0.5462034721560453,True,10.74767429818251
RPL30,7,-0.8335037669942901,1.0,0,7,-0.44577759349698,0.0084842736434697,4,-1.0273002838795573,-2.5631640096279,-0.1376674331077233,-1.0448061534562243,-0.203975970934914,-0.2737310474642915,-0.5838814704894211,True,10.72288879674849
EIF5A2,7,0.6033806602338123,0.8571428571428571,6,1,1.2958054064350246,0.0010273613775739,4,0.08451319835016866,-1.7450350519725153,0.3123920899992411,1.555477623977144,0.494337645608726,1.6606656420169124,1.8613134736570096,True,10.719331274646084
RPL11,7,-0.9656385220088779,1.0,0,7,-0.41217864154337,0.0214628586244745,4,-1.1674728263452536,-2.9479333698568504,-0.15466439138008897,-1.6220877706998853,-0.211705433962315,-0.2980777014238055,-0.3575281603939464,True,10.706089320771685
RPL38,7,-0.9225719990724741,1.0,0,7,-0.3776776576704279,0.011076776794584,4,-1.7071261886090316,-2.534421146632233,-0.1500031652584105,-1.1301195604630223,-0.425694570198579,-0.1935733392253895,-0.3170660231206526,True,10.688838828835214
EIF2D,7,-0.6716248066844972,1.0,0,7,-0.3671477339915392,0.010231568348861,4,-0.6197671155147477,-2.7140069625249454,-0.09056270037049584,-0.097266661704109,-0.139929437396057,-0.4063537577312979,-0.6334870115498271,True,10.68357386699577
RPS11,7,-0.8654919224915025,1.0,0,7,-0.3230856931821444,0.0334680614315392,4,-1.7479032717780136,-2.1666163533123486,-0.1685208835226518,-0.9720706641950688,-0.432018777037874,-0.1442698945277553,-0.4270436130668058,True,10.661542846591072
RPS16,7,-0.7411286616908158,1.0,0,7,-0.3118119144943141,0.0207733119230205,4,-1.1867247191746824,-2.356454942107753,-0.021887688167446,-0.7987353964116787,-0.202077612117243,-0.183805460693195,-0.4382148131637129,True,10.655905957247157
RPS6,7,-0.754098798283464,1.0,0,7,-0.2885258976743778,0.0469624767913523,4,-0.7269444809965429,-2.635959180917392,-0.16360799288493638,-1.132295559347832,-0.168400969932308,-0.1899524388266999,-0.2615309650785369,True,10.64426294883719
RPS18,7,-0.7757452021861546,1.0,0,7,-0.2763501776335215,0.0398090080692118,4,-0.902087465085945,-2.4026686392938,-0.12291563485401104,-1.094319131525381,-0.482204715406364,-0.1760823063440678,-0.2499385227935137,True,10.63817508881676
RPL28,7,-1.2688588698499736,0.8571428571428571,1,6,-0.7377388372322599,0.0344239342903917,4,-2.2659144290134607,-3.1294224503192396,0.06435163117476629,-2.4088305404373793,-0.261151468956619,-0.2830703496136189,-0.597974481784265,True,10.440297990044701
EIF4E3,7,-2.5205435542781984,0.8571428571428571,1,6,-0.5836319266862955,0.0307468030778495,4,-11.914683494995659,-3.154298500861504,-0.9948857017767302,-0.9941325690522308,0.220271822843443,-0.7148249967407868,-0.0912514393639226,True,10.363244534771718
DDX55,7,0.2655479736698871,0.8571428571428571,6,1,0.578179790645686,1.2994886280596205e-12,4,0.8758837087408744,-1.617770968686534,0.2058114264828443,0.7887067446153465,0.424958364337623,0.5081331661666331,0.6731133740324224,True,10.360518466751413
EIF2B5,7,-0.017603605275141296,0.8571428571428571,6,1,0.5169795464932119,8.656391611664414e-13,4,0.011989594938157806,-2.2683972137813297,0.1502138928292951,0.6171419322872697,0.244864310157556,0.4533273532546064,0.6676348933884555,True,10.329918344675177
DHX36,7,-0.06460349754589863,0.8571428571428571,6,1,0.4236456159140077,7.241904921354015e-09,4,0.38293223547194966,-2.3904453569382436,0.0861204668697961,0.1743752487869281,0.287010511881374,0.4379071884346543,0.5698752226722509,True,10.283251379385575
DDX11-AS1,6,0.5140032403298413,0.8333333333333334,5,1,1.2533204790502206,0.009481140501812,3,0.1424956358800456,0.011518046954980399,0.6475009910315289,1.4520388946105485,,0.9875256361934388,-0.1570597626914937,True,10.12666023952511
EIF2S1,7,0.0734470710065752,0.7142857142857143,5,2,0.8957123395038716,0.0011223852515448,4,0.04435986893519367,-2.7936196019560917,-0.06232280184972386,0.1731592839494001,0.634920477720685,1.0367360017678515,1.480896268478712,True,10.090713312609077
EIF5,7,0.16519596974043865,0.7142857142857143,5,2,0.7871021168853152,0.0186128001816865,4,0.7329185508070353,-2.763147348633178,-0.07729238446132583,1.4226433594061156,0.305938167826428,0.3925056974382421,1.1428057457997534,True,10.0364082012998
DDX5,7,0.15425833139561965,0.7142857142857143,5,2,0.7756969937000852,0.0160969888077482,4,-0.14428361957711963,-2.1830332715933216,0.007039597682817788,2.0883950759151233,0.514860779886955,0.4670073197346874,0.3298224377201953,True,10.030705639707184
DHX15,7,0.006150986001141183,0.7142857142857143,5,2,0.7463721929341723,3.559513728282982e-19,4,0.09923743261794406,-2.7651238307757833,-0.009828512727869566,0.7642139391541203,0.324852873644895,0.7043737216176243,0.9253312784770574,True,10.016043239324228
DDX31,7,0.04828458015723512,0.7142857142857143,5,2,0.5449714264101101,0.0061491388346807,4,-0.11588244458600548,-1.840664361608673,0.14118739722407897,0.0570043977323151,0.663446903376651,0.5462387146052312,0.886661454357048,True,9.915342856062198
RPS6KA3,7,0.057580295996327094,0.7142857142857143,5,2,0.4690579409660592,0.0493408387110214,4,-0.03249974521356985,-1.7051635393555835,0.07172589477477902,0.9940020750592174,0.3609324032927,0.6241287073184127,0.0899362760983338,True,9.877386113340172
DHX30,7,-0.06266352504093683,0.7142857142857143,5,2,0.4252258493685058,0.0467201321765984,4,0.26324836615174757,-2.1424041149383095,-0.01241882452707482,0.0536306445737988,0.0596314924103976,0.5185396114266061,0.8211281496162766,True,9.855470067541395
DHX38,7,-0.21610657194187347,0.7142857142857143,5,2,0.3788811427779368,0.0054356114976236,4,0.02477400024907286,-2.5050759999038212,0.17883538639068408,0.0805547189859051,-0.27814834262924,0.4558908704174739,0.5304233628968107,True,9.83229771424611
EIF1AD,7,-0.23446148464138727,0.5714285714285714,4,3,0.8435337098054513,0.0038961530880594,4,-2.0171420548085273,-2.3902902741684837,-0.463309450031512,1.774602850976282,0.0286629101066995,0.5694367251968758,0.8568089002389547,True,9.636052569188442
RPL17,7,-0.14682568976006907,0.5714285714285714,3,4,0.8152802052688791,0.038220366736014,4,-1.6873779209227182,-2.5959660068557042,-0.10345322478633888,1.9611105712888413,-0.20030064308002,0.6650654246186262,0.9331419714168302,True,9.621925816920156
DDX56,7,-0.08720924375837592,0.5714285714285714,4,3,0.7332700226776628,1.1571927488623988e-06,4,-0.5474477957908331,-2.6585409199814567,-0.05211725904595772,0.5355141318440979,0.338393792565534,0.7199829580114668,1.0537503860885171,True,9.580920725624546
DDX24,7,-0.14445113672973284,0.5714285714285714,3,4,0.7211741610431475,0.004351030783424,4,-0.9027412416066517,-2.5327970856356274,-0.21590368006543137,1.4303855066646942,-0.0088314222187339,0.4444434772137894,0.7742864885398312,True,9.57487279480729
DDX39A,7,-0.28298077389391685,0.5714285714285714,4,3,0.6484964286399547,0.000248045414329,4,-0.9020687594445883,-2.9979811542710233,-0.11156801961616604,0.1558140913912757,0.155294321219057,0.7910800922135749,0.9285640112504514,True,9.538533928605693
DDX20,7,-0.20644540359159208,0.5714285714285714,4,3,0.598950519580907,0.012978636782867,4,-0.8492734976449722,-2.8577155943466006,-0.15384884700104653,1.193139822971212,0.0794824432117864,0.4349528146603659,0.7081450330081106,True,9.513760974076169
DHX9,7,-0.4882925694366647,0.5714285714285714,4,3,0.5936549589434545,0.027723605126829,4,-1.2893186268844559,-4.104565892548263,-0.16720417095975654,0.0716318623289401,0.158220544554128,0.747391359042762,1.1657969384099929,True,9.511113193757442
EIF4ENIF1,7,-0.19055661978997246,0.5714285714285714,4,3,0.5318611232001087,0.0021370384911699,4,-1.434048735232332,-1.854498834438987,0.10504048845565302,0.4746335764623669,-0.0933687631285716,0.6437076988292919,0.8246382305227715,True,9.48021627588577
EIF2B2,7,-0.27419529944895615,0.5714285714285714,3,4,0.5099977717559405,1.8814178911150997e-05,4,-0.25923003180367704,-3.112772218351152,-0.05270989122779209,0.3197481205790236,-0.0084035162139308,0.4600389348876145,0.7339615059872208,True,9.469284600163686
DDX28,7,-0.3355118137241085,0.5714285714285714,4,3,0.4973152069616363,0.0225404399661703,4,-1.5198482885147406,-2.7220972200194065,-0.1797347731788859,0.9292950980003432,0.285396341152057,0.2246831623513952,0.6337229841404789,True,9.462943317766534
DHX57,7,-0.2030700859722113,0.5714285714285714,4,3,0.4541885525395066,0.0113332825675888,4,-0.6011203023239092,-2.792407179641291,-0.0069197267369406346,1.0027515035896104,0.20152939260138,0.2887044594540163,0.4859712512516553,True,9.441379990555468
DDX46,7,-0.1849225997903103,0.5714285714285714,4,3,0.3272297820121658,0.0105880262878214,4,-0.3521827672220683,-2.4303123369925985,-0.1341142255592039,0.6273653983291235,0.386011585805497,0.1647463336078641,0.4440278134992145,True,9.377900605291797
DDX42,7,-0.06773729828513075,0.5714285714285714,4,3,0.2343982841789226,0.0024899214943719,4,-0.11818070879611614,-1.2735625479273187,0.4121217465294447,-0.0865612851772568,0.0003513225120298,0.2363356592589801,0.355334725604322,True,9.331484856375177
DDX19A,6,-0.44340132523112846,0.6666666666666666,4,2,0.4973858993622135,0.0032017595043015,3,-1.4340069321222866,-2.872610661413912,0.06668940799119666,0.4582713789307978,,0.3487895722833417,0.7724592829440922,True,9.248692949681107
DHX58,6,-0.023185537473209044,0.6666666666666666,2,4,-0.4791767446857303,0.0001716703851709,3,1.9027302617047208,-2.572593313892055,1.657733900740373,,-0.221650163937969,-0.5359245175030803,-0.3694093919512439,True,9.239588372342865
RPS19P3,3,-1.4455852318199056,1.0,0,3,-1.2615105067485606,0.0005674763218145,3,,,,-1.5282188105273633,,-1.014358781754559,-1.7941781031777948,True,9.13075525337428
RPL22P2,3,-1.0685703625618046,1.0,0,3,-1.1837186004922868,0.0112318186217413,3,,,,-1.5947464818041108,,-1.3647885756109337,-0.2461760302703693,True,9.091859300246144
RPL32P1,2,-2.676230367306366,1.0,0,2,-2.743906294966832,3.802300647106131e-05,2,,,,,,-3.1959508243771495,-2.1565099102355823,True,9.0
RPL39P38,2,2.718066067122962,1.0,2,0,2.3143475283920334,0.012371760301122,2,,,,2.1643958906527687,,3.2717362435931556,,True,9.0
RPS7P3,2,2.144256946202822,1.0,2,0,2.4838101686565213,0.0238963061445013,2,,,,2.821588691362106,,1.4669252010435374,,True,9.0
RPL4P6,2,1.5849020042625896,1.0,2,0,1.6383807208272851,0.0318418342934969,2,,,,,,2.1744130802700607,0.9953909282551184,True,8.819190360413643
RPL10P16,3,-0.7759386371929574,1.0,0,3,-0.4952572860496885,0.0051727291760756,3,,,,-1.3775558746393448,,-0.4654604151280198,-0.4847996218115078,True,8.747628643024845
RPL15P3,3,-0.7782649662536244,1.0,0,3,-0.4812028738134505,0.0130826025324902,3,,,,-1.360066008877219,,-0.3878279668095269,-0.5869009230741276,True,8.740601436906726
RPS2P36,2,1.3610420937183463,1.0,2,0,1.4247303334523886,0.0131078727060335,2,,,,,,1.6394974159607296,1.082586771475963,True,8.712365166726194
RPL18AP3,3,-0.5119029427425426,1.0,0,3,-0.2768100557082119,0.04552226694411,3,,,,-0.9048303135379572,,-0.2377701941424994,-0.3931083205471711,True,8.638405027854105
RPL23AP53,5,-0.4486967536613079,0.6,3,2,0.6059820961373216,0.0127323323969495,2,-1.5394940543071975,-1.8734302703743564,0.26731911040963935,0.2637479025737415,,0.6383735433916337,,True,8.602991048068661
RPS4XP16,2,-0.803068841850632,1.0,0,2,-1.1303069195547533,0.0276493355306928,2,,,,-0.4282891879250743,,-1.1778484957761897,,True,8.565153459777378
RPL7P21,2,1.0676663975048406,1.0,2,0,1.0443022084066544,0.0062773871908859,2,,,,,,0.9559244546994724,1.1794083403102087,True,8.522151104203328
RPL22,7,-1.0036090250956906,1.0,0,7,-0.6390579538968327,0.1111252889984229,4,-1.2451000290893,-2.9318586673519413,-0.18765687127132175,-1.9316100662101736,-0.216473211795679,-0.1770443935637403,-0.335519936387679,False,6.819528976948416
RPL7A,7,-1.1715599502682001,1.0,0,7,-0.5833609888590681,0.0632979115217019,4,-1.7918844836653265,-2.6856990017468885,-0.1793290523775141,-2.8708626321729707,-0.267622039650519,-0.1744360844183967,-0.2310863578457867,False,6.791680494429534
RPS15,7,-1.2095235253367278,1.0,0,7,-0.574137063636307,0.1049725833800823,4,-2.207345532909174,-3.011456109875757,-0.2096132385137593,-2.14816904640535,-0.525395973777908,-0.1705575334138761,-0.1941272424612722,False,6.787068531818154
RPS5,7,-1.032177708499513,1.0,0,7,-0.5719264112383978,0.1982992689662542,4,-1.4712149115005404,-2.9081529102663155,-0.1989134093017099,-2.205590233352372,-0.320744854121773,-0.039314544686261,-0.08131309626762,False,6.785963205619199
RPS3,7,-1.0146363539424752,1.0,0,7,-0.5585235215597345,0.1046929554824374,4,-1.6871356613977482,-2.654175465161121,-0.0502635981764962,-1.9037624779309008,-0.386584933280666,-0.108138388314576,-0.3123939533358177,False,6.7792617607798675
RPLP0,7,-1.0456394728263785,1.0,0,7,-0.5565860990636843,0.0889416719941672,4,-1.1973843572621004,-2.688309248025129,-0.129019259619788,-2.350456924182879,-0.604555391557065,-0.0722702100033126,-0.2774809191343755,False,6.778293049531842
RPL14,7,-1.0183827609106033,1.0,0,7,-0.5174266935908396,0.0926900887797821,4,-1.7177417751434163,-2.904801454647814,-0.12291194994278859,-1.71696336461623,-0.332769608958677,-0.1875313492943803,-0.1459598237709178,False,6.75871334679542
RPS14,7,-0.9478755219980988,1.0,0,7,-0.5144192390595074,0.0606290941215559,4,-1.5261855886998459,-2.4652465795099716,-0.16085242535601105,-1.5379706094250634,-0.154601551353004,-0.191995821656441,-0.5982760779863542,False,6.757209619529753
RPS23,7,-1.0452712429413211,1.0,0,7,-0.5123444838119572,0.0590587209253219,4,-1.7142983526118243,-2.7367410003137076,-0.16771460407381805,-1.71333215349277,-0.372338049525405,-0.1804606981476473,-0.432013842424075,False,6.756172241905978
RPL7,7,-1.1349956008135382,1.0,0,7,-0.5086776880943996,0.0732793248210745,4,-1.7814882709768045,-3.004849883322694,-0.1866867812066333,-2.3336055056538227,-0.121405952827254,-0.2441394824849307,-0.2727933292226279,False,6.7543388440472
RPL4,7,-0.8152745170189146,1.0,0,7,-0.4666569636027757,0.1459813957567426,4,-0.6603034352190641,-2.5094830124769674,-0.15092540997961312,-1.8923327544684423,-0.205271656726949,-0.1782759394809011,-0.1103294107804655,False,6.733328481801387
RPS25,7,-1.0083931445044034,1.0,0,7,-0.4600657811832493,0.0869691985677428,4,-1.9495833394070554,-2.430046381074068,-0.13230655078272427,-1.880219891939944,-0.179354488497954,-0.2141236403241124,-0.2731177195049659,False,6.730032890591625
RPL13,7,-0.8856741226386221,1.0,0,7,-0.4550409989475471,0.0735941437446805,4,-1.2340454565219934,-2.271528324687245,-0.2112070741900285,-1.6179962634549554,-0.181125973674913,-0.1879569201082291,-0.49585884583299,False,6.727520499473774
RPL23,7,-1.10332360494854,1.0,0,7,-0.451559659821124,0.0937689460111826,4,-2.09959910991232,-2.6905772271143706,-0.17433707844581064,-2.151858986420453,-0.175866375680645,-0.2294441173962161,-0.2015823396699631,False,6.725779829910562
RPS13,7,-0.855436647405898,1.0,0,7,-0.4227009174492059,0.0550229947352884,4,-0.9807087329151775,-2.6938080444039247,-0.06680126816518211,-1.3024182717082375,-0.349538097422758,-0.1250523120656762,-0.4697298051603299,False,6.711350458724603
RPS19,7,-0.8077829044976246,1.0,0,7,-0.4092988044750373,0.106122260838477,4,-1.052693473211862,-2.215735479975727,-0.1879425758511496,-1.2733966722199173,-0.508645256857458,-0.0638651485009043,-0.3522017248663544,False,6.704649402237519
RPS2,7,-0.9089807147768524,1.0,0,7,-0.3953422638598963,0.0672549697281576,4,-1.3337920208949687,-2.265562670623312,-0.05961429594729716,-1.9285841757717943,-0.275947245839019,-0.2648406491966529,-0.2345239451649223,False,6.6976711319299485
RPS12,7,-0.8729230924893961,1.0,0,7,-0.3932497068073269,0.1133262199370326,4,-1.2189196772912474,-2.4952374265764123,-0.12167180796938407,-1.6437415183623614,-0.335925947942359,-0.0861016665402781,-0.208863602743731,False,6.696624853403663
RPL12,7,-0.8349643989014739,1.0,0,7,-0.3266064950713536,0.131670461309781,4,-0.5575561137375757,-2.7472548576607454,-0.17577563230391394,-1.835396406785477,-0.156503327432759,-0.2219323376842237,-0.1503321167056223,False,6.663303247535676
RPL27A,7,-0.8901769149103883,1.0,0,7,-0.3253457814448068,0.0806013000535449,4,-1.4017748459701296,-2.5230675459986225,-0.12344167979523032,-1.3206868487156764,-0.491111919249807,-0.1377522478575971,-0.2334033167856543,False,6.662672890722403
RPL23A,7,-0.9726592958400122,1.0,0,7,-0.3248392329675257,0.0901740158754042,4,-2.0176297379864914,-2.5740442706442823,-0.21810493444864315,-1.201547400684184,-0.292205273196037,-0.1537697010097653,-0.3513137529106813,False,6.662419616483763
RPS8,7,-0.8912490046998364,1.0,0,7,-0.3221203134196231,0.2530387592389526,4,-1.0986631820237085,-2.719806815359573,-0.1819103004771656,-1.9092607974445437,-0.168276505859971,-0.1186324011658369,-0.042193030568055,False,6.661060156709811
RPS27A,7,-0.9477457198841501,1.0,0,7,-0.3119718608403626,0.2390504246726131,4,-1.4407718040329975,-2.9196916996991944,-0.10435310358717508,-1.716458379337338,-0.303944657944363,-0.0434642408565509,-0.1055361537314317,False,6.655985930420181
RPL18A,7,-0.9030181055610138,1.0,0,7,-0.3065199664363464,0.0998399553323129,4,-1.6657948953746404,-2.2661324363527715,-0.19592501111592064,-1.2858337356827527,-0.402672779196592,-0.1507795529476661,-0.3539883282567537,False,6.653259983218173
RPS24,7,-0.8984009689602531,1.0,0,7,-0.2994465519453871,0.1873962338513902,4,-1.670099327461814,-2.7804680950237293,-0.16865045962430844,-1.2726389693860718,-0.104626770678845,-0.1626323767017744,-0.1296907838452301,False,6.649723275972693
RPL32,7,-0.8595592697420354,1.0,0,7,-0.2984123567191152,0.2356080847840998,4,-1.3710438022447986,-2.774441361466457,-0.14044501383504307,-1.2889702665868112,-0.27872718802589,-0.1072781343514034,-0.056009121683844,False,6.649206178359558
RPL29,7,-0.9377750815875835,1.0,0,7,-0.2944882054626176,0.0768221852871879,4,-1.5406937028020657,-2.57089835442911,-0.2264042066391157,-1.5263625766796216,-0.240192618543663,-0.1502321707370772,-0.3096419412824315,False,6.6472441027313085
RPL9,7,-0.7689263689214413,1.0,0,7,-0.2891818276559874,0.1722577391374231,4,-0.8383277825553108,-2.6013814000631346,-0.13736219011710896,-1.2712256060294695,-0.285223043459846,-0.0644544846100176,-0.184510075615202,False,6.644590913827994
RPLP1,7,-0.8433715980866873,1.0,0,7,-0.2878795329892032,0.0964635191112577,4,-1.2038849183953275,-2.732947554665526,-0.11123640775582876,-1.144039783126377,-0.342299864824498,-0.1060399655164139,-0.2631526923228395,False,6.643939766494602
RPLP2,7,-0.9527921890132526,1.0,0,7,-0.2841865195538856,0.1600300168518978,4,-1.9156970302882246,-2.3700800555311137,-0.11466897367675966,-1.6842557000260725,-0.325829302911918,-0.1087421409787116,-0.1502721196799676,False,6.642093259776943
RPL39,7,-0.8409970161358041,1.0,0,7,-0.2830949458581913,0.087844617357883,4,-1.545843329173764,-2.333724998784044,-0.14656389551849516,-0.9984209599756276,-0.540511623441304,-0.1207479373060324,-0.2011663687513606,False,6.641547472929096
RPL24,7,-0.937068638999084,1.0,0,7,-0.276509435795869,0.2527393116010148,4,-1.591174252461076,-3.0307953676601502,-0.206746153797311,-1.2248034063415,-0.395633369703339,-0.0528213565379721,-0.057506566492239,False,6.638254717897935
RPL35A,7,-0.8945462437381864,1.0,0,7,-0.2533542537772062,0.3104481970512034,4,-1.4861797408305797,-2.868273711365556,-0.21092860250902434,-1.3469937255922948,-0.20199523862553,-0.1199795270128193,-0.0274731602315004,False,6.6266771268886036
RPL37A,7,-0.8726869502922397,1.0,0,7,-0.2426083400774798,0.0658742833517678,4,-1.675526716264751,-2.359360569012688,-0.2370503353502039,-1.1851787623344978,-0.286313829705918,-0.1975735190202499,-0.1678049203573691,False,6.62130417003874
RPL27,7,-0.6890788804482915,1.0,0,7,-0.2177276227473734,0.1733471904840632,4,-0.8853727967801936,-2.486335960041651,-0.17743641862514353,-0.5648032474235871,-0.445197428905554,-0.0537707591546637,-0.2106355522072467,False,6.608863811373687
RPS7,7,-0.8151375115969071,1.0,0,7,-0.2051923172456606,0.2223720980465786,4,-1.111100047947657,-3.086673555137138,-0.18253876244974204,-0.811177024710131,-0.37300629822843,-0.1356751247646874,-0.005791767940566,False,6.602596158622831
RPL21,7,-0.9559740413501812,1.0,0,7,-0.1689270876409497,0.4765801725811394,4,-1.937951726912369,-3.1013683167200337,-0.23732422951057283,-1.2182808739483844,-0.136560926270215,-0.0549726433568482,-0.0053595727328448,False,6.584463543820475
RPS20,7,-0.6550462902409623,1.0,0,7,-0.1150144472302967,0.2239760462903487,4,-1.1091676717280383,-2.3368863854537847,-0.12229287526472521,-0.3970254568492106,-0.481429956754476,-0.094134462287773,-0.0443872233487274,False,6.557507223615148
RPS6KA5,7,-0.7456039012178067,0.8571428571428571,1,6,-0.759006306428231,0.3509355899837995,4,-0.34722241031758144,-1.4602755279806845,-0.3876507174913686,0.3718001823859373,-0.123938108567282,-1.6101645691711974,-1.66177615738247,False,6.450931724642687
RPL3,6,-0.9317290100379996,1.0,0,6,-0.6565636869978069,0.1189214306860096,3,-0.6967173681750106,-2.361696378068473,-0.026075232611565417,-2.2046986153829,,-0.1312717239689215,-0.1699147420211266,False,6.328281843498903
RPS6KA2,7,-1.0566758576653688,0.8571428571428571,1,6,-0.4860489707707464,0.7768978330744255,4,-2.488397776870449,-2.7466141991325674,-0.153224819858665,-1.9362830389745904,-0.629511325126473,1.1481434264565291,-0.5908432701513658,False,6.314453056813944
EIF3E,7,-0.801058695122055,0.8571428571428571,1,6,-0.4582575068858202,0.0777819038241465,4,-0.6028296265804324,-3.0290979862312186,-0.07420353825334622,-1.2271808517746154,0.0344611197312511,-0.3950378581582014,-0.3135221245878218,False,6.300557324871481
RPL6,6,-1.1728674165649677,1.0,0,6,-0.568072441286204,0.1197332848166891,3,-1.6586557899812955,-3.01750016055105,-0.16886093538621252,-1.863662606809818,,-0.1789152801685728,-0.1496097264928568,False,6.284036220643102
RPL39L,7,-0.7963514628218199,0.8571428571428571,1,6,-0.3957360376973486,0.4276608254650871,4,-1.1250683681734042,-2.779394674757589,-0.1466890811043144,-1.2505136023638312,-0.139766029869729,-0.3243761025066616,0.1913476190227901,False,6.2692965902772455
RPL13AP5,6,-1.0134876738851435,1.0,0,6,-0.5295960387050174,0.1234700633179984,3,-1.5313157235560082,-2.0680628862782915,-0.20309492966310108,-1.4804805898364788,,-0.31584565083196,-0.4821262631450211,False,6.264798019352509
RPL8,7,-1.0379714451463804,0.8571428571428571,1,6,-0.3850772652346185,0.2452996770997371,4,-1.32837384760252,-3.1053178259875147,-0.21334096736374608,-2.2482275495588206,-0.366213978050735,0.0153814525028403,-0.019707399964167,False,6.263967204045881
RPSA,7,-0.7009123060696635,0.8571428571428571,1,6,-0.3722024829695834,0.3554346247021911,4,-0.5291668253230898,-2.2696641582562616,-0.13220972716673624,-1.8692242847560416,-0.348877797451642,-0.0023921419367428,0.2451487924028696,False,6.257529812913363
RPL36,7,-0.8959500822254591,0.8571428571428571,1,6,-0.3694333382897581,0.3348037354836579,4,-1.3160467996818317,-2.7059300429089745,-0.25057033864085426,-1.8221747584760204,-0.294244774135425,-0.0690853244185602,0.1864014626834522,False,6.25614524057345
EIF3H,7,-0.774597881548109,0.8571428571428571,1,6,-0.36753337072138,0.1362197160632433,4,-0.6189895236412505,-2.869443036640047,-0.07455307121062227,-1.4122132355481232,0.0076388267981981,-0.2394418249142277,-0.2151833056806907,False,6.2551952567892615
RPS3A,6,-1.0589778569406174,1.0,0,6,-0.4704559536099072,0.0719736623184809,3,-1.3870385870633648,-2.7028746019229266,-0.18934477836216673,-1.3496427999389784,,-0.2076935152657931,-0.5172728590904732,False,6.235227976804953
RPL5,7,-0.736723023214123,0.8571428571428571,1,6,-0.2964370690161125,0.2564280736939399,4,-0.4851317695000741,-2.932796040897015,-0.1791048577648196,-1.334228238999401,0.0964754781089688,-0.2408393877282305,-0.0814363457182903,False,6.219647105936628
RPS21,7,-0.819039434846946,0.8571428571428571,1,6,-0.2674472403674605,0.3160963454151966,4,-1.382141999035768,-2.3519958452290615,-0.11688510164520655,-1.1817281505079786,-0.627437337581355,-0.0966962349689786,0.0236086250397257,False,6.205152191612301
DDX17,7,-0.1437422466950439,0.8571428571428571,1,6,0.2445886816531284,0.6589603951739562,4,-0.9525465852328026,-1.613639618613545,-0.0373957650895126,2.354269482597309,-0.0229973975330894,-0.1737334472476655,-0.560152395746001,False,6.193722912255136
RPL37,7,-0.6224538076208298,0.8571428571428571,1,6,-0.2223827584892231,0.5796392305714857,4,-1.1472953464941789,-2.1994608491845664,-0.13915694097329506,0.5651841399334386,-0.437547789711208,-0.3594222529097204,-0.6394776140062781,False,6.182619950673183
RPL35,7,-0.8879706146027136,0.8571428571428571,1,6,-0.221114234442368,0.4843539702078027,4,-1.7234048345933481,-2.7716384164227548,-0.3246179200398243,-1.1572433680542404,-0.297127674263561,0.0636842823496821,-0.0054463711949478,False,6.181985688649755
EIF2S3,7,-0.671780042784795,0.8571428571428571,1,6,-0.1485799107098792,0.6953957072144745,4,-1.47348530657914,-2.471928386260544,-0.09132343128201667,-0.6773798064394962,-0.105098562681463,0.2111764196554217,-0.0944212259063264,False,6.145718526783511
RPL26,7,-0.48725341071309647,0.8571428571428571,1,6,0.1428916711659957,0.7782972598105349,4,-1.1743055048179316,-2.742629398375554,-0.20747053162763623,1.218991151362814,-0.117823579543319,-0.2074797354853674,-0.1800562765046807,False,6.142874407011569
RPS15A,7,-0.3926609173403963,0.8571428571428571,1,6,0.140500123746279,0.8177129486541131,4,-0.6510502590628905,-2.471676472681717,-0.20191939114838953,1.3056600639873637,-0.441094300183366,-0.1837540660140738,-0.1047919962797015,False,6.14167863330171
RPS29,7,-0.6583919370948842,0.8571428571428571,1,6,-0.1056007279480391,0.6429301028419638,4,-1.7891451691529645,-1.9268473227166025,-0.14787013885202097,-0.1623182409699894,-0.568840387557342,-0.1394362012247998,0.1257139008095306,False,6.1242289354025905
EIF3G,7,-0.8975392152981098,0.8571428571428571,1,6,-0.0442947832551422,0.6973836714671691,4,-2.061016281280353,-3.4485267492097256,-0.18238702587772077,-0.5378773532102249,-0.046002957772423,-0.040608257296041,0.0336441175597204,False,6.093575963056142
RPS6KL1,7,0.14317913334562,0.7142857142857143,5,2,0.892849157542688,0.0958995761224463,4,-1.0493150344637179,-1.4696679304782798,0.12516428413387398,0.8433111563455399,0.361239767746686,0.4564597093000482,1.7350619808351893,False,6.0892817216284865
RPS27L,7,-1.0175173769253256,0.8571428571428571,1,6,-0.0256432723934402,0.8798298605693328,4,-1.8372031404983995,-4.298092898787052,-0.32196852066183546,-0.4941005747530408,-0.165471389204498,0.0555195985552989,-0.0613047131277519,False,6.084250207625291
EIF4A2,7,-0.19960979139272608,0.8571428571428571,1,6,0.0050217405143052,0.979742127954906,4,-0.22074540825476963,-1.3258255811972555,-0.0005032963805691521,0.301854850156218,-0.0167380052566566,-0.1019836999893681,-0.0333273988266813,False,6.073939441685724
RPL41,6,-0.8986429517211502,1.0,0,6,-0.1319669199843637,0.3198431031831186,3,-1.1711050233609646,-2.9273345065850243,-0.33611388453931634,-0.7400201200170147,,-0.0935683727524838,-0.1237158030720982,False,6.065983459992182
EIF4A1,7,-0.05423732555318171,0.7142857142857143,2,5,0.7161342549157353,0.287172503516674,4,-0.7448849549532114,-3.231677395548099,-0.09656744055317078,3.528223314647347,-0.0170786580870572,0.3093185019291856,-0.126994646307266,False,6.00092427031501
RPL23P8,5,-1.6186683892217686,1.0,0,5,-0.9750542526685462,0.2307365672769706,2,-1.3990515706130584,-3.7943515670517827,-0.22564213413913636,-1.9952653576899904,,-0.6790313166148757,,False,5.987527126334273
RPSAP58,5,-0.9106731266217238,1.0,0,5,-0.9430566835759786,0.562220373858739,2,-0.4185583592489401,-2.1215909939207913,-0.11337774318172211,-1.8770759713066856,,,-0.0227625654504808,False,5.971528341787989
EIF2AK4,7,-0.750603050073761,0.7142857142857143,2,5,-0.4487756737415871,0.4507423455798796,4,-0.7195149050676379,-2.5363619855134623,-0.2175046184968987,-1.641752124053751,0.0555363080539963,0.0268950189276123,-0.2215190443661862,False,5.867244979727936
EIF3K,7,-1.0565571602477262,0.7142857142857143,2,5,-0.4305224437180699,0.5730790279065817,4,-2.1277398934156664,-3.3408749633693966,-0.12141422448170554,-2.269866339717014,-0.0972935987823902,0.1019350487867372,0.4593538492453522,False,5.858118364716177
DDX58,7,-0.2835291957415505,0.7142857142857143,2,5,-0.4265912938097804,0.1747793227354261,4,-1.059296813907237,-1.196340057125113,0.09964231977691392,1.5954025367388662,-0.145341405722975,-0.4644281830827134,-0.8143427668685954,False,5.8561527897620325
DHX37,7,-0.271548642173336,0.7142857142857143,5,2,0.3995887096476254,0.1854932448659111,4,0.036381862026369144,-3.3914258121379777,0.04721545155831209,-0.5707444174104155,0.774265056728466,0.4914170768046807,0.7120502872172134,False,5.842651497680955
DHX34,7,-0.09755938057512417,0.7142857142857143,5,2,0.3770533754013028,0.1848772440303006,4,-0.5352092563052291,-2.041993416893222,0.16924127771025482,1.3091297032950695,0.0035966133051573,0.3265535282392487,0.0857658866228516,False,5.831383830557794
EIF4E2,7,-0.6937206063157998,0.7142857142857143,2,5,0.3519519508017112,0.1757982408207832,4,-1.850071724804106,-3.441141955804298,-0.4099437048339694,-0.1857835562245388,-0.270322887397975,0.5450353967078951,0.7561841881463935,False,5.818833118257998
EIF5A,7,-0.8806517779239468,0.7142857142857143,2,5,0.3380299797266178,0.7670173011270939,4,-3.0745424960648977,-4.02327360078075,-0.16297116018570107,-2.1138944578124153,-0.162061670581663,1.3213887470443768,2.050792192913421,False,5.811872132720452
DHX32,7,-0.43563978224589117,0.7142857142857143,2,5,0.2937489240767794,0.4594172690969691,4,-1.5759980225827446,-2.447030962091236,-0.040053124691474304,-0.2862909493856261,-0.0497134183814477,0.4148183264491819,0.9347896749621089,False,5.789731604895532
RPS6KA6,5,-0.7168387742673599,1.0,0,5,-0.5772368206866375,0.2696482791054562,2,-0.5419972603662349,-1.968966543214883,-0.058753489023127596,-0.8612549678143229,-0.153221610918231,,,False,5.788618410343319
DDX51,7,-0.0388091503816957,0.7142857142857143,5,2,0.289603541005414,0.1319528337687642,4,0.44410328706100866,-1.8305872391791702,0.033214600292663286,-0.1373073072165741,0.365974098589434,0.4468040502997748,0.4061344574809937,False,5.7876589133598495
RPL10A,7,-0.7344995229878544,0.7142857142857143,2,5,-0.2652426906456742,0.4306820300535808,4,-0.8061855151815649,-2.747622082660322,-0.17220139878464955,-1.476665220709604,0.0833851013661778,-0.0446531728930584,0.0224456279480401,False,5.77547848817998
DDX52,7,-0.397044879847659,0.7142857142857143,2,5,0.2434099728737171,0.4334530655766736,4,-0.8137349820597167,-2.8865915573775376,-0.14059065493593284,0.6551761176945347,0.52120858588155,-0.0527988459747836,-0.0619828221617265,False,5.764562129294001
DDX41,7,-0.5635529239970615,0.7142857142857143,2,5,0.2412183640088842,0.6652729678102639,4,-1.9029432473900667,-2.4239821948707805,-0.2794466123692146,-0.4695223818521469,-0.283213882456554,0.3555883900216523,1.0586494609376806,False,5.763466324861584
EIF2AK1,7,-0.8826317958424318,0.7142857142857143,2,5,-0.2361856989839205,0.6129610415736593,4,-2.1974137591113947,-2.5774890761119056,-0.08188414049993165,-1.631465085265922,-0.089055929390217,0.0532742232406653,0.3456111962416834,False,5.7609499923491025
RPS6KB1,7,-0.16110591450521777,0.7142857142857143,5,2,0.2353227892543503,0.6246390945928917,4,0.13718161789388145,-2.1890908679961902,0.08243695683475531,-0.7122745665439228,0.257861476495645,0.5384850957270653,0.7576588860522416,False,5.760518537484318
EIF1B,7,-0.6247316287101926,0.7142857142857143,2,5,0.198397129968931,0.6586522867497477,4,-1.3221022328599992,-3.091640902682292,-0.12199461774601586,-0.5626020796847063,-0.473672413746097,0.4088342954612626,0.7900565502864995,False,5.742055707841608
EIF2B4,7,-0.7981905245800344,0.7142857142857143,2,5,0.1950495520616589,0.439634922902716,4,-1.7642373006195415,-4.04011940039609,-0.31569698988095435,-0.1779566017794195,-0.159749301201491,0.4177080612003396,0.4527178606169166,False,5.740381918887972
DHX40,7,-0.7564250621400472,0.7142857142857143,2,5,-0.1925300950724951,0.8157768260202298,4,-1.1757110384332605,-3.1761249213680047,-0.13701464838460475,-1.3821128957947115,-0.311618365564445,0.0087325599204556,0.8788738746442392,False,5.73912219039339
DHX8,7,-0.5098842071480078,0.7142857142857143,2,5,0.1865434828094073,0.2003150188294468,4,-0.6012383426612176,-2.9637905700475824,-0.22629877814369787,-0.0556915321343172,-0.329138025363322,0.2442447918465874,0.362723006467495,False,5.736128884261846
DHX33,7,-0.035267193299776047,0.7142857142857143,5,2,0.1801559410836382,0.8457990240683446,4,0.2314814927595864,-1.5708281672935491,0.33578564649813664,-1.260003285741127,0.585790105666086,0.5297136040491792,0.901190250963256,False,5.732935113398962
RPS10,7,-0.014824841944279308,0.5714285714285714,3,4,1.033857279552162,0.4810886984493966,4,-1.5335227951510182,-2.4960963740979145,-0.23236032547736382,3.79151563254222,-0.323387377048242,0.132606210145469,0.5574711354768945,False,5.7312143540617955
DDX23,7,-0.6592045648508228,0.7142857142857143,2,5,0.1668079279099458,0.6084788110666449,4,-1.2636943629426143,-3.117642511362957,-0.1362481699636378,-0.6330342831488488,-0.378973103143276,0.3666698123026842,0.5484906643028905,False,5.726261106812116
RPS19BP1,7,-0.8111046076344955,0.7142857142857143,2,5,0.1655675021557597,0.7957890525169246,4,-2.107185111636788,-3.7528071742108353,-0.24978336783555757,-0.9519163617819024,-0.0450269536315838,0.7262881852870207,0.7026985303681764,False,5.725640893935022
RPL22L1,7,-0.48852799758099835,0.7142857142857143,2,5,0.1592021439017683,0.839485283930037,4,-0.7689575634339473,-2.817842419998005,-0.18815447258076676,-1.4468575996050528,-0.184834167543846,0.8480286600817378,1.138921580012891,False,5.722458214808026
DDX21,7,0.13494087692499815,0.5714285714285714,4,3,1.015600855456332,0.279921822387466,4,0.4111938370861337,-3.5016455398783473,-0.04081702868298266,-0.8215908775585082,1.60034900702669,1.3968904916090543,1.9002062488729472,False,5.722086142013881
EIF4EBP2,7,-0.9583719118008129,0.7142857142857143,2,5,-0.1562312384773493,0.249566651440721,4,-2.8701670539050714,-3.2185562699352768,-0.15763768038324583,0.0761284033739803,-0.249464167744407,-0.2924271656496213,0.0035205516379518,False,5.720972762095817
RPS6KA1,7,-0.6802455799232359,0.7142857142857143,2,5,-0.1142932563498047,0.892488762024064,4,-1.1268697900921432,-2.693633318995819,-0.19215118647451387,-1.989047266619224,-0.332285453446941,0.5908201178148759,0.9814478383511136,False,5.700003771032045
EIF4H,7,-0.6046122028057821,0.7142857142857143,2,5,0.1072723808540628,0.8507481635652026,4,-0.7926641982052354,-3.3049144843009413,-0.17881670756100515,-1.271945929930445,-0.132848732787346,0.5515409638325836,0.8973636693119134,False,5.696493333284174
RPL36AL,7,-1.0057490543731595,0.7142857142857143,2,5,-0.0953703424660665,0.8659795666944483,4,-2.4820424279329085,-3.5341231166006084,-0.2504781210211576,-1.2877617732327509,-0.293914852874699,0.1254613279633669,0.6826155830866398,False,5.690542314090176
DDX11,7,-0.07410717777589092,0.7142857142857143,2,5,0.0793053568915739,0.9050242123884844,4,-0.15816150622031533,-0.9129088499686278,-0.0037560063731323892,1.1095799675718545,0.490180742582563,-0.4161411505756186,-0.62754344144796,False,5.682509821302929
RPS17,7,0.3674949149218739,0.5714285714285714,4,3,0.8940213930598903,0.2177180909155384,4,0.8959202537608595,-1.4931540479323857,-0.46713837802008934,2.6774472050696803,-0.464168330142505,0.6587959762493549,0.7647617254682025,False,5.66129641081566
RPL26L1,7,-0.8968096041547342,0.7142857142857143,2,5,0.0274126142141295,0.9605147316240495,4,-1.4803802970749222,-4.31440154332183,-0.29397224128434796,-0.8981268373341973,-0.259371233603917,0.2935611749364868,0.6750237485995894,False,5.6565634499642075
RPS26,7,-0.9404282837754343,0.7142857142857143,2,5,-0.0093669540498486,0.992762228291532,4,-2.4885333709391735,-3.4365931142759645,-0.24348765110787884,-2.0809172675959964,-0.228178037009488,0.5839899395177868,1.3107215149826743,False,5.647540619882067
DDX39B,7,0.02622030130924843,0.5714285714285714,3,4,0.8227889738730279,0.4267951763111773,4,-0.6889483566788979,-2.45317983511044,-0.022667116131033234,3.414831867781934,0.0054995965685181,0.0154655996809177,-0.0874596469462594,False,5.625680201222228
EIF4G1,7,-0.5944862631445561,0.5714285714285714,3,4,0.7339553947892384,0.0658305180988595,4,-2.404597608071544,-4.047674806022426,-0.18959999721890017,-0.3601593595278601,0.158555599876723,1.1265387236874305,1.5555336052646838,False,5.581263411680333
EIF4E,7,-0.13183297195968383,0.5714285714285714,4,3,0.7225266145262644,0.1357295169845621,4,-0.8699909076150094,-2.8684256752604185,0.06167372989942282,-0.0399051056484286,0.0939903469184887,1.1045002975529197,1.595326510435238,False,5.575549021548847
EIF4G2,7,-0.2342202917641209,0.5714285714285714,3,4,0.7066117934363378,0.0747485606584346,4,-0.9185937038938315,-3.2783762054684478,-0.07870211221764256,-0.1727839475244643,0.301341258510078,1.0448021897173865,1.4627704785280753,False,5.567591611003883
RPS6KA4,6,-0.7296222552218347,0.8333333333333334,1,5,-0.1091658539148267,0.4822367704693441,3,-0.8361103947700422,-2.8386218953824973,-0.2342196986879068,-0.4217464401377406,,-0.1534624057341442,0.1064273033813231,False,5.554582926957413
DDX47,7,0.11344975811728568,0.5714285714285714,3,4,0.5737163148530928,0.4682678841572418,4,-0.5743633060177111,-2.768654918612762,0.059225618962733526,3.9665488147587338,-0.0551664612643736,0.2460592978977129,-0.0795007389033337,False,5.5011438717122605
EIF5B,7,-0.2743335468429445,0.5714285714285714,4,3,0.5333413938033774,0.388256178312533,4,-1.1192132431622592,-2.932523060412639,0.020633187097923583,-0.6376778748940607,0.571441897253643,0.8249948451270954,1.352009421089685,False,5.480956411187403
EIF1AX,7,-0.3126219464151803,0.5714285714285714,3,4,0.5251896054350786,0.4474945837363804,4,-0.9733816221834473,-3.15655816485685,-0.004287405498209192,-0.9334573816980656,0.29117623099028,1.1522510920697306,1.435903626270299,False,5.476880517003254
DHX29,7,-0.10219286428596845,0.5714285714285714,4,3,0.5101462325128285,0.0554656826547588,4,-0.18060984667257057,-2.6338204241913354,-0.043936660462192335,0.9748369892726652,0.511981843816693,0.1543243184016307,0.5018737298333306,False,5.469358830542129
DDX18,7,-0.2850738608683726,0.5714285714285714,3,4,0.488213769714042,0.2795012683071175,4,-0.7893114484237536,-2.9048461342356515,-0.12203955740354028,-0.6757828783302132,0.519813505004592,0.7885983741106563,1.1880511131993017,False,5.458392599142735
EIF2S2,7,-0.39547908938277004,0.5714285714285714,3,4,0.4509812470830289,0.3288107303289356,4,-0.7496766979373575,-3.077256365366316,-0.1122027966284268,-1.2828823553277708,0.232478947610056,0.8934862721371184,1.327699369833307,False,5.439776337827229
DDX49,7,-0.590386151370463,0.5714285714285714,3,4,0.4001584350042394,0.3415530693262144,4,-1.9273784304676533,-3.318472684479442,-0.16014770933295702,-0.7575352199850586,0.494392435285869,0.5584536480880096,0.9779849012979912,False,5.414364931787834
DDX10,7,-0.22821258946503814,0.5714285714285714,4,3,0.3603247811574711,0.6960244204392613,4,-0.6937501359789097,-2.5151497218088115,0.11444055622120806,-1.143599329836826,0.779206172454617,0.7773743260585211,1.083990006634934,False,5.39444810486445
EIF3J,7,-0.395014607611136,0.5714285714285714,4,3,0.3478876002896078,0.563801209475052,4,-0.6391142278230655,-3.3449614970666213,0.12010536211052907,-1.4478004696111413,0.551461053414075,0.8328319417084794,1.1623755839897931,False,5.388229514430519
EIF2B3,7,-0.3657738191256711,0.5714285714285714,4,3,0.3331169045905214,0.7722415506895292,4,-0.7392233350821148,-3.0569812825042924,0.019505260747467366,-1.868679883885288,0.289786089535981,1.0789104437097856,1.716265973598764,False,5.380844166580975
EIF2AK2,7,-0.13677232732856417,0.5714285714285714,4,3,0.3326664179504769,0.2311871460596841,4,-0.14126375886851106,-2.473895976802482,0.0490858031501562,0.9982891366943348,0.150665115747678,-0.0103084118194259,0.4700218005983013,False,5.380618923260953
RPS6KC1,7,-0.25847673830527923,0.5714285714285714,4,3,0.3319544402321949,0.2766609354545327,4,-1.3002462604321912,-1.7382074492491981,0.0566141478152494,-0.3206132879224272,0.118689851156369,0.6428927685070118,0.7315330619882309,False,5.380262934401812
EIF3A,7,-0.19060707451644518,0.5714285714285714,4,3,0.3282465715625528,0.2328104354482625,4,0.3034974158462874,-2.6438629479945868,-0.025016405850776597,-0.5737572167811188,0.396120090839518,0.464198563235683,0.7445709790898777,False,5.37840900006699
DDX1,7,-0.40071077076231426,0.5714285714285714,3,4,0.3101207700413421,0.6051424241240947,4,-0.2883280201795114,-3.5172727743792738,-0.10784328761127972,-0.876766756333737,0.137425672842181,0.6145676408645628,1.2332421294608584,False,5.3693460993063855
RPL7L1,7,-0.38348218457629374,0.5714285714285714,3,4,0.309930653835003,0.5834205895673309,4,-0.5182565517606487,-3.128377731322203,-0.1304804912535537,-0.9356132677696006,0.100145790193687,0.7704562757408516,1.1577506841374112,False,5.369251041203216
DDX50,7,-0.283514543353571,0.5714285714285714,3,4,0.308767809747105,0.3164730631244871,4,-0.41954130360468167,-2.7225204291411975,-0.06157437375514717,-0.0998789358172912,0.271536596133259,0.194387995231933,0.8529886474781279,False,5.368669619159267
EIF3I,7,-0.8157244664792744,0.5714285714285714,3,4,-0.2625545016250112,0.7938208417677096,4,-0.9072552593577917,-3.6724237894759977,0.02893747312540111,-2.246011246805568,-0.271029304436418,0.4649450827872056,0.892765778808247,False,5.34556296509822
EIF1,7,-0.7082855787801661,0.5714285714285714,3,4,0.2515273303195413,0.3757713267683201,4,-1.8583362295787946,-2.757273403265685,-0.20702651397114014,-1.1604851785788148,0.0763281925077327,0.3171153843295265,0.6316786970960135,False,5.340049379445485
EIF6,7,-0.7322792047448844,0.5714285714285714,3,4,0.2512243471311726,0.7493744131162342,4,-2.0501537135565293,-3.652282619797613,-0.12175712327379702,-1.6275222759930423,0.0824396427322026,0.9399679173902318,1.3033537392843568,False,5.339897887851301
EIF2AK3,7,0.11834770075745667,0.5714285714285714,4,3,0.2428585441261654,0.6926193076520971,4,1.1759861730685757,-1.338911491122336,-0.054619235029207416,1.2205972425997305,0.170897842296224,-0.3581819570001621,0.0126653304893721,False,5.335714986348797
DDX27,7,-0.5505255705818537,0.5714285714285714,3,4,0.2248482743453371,0.0944364809891066,4,-0.5457823372211574,-3.540572321149599,-0.19641281016688467,-0.4517000988783554,0.306603411064049,0.2225834841742993,0.351601678104671,False,5.326709851458383
EIF4EBP1,7,-1.3239574629919981,0.5714285714285714,3,4,-0.2154469311174761,0.8330242316158064,4,-3.03786321587171,-3.4435245787526947,-0.31565308291603617,-4.4135379447419165,0.0163258432454942,1.1312887661118691,0.795261971981008,False,5.322009179844453
RPL7P57,3,1.793007422687394,1.0,3,0,1.6429707696666818,0.2198443472059642,3,,,,2.5057449033045773,,0.0513007991426238,2.821976565614981,False,5.321485384833341
EIF3B,7,-0.5249985746624647,0.5714285714285714,3,4,0.2064178949850065,0.7590935665054901,4,-0.9134594525525878,-3.095258363331976,-0.19724232448278117,-1.5469196224879147,0.192990797147967,0.8249236678192462,1.0599752752507925,False,5.317494661778218
DDX3X,7,-0.418817928233322,0.5714285714285714,3,4,0.1986170144389198,0.2394813099518573,4,-0.4539611151707736,-3.0095162825067354,-0.01777249761565084,-0.2681449178850456,0.303461240151821,0.3522394640034529,0.1619686113896775,False,5.313594221505174
EIF2A,7,-0.4094664016253417,0.5714285714285714,3,4,0.1828314161153281,0.6352699590967787,4,-0.29686950991560473,-2.796198446690151,-0.1053491276592893,-0.9080977062303786,0.423220498624259,0.2191142548452015,0.5979152256485707,False,5.305701422343378
RPS6KB2,7,-0.43557093670720637,0.5714285714285714,3,4,0.1620336134002064,0.7369738971184923,4,-1.1288112438930422,-2.4711634542952767,0.13251304175234085,-0.6083917775766209,-0.162212245847379,0.533239681114441,0.6558294417950921,False,5.2953025209858176
DDX54,7,-0.850257823245589,0.5714285714285714,3,4,-0.1540687480171645,0.8566802334865244,4,-1.3625718891469838,-3.5691856813247265,-0.2693739913971912,-1.9417988273250204,0.0168651564216576,0.4044027448901549,0.7698577251629858,False,5.291320088294297
RPL21P28,6,-0.3668357753072394,0.6666666666666666,2,4,-0.5680597394458939,0.4482670832049839,3,0.535639451323681,-0.67985906421342,0.11469440941324645,-1.7103511847177029,,-0.128787209337314,-0.3323510543119269,False,5.284029869722947
EIF2B1,7,-0.6355275329986139,0.5714285714285714,4,3,0.1289673928633439,0.3575066090039255,4,-1.6057666124847736,-3.0605536698176006,0.021930343970371847,-0.269238024948396,0.0746442549709481,0.2156133668022106,0.1746776105169431,False,5.278769410717386
DHX16,7,-0.39497962235184697,0.5714285714285714,3,4,0.1200446302732733,0.7575884354251612,4,-0.061804540620388336,-2.9713520168452963,0.14844923357803982,-0.5336824064533103,-0.256372762717622,0.3355773350927403,0.5743278015029083,False,5.274308029422351
EIF3M,7,-0.6159923717896901,0.5714285714285714,3,4,0.0922895231320651,0.838398713548824,4,-1.057206334917716,-3.270003729987809,-0.18035884477460437,-0.9368553835654584,0.37411615953853,0.2282327480841521,0.5301287830950744,False,5.260430475851747
EIF3D,7,-0.46925818696140015,0.5714285714285714,3,4,-0.0822035557351546,0.8755362496175342,4,-0.09524482970998395,-2.5923551460210135,-0.1503885964597539,-1.019987120275798,0.0145003486116474,0.0633915760446717,0.4952764590804292,False,5.255387492153292
EIF4A3,7,-0.6032260491429102,0.5714285714285714,3,4,0.0713961811987712,0.92324484798637,4,-1.303039512890129,-2.94209511407895,0.13235719840216464,-1.51805394076059,-0.116945332114167,0.648011878015901,0.8771824794253984,False,5.2499838048851
EIF4G3,7,-0.3034065244709301,0.5714285714285714,3,4,0.0601054646199348,0.8840756795996336,4,-0.7312843400237706,-1.5858806087414676,-0.008937591770152506,0.1173549215387246,0.0562827617861179,0.4195737561504891,-0.3909545702364513,False,5.244338446595682
DDX59,7,-0.5698652673080333,0.5714285714285714,3,4,-0.0390132965715269,0.9109410238745036,4,-1.1555523379252213,-2.7153476868240745,0.06112169792140918,-0.6185977861653303,0.282241723462523,-0.0520149695519544,0.2090924879264148,False,5.233792362571478
DDX6,7,-0.6748789878400547,0.5714285714285714,3,4,0.0369511859067607,0.9009622529437772,4,-1.3269048831902728,-2.990752804564089,-0.4750050562970865,-0.4120988711050952,0.0767278276378757,0.149961546892674,0.253919325745612,False,5.232761307239095
EIF1B-AS1,6,-0.32435097910800326,0.6666666666666666,2,4,-0.4632723627083112,0.417976953871252,3,-0.23066502656568225,-1.2756807931704932,1.060124686820304,0.1631981247783632,,-1.1710836715210624,-0.491999194989449,False,5.231636181354156
DDX60,7,-0.5113099631772029,0.5714285714285714,3,4,0.0342552906232423,0.9304781486098184,4,-0.5874210380483514,-3.13210629999142,-0.6118284784255509,0.1335394306047767,0.78002401427955,-0.308021230333377,0.1466438596739525,False,5.231413359597336
RPS15AP10,5,-0.21247348023759088,0.8,4,1,-0.661711895196091,0.8390617185036862,2,0.2643181113380244,0.062446464266691475,0.5779593128432763,,,0.652961941613062,-2.620053231249009,False,5.230855947598046
DHX35,7,-0.5453798114084206,0.5714285714285714,3,4,-0.0178084251585258,0.948996752820736,4,-0.7986576662925616,-2.861350078149917,0.007393441689061481,-0.2969883706972296,0.319859887509078,0.0680438990939465,-0.2559597930113219,False,5.223189926864977
EIF5AL1,6,-1.2164949348796752,0.6666666666666666,2,4,0.2025208530260547,0.9354663521088318,3,-2.969717984710464,-4.3193499953796834,-0.22112606571024473,-3.216578442919523,,1.1845535650749217,2.2432493143669423,False,5.1012604265130275
DDX12P,6,0.18250583199039602,0.6666666666666666,4,2,0.1555686151518273,0.954863134470153,3,0.6706308290025422,0.2975487357123364,0.5690376131322683,2.127717537106659,,-0.694120465609913,-1.8757792574015164,False,5.0777843075759135
RPL7P1,3,-1.8349146357645527,1.0,0,3,-1.127476859487112,0.1679540789031115,3,,,,-4.3437744627570005,,-0.4154378215173716,-0.7455316230192869,False,5.063738429743556
RPL23AP82,5,-0.9137054408799761,0.8,1,4,0.2313025837468082,0.7940496723918532,2,-2.2907520108418593,-2.495123927147872,-0.043790156995547794,-0.3295456653711519,,0.5906845559565497,,False,5.015651291873405
EIF4BP6,3,-1.2073420119019167,1.0,0,3,-1.0139278206789222,0.0896442199113345,3,,,,-2.286235350738091,,-0.3642387359089276,-0.971551949058732,False,5.006963910339461
RPS15P4,3,-1.2118162685809188,1.0,0,3,-1.0099714845294447,0.1925768069066349,3,,,,-2.8660672839353314,,-0.437973614554014,-0.3314079072534109,False,5.004985742264722
EIF3C,6,-1.0946193069797296,0.6666666666666666,2,4,0.0015610198712472,0.9987998693371656,3,-2.030748112969173,-4.070968847183918,-0.16676384841568725,-1.972701916547896,,0.573586404272483,1.0998804789658134,False,5.000780509935623
RPS2P16,2,2.4223294748260753,1.0,2,0,2.4429208326870135,0.0554726559488691,2,,,,,,2.713643009203228,2.1310159404489224,False,5.0
RPL29P14,2,5.062276662876358,1.0,2,0,4.895740947543347,0.3395954794168939,2,,,,8.353438842402436,,1.77111448335028,,False,5.0
RPL15P2,3,-1.2872597367909753,1.0,0,3,-0.9968688758102768,0.2876402547684454,3,,,,-2.195727599712584,,-0.3453565669915653,-1.320695043668776,False,4.998434437905138
RPL7AP6,3,-1.1825797882446345,1.0,0,3,-0.9813081628383608,0.2395954702556199,3,,,,-3.182873981662328,,-0.3122630884447178,-0.0526022946268573,False,4.99065408141918
RPSAP47,3,-0.9211463936014584,1.0,0,3,-0.9692814153279932,0.0519048115644124,3,,,,-0.9818404801074192,,-0.995931300063308,-0.7856674006336481,False,4.9846407076639965
RPS12P3,3,1.1138087741125333,1.0,3,0,0.8577216327113141,0.2715379823510973,3,,,,2.4645637746931377,,0.4700814853735814,0.4067810622708808,False,4.928860816355657
RPL3P7,3,-0.7512345190164765,1.0,0,3,-0.8305401610888398,0.1838849157924172,3,,,,-1.016495638591002,,-1.009687909736037,-0.2275200087223907,False,4.91527008054442
RPSAP18,3,-0.9203769987704401,1.0,0,3,-0.8299130240412995,0.4077578097612602,3,,,,-0.5698099490205036,,-0.8840058445397901,-1.3073152027510262,False,4.91495651202065
RPL36A,6,-0.35411686550186605,0.5,3,3,0.8143230698630871,0.0977250811721402,3,-1.8628374912192496,-2.812497214046365,-0.1826538576847633,1.8518376166882875,,0.4032259602055568,0.4782237930453366,False,4.907161534931544
RPL15P18,3,-1.1479107110809381,1.0,0,3,-0.8105051566409649,0.5474760779647756,3,,,,-3.073160173770745,,-0.3330776317803641,-0.0374943276917051,False,4.905252578320482
DDX39B-AS1,2,1.6966650389036433,1.0,2,0,1.8057515559689865,0.4899480014209323,2,,,,3.2519224320499505,,0.1414076457573359,,False,4.902875777984494
DDX25,6,-0.6109455560373048,0.5,3,3,-0.8009669783512221,0.5641489821004079,3,0.6071689260079317,-0.9702395784873621,0.3572640594129567,0.1739407122294437,,-0.9293319126950568,-2.9044755426917424,False,4.9004834891756115
EIF4BP7,3,-0.8933577078303307,1.0,0,3,-0.7948841979900255,0.4682909036927354,3,,,,-2.4658371069664375,,-0.1763262109770906,-0.0379098055474643,False,4.897442098995013
RPL14P1,3,-0.9807909173757006,1.0,0,3,-0.7817960799820097,0.3634408877387104,3,,,,-2.6858922942303,,-0.2469248408254658,-0.009555617071336,False,4.890898039991005
RPL12P14,2,1.578494195004533,1.0,2,0,1.7591529937551036,0.1412717836290019,2,,,,2.445645940173468,,0.7113424498355981,,False,4.879576496877552
RPL36AP54,2,2.35743517642402,1.0,2,0,1.721923037806479,0.6117343786312649,2,,,,0.3728936038966739,,4.3419767489513665,,False,4.860961518903239
RPL26P36,3,-1.114349162547042,1.0,0,3,-0.7150754160890569,0.4378169647410643,3,,,,-2.5918115966793276,,-0.3539135949685638,-0.3973222959932346,False,4.857537708044529
RPS3AP47,3,-0.6999637904737988,1.0,0,3,-0.6799273584483234,0.3016107974039874,3,,,,-1.4703424276369088,,-0.5832855787647837,-0.0462633650197038,False,4.839963679224161
RPL3P2,3,-0.7612071578997446,1.0,0,3,-0.6669755153279416,0.3661883306104145,3,,,,-1.8688536180594983,,-0.2004946216104455,-0.2142732340292897,False,4.8334877576639705
RPL7P9,3,-0.9097796369354577,1.0,0,3,-0.6456544085745813,0.2929028141411514,3,,,,-2.41318577493627,,-0.3131384779909364,-0.0030146578791664,False,4.82282720428729
RPL7AP66,3,-0.7763666848885414,1.0,0,3,-0.6319179688350149,0.0862979352092056,3,,,,-1.1272215660967344,,-0.5669096725829317,-0.6349688159859586,False,4.815958984417508
RPS2P32,6,0.08562725906774117,0.5,3,3,0.6251046721622674,0.1354905459232773,3,-0.954471649090479,-0.8713951153578067,0.5833325776777692,1.1657425051127666,,0.5936128153515144,-0.0030575792873175,False,4.812552336081134
EIF3FP3,3,-1.2389988581111593,1.0,0,3,-0.6124295274175995,0.253599744613098,3,,,,-2.8085945388873235,,-0.3805288744590627,-0.5278731609870918,False,4.8062147637088
RPL41P1,3,-0.7769722499759003,1.0,0,3,-0.5940499595585306,0.1432207962668926,3,,,,-1.8535820968307304,,-0.1260816195259254,-0.3512530335710455,False,4.797024979779265
RPL5P23,3,-0.8986075249735738,1.0,0,3,-0.5799748923452778,0.47123071600756,3,,,,-1.3999045541910262,,-0.3770449018217739,-0.9188731189079216,False,4.789987446172639
RPS12P20,2,1.6668296507580154,1.0,2,0,1.5792188271343088,0.0802434123709157,2,,,,,,1.2765393395843083,2.0571199619317224,False,4.789609413567154
RPL7P23,3,-0.7445857515982278,1.0,0,3,-0.5649408729337647,0.4401060197554558,3,,,,-1.5729065796059505,,-0.0366558159840944,-0.6241948592046385,False,4.782470436466882
RPL26P6,3,0.7804802934131058,1.0,3,0,0.5622201973015452,0.5081973327741345,3,,,,0.1486385025876473,,0.4379717957906324,1.754830581861038,False,4.781110098650773
RPL41P2,3,-0.7425177455596419,1.0,0,3,-0.5405665558087873,0.1164695208401769,3,,,,-0.6997237334608042,,-0.4363841561593782,-1.0914453470587435,False,4.770283277904394
RPLP0P6,3,-0.7872148614789215,1.0,0,3,-0.5358015025140593,0.2956310726877216,3,,,,-2.039926956647814,,-0.1380097310384138,-0.1837078967505366,False,4.76790075125703
EIF1AX-AS1,2,1.5072026626751704,1.0,2,0,1.5344587374310448,0.2713135571802366,2,,,,,,2.1254245661360684,0.8889807592142724,False,4.7672293687155225
EIF4BP3,3,-0.6896395837558112,1.0,0,3,-0.509544349959934,0.1532051056923198,3,,,,-1.3805791221101518,,-0.3403406012510638,-0.347999027906218,False,4.754772174979967
RPL7AP50,3,-0.535369591905753,1.0,0,3,-0.505963153069632,0.5171588843236248,3,,,,-0.8051157981306734,,-0.5269239619606858,-0.2740690156258996,False,4.7529815765348165
RPL21P75,3,-0.8213951219157782,1.0,0,3,-0.4832910010535868,0.2883852625243037,3,,,,-1.1537792852566966,,-0.4485623800056082,-0.86184370048503,False,4.7416455005267935
RPL10AP6,3,-0.5602388737330712,1.0,0,3,-0.4757288679822635,0.5588340070917115,3,,,,-1.6354174341328669,,-0.0229294952275971,-0.0223696918387497,False,4.737864433991132
EIF2S2P3,2,-1.4064708691337366,1.0,0,2,-1.4709839663221178,0.1684103653476231,2,,,,-1.2420349445160876,,-1.5709067937513856,,False,4.735491983161059
RPL12P4,3,-0.8287199037220709,1.0,0,3,-0.4647439624727819,0.4438458094336183,3,,,,-1.971105066822919,,-0.0886616455697627,-0.4263929987735311,False,4.732371981236391
RPL13P12,3,-0.7002488162788363,1.0,0,3,-0.4625093951948996,0.0639635926205302,3,,,,-1.3095519360093832,,-0.234746314667338,-0.5564481981597875,False,4.73125469759745
RPL21P16,3,-1.1448190385435555,1.0,0,3,-0.4585477289148572,0.5238376981949493,3,,,,-3.150015600908279,,-0.1101981234548669,-0.1742433912675208,False,4.729273864457428
RPS2P5,3,-0.8306963831011728,1.0,0,3,-0.4567706895690567,0.1813648344069493,3,,,,-2.03749904940871,,-0.2813372154112353,-0.1732528844835733,False,4.728385344784528
RPL4P3,2,-1.463594185080909,1.0,0,2,-1.4513187165833956,0.3192601668839814,2,,,,-2.323179312166858,,-0.6040090579949604,,False,4.725659358291698
RPS7P11,3,-0.578900976695843,1.0,0,3,-0.4447728833478373,0.6143340297715993,3,,,,-1.6953075248621403,,-0.0188430782317871,-0.0225523269936014,False,4.722386441673919
RPS23P8,3,-0.6707569585801664,1.0,0,3,-0.4415879290457524,0.3869194819610685,3,,,,-1.643006265329116,,-0.3370676117469153,-0.0321969986644681,False,4.720793964522876
RPL23AP42,3,-0.6277813481489923,1.0,0,3,-0.4269954940609046,0.2049336799089895,3,,,,-1.2306872203359491,,-0.1871885287483434,-0.4654682953626846,False,4.713497747030452
DDX19B,6,-0.306934099729996,0.5,3,3,0.4124256087407487,0.2937345594208627,3,-0.9056233895561004,-3.1137390942507053,-0.1440014975701354,1.931682750587991,,0.2062386891067745,0.183837943302199,False,4.706212804370375
RPS28P4,3,-0.45299658271182236,1.0,0,3,-0.4071661249405862,0.4901512706093152,3,,,,-0.9232782555762474,,-0.3950828471652101,-0.0406286453940097,False,4.703583062470293
RPL17-C18ORF32,4,-0.7540823315360503,0.75,1,3,0.8933768009424413,,1,-0.9458459362561508,-2.5330781756192926,-0.430782015211199,,,0.8933768009424413,,False,4.696688400471221
RPL29P11,3,-0.42383455721943547,1.0,0,3,-0.3726184275973169,0.3526320132722269,3,,,,-0.6998521603833007,,-0.3344116024186218,-0.2372399088563839,False,4.686309213798658
RPL10P9,3,-0.7907658921782067,1.0,0,3,-0.3545608383489463,0.1159349299401002,3,,,,-1.6306179694031326,,-0.2639507026684985,-0.4777290044629887,False,4.6772804191744735
RPL29P33,2,-1.289407784621336,1.0,0,2,-1.351688249605784,0.2480316957539495,2,,,,-0.6670015182865531,,-1.911814050956119,,False,4.675844124802892
RPL13AP25,3,-0.5504857852798368,1.0,0,3,-0.3301588439830732,0.0658577688029844,3,,,,-1.176939113340219,,-0.3207174296130536,-0.1538008128862379,False,4.665079421991536
RPS2P55,3,-0.4637488151101346,1.0,0,3,-0.3219028521138748,0.1545886280532631,3,,,,-0.7755374739282896,,-0.3235050645527912,-0.2922039068493229,False,4.660951426056937
RPS2P46,3,-0.7611415348471599,1.0,0,3,-0.3148660502149815,0.2693126702944038,3,,,,-1.8451430425161743,,-0.2514623922512779,-0.1868191697740275,False,4.6574330251074905
RPL34-DT,2,-1.416511625844459,1.0,0,2,-1.3101258458236609,0.1484551767160033,2,,,,,,-1.7272689637597824,-1.1057542879291355,False,4.6550629229118305
RPL23AP7,5,-1.4875339810339676,0.6,2,3,0.7061420531231637,0.2026872355929592,2,-2.3593752209988152,-4.464634814084527,-1.8132599446513358,0.2048926651115801,,0.994707409453258,,False,4.653071026561582
RPL26P19,3,-0.5651124632493318,1.0,0,3,-0.3022509821612224,0.3965900396507161,3,,,,-0.8973264904789207,,-0.1025405933187012,-0.6954703059503736,False,4.651125491080611
RPL4P2,2,-1.2719939946798036,1.0,0,2,-1.2937855085068102,0.4586229829759823,2,,,,-1.377575331598195,,-1.1664126577614122,,False,4.646892754253405
RPL23AP65,3,-0.5774860350928731,1.0,0,3,-0.2810776465075698,0.6529731026755279,3,,,,-1.2517223084502354,,-0.0199255788616265,-0.4608102179667574,False,4.6405388232537845
RPL41P5,3,-0.645493032666749,1.0,0,3,-0.2756180836108307,0.4830894197854469,3,,,,-1.193148050037803,,-0.0783733189873099,-0.6649577289751338,False,4.637809041805415
EIF3CL,6,-0.39843043522998633,0.5,3,3,-0.270014719998066,0.7873957827792895,3,0.4932946590903954,-1.5233694289090038,0.09459741553477174,-1.7257405941479642,,0.289697961557217,-0.0190626245053342,False,4.635007359999033
RPS3AP26,3,-0.6178880388114082,1.0,0,3,-0.2686062309525671,0.1366371705185384,3,,,,-1.2937336261753571,,-0.231335034086259,-0.3285954561726085,False,4.634303115476284
RPL24P8,3,-0.2969156143043326,1.0,0,3,-0.2520022944233196,0.7032677864739624,3,,,,-0.6017704996610856,,-0.1318591993971964,-0.1571171438547159,False,4.62600114721166
RPL29P24,2,-1.2536844056166139,1.0,0,2,-1.2471395247621928,0.4103232791202653,2,,,,,,-0.9701254678061284,-1.5372433434270991,False,4.623569762381097
RPL12P6,3,-0.495175523291061,1.0,0,3,-0.2383264569486028,0.7904258166429008,3,,,,-1.032429884430392,,-0.0244473037204883,-0.4286493817223026,False,4.619163228474301
RPL12P42,2,-1.5938133719364027,1.0,0,2,-1.229416230664935,0.4043589995998477,2,,,,-2.576385594837986,,-0.6112411490348194,,False,4.614708115332467
RPL32P3,5,0.6814637237422243,0.6,2,3,0.6236787363429676,0.7238618899388981,2,2.39961787516763,-0.1476424026439013,-0.106285441359386,1.5556581007814874,,-0.2940295132347088,,False,4.611839368171483
RPS3AP6,3,-0.4151706934973241,1.0,0,3,-0.2227469947479985,0.1708322750364659,3,,,,-0.5354470751686652,,-0.1652929642737692,-0.544772041049538,False,4.611373497373999
RPL14P3,2,-0.9971700230342904,1.0,0,2,-1.1896390765070135,0.4850828102399864,2,,,,-0.6286545349830194,,-1.3656855110855612,,False,4.594819538253507
RPL17P36,2,-1.430682831182046,1.0,0,2,-1.1815045938903446,0.3488426360681105,2,,,,-2.273229088797292,,-0.5881365735668003,,False,4.590752296945173
RPL13P5,5,0.3272806366715895,0.6,3,2,-0.5626843945069545,0.8190721159373135,2,3.475087036887126,-0.995515684259843,1.1856984027889352,-2.323029045710853,,0.2941624736525824,,False,4.581342197253477
RPL23AP97,2,-1.1946170920284436,1.0,0,2,-1.1076189531340883,0.4276081915115864,2,,,,-1.3457170699392011,,-1.0435171141176862,,False,4.553809476567044
RPL32P11,2,-1.0777966777047894,1.0,0,2,-1.101939255299688,0.5774556459326267,2,,,,,,-1.7752990002024445,-0.3802943552071343,False,4.550969627649844
RPSAP19,2,-1.3054501261807872,1.0,0,2,-1.0815450339817572,0.1863767829482862,2,,,,-1.9147869726586395,,-0.6961132797029349,,False,4.540772516990879
RPL23AP18,2,-1.0460132451654376,1.0,0,2,-1.0765308446829147,0.5081973327741345,2,,,,-0.2452774079999134,,-1.8467490823309616,,False,4.538265422341457
RPL6P27,2,-1.1319168702273739,1.0,0,2,-1.0719183296733468,0.5571504761731906,2,,,,-2.1747263231696237,,-0.089107417285124,,False,4.535959164836673
RPL17P50,3,0.09801358724078284,1.0,3,0,0.059167473360194,0.9281419888759024,3,,,,0.1980918094501386,,0.0100141866828795,0.0859347655893304,False,4.529583736680097
RPL7P16,2,-1.3931681690022375,1.0,0,2,-1.057329122636688,0.4293353679447052,2,,,,-2.0230698140342436,,-0.7632665239702313,,False,4.528664561318344
RPL7P48,2,-0.9821376286552836,1.0,0,2,-1.038587956289278,0.5726276523789624,2,,,,-0.8520446493110978,,-1.1122306079994695,,False,4.519293978144639
RPS27AP11,2,-0.9443332206519051,1.0,0,2,-1.0324274352247815,0.4969608699066554,2,,,,-0.6547847091235572,,-1.2338817321802529,,False,4.51621371761239
RPS12P26,2,-1.004079316831837,1.0,0,2,-1.0283026118191618,0.6102732809069698,2,,,,,,-1.6683503229851615,-0.3398083106785122,False,4.514151305909581
RPS26P13,2,1.333668150045411,1.0,2,0,1.005840562935395,0.5347474423827786,2,,,,0.4462311105183867,,,2.2211051895724356,False,4.502920281467698
DDX18P3,1,3.8156355256800696,1.0,1,0,3.81563552568007,,1,,,,3.8156355256800696,,,,False,4.5
DDX18P4,1,6.099145298435437,1.0,1,0,6.099145298435437,,1,,,,6.099145298435437,,,,False,4.5
DDX39BP2,1,-2.6682320211010313,1.0,0,1,-2.6682320211010313,,1,,,,,,-2.6682320211010313,,False,4.5
DHX33-DT,1,-2.795268303734772,1.0,0,1,-2.795268303734772,,1,,,,,,,-2.795268303734772,False,4.5
EIF4A2P1,1,2.7902446934356355,1.0,1,0,2.7902446934356355,,1,,,,,,,2.7902446934356355,False,4.5
EIF4EBP2P2,1,7.369811563782932,1.0,1,0,7.369811563782932,,1,,,,7.369811563782932,,,,False,4.5
RPL12P25,1,2.5783138384570026,1.0,1,0,2.578313838457002,,1,,,,2.5783138384570026,,,,False,4.5
RPL13AP19,1,2.546056260811388,1.0,1,0,2.546056260811388,,1,,,,,,2.546056260811388,,False,4.5
RPL18P11,1,-4.164797000758837,1.0,0,1,-4.164797000758837,,1,,,,,,-4.164797000758837,,False,4.5
RPL21P121,1,7.571864946394183,1.0,1,0,7.571864946394183,,1,,,,7.571864946394183,,,,False,4.5
RPL21P132,1,2.87036301616516,1.0,1,0,2.8703630161651597,,1,,,,,,2.87036301616516,,False,4.5
RPL21P44,4,-0.6067495784609382,0.5,2,2,-2.4334432640534893,,1,-0.34628665073171416,0.23080712274881487,0.12192447819263542,,,-2.4334432640534893,,False,4.5
RPL23AP20,1,3.36456806687768,1.0,1,0,3.36456806687768,,1,,,,3.36456806687768,,,,False,4.5
RPL31P63,1,-2.3825524812544288,1.0,0,1,-2.3825524812544288,,1,,,,,,,-2.3825524812544288,False,4.5
RPL35AP32,1,-2.954711671362241,1.0,0,1,-2.954711671362241,,1,,,,,,-2.954711671362241,,False,4.5
RPL35AP36,1,2.243415678130168,1.0,1,0,2.243415678130168,,1,,,,2.243415678130168,,,,False,4.5
RPL39P14,1,5.433173215543023,1.0,1,0,5.433173215543023,,1,,,,5.433173215543023,,,,False,4.5
RPL6P24,1,2.2415430374598886,1.0,1,0,2.2415430374598886,,1,,,,2.2415430374598886,,,,False,4.5
RPL6P8,1,-3.273893588704428,1.0,0,1,-3.273893588704428,,1,,,,,,-3.273893588704428,,False,4.5
RPL7AP65,1,7.516041001424902,1.0,1,0,7.516041001424902,,1,,,,7.516041001424902,,,,False,4.5
RPLP0P2,4,1.4124002186612747,0.5,2,2,4.863879338743115,,1,1.3598373928361343,-0.27444990163800226,-0.2996659552961483,4.863879338743115,,,,False,4.5
RPS12P31,1,2.0360975200138647,1.0,1,0,2.0360975200138647,,1,,,,,,,2.0360975200138647,False,4.5
RPS20P24,1,-2.2341250357260214,1.0,0,1,-2.2341250357260214,,1,,,,,,-2.2341250357260214,,False,4.5
RPS20P4,1,3.3535467218386,1.0,1,0,3.3535467218386,,1,,,,,,,3.3535467218386,False,4.5
RPS26P21,1,2.4660679238240446,1.0,1,0,2.4660679238240446,,1,,,,,,2.4660679238240446,,False,4.5
RPS26P41,1,8.20526615051673,1.0,1,0,8.20526615051673,,1,,,,8.20526615051673,,,,False,4.5
RPS26P55,1,7.934741018018632,1.0,1,0,7.934741018018632,,1,,,,7.934741018018632,,,,False,4.5
RPS27P16,1,2.55537545418689,1.0,1,0,2.55537545418689,,1,,,,,,2.55537545418689,,False,4.5
RPS28P5,1,-2.076095492326826,1.0,0,1,-2.076095492326826,,1,,,,-2.076095492326826,,,,False,4.5
RPSAP1,1,3.5751206115874568,1.0,1,0,3.575120611587457,,1,,,,,,3.5751206115874568,,False,4.5
RPSAP22,1,-2.993771203892856,1.0,0,1,-2.993771203892856,,1,,,,,,-2.993771203892856,,False,4.5
RPSAP44,1,-4.353141226205571,1.0,0,1,-4.353141226205571,,1,,,,,,,-4.353141226205571,False,4.5
RPSAP52,1,2.0763931767489225,1.0,1,0,2.0763931767489225,,1,,,,2.0763931767489225,,,,False,4.5
RPLP1P6,2,1.3213471722865553,1.0,2,0,0.9961610470540824,0.5993251970530581,2,,,,2.4270719490373245,,0.2156223955357863,,False,4.498080523527041
RPL32P27,1,1.9659579840866408,1.0,1,0,1.9659579840866408,,1,,,,,,1.9659579840866408,,False,4.4829789920433205
EIF3LP1,1,1.941444029352211,1.0,1,0,1.9414440293522113,,1,,,,,,1.941444029352211,,False,4.470722014676106
RPL7P8,2,-1.0843648198811258,1.0,0,2,-0.9310687551180968,0.5547591544226552,2,,,,-1.3800481788719623,,-0.7886814608902891,,False,4.465534377559049
RPS7P4,2,-1.0006474049687726,1.0,0,2,-0.9178701783001753,0.4487642424007765,2,,,,-1.4595823124866567,,-0.5417124974508885,,False,4.458935089150088
RPL22P16,2,-0.777982663265862,1.0,0,2,-0.9170006930862872,0.4867035710642842,2,,,,-0.5113180750298881,,-1.044647251501836,,False,4.458500346543143
RPS27P29,2,-1.1841548722001956,1.0,0,2,-0.9136399538499153,0.1520922177062149,2,,,,-1.4927872206675314,,-0.8755225237328594,,False,4.456819976924957
RPSAP17,2,-1.452028901272906,1.0,0,2,-0.9062637703953684,0.583294427130615,2,,,,-2.530402578885729,,-0.3736552236600828,,False,4.453131885197684
RPL13AP3,2,-0.8541183540982278,1.0,0,2,-0.9053378878062972,0.688597307599245,2,,,,-0.7283993400409176,,-0.979837368155538,,False,4.452668943903149
RPL7P44,2,-0.9807155347575922,1.0,0,2,-0.8986989720051819,0.5673163872235939,2,,,,-1.5179326571839231,,-0.4434984123312613,,False,4.449349486002591
RPS15AP17,1,-1.8698919058125096,1.0,0,1,-1.8698919058125096,,1,,,,,,-1.8698919058125096,,False,4.434945952906255
RPL23AP87,2,0.7236101297869978,1.0,2,0,0.8610699576399504,0.2656475609717873,2,,,,0.5510655110785779,,0.8961547484954177,,False,4.430534978819975
RPL7AP11,2,-1.3321971010442204,1.0,0,2,-0.8219561848489438,0.3006117710099147,2,,,,-2.0602049583099573,,-0.6041892437784833,,False,4.410978092424472
RPSAP9,5,-0.4322457893634519,0.6,2,3,0.2164889615023294,0.8299255257704786,2,-0.47067730276848735,-1.84525664175637,0.11951007319647369,-0.5200567110464863,,0.5552516355576101,,False,4.408244480751165
RPS27AP16,2,-0.9653908010969778,1.0,0,2,-0.8113929153778023,0.6266857989726808,2,,,,-1.8963118737323543,,-0.0344697284616013,,False,4.405696457688901
RPL13AP7,2,-0.919121044793434,1.0,0,2,-0.7707236052441508,0.6028708573923046,2,,,,-1.756435892178868,,-0.0818061974079999,,False,4.385361802622075
RPS2P48,2,-1.0575713304884282,1.0,0,2,-0.7638452393736666,0.6775391447664945,2,,,,-0.1031962891301722,,-2.011946371846684,,False,4.381922619686833
RPL7L1P8,2,0.7412319047344105,1.0,2,0,0.7407816707735748,0.7155687375904102,2,,,,0.8219477492959733,,0.6605160601728477,,False,4.370390835386788
RPSAP56,2,-0.7849581216878571,1.0,0,2,-0.7325583684996518,0.7786915277902612,2,,,,-1.2043749704331697,,-0.3655412729425444,,False,4.366279184249826
RPL21P120,2,-0.8820669319520886,1.0,0,2,-0.7323965759832893,0.6522704792331656,2,,,,-1.120427277858062,,-0.6437065860461154,,False,4.3661982879916446
RPL9P3,2,-0.9019029134462853,1.0,0,2,-0.7292767123137065,0.5331962645947521,2,,,,-1.1909924354445447,,-0.6128133914480258,,False,4.364638356156854
EIF4A1P7,2,-0.8635721414165349,1.0,0,2,-0.6995106113399094,0.6279475992639448,2,,,,-1.2818819517698263,,-0.4452623310632436,,False,4.349755305669955
RPL13AP20,5,0.2198141108237969,0.6,3,2,-0.090699810352708,0.8989103322470836,2,1.755560240241836,-2.6236764918461306,1.8798193057174657,0.4045192612067299,,-0.3171517612009164,,False,4.345349905176354
RPSAP61,2,-1.0458903249538711,1.0,0,2,-0.6758172372553577,0.6998014304944676,2,,,,-1.8384975115468096,,-0.2532831383609326,,False,4.3379086186276785
EIF3LP3,2,0.6827205214489172,1.0,2,0,0.658021617755633,0.6992701946409619,2,,,,1.0054220676344925,,0.3600189752633417,,False,4.3290108088778165
RPL23AP2,2,-0.7039730157820551,1.0,0,2,-0.6453388653996188,0.641283456997883,2,,,,-0.1125785547735427,,-1.2953674767905674,,False,4.32266943269981
RPL36AP16,2,-0.669285090800861,1.0,0,2,-0.6431688383848925,0.738956031876723,2,,,,-0.5046461585180333,,-0.8339240230836885,,False,4.321584419192447
RPL10P6,2,-1.0728541893538466,1.0,0,2,-0.6410628414746529,0.6908283560309666,2,,,,-2.0329898864924294,,-0.1127184922152636,,False,4.320531420737327
RPL4P7,1,-1.6393141945841492,1.0,0,1,-1.6393141945841492,,1,,,,,,-1.6393141945841492,,False,4.319657097292074
RPL7P46,2,0.7970805101717089,1.0,2,0,0.6312643454622676,0.2464414426762124,2,,,,,,0.4418009716444069,1.1523600486990109,False,4.315632172731134
RPL19P5,2,-0.8653592339799936,1.0,0,2,-0.6238216052256687,0.7031740133125939,2,,,,-1.2878304598408037,,-0.4428880081191835,,False,4.311910802612834
RPL23AP3,2,-0.4902376652285996,1.0,0,2,-0.6077827541620081,0.680489165396339,2,,,,-0.2934158502597283,,-0.6870594801974709,,False,4.303891377081004
RPL7AP31,2,-0.641303341730803,1.0,0,2,-0.6040199845227284,0.701518490829774,2,,,,-0.7706049450808653,,-0.5120017383807406,,False,4.302009992261365
RPS15AP11,2,-0.41079202563580103,1.0,0,2,-0.5984328177176053,0.7295685320808607,2,,,,-0.1544620824467963,,-0.6671219688248058,,False,4.299216408858802
RPL3P1,1,-1.5944313965991006,1.0,0,1,-1.5944313965991006,,1,,,,,,-1.5944313965991006,,False,4.29721569829955
RPS10P7,4,-0.742737912783703,0.75,1,3,-0.087553476586352,0.9729371269875848,2,-1.8108607042110498,,-1.357447389538612,1.2366678142120802,,-1.0393113715972302,,False,4.293776738293176
RPL10P1,2,-0.5957292623202278,1.0,0,2,-0.5816039514843989,0.8299308478848713,2,,,,-1.058583472728437,,-0.1328750519120188,,False,4.290801975742199
DHX9P1,1,1.579041813520317,1.0,1,0,1.579041813520317,,1,,,,1.579041813520317,,,,False,4.289520906760158
RPL7P59,2,-0.6046185996569718,1.0,0,2,-0.5665225909493382,0.7441083196707963,2,,,,-0.6626896714346121,,-0.5465475278793316,,False,4.283261295474669
RPL15P20,2,-0.37760115176598574,1.0,0,2,-0.5610058989960328,0.5066905020287974,2,,,,-0.1769400067504386,,-0.5782622967815328,,False,4.2805029494980165
EIF4EP1,1,-1.530806004434604,1.0,0,1,-1.530806004434604,,1,,,,,,-1.530806004434604,,False,4.265403002217302
RPL22P1,2,-0.7539546997366597,1.0,0,2,-0.5305956148398051,0.2039483446699397,2,,,,-1.0922784650110609,,-0.4156309344622585,,False,4.265297807419903
RPS20P10,2,0.716228163184463,1.0,2,0,0.5301430360027715,0.6478232755527196,2,,,,1.0120258844905636,,0.4204304418783625,,False,4.265071518001386
RPS15AP36,2,-0.7825102987403011,1.0,0,2,-0.5271828431053446,0.6172838560418173,2,,,,,,-0.4255837048662561,-1.139436892614346,False,4.263591421552673
RPSAP5,2,-0.5144388641860705,1.0,0,2,-0.5237085773617047,0.8279448210803735,2,,,,-0.491732168430234,,-0.537145559941907,,False,4.261854288680852
RPL7AP64,1,-1.5152817572485413,1.0,0,1,-1.5152817572485413,,1,,,,,,-1.5152817572485413,,False,4.2576408786242705
RPS4XP6,2,-0.8382425181565529,1.0,0,2,-0.5016609458832753,0.5778060138012997,2,,,,-1.417788496282331,,-0.2586965400307749,,False,4.2508304729416375
RPS2P45,1,1.498798030123147,1.0,1,0,1.498798030123147,,1,,,,,,1.498798030123147,,False,4.249399015061574
RPL12P17,2,-0.6571355901851388,1.0,0,2,-0.4977402043598281,0.6920752462157477,2,,,,-1.0613413926681994,,-0.2529297877020783,,False,4.2488701021799145
RPL12P38,2,-0.7906426080844402,1.0,0,2,-0.4757375648295552,0.7719165765782305,2,,,,-1.2910854265934295,,-0.2901997895754508,,False,4.237868782414777
RPL23AP94,1,-1.4294270529411808,1.0,0,1,-1.4294270529411808,,1,,,,-1.4294270529411808,,,,False,4.21471352647059
RPL7P26,2,-1.1567758166119226,1.0,0,2,-0.4091626723924703,0.7799599856783254,2,,,,-2.211956505667207,,-0.1015951275566381,,False,4.204581336196235
RPL10P3,2,-0.40335409947083367,1.0,0,2,-0.3988681829493253,0.7745168658542196,2,,,,-0.4199113023704955,,-0.3867968965711718,,False,4.199434091474663
RPL5P1,2,-0.5884129613651959,1.0,0,2,-0.3910711118003414,0.5081973327741345,2,,,,-0.942059885752865,,-0.2347660369775268,,False,4.195535555900171
RPL10P12,2,-0.695111282160561,1.0,0,2,-0.383037748602269,0.7917009326598818,2,,,,-1.138218935402021,,-0.2520036289191009,,False,4.191518874301135
RPS3AP20,2,-0.9028484847117666,1.0,0,2,-0.3790506774527216,0.7431709136552087,2,,,,-1.6986401058842038,,-0.1070568635393295,,False,4.1895253387263605
EIF4HP2,1,-1.3786061506497278,1.0,0,1,-1.3786061506497278,,1,,,,,,-1.3786061506497278,,False,4.1893030753248635
RPL34P33,2,-0.33983820255407304,1.0,0,2,-0.3783930635164929,0.8788384805884142,2,,,,-0.651529328137958,,-0.028147076970188,,False,4.189196531758246
RPL9P32,2,-0.3640110902373596,1.0,0,2,-0.3753182918668096,0.5809179929112656,2,,,,-0.2938475229889873,,-0.4341746574857319,,False,4.187659145933405
RPL3L,4,0.17938846240214723,0.5,2,2,1.3650058026645195,0.7747450086575827,2,0.2806733006793635,,-2.142410112352057,3.7199317391782856,,-1.1406410778970033,,False,4.18250290133226
RPL17P43,1,-1.3507510677045336,1.0,0,1,-1.3507510677045336,,1,,,,,,-1.3507510677045336,,False,4.175375533852267
RPS3AP25,2,-0.6483220159986983,1.0,0,2,-0.3438225488612291,0.7426939738497988,2,,,,-1.1245314658460366,,-0.17211256615136,,False,4.171911274430615
RPL29P12,2,-0.24708264814456235,1.0,0,2,-0.3413653634842994,0.8489013212312739,2,,,,-0.0329985596210791,,-0.4611667366680456,,False,4.17068268174215
RPS7P14,1,-1.34046706539093,1.0,0,1,-1.34046706539093,,1,,,,,,-1.34046706539093,,False,4.170233532695465
RPS26P28,1,-1.3385204932697856,1.0,0,1,-1.3385204932697856,,1,,,,-1.3385204932697856,,,,False,4.1692602466348925
RPL22P12,1,1.3248048587312211,1.0,1,0,1.3248048587312211,,1,,,,1.3248048587312211,,,,False,4.162402429365611
RPL7P32,2,-0.899788189515651,1.0,0,2,-0.3232003745556044,0.8111194897347387,2,,,,-1.7293551048948468,,-0.0702212741364551,,False,4.161600187277802
RPS3AP18,1,-1.314349690437706,1.0,0,1,-1.314349690437706,,1,,,,,,-1.314349690437706,,False,4.157174845218853
RPS4XP11,2,-0.4913144006832113,1.0,0,2,-0.3135952556693935,0.7763825831857716,2,,,,-0.7435725035375812,,-0.2390562978288414,,False,4.156797627834697
RPSAP11,2,0.27256604985867877,1.0,2,0,0.2934424204611865,0.9109410238745036,2,,,,0.5236821268232519,,0.0214499728941057,,False,4.146721210230593
RPL23AP88,1,-1.272663146659601,1.0,0,1,-1.272663146659601,,1,,,,,,-1.272663146659601,,False,4.136331573329801
RPL35P2,1,-1.2684510145248105,1.0,0,1,-1.2684510145248105,,1,,,,-1.2684510145248105,,,,False,4.134225507262405
RPL12P8,2,-0.48869264543154045,1.0,0,2,-0.2575956674467091,0.8766695113505878,2,,,,-0.8168114870979953,,-0.1605738037650855,,False,4.128797833723355
RPL10P7,1,1.239658076265873,1.0,1,0,1.239658076265873,,1,,,,,,1.239658076265873,,False,4.119829038132936
DDX43,2,0.39656519212393565,1.0,2,0,0.2392244511929009,0.9170099921834308,2,,,,,0.707612997827308,0.0855173864205633,,False,4.11961222559645
RPL5P12,1,-1.229118187377583,1.0,0,1,-1.229118187377583,,1,,,,-1.229118187377583,,,,False,4.114559093688792
DDX50P2,1,1.2170038058558246,1.0,1,0,1.2170038058558246,,1,,,,1.2170038058558246,,,,False,4.108501902927912
RPL23AP37,1,-1.1826078869810732,1.0,0,1,-1.1826078869810732,,1,,,,-1.1826078869810732,,,,False,4.091303943490536
RPL37AP1,2,-0.3373705078743659,1.0,0,2,-0.179627217952541,0.7844270200143941,2,,,,-0.556159619230279,,-0.1185813965184528,,False,4.089813608976271
EIF4EBP3,2,0.15609823778454565,1.0,2,0,0.1661099074695425,0.7967497019921669,2,,,,,,0.2516327937548652,0.0605636818142261,False,4.083054953734771
RPL36AP21,1,-1.1560579345081503,1.0,0,1,-1.1560579345081503,,1,,,,,,-1.1560579345081503,,False,4.078028967254075
RPL39P15,2,0.12041040636009115,1.0,2,0,0.1353381066531523,0.8354047096958255,2,,,,0.0950359130032366,,0.1457848997169457,,False,4.0676690533265765
RPS4XP1,2,0.12807812847806055,1.0,2,0,0.1290338747886022,0.9454809283564988,2,,,,0.1249280312663854,,0.1312282256897357,,False,4.064516937394301
RPS26P6,1,1.0568449004133753,1.0,1,0,1.0568449004133753,,1,,,,,,1.0568449004133753,,False,4.028422450206688
RPS18P9,2,-0.0420005710426131,1.0,0,2,-0.0412682692727608,0.9304781486098184,2,,,,-0.0322316573167688,,-0.0517694847684574,,False,4.0206341346363805
RPS3AP7,1,-1.0228468473597687,1.0,0,1,-1.0228468473597687,,1,,,,-1.0228468473597687,,,,False,4.011423423679885
DDX19A-DT,3,0.8099361262030582,0.6666666666666666,2,1,1.0077429565996427,0.5980331054754932,3,,,,2.543969055557069,,-0.3312480635789622,0.2170873866310677,False,4.003871478299821
RPL7P56,1,1.00674046109031,1.0,1,0,1.00674046109031,,1,,,,,,1.00674046109031,,False,4.003370230545155
EIF1P3,3,0.8118487090917813,0.6666666666666666,2,1,0.9833536190266152,0.4323287996882363,3,,,,-0.158290854288246,,1.0304669149088583,1.5633700666547317,False,3.9916768095133075
RPS8P10,1,0.9682555835163192,1.0,1,0,0.9682555835163192,,1,,,,,,,0.9682555835163192,False,3.9841277917581595
RPS26P8,1,-0.9586129931544042,1.0,0,1,-0.9586129931544042,,1,,,,,,-0.9586129931544042,,False,3.9793064965772023
DDX59-AS1,3,-0.8207800381626956,0.6666666666666666,1,2,-0.9359283402524392,0.3572615855209604,3,,,,0.5817863474405596,,-1.390281697452411,-1.6538447644762355,False,3.9679641701262196
DDX11L2,3,-0.2261889611611804,0.6666666666666666,1,2,0.8859532333727735,,1,,-1.5548730882789237,-0.009647028577391031,,,0.8859532333727735,,False,3.9429766166863867
RPL21P37,1,-0.8724034455833252,1.0,0,1,-0.8724034455833253,,1,,,,,,-0.8724034455833252,,False,3.9362017227916626
RPSAP70,1,0.871246872595729,1.0,1,0,0.871246872595729,,1,,,,0.871246872595729,,,,False,3.9356234362978646
RPL22P3,1,-0.8622468743574431,1.0,0,1,-0.8622468743574431,,1,,,,,,-0.8622468743574431,,False,3.9311234371787216
RPL9P29,1,0.8396224261753104,1.0,1,0,0.8396224261753104,,1,,,,0.8396224261753104,,,,False,3.9198112130876552
RPL9P33,1,0.8352007099149993,1.0,1,0,0.8352007099149993,,1,,,,,,0.8352007099149993,,False,3.9176003549574996
RPL23AP64,3,1.0611492989346627,0.6666666666666666,1,2,0.8308347729328274,0.6172838560418173,3,,,,3.550163097085665,,-0.2232411642158804,-0.1434740360657966,False,3.9154173864664137
RPL23AP74,1,-0.8196100892737959,1.0,0,1,-0.8196100892737959,,1,,,,-0.8196100892737959,,,,False,3.909805044636898
RPS21P4,1,-0.8127784988080861,1.0,0,1,-0.8127784988080861,,1,,,,-0.8127784988080861,,,,False,3.906389249404043
RPL32P2,1,-0.8115972313881039,1.0,0,1,-0.8115972313881039,,1,,,,,,-0.8115972313881039,,False,3.905798615694052
RPL37A-DT,3,-0.7882267217727738,0.6666666666666666,1,2,-0.8084799560187188,0.6222661327349194,3,,,,0.4993845756177059,,-0.1827125210031895,-2.6813522199328377,False,3.9042399780093593
RPS4XP13,1,-0.7978201245484235,1.0,0,1,-0.7978201245484235,,1,,,,,,-0.7978201245484235,,False,3.898910062274212
RPL35P6,1,0.7894364735714766,1.0,1,0,0.7894364735714766,,1,,,,,,0.7894364735714766,,False,3.8947182367857383
RPS25P3,1,-0.764220638986668,1.0,0,1,-0.764220638986668,,1,,,,,,-0.764220638986668,,False,3.882110319493334
RPL21P10,3,0.6700739856623487,0.6666666666666666,2,1,0.7131524895842067,0.807161361938548,3,,,,2.8027787640223067,,-1.6481483405699149,0.8555915335346541,False,3.8565762447921035
RPS3AP5,3,-0.8428720981635786,0.6666666666666666,1,2,-0.6995490874364464,0.5925548166634357,3,,,,-2.082580911156442,,0.1791555472514605,-0.6251909305857545,False,3.8497745437182234
RPS27AP12,1,-0.6985083905965305,1.0,0,1,-0.6985083905965305,,1,,,,,,-0.6985083905965305,,False,3.8492541952982653
RPL28P2,3,0.6841452246743676,0.6666666666666666,1,2,0.6940319462783537,0.7959827982309612,3,,,,3.356937705711992,,-0.5407338744454123,-0.7637681572434767,False,3.847015973139177
RPS3AP24,1,0.6886087348955745,1.0,1,0,0.6886087348955745,,1,,,,0.6886087348955745,,,,False,3.844304367447787
RPSAP36,1,-0.6815257557879142,1.0,0,1,-0.6815257557879142,,1,,,,,,-0.6815257557879142,,False,3.8407628778939573
RPL21P7,1,-0.6726403925202215,1.0,0,1,-0.6726403925202215,,1,,,,,,-0.6726403925202215,,False,3.8363201962601106
RPL12P35,1,0.667697593802735,1.0,1,0,0.667697593802735,,1,,,,,,0.667697593802735,,False,3.8338487969013677
RPS6KB2-AS1,1,-0.6447477890762687,1.0,0,1,-0.6447477890762687,,1,,,,-0.6447477890762687,,,,False,3.8223738945381345
EIF2B5-DT,3,0.5979688039653298,0.6666666666666666,1,2,0.6239664332316189,0.8176387143897911,3,,,,3.1199952321428457,,-0.6160202798394047,-0.7100685404074516,False,3.8119832166158094
RPS4XP7,1,0.621071898236259,1.0,1,0,0.621071898236259,,1,,,,,,0.621071898236259,,False,3.8105359491181297
RPS24P8,3,-0.653701075501765,0.6666666666666666,1,2,-0.6174872552206644,0.572374016049517,3,,,,-1.8968047328373523,,0.0982536096410202,-0.1625521033089632,False,3.8087436276103324
RPL12P7,1,0.6124707662752313,1.0,1,0,0.6124707662752313,,1,,,,0.6124707662752313,,,,False,3.806235383137616
RPS6KA2-IT1,1,0.6001173760203681,1.0,1,0,0.6001173760203681,,1,,,,0.6001173760203681,,,,False,3.800058688010184
RPSAP12,3,-0.6846908082444766,0.6666666666666666,1,2,-0.5994716811897173,0.6262399569323701,3,,,,-2.0966418638300715,,0.1076321492293209,-0.0650627101326791,False,3.7997358405948587
RPL39P40,1,-0.5983862242106924,1.0,0,1,-0.5983862242106924,,1,,,,,,-0.5983862242106924,,False,3.799193112105346
RPS20P2,1,0.5967761918199855,1.0,1,0,0.5967761918199855,,1,,,,,,0.5967761918199855,,False,3.798388095909993
RPS24P19,3,-1.0038899880706436,0.6666666666666666,1,2,-0.5803454484502282,0.5699485523775782,3,,,,-2.204379929344338,,-0.9831170858403112,0.1758270509727184,False,3.790172724225114
RPL21P3,1,-0.5575415374144342,1.0,0,1,-0.5575415374144342,,1,,,,,,-0.5575415374144342,,False,3.778770768707217
RPS26P39,1,0.5568102134419212,1.0,1,0,0.5568102134419212,,1,,,,0.5568102134419212,,,,False,3.7784051067209607
RPS26P15,1,-0.5519833774562415,1.0,0,1,-0.5519833774562415,,1,,,,-0.5519833774562415,,,,False,3.7759916887281206
RPL36AP15,1,0.5373128471487938,1.0,1,0,0.5373128471487938,,1,,,,,,0.5373128471487938,,False,3.768656423574397
EIF4BP5,1,-0.5340169277631049,1.0,0,1,-0.5340169277631049,,1,,,,,,-0.5340169277631049,,False,3.7670084638815524
RPS3AP44,1,0.5326378989630497,1.0,1,0,0.5326378989630497,,1,,,,0.5326378989630497,,,,False,3.766318949481525
RPL5P30,3,0.4939667541858075,0.6666666666666666,1,2,0.5325074289572966,0.8994050048494878,3,,,,4.163690195041129,,-1.4105395005954096,-1.271250431888297,False,3.7662537144786485
RPS13P2,3,-0.6699120030452144,0.6666666666666666,1,2,-0.5287208751143887,0.6243952589355989,3,,,,-1.659675618962826,,0.0392679340208179,-0.3893283241936353,False,3.7643604375571944
RPSAP15,3,-0.4637514677621835,0.6666666666666666,1,2,-0.5124274463659386,0.6434763360506683,3,,,,-1.734288007835454,,-0.1921057235781918,0.5351393281270951,False,3.7562137231829693
RPL21P39,1,-0.5043533255794914,1.0,0,1,-0.5043533255794914,,1,,,,-0.5043533255794914,,,,False,3.7521766627897457
RPL24P2,3,-0.30350887425290635,0.6666666666666666,1,2,-0.493171851291928,0.5915196063504632,3,,,,-0.5858358784027644,,-0.5838331004658042,0.2591423561098495,False,3.746585925645964
RPS2P7,3,-0.6966499244954593,0.6666666666666666,1,2,-0.4702654369083606,0.6051424241240947,3,,,,-2.004867797861725,,-0.3309148956741489,0.2458329200494963,False,3.7351327184541803
EIF4EP2,3,0.16795610856350787,0.6666666666666666,2,1,0.4564988682922525,0.7212935189250631,3,,,,-1.3745185593762763,,1.16859412667774,0.70979275838906,False,3.728249434146126
EIF4A1P2,3,0.46907646414106624,0.6666666666666666,2,1,0.4533426308641576,0.7102858117159743,3,,,,-0.8385382249565729,,0.9105422045257092,1.3352254128540624,False,3.7266713154320787
RPL39P36,3,0.610198683028369,0.6666666666666666,2,1,0.4463067613190588,0.7797015891191299,3,,,,2.5119486630924883,,0.0786031772581342,-0.7599557912655154,False,3.7231533806595296
RPL7P50,3,-0.6111288049816929,0.6666666666666666,1,2,-0.4448957016345946,0.7738109488053219,3,,,,-0.542133051084744,,0.7377025203887726,-2.028955884249107,False,3.7224478508172973
EIF5AP4,3,0.5014126581795509,0.6666666666666666,2,1,0.4411107328065786,0.8243227399325602,3,,,,-1.4860162236194514,,0.9984639365479092,1.991790261610195,False,3.720555366403289
DDX11L10,1,-0.4281588774378291,1.0,0,1,-0.4281588774378291,,1,,,,,,-0.4281588774378291,,False,3.7140794387189144
RPS20P33,3,-0.323701827701998,0.6666666666666666,1,2,-0.4273284911515227,0.6980757280512725,3,,,,0.6395879484568026,,-1.1145639849388136,-0.4961294466239829,False,3.713664245575761
EIF2S2P4,3,0.3393042922571777,0.6666666666666666,2,1,0.4221336133948833,0.7121454550830065,3,,,,-1.065785076505264,,0.9575559597791716,1.1261419934976256,False,3.7110668066974415
RPS2P17,3,-0.35944506401865645,0.6666666666666666,1,2,-0.4091974263767731,0.6459666931183535,3,,,,-0.6640147244126946,,-0.468358386766418,0.0540379191231433,False,3.7045987131883864
EIF4E1B,1,0.403204403393366,1.0,1,0,0.403204403393366,,1,,,,,0.403204403393366,,,False,3.701602201696683
RPL21P134,1,-0.4028021380271308,1.0,0,1,-0.4028021380271308,,1,,,,,,-0.4028021380271308,,False,3.7014010690135652
EIF3J-DT,3,-0.35753154462253267,0.6666666666666666,1,2,-0.3964042481871792,0.583294427130615,3,,,,0.6524200568884116,,-0.6912888361165614,-1.033725854639448,False,3.6982021240935894
RPL10P19,1,0.3908666462926828,1.0,1,0,0.3908666462926828,,1,,,,,,0.3908666462926828,,False,3.695433323146341
RPL31P49,3,-0.21833179824462792,0.6666666666666666,1,2,-0.3905880922619851,0.7085547253742474,3,,,,0.4107611606087704,,-0.4708337223131766,-0.5949228330294776,False,3.6952940461309924
RPL36AP26,3,-0.26927528924619243,0.6666666666666666,1,2,-0.3822644737931197,0.6767574479594259,3,,,,-0.6067171436968347,,-0.400471418532872,0.1993626944911294,False,3.69113223689656
RPL4P4,3,-0.6049969343153266,0.6666666666666666,1,2,-0.3821190366137484,0.4308935461628326,3,,,,-1.633500401322202,,-0.1986404210830652,0.0171500194592873,False,3.6910595183068744
RPL7AP60,1,-0.3740896495273743,1.0,0,1,-0.3740896495273743,,1,,,,,,-0.3740896495273743,,False,3.6870448247636873
DDX4,1,0.373837787162382,1.0,1,0,0.373837787162382,,1,,,,,0.373837787162382,,,False,3.686918893581191
RPS9P1,1,-0.3722745652310654,1.0,0,1,-0.3722745652310654,,1,,,,-0.3722745652310654,,,,False,3.6861372826155328
EIF2AK3-DT,3,0.363282513711152,0.6666666666666666,1,2,0.3716374805542603,0.8755362496175342,3,,,,2.430992254073856,,-1.2329318148989925,-0.1082128980414074,False,3.68581874027713
RPL34P18,3,-0.048195631959117836,0.6666666666666666,1,2,-0.3709349648165255,0.6074321383707874,3,,,,-1.0652971941087914,,-0.3396395913067609,1.2603498895381988,False,3.6854674824082627
DDX18P1,1,0.3686715960014738,1.0,1,0,0.3686715960014738,,1,,,,,,0.3686715960014738,,False,3.684335798000737
RPL12P10,1,-0.3676648405110926,1.0,0,1,-0.3676648405110926,,1,,,,,,-0.3676648405110926,,False,3.683832420255546
RPL7AP30,3,-0.8769846260053185,0.6666666666666666,1,2,-0.362372730473932,0.7729341780169395,3,,,,-2.8580579205060084,,-0.0581895494912181,0.2852935919812709,False,3.681186365236966
RPL21P116,1,-0.3617361096284297,1.0,0,1,-0.3617361096284297,,1,,,,,,-0.3617361096284297,,False,3.6808680548142148
RPL7P42,1,-0.3587319133466952,1.0,0,1,-0.3587319133466952,,1,,,,-0.3587319133466952,,,,False,3.6793659566733474
RPL23AP10,1,-0.3537653713192421,1.0,0,1,-0.3537653713192421,,1,,,,-0.3537653713192421,,,,False,3.676882685659621
RPS28P7,3,-0.5585635389421995,0.6666666666666666,1,2,-0.3491814829029911,0.3607697308551491,3,,,,-1.3129100960927762,,-0.3914322242127073,0.0286517034788851,False,3.6745907414514956
RPS3AP34,1,-0.346372522115778,1.0,0,1,-0.346372522115778,,1,,,,,,-0.346372522115778,,False,3.673186261057889
RPS10P9,1,0.3433902902255744,1.0,1,0,0.3433902902255744,,1,,,,,,0.3433902902255744,,False,3.6716951451127873
RPL7AP10,3,-0.21580825555424932,0.6666666666666666,1,2,-0.3418987183590377,0.7428685501473985,3,,,,0.8631406212581225,,-0.1747342256015787,-1.3358311623192918,False,3.670949359179519
RPL7P10,1,-0.3356110529370376,1.0,0,1,-0.3356110529370376,,1,,,,-0.3356110529370376,,,,False,3.667805526468519
RPS29P14,1,0.335267153259514,1.0,1,0,0.335267153259514,,1,,,,,,0.335267153259514,,False,3.667633576629757
RPL5P18,1,-0.3345213069386694,1.0,0,1,-0.3345213069386694,,1,,,,,,-0.3345213069386694,,False,3.667260653469335
RPS7P10,3,-0.12243314834017482,0.6666666666666666,1,2,-0.3275319191388809,0.4839826936389,3,,,,-0.1919601136072988,,-0.4315844201992007,0.2562450887859751,False,3.6637659595694405
RPS26P3,3,0.4439815212052612,0.6666666666666666,2,1,0.3172430586522105,0.8663724092926306,3,,,,-0.6331296751679999,,1.2047875776670576,0.7602866611167259,False,3.6586215293261053
RPL12P33,1,-0.315959982145622,1.0,0,1,-0.315959982145622,,1,,,,,,-0.315959982145622,,False,3.657979991072811
EIF4A2P4,1,0.3133046187017445,1.0,1,0,0.3133046187017445,,1,,,,0.3133046187017445,,,,False,3.6566523093508723
RPS27AP5,3,0.14850790797812574,0.6666666666666666,1,2,-0.3030396302788392,0.6224446998175028,3,,,,-0.844014643634973,,-0.3617788193931149,1.6513171869624652,False,3.6515198151394195
RPL32P18,3,-0.37368852477005693,0.6666666666666666,1,2,-0.2920315146170267,0.6238285507386863,3,,,,-1.1518805894461306,,-0.2908924825881552,0.3217074977241151,False,3.6460157573085135
RPS27AP1,1,-0.288280655361658,1.0,0,1,-0.288280655361658,,1,,,,-0.288280655361658,,,,False,3.644140327680829
RPS6P25,3,0.6485347074855606,0.6666666666666666,2,1,0.2788729656287871,0.7131713093308554,3,,,,1.3916645826826182,,-0.0194867063305997,0.5734262461046634,False,3.6394364828143937
DDX60L,4,0.5163260117161083,0.5,2,2,0.2487981006999628,0.7857247734217986,4,,,,2.432371080715438,0.729704503181375,-0.4397218633166445,-0.6570496737157357,False,3.6243990503499814
RPL4P5,3,-0.22078368066842302,0.6666666666666666,2,1,-0.2329335219550655,0.872999229157911,3,,,,-1.5586703364884584,,0.4412593189086224,0.4550599755745669,False,3.616466760977533
RPL39P3,3,-0.4988882365792598,0.6666666666666666,1,2,-0.2234005780528245,0.6291653837879609,3,,,,-1.4226306982549817,,-0.2408023656137163,0.1667683541309186,False,3.611700289026412
RPL18AP7,3,-0.19584863860507548,0.6666666666666666,1,2,-0.2219612185815389,0.8811689740659373,3,,,,1.2804897118926608,,-0.6833693462822189,-1.1846662814256683,False,3.6109806092907695
RPL24P4,3,-0.31540659321917747,0.6666666666666666,1,2,-0.2147381690507318,0.5699485523775782,3,,,,-0.7104745243914586,,0.0196118329354957,-0.2553570882015696,False,3.607369084525366
RPL5P9,1,-0.2056411230899471,1.0,0,1,-0.2056411230899471,,1,,,,-0.2056411230899471,,,,False,3.6028205615449735
RPS7P1,3,-0.30133012066973625,0.6666666666666666,1,2,-0.2042342132105667,0.6463129004667081,3,,,,-0.9572094754878157,,-0.126413508772188,0.1796326222507948,False,3.6021171066052835
RPL35P5,3,-0.4281872617973012,0.6666666666666666,2,1,-0.1999252438205126,0.9076484967127308,3,,,,-2.3696328228436485,,0.3219298992425751,0.7631411382091701,False,3.5999626219102563
RPL10AP2,3,0.05774819351275373,0.6666666666666666,2,1,-0.19649085236733,0.84774723461615,3,,,,-1.0375488085748603,,0.1323649696630209,1.0784284194501006,False,3.598245426183665
EIF4HP1,3,0.13311966459495397,0.6666666666666666,2,1,0.1884998584118234,0.8685802486852408,3,,,,-1.0835785444248542,,0.4218387602038506,1.0610987780058656,False,3.594249929205912
RPL32P32,1,-0.18399631141748,1.0,0,1,-0.18399631141748,,1,,,,,,-0.18399631141748,,False,3.59199815570874
EIF1P6,1,0.1832373634162564,1.0,1,0,0.1832373634162564,,1,,,,,,0.1832373634162564,,False,3.591618681708128
EIF4A1P4,3,0.15411573266558679,0.6666666666666666,2,1,0.1792123695437541,0.945744694983563,3,,,,-2.1287277673213856,,1.373301744635037,1.217773220683109,False,3.589606184771877
RPSAP54,3,0.1434576627147671,0.6666666666666666,1,2,-0.1538789752845364,0.8432946235283435,3,,,,-0.3841298885971389,,-0.0677908994437921,0.8822937761852323,False,3.576939487642268
DDX10P2,1,0.1480502727590671,1.0,1,0,0.1480502727590671,,1,,,,0.1480502727590671,,,,False,3.5740251363795337
RPL11P3,3,0.1606532670062285,0.6666666666666666,2,1,-0.1417006059329025,0.9376378027681688,3,,,,0.6890753561645974,,-1.3053756073742422,1.0982600522283303,False,3.570850302966451
RPL5P4,3,-0.2887089076979454,0.6666666666666666,1,2,-0.1385821908285913,0.8845242710993718,3,,,,-1.0617248314470085,,0.2558317541231401,-0.0602336457699678,False,3.569291095414296
RPL10P15,1,-0.1298196947354336,1.0,0,1,-0.1298196947354336,,1,,,,,,-0.1298196947354336,,False,3.564909847367717
RPL21P4,1,-0.1290880419721913,1.0,0,1,-0.1290880419721913,,1,,,,-0.1290880419721913,,,,False,3.5645440209860957
RPS15AP16,1,-0.1270868999843974,1.0,0,1,-0.1270868999843974,,1,,,,,,-0.1270868999843974,,False,3.5635434499921987
RPS3P2,1,0.1231458957453491,1.0,1,0,0.1231458957453491,,1,,,,,,0.1231458957453491,,False,3.5615729478726745
RPL9P7,3,-0.5182356177002744,0.6666666666666666,1,2,-0.1189007515143023,0.8724874274990257,3,,,,-0.9291207273524902,,0.0899362409169022,-0.715522366665235,False,3.559450375757151
RPS3AP21,3,0.22108659509777628,0.6666666666666666,2,1,0.1186042914665101,0.9082050817762808,3,,,,0.9107364229198408,,-0.5585808043138574,0.3111041666873454,False,3.559302145733255
RPL9P21,1,0.1171813645207094,1.0,1,0,0.1171813645207094,,1,,,,0.1171813645207094,,,,False,3.5585906822603546
RPL23AP25,1,0.1131342171791896,1.0,1,0,0.1131342171791896,,1,,,,,,0.1131342171791896,,False,3.556567108589595
RPL12P1,1,-0.1116018311249317,1.0,0,1,-0.1116018311249317,,1,,,,-0.1116018311249317,,,,False,3.555800915562466
EIF4BP9,1,-0.10910254565368,1.0,0,1,-0.10910254565368,,1,,,,,,-0.10910254565368,,False,3.55455127282684
RPS10P3,3,-0.12050142694808012,0.6666666666666666,1,2,0.1029931217094254,0.8935709583198583,3,,,,-0.2272494672044009,,0.4230753604017724,-0.5573301740416119,False,3.5514965608547127
RPL21P119,1,0.0924829204828596,1.0,1,0,0.0924829204828596,,1,,,,,,0.0924829204828596,,False,3.5462414602414296
RPL5P17,3,-0.021028067613101442,0.6666666666666666,1,2,-0.0920054013620698,0.9454634030471234,3,,,,-0.0914263288305592,,-0.2068200126213341,0.235162138612589,False,3.546002700681035
RPL5P34,3,0.01267349327006273,0.6666666666666666,1,2,-0.0874634365216191,0.9296455420171134,3,,,,-0.6289711634902506,,-0.3769449363255213,1.04393657962596,False,3.5437317182608097
RPS3AP38,3,0.10903383859978777,0.6666666666666666,1,2,0.0848303428538682,0.9594554177925756,3,,,,1.7226272430063632,,-0.3406251182806056,-1.0549006089263944,False,3.542415171426934
EIF3LP2,3,0.12109556647272775,0.6666666666666666,2,1,0.0750378276778775,0.9548125363256212,3,,,,-0.422411806408781,,0.1443819170500015,0.6413165887769627,False,3.5375189138389387
RPS29P16,3,-0.44768419436239554,0.6666666666666666,1,2,-0.0737068554649036,0.9719716845539076,3,,,,1.3496977244908128,,-0.461603945831304,-2.2311463617466956,False,3.536853427732452
EIF2S3B,3,-0.054370314501918975,0.6666666666666666,1,2,-0.0713062432954568,0.925415423954351,3,,,,-0.273874968379253,,-0.022632940402054,0.1333969652755501,False,3.5356531216477283
RPS15AP1,3,0.08960572517276379,0.6666666666666666,2,1,0.066908334112312,0.9273275270156228,3,,,,0.2641519091728593,,-0.0147157820231814,0.0193810483686135,False,3.533454167056156
RPL35P1,3,-0.20586061807058487,0.6666666666666666,1,2,-0.0668379303095577,0.9578724867355686,3,,,,-1.055924046576731,,0.7187391526709969,-0.2803969603060204,False,3.533418965154779
EIF4A1P10,3,0.019026367404631223,0.6666666666666666,2,1,0.0553179962707325,0.9776435862252072,3,,,,-2.0128390790582458,,0.4948710870907762,1.5750470941813632,False,3.527658998135366
RPL32P16,3,-0.20692008175714402,0.6666666666666666,2,1,-0.0510256524837536,0.95218121521988,3,,,,-1.0340983200167535,,0.1791420844621379,0.2341959902831836,False,3.5255128262418767
RPL12P12,3,-0.10727453492609233,0.6666666666666666,2,1,-0.0483018065349568,0.9706354157570416,3,,,,-0.6524846560998359,,0.1161074880648506,0.2145535632567083,False,3.5241509032674783
DDX50P1,3,-0.04261582829264191,0.6666666666666666,1,2,0.0391356128245233,0.9875047401969832,3,,,,1.839663428481095,,-1.4271808854797117,-0.5403300278793092,False,3.5195678064122617
RPL31P44,1,-0.0381093384836693,1.0,0,1,-0.0381093384836693,,1,,,,,,-0.0381093384836693,,False,3.5190546692418345
RPL7P18,1,-0.0338292482297145,1.0,0,1,-0.0338292482297145,,1,,,,,,-0.0338292482297145,,False,3.5169146241148574
RPL19P21,1,0.0310172315687192,1.0,1,0,0.0310172315687192,,1,,,,,,0.0310172315687192,,False,3.5155086157843596
RPS18P12,3,-0.10489046049111495,0.6666666666666666,1,2,-0.0268804241238459,0.9706755077306608,3,,,,-0.4854244420548017,,-0.0050803923717668,0.1758334529532236,False,3.513440212061923
RPS20P14,3,-0.10336706675045189,0.6666666666666666,1,2,-0.0173488291004134,0.9796209145714674,3,,,,0.1723956293557087,,-0.0100644798830395,-0.4724323497240249,False,3.5086744145502067
RPL7P19,2,2.071136566079934,0.5,1,1,1.9984279664015996,0.7754180732798498,2,,,,5.6352192759530695,,-1.492946143793201,,False,3.4992139832008
RPL5P29,2,-1.7603701628748538,0.5,1,1,-1.674005744463211,0.7044543720162126,2,,,,0.5772113562775717,,-4.097951682027279,,False,3.3370028722316056
RPL3P6,2,1.0622984055925533,0.5,1,1,1.5039090399067163,0.5189863458134872,2,,,,-0.3667468248263854,,2.491343636011492,,False,3.251954519953358
RPL21P93,2,0.5685072402043508,0.5,1,1,1.218358127498187,0.4947230467525426,2,,,,-0.6713971498295879,,1.8084116302382895,,False,3.1091790637490933
RPL3P4,2,-1.0320446577350597,0.5,1,1,-0.9248346412047332,0.6341859980082128,2,,,,-2.10219173051348,,0.0381024150433604,,False,2.9624173206023667
RPS2P35,2,-0.43625645600792917,0.5,1,1,-0.8043772705040696,0.4688064818945669,2,,,,0.1194595840336145,,-0.9919724960494728,,False,2.9021886352520347
RPS4XP3,2,-1.0250283806130764,0.5,1,1,-0.7344593109544651,0.706603406704839,2,,,,-2.0975305973369673,,0.0474738361108143,,False,2.8672296554772325
RPL30P4,2,-0.44276404253941065,0.5,1,1,-0.7293983974028189,0.6541059006324068,2,,,,0.0982958769477293,,-0.9838239620265506,,False,2.8646991987014094
RPL34P34,2,-0.8996261738486474,0.5,1,1,-0.6881000693473882,0.7676709060059033,2,,,,-2.108363629101162,,0.3091112814038673,,False,2.8440500346736943
EIF1P7,2,-0.3735482062069927,0.5,1,1,-0.6694194008005903,0.6444556515177433,2,,,,0.1497518566644743,,-0.8968482690784597,,False,2.8347097004002952
EIF1AXP1,2,0.4878300905601336,0.5,1,1,0.6566217049217441,0.6764853438058759,2,,,,-0.3743423933650471,,1.3500025744853144,,False,2.828310852460872
RPS3P6,2,0.14251849640180914,0.5,1,1,0.6461139417637164,0.7526694730910088,2,,,,-1.030110221263553,,1.3151472140671712,,False,2.8230569708818583
RPS4XP2,2,0.3784102634243859,0.5,1,1,0.6332884122555846,0.8021107529485413,2,,,,-0.3429523081291472,,1.099772834977919,,False,2.8166442061277923
RPS10P5,2,0.4992175667258441,0.5,1,1,0.5542495325629399,0.8082983287784966,2,,,,1.6471277271807865,,-0.6486925937290983,,False,2.77712476628147
RPS4XP14,2,-0.7357125087464075,0.5,1,1,-0.5326185423098045,0.804257915037929,2,,,,0.3666166524735339,,-1.8380416699663489,,False,2.766309271154902
RPL7P6,2,-0.6844753146334203,0.5,1,1,-0.5009191094777611,0.8229895103580441,2,,,,-1.4653925710741358,,0.0964419418072952,,False,2.7504595547388804
EIF1P5,2,0.2745169951181611,0.5,1,1,0.4984449604365344,0.7736487433645931,2,,,,-0.3197043009320319,,0.868738291168354,,False,2.7492224802182674
RPL7P24,2,0.46463143511167804,0.5,1,1,0.4865781667732554,0.8057058265085847,2,,,,,,0.9826477606573312,-0.0533848904339751,False,2.7432890833866277
RPSAP8,2,-0.3490550699268124,0.5,1,1,-0.4365918757602438,0.6646707659520821,2,,,,0.0020358659239251,,-0.7001460057775499,,False,2.718295937880122
RPL39P16,2,-0.5327361727719965,0.5,1,1,-0.4269655493528828,0.7909427259199366,2,,,,0.193074463511088,,-1.2585468090550809,,False,2.713482774676441
RPL21P89,2,0.02275847927111413,0.5,1,1,-0.414642760814854,0.7850595800726694,2,,,,0.8492270807588578,,-0.8037101222166295,,False,2.707321380407427
RPL23AP49,2,-0.666371956997693,0.5,1,1,-0.3503571177435446,0.777279202285721,2,,,,-1.3718202650590974,,0.0390763510637114,,False,2.6751785588717722
RPL31P52,2,-0.4316698275654973,0.5,1,1,-0.3147731236194614,0.9004020855907042,2,,,,,,0.2406951989082024,-1.104034854039197,False,2.6573865618097305
RPL37P6,2,0.21545491923293675,0.5,1,1,0.2993612267954613,0.8467463895603615,2,,,,0.4675261245549095,,-0.036616286089036,,False,2.649680613397731
RPL37P2,2,-0.0028626318834764353,0.5,1,1,-0.2977395817419153,0.6647958993662391,2,,,,0.4694999200691771,,-0.47522518383613,,False,2.6488697908709575
RPS29P5,2,0.5296400098154285,0.5,1,1,0.2972232881938618,0.7955484952173273,2,,,,1.1556346951678886,,-0.0963546755370316,,False,2.6486116440969307
RPS15AP24,2,0.022624632060709637,0.5,1,1,0.2924990893708704,0.8559915544057198,2,,,,-0.5625973223964789,,0.6078465865178981,,False,2.646249544685435
RPS19P1,2,0.11902706079751879,0.5,1,1,0.287158957236396,0.8814764450128187,2,,,,-0.2698306326442791,,0.5078847542393167,,False,2.643579478618198
RPL37P23,2,0.13639074524558714,0.5,1,1,0.2744516418534676,0.9317025442472696,2,,,,-0.0784246977011841,,0.3512061881923584,,False,2.6372258209267336
RPS15AP38,2,-0.013380789418058453,0.5,1,1,0.2658381201709287,0.9029310826603282,2,,,,-0.3564474928836438,,0.3296859140475269,,False,2.6329190600854644
RPL37P12,2,-0.4992244701121822,0.5,1,1,-0.2463874419001248,0.9505558359907454,2,,,,1.3265867966061609,,-2.3250357368305252,,False,2.6231937209500624
RPS26P47,2,-0.2189795172410524,0.5,1,1,-0.2213405461858836,0.9198430368613796,2,,,,-1.232355762843087,,0.7943967283609822,,False,2.610670273092942
RPL9P18,2,-0.31290042878097735,0.5,1,1,-0.2143594505688449,0.8990366561081651,2,,,,0.2764485310504189,,-0.9022493886123736,,False,2.6071797252844227
RPL31P17,2,0.2694214464806321,0.5,1,1,0.2113670574535278,0.9285753001172088,2,,,,0.5568112787991829,,-0.0179683858379187,,False,2.6056835287267637
RPL5P3,2,-0.6541231657309707,0.5,1,1,-0.2017579235544276,0.924047804782398,2,,,,-1.5776666058023217,,0.2694202743403802,,False,2.6008789617772137
RPL9P28,2,0.0827320411384716,0.5,1,1,0.1989681976947054,0.9285753001172088,2,,,,-0.8983156100678807,,1.063779692344824,,False,2.599484098847353
RPL23P2,2,0.18286850650129527,0.5,1,1,0.1932059574803054,0.96251827454675,2,,,,2.03451250465534,,-1.6687754916527495,,False,2.596602978740153
RPL21P11,2,-0.2458371222777203,0.5,1,1,-0.1789273940361674,0.8852067402719124,2,,,,-0.5565771526026579,,0.0649029080472173,,False,2.5894636970180835
RPS26P58,2,-0.13024996419086685,0.5,1,1,0.1687274197268799,0.9336182063955688,2,,,,-0.6332229642557383,,0.3727230358740046,,False,2.5843637098634398
RPS20P22,2,-0.19295089472391547,0.5,1,1,-0.1648628716643149,0.91383620908565,2,,,,0.4752847573563611,,-0.861186546804192,,False,2.5824314358321576
RPL19P16,2,-0.4873385556900064,0.5,1,1,-0.1613838059795638,0.9508559102573568,2,,,,-1.722298022952347,,0.7476209115723342,,False,2.580691902989782
RPS24P17,2,-0.2567404465679965,0.5,1,1,-0.1374665538918882,0.9584996982046275,2,,,,-0.5820260960921153,,0.0685452029561223,,False,2.568733276945944
RPL22P24,2,-0.047817951351064605,0.5,1,1,-0.124824421252997,0.9046351648341008,2,,,,,,-0.1739387495103509,0.0783028468082217,False,2.5624122106264986
RPL15P5,2,0.08729924324015531,0.5,1,1,-0.1235009688281625,0.9482755859008578,2,,,,0.976736896411886,,-0.8021384099315754,,False,2.5617504844140813
RPS10P2,2,-0.12423379603987392,0.5,1,1,0.1221090841824137,0.9508559102573568,2,,,,0.3903832223308172,,-0.638850814410565,,False,2.561054542091207
RPL7P47,2,-0.45639084363380894,0.5,1,1,-0.1105131828665072,0.965931239679958,2,,,,-1.6597461640905564,,0.7469644768229385,,False,2.5552565914332535
RPL7P22,2,0.2431458252221429,0.5,1,1,0.1102851370900804,0.9550639701340986,2,,,,0.5716737159461228,,-0.085382065501837,,False,2.5551425685450404
RPS11P5,2,0.16346972876295374,0.5,1,1,0.1005565734331405,0.926425315200431,2,,,,0.6670455038052246,,-0.3401060462793172,,False,2.55027828671657
RPL23AP57,2,0.24167980233580846,0.5,1,1,0.0917221968113754,0.9403847973862272,2,,,,0.4850322256390113,,-0.0016726209673944,,False,2.5458610984056875
RPS27AP7,2,0.30284235122248054,0.5,1,1,-0.076716457731226,0.9710519141078542,2,,,,,,-0.7062749075285913,1.3119596099735524,False,2.538358228865613
RPL7P15,2,-0.047531958043384614,0.5,1,1,-0.0627209535592829,0.9752023873105744,2,,,,0.8285369486321211,,-0.9236008647188904,,False,2.5313604767796414
RPS3AP49,2,-0.7236607403605249,0.5,1,1,0.0563643375871426,0.9616005246222222,2,,,,-1.6593485457855346,,0.212027065064485,,False,2.5281821687935713
RPL23AP43,2,-0.02308265965385055,0.5,1,1,0.0561330383246156,0.9829370147874252,2,,,,-0.1897422596843559,,0.1435769403766548,,False,2.5280665191623077
RPL13AP6,2,-0.32693392151170253,0.5,1,1,-0.0320094914044511,0.9823599062019146,2,,,,-1.0204517270147486,,0.3665838839913435,,False,2.5160047457022254
RPS15AP12,2,-0.1618434944779625,0.5,1,1,0.0291939345253836,0.9835564824005908,2,,,,-0.4238793906038546,,0.1001924016479296,,False,2.5145969672626918
EIF1P4,2,-0.1613197775014204,0.5,1,1,0.025619050708048,0.98828546560138,2,,,,,,0.4206324975314908,-0.7432720525343316,False,2.512809525354024
RPL26P30,2,0.1047279466498996,0.5,1,1,0.0088669471124925,0.9959381261591372,2,,,,-0.2040081539986372,,0.4134640472984364,,False,2.5044334735562463
DDX26B,3,-0.21313337186596182,0.6666666666666666,1,2,,,0,-0.08962943387014595,-0.9931534784578746,0.4433827967301351,,,,,False,
RPL19P12,3,-0.5213622282483351,0.6666666666666666,1,2,,,0,-0.47985982874043326,-1.3828221164817185,0.2985952604771463,,,,,False,
RPL23AP32,3,-0.6918284315083746,1.0,0,3,,,0,-1.6195046295232525,-0.25714828583602783,-0.1988323791658436,,,,,False,
RPL34-AS1,3,0.8784451614731861,0.6666666666666666,2,1,,,0,-0.06230635217467414,1.5045051712452397,1.1931366653489925,,,,,False,
RPL36A-HNRNPH2,3,0.17883544746726399,0.6666666666666666,2,1,,,0,1.9418498451049429,-2.5879750004345796,1.1826314977314287,,,,,False,
RPS16P5,3,0.04012505914804602,0.6666666666666666,2,1,,,0,0.4293929668264746,-0.3414209954514189,0.032403206069082376,,,,,False,
RPS17L,3,-0.6525571747015309,0.6666666666666666,1,2,,,0,0.3909793008521151,-2.2060161948999037,-0.14263463005680366,,,,,False,
RPS26P11,1,1.2620054061127213,1.0,1,0,,,0,1.2620054061127213,,,,,,,False,
