gene,module,meta_FDR,pooled_log2FC,k_studies,direction_concordance,het_class,loso_robust,ml_importance,degree_centrality,external_support_GSE185520,s_meta,s_concord,s_loso,s_ml,s_net,s_module,s_external,final_evidence_score,evidence_tier
DHX15,DHX/DDX helicase,3.559513728282982e-19,0.7463721929341723,4,1.0,II_conserved_high_het,True,0.2599233907952249,0.0,0.3333333333333333,1.0,1.0,1.0,0.3898850861928374,0.0,1.0,0.3333333333333333,7.113103505719008,Tier 1 (triangulated)
EIF2B5,other eIF,8.656391611664414e-13,0.5169795464932119,4,1.0,I_conserved_low_het,True,0.4091380469954528,0.0,0.6666666666666666,0.6538423770044125,1.0,1.0,0.6137070704931793,0.0,1.0,0.6666666666666666,7.028686750164057,Tier 1 (triangulated)
EIF4B,eIF4/initiation,0.0053525017848617,-0.8402821145945343,4,1.0,II_conserved_high_het,True,0.4155217641304198,0.15384615384615385,1.0,0.12309794273150057,1.0,1.0,0.6232826461956298,0.1818181818181818,1.0,1.0,6.327037421947284,Tier 1 (triangulated)
RPS4X,40S ribosomal,0.0337031136184205,-0.7452365861082717,4,1.0,II_conserved_high_het,True,0.0,0.8461538461538463,1.0,0.07978108452196428,1.0,1.0,0.0,1.0,1.0,1.0,6.199452711304911,Tier 1 (triangulated)
RPS9,40S ribosomal,0.0354297669283558,-0.6264093051955529,4,1.0,II_conserved_high_het,True,0.0,0.8461538461538463,1.0,0.07860490457600351,1.0,1.0,0.0,1.0,1.0,1.0,6.1965122614400086,Tier 1 (triangulated)
RPS28,40S ribosomal,0.043635325223246,-0.5956677907502363,4,1.0,II_conserved_high_het,True,0.0,0.8461538461538463,1.0,0.07370087751439286,1.0,1.0,0.0,1.0,1.0,1.0,6.184252193785982,Tier 1 (triangulated)
RPS23,40S ribosomal,0.0590587209253219,-0.5123444838119572,4,1.0,II_conserved_high_het,True,0.0,0.8461538461538463,1.0,0.06657570437391011,1.0,1.0,0.0,1.0,1.0,1.0,6.166439260934776,Tier 2 (corroborated)
RPS25,40S ribosomal,0.0869691985677428,-0.4600657811832493,4,1.0,II_conserved_high_het,True,0.0,0.8461538461538463,1.0,0.05746465542006674,1.0,1.0,0.0,1.0,1.0,1.0,6.143661638550167,Tier 2 (corroborated)
RPL31,60S ribosomal,0.0026680773207421,-0.5245339866196684,4,1.0,II_conserved_high_het,True,0.0,0.6923076923076923,1.0,0.13948763106839981,1.0,1.0,0.0,0.818181818181818,1.0,1.0,6.075991804943726,Tier 1 (triangulated)
RPL30,60S ribosomal,0.0084842736434697,-0.44577759349698,4,1.0,II_conserved_high_het,True,0.0,0.6923076923076923,1.0,0.11225357508150907,1.0,1.0,0.0,0.818181818181818,1.0,1.0,6.0079066649765,Tier 1 (triangulated)
RPL10,60S ribosomal,0.0150803981202139,-0.5060943583330317,4,1.0,II_conserved_high_het,True,0.0,0.6923076923076923,1.0,0.09871297714752005,1.0,1.0,0.0,0.818181818181818,1.0,1.0,5.974055170141527,Tier 1 (triangulated)
RPL15,60S ribosomal,0.0163467578677261,-0.5285724053062304,4,1.0,II_conserved_high_het,True,0.0,0.6923076923076923,1.0,0.096814741234382,1.0,1.0,0.0,0.818181818181818,1.0,1.0,5.969309580358682,Tier 1 (triangulated)
RPL11,60S ribosomal,0.0214628586244745,-0.41217864154337,4,1.0,II_conserved_high_het,True,0.0,0.6923076923076923,1.0,0.0904045410907331,1.0,1.0,0.0,0.818181818181818,1.0,1.0,5.95328407999956,Tier 1 (triangulated)
RPL13A,60S ribosomal,0.0259957653793048,-0.5153588618947951,4,1.0,II_conserved_high_het,True,0.0,0.6923076923076923,1.0,0.08589377311035312,1.0,1.0,0.0,0.818181818181818,1.0,1.0,5.942007160048609,Tier 1 (triangulated)
EIF2D,other eIF,0.010231568348861,-0.3671477339915392,4,1.0,II_conserved_high_het,True,0.3900435877889464,0.0,1.0,0.10784512130304146,1.0,1.0,0.5850653816834196,0.0,1.0,1.0,5.9397435666244425,Tier 1 (triangulated)
RPL34,60S ribosomal,0.0329698088399264,-0.650900452348189,4,1.0,II_conserved_high_het,True,0.0,0.6923076923076923,1.0,0.08029894824105889,1.0,1.0,0.0,0.818181818181818,1.0,1.0,5.928020097875374,Tier 1 (triangulated)
RPL18,60S ribosomal,0.0418441308701614,-0.6048853793532433,4,1.0,II_conserved_high_het,True,0.0,0.6923076923076923,1.0,0.07468762831948872,1.0,1.0,0.0,0.818181818181818,1.0,1.0,5.913991798071448,Tier 1 (triangulated)
RPL7,60S ribosomal,0.0732793248210745,-0.5086776880943996,4,1.0,II_conserved_high_het,True,0.0,0.6923076923076923,1.0,0.06149672690702039,1.0,1.0,0.0,0.818181818181818,1.0,1.0,5.881014544540278,Tier 2 (corroborated)
RPL13,60S ribosomal,0.0735941437446805,-0.4550409989475471,4,1.0,II_conserved_high_het,True,0.0,0.6923076923076923,1.0,0.06139580601198625,1.0,1.0,0.0,0.818181818181818,1.0,1.0,5.880762242302692,Tier 2 (corroborated)
RPL22,60S ribosomal,0.1111252889984229,-0.6390579538968327,4,1.0,II_conserved_high_het,True,0.0,0.6923076923076923,1.0,0.05169454869991343,1.0,1.0,0.0,0.818181818181818,1.0,1.0,5.85650909902251,Tier 2 (corroborated)
EIF4ENIF1,eIF4/initiation,0.0021370384911699,0.5318611232001087,4,0.75,II_conserved_high_het,True,0.6666666666666666,0.0,0.3333333333333333,0.14471234962838214,0.75,1.0,1.0,0.0,1.0,0.3333333333333333,5.820114207404289,Tier 1 (triangulated)
DDX55,DHX/DDX helicase,1.2994886280596205e-12,0.578179790645686,4,1.0,I_conserved_low_het,True,0.0,0.0,0.6666666666666666,0.6442784812956157,1.0,1.0,0.0,0.0,1.0,0.6666666666666666,5.777362869905706,Tier 2 (corroborated)
EIF1AD,other eIF,0.0038961530880594,0.8435337098054513,4,1.0,II_conserved_high_het,True,0.5003589718791027,0.23076923076923078,0.0,0.13057410011766898,1.0,1.0,0.7505384578186541,0.2727272727272727,1.0,0.0,5.73660307502239,Tier 1 (triangulated)
RPL28,60S ribosomal,0.0344239342903917,-0.7377388372322599,4,1.0,II_conserved_high_het,True,0.0,0.6923076923076923,0.6666666666666666,0.07928290391272139,1.0,1.0,0.0,0.818181818181818,1.0,0.6666666666666666,5.592146653721197,Tier 1 (triangulated)
EIF3F,eIF3 complex,0.0017788126029576,-0.4953485963650202,4,1.0,II_conserved_high_het,True,0.0,0.34615384615384615,1.0,0.1490316128263929,1.0,1.0,0.0,0.409090909090909,1.0,1.0,5.486215395702346,Tier 1 (triangulated)
RPS17,40S ribosomal,0.2177180909155384,0.8940213930598903,4,0.75,II_conserved_high_het,True,0.1330267956327127,0.8461538461538463,0.3333333333333333,0.03586192598215022,0.75,1.0,0.19954019344906904,1.0,1.0,0.3333333333333333,5.447068535186847,Tier 1 (triangulated)
RPS6KA3,40S ribosomal,0.0493408387110214,0.4690579409660592,4,1.0,II_conserved_high_het,True,0.4613487846555922,0.0,0.3333333333333333,0.07080798634580981,1.0,1.0,0.6920231769833883,0.0,1.0,0.3333333333333333,5.394399653164634,Tier 1 (triangulated)
RPL17,60S ribosomal,0.038220366736014,0.8152802052688791,4,0.75,II_conserved_high_het,True,0.2704142899543958,0.6923076923076923,0.0,0.07682008249032252,0.75,1.0,0.40562143493159375,0.818181818181818,1.0,0.0,5.355565803361721,Tier 1 (triangulated)
RPS19P3,40S ribosomal,0.0005674763218145,-1.2615105067485606,3,1.0,I_conserved_low_het,True,0.4496000664812451,0.0,,0.1759277582649504,1.0,1.0,0.6744000997218678,0.0,1.0,0.0,5.288619595106112,Tier 1 (triangulated)
DHX36,DHX/DDX helicase,7.241904921354015e-09,0.4236456159140077,4,1.0,I_conserved_low_het,True,0.0,0.0,0.6666666666666666,0.44121785110684175,1.0,1.0,0.0,0.0,1.0,0.6666666666666666,5.269711294433772,Tier 2 (corroborated)
EIF3L,eIF3 complex,0.0324556137642853,-0.7935812728345537,4,1.0,II_conserved_high_het,True,0.0,0.3076923076923077,1.0,0.08066899215737307,1.0,1.0,0.0,0.3636363636363636,1.0,1.0,5.247127025847979,Tier 1 (triangulated)
DDX56,DHX/DDX helicase,1.1571927488623988e-06,0.7332700226776628,4,1.0,II_conserved_high_het,True,0.2916116108462842,0.0,0.0,0.3217717107650613,1.0,1.0,0.43741741626942626,0.0,1.0,0.0,5.1792641094515055,Tier 1 (triangulated)
EIF3E,eIF3 complex,0.0777819038241465,-0.4582575068858202,4,0.75,II_conserved_high_het,True,0.2901985976790539,0.0,1.0,0.060092944032035224,0.75,1.0,0.4352978965185809,0.0,1.0,1.0,5.14582815311725,Tier 2 (corroborated)
EIF2S1,other eIF,0.0011223852515448,0.8957123395038716,4,1.0,II_conserved_high_het,True,0.2736331787526025,0.0,0.3333333333333333,0.15987220772123184,1.0,1.0,0.41044976812890377,0.0,1.0,0.3333333333333333,5.0539133888942205,Tier 1 (triangulated)
RPS14,40S ribosomal,0.0606290941215559,-0.5144192390595074,4,1.0,II_conserved_high_het,True,0.1276029653836593,0.0,1.0,0.06595791446789602,1.0,1.0,0.19140444807548898,0.0,1.0,1.0,5.047703682320718,Tier 2 (corroborated)
RPL14,60S ribosomal,0.0926900887797821,-0.5174266935908396,4,1.0,II_conserved_high_het,True,0.1260033670341892,0.0,1.0,0.05596488859269499,1.0,1.0,0.18900505055128383,0.0,1.0,1.0,5.0179223225843055,Tier 2 (corroborated)
EIF4G2,eIF4/initiation,0.0747485606584346,0.7066117934363378,4,0.75,II_conserved_high_het,True,0.5796377192902274,0.0,0.0,0.061029395262537436,0.75,1.0,0.8694565789353412,0.0,1.0,0.0,5.016486646027026,Tier 2 (corroborated)
EIF4BP6,eIF4/initiation,0.0896442199113345,-1.0139278206789222,3,1.0,II_conserved_high_het,True,0.449475724933658,0.0,,0.0567514744961304,1.0,1.0,0.6742135874004871,0.0,1.0,0.0,4.9903058610413,Tier 2 (corroborated)
RPL4,60S ribosomal,0.1459813957567426,-0.4666569636027757,4,1.0,II_conserved_high_het,True,0.1175729299446822,0.0,1.0,0.04527195306103128,1.0,1.0,0.17635939491702332,0.0,1.0,1.0,4.965898672486625,Tier 2 (corroborated)
RPS27,40S ribosomal,0.0040907641617138,-0.7854233946523447,4,1.0,II_conserved_high_het,True,0.0,0.0,1.0,0.12942664083233485,1.0,1.0,0.0,0.0,1.0,1.0,4.823566602080837,Tier 2 (corroborated)
DDX21,DHX/DDX helicase,0.279921822387466,1.015600855456332,4,0.75,II_conserved_high_het,True,0.4206952450962862,0.0,0.3333333333333333,0.029945744286640864,0.75,1.0,0.6310428676444293,0.0,1.0,0.3333333333333333,4.795283429338794,Tier 2 (corroborated)
RPL38,60S ribosomal,0.011076776794584,-0.3776776576704279,4,1.0,II_conserved_high_het,True,0.0,0.0,1.0,0.10597657020790914,1.0,1.0,0.0,0.0,1.0,1.0,4.764941425519773,Tier 2 (corroborated)
RPS16,40S ribosomal,0.0207733119230205,-0.3118119144943141,4,1.0,I_conserved_low_het,True,0.0,0.0,1.0,0.09117328323381307,1.0,1.0,0.0,0.0,1.0,1.0,4.727933208084533,Tier 2 (corroborated)
RPL22P2,60S ribosomal,0.0112318186217413,-1.1837186004922868,3,1.0,I_conserved_low_het,True,0.3197718092386738,0.0,,0.10564934512009597,1.0,1.0,0.47965771385801076,0.0,1.0,0.0,4.723438790516262,Tier 1 (triangulated)
RPS11,40S ribosomal,0.0334680614315392,-0.3230856931821444,4,1.0,II_conserved_high_het,True,0.0,0.0,1.0,0.07994584235569592,1.0,1.0,0.0,0.0,1.0,1.0,4.69986460588924,Tier 2 (corroborated)
RPS18,40S ribosomal,0.0398090080692118,-0.2763501776335215,4,1.0,I_conserved_low_het,True,0.0,0.0,1.0,0.07586136489540718,1.0,1.0,0.0,0.0,1.0,1.0,4.689653412238518,Tier 2 (corroborated)
RPL19,60S ribosomal,0.0457746401397783,-0.5195489157393287,4,1.0,II_conserved_high_het,True,0.0,0.0,1.0,0.07257410915926421,1.0,1.0,0.0,0.0,1.0,1.0,4.6814352728981605,Tier 2 (corroborated)
RPS6,40S ribosomal,0.0469624767913523,-0.2885258976743778,4,1.0,II_conserved_high_het,True,0.0,0.0,1.0,0.07197100845802913,1.0,1.0,0.0,0.0,1.0,1.0,4.679927521145073,Tier 2 (corroborated)
RPS13,40S ribosomal,0.0550229947352884,-0.4227009174492059,4,1.0,II_conserved_high_het,True,0.0,0.0,1.0,0.06824199159100167,1.0,1.0,0.0,0.0,1.0,1.0,4.670604978977504,Tier 3 (single-stream)
RPL7A,60S ribosomal,0.0632979115217019,-0.5833609888590681,4,1.0,II_conserved_high_het,True,0.0,0.0,1.0,0.06494380927704665,1.0,1.0,0.0,0.0,1.0,1.0,4.662359523192617,Tier 3 (single-stream)
RPL37A,60S ribosomal,0.0658742833517678,-0.2426083400774798,4,1.0,I_conserved_low_het,True,0.0,0.0,1.0,0.06400460502068812,1.0,1.0,0.0,0.0,1.0,1.0,4.66001151255172,Tier 3 (single-stream)
RPS2,40S ribosomal,0.0672549697281576,-0.3953422638598963,4,1.0,II_conserved_high_het,True,0.0,0.0,1.0,0.0635162900202568,1.0,1.0,0.0,0.0,1.0,1.0,4.6587907250506415,Tier 3 (single-stream)
RPS3A,40S ribosomal,0.0719736623184809,-0.4704559536099072,3,1.0,II_conserved_high_het,True,0.0,0.0,1.0,0.06191996086582217,1.0,1.0,0.0,0.0,1.0,1.0,4.654799902164555,Tier 3 (single-stream)
EIF4EBP2,eIF4/initiation,0.249566651440721,-0.1562312384773493,4,0.5,III_context_dependent,True,0.2732315177958849,0.0,1.0,0.032647932475813185,0.5,1.0,0.40984727669382737,0.0,1.0,1.0,4.651314384577188,Tier 2 (corroborated)
RPL29,60S ribosomal,0.0768221852871879,-0.2944882054626176,4,1.0,II_conserved_high_het,True,0.0,0.0,1.0,0.060385218874681866,1.0,1.0,0.0,0.0,1.0,1.0,4.650963047186705,Tier 3 (single-stream)
RPL27A,60S ribosomal,0.0806013000535449,-0.3253457814448068,4,1.0,II_conserved_high_het,True,0.0,0.0,1.0,0.059254728276235055,1.0,1.0,0.0,0.0,1.0,1.0,4.6481368206905875,Tier 3 (single-stream)
RPL39,60S ribosomal,0.087844617357883,-0.2830949458581913,4,1.0,II_conserved_high_het,True,0.0,0.0,1.0,0.057228875567639635,1.0,1.0,0.0,0.0,1.0,1.0,4.643072188919099,Tier 3 (single-stream)
RPLP0,60S ribosomal,0.0889416719941672,-0.5565860990636843,4,1.0,II_conserved_high_het,True,0.0,0.0,1.0,0.056936697103655905,1.0,1.0,0.0,0.0,1.0,1.0,4.64234174275914,Tier 3 (single-stream)
RPL23A,60S ribosomal,0.0901740158754042,-0.3248392329675257,4,1.0,II_conserved_high_het,True,0.0,0.0,1.0,0.056612754483482366,1.0,1.0,0.0,0.0,1.0,1.0,4.641531886208706,Tier 3 (single-stream)
RPL23,60S ribosomal,0.0937689460111826,-0.451559659821124,4,1.0,II_conserved_high_het,True,0.0,0.0,1.0,0.05569246272573957,1.0,1.0,0.0,0.0,1.0,1.0,4.639231156814349,Tier 3 (single-stream)
RPLP1,60S ribosomal,0.0964635191112577,-0.2878795329892032,4,1.0,II_conserved_high_het,True,0.0,0.0,1.0,0.05502550649852388,1.0,1.0,0.0,0.0,1.0,1.0,4.637563766246309,Tier 3 (single-stream)
RPL18A,60S ribosomal,0.0998399553323129,-0.3065199664363464,4,1.0,II_conserved_high_het,True,0.0,0.0,1.0,0.054215597270576774,1.0,1.0,0.0,0.0,1.0,1.0,4.635538993176442,Tier 3 (single-stream)
RPS3,40S ribosomal,0.1046929554824374,-0.5585235215597345,4,1.0,II_conserved_high_het,True,0.0,0.0,1.0,0.0530982412447191,1.0,1.0,0.0,0.0,1.0,1.0,4.632745603111798,Tier 3 (single-stream)
RPS15,40S ribosomal,0.1049725833800823,-0.574137063636307,4,1.0,II_conserved_high_het,True,0.0,0.0,1.0,0.05303544746135889,1.0,1.0,0.0,0.0,1.0,1.0,4.632588618653397,Tier 3 (single-stream)
RPS19,40S ribosomal,0.106122260838477,-0.4092988044750373,4,1.0,II_conserved_high_het,True,0.0,0.0,1.0,0.05277901934980259,1.0,1.0,0.0,0.0,1.0,1.0,4.631947548374507,Tier 3 (single-stream)
RPS12,40S ribosomal,0.1133262199370326,-0.3932497068073269,4,1.0,II_conserved_high_het,True,0.0,0.0,1.0,0.05123284776260193,1.0,1.0,0.0,0.0,1.0,1.0,4.628082119406505,Tier 3 (single-stream)
RPL3,60S ribosomal,0.1189214306860096,-0.6565636869978069,3,1.0,II_conserved_high_het,True,0.0,0.0,1.0,0.050098327875678125,1.0,1.0,0.0,0.0,1.0,1.0,4.625245819689195,Tier 3 (single-stream)
RPL6,60S ribosomal,0.1197332848166891,-0.568072441286204,3,1.0,II_conserved_high_het,True,0.0,0.0,1.0,0.04993816103466076,1.0,1.0,0.0,0.0,1.0,1.0,4.624845402586652,Tier 3 (single-stream)
RPL13AP5,60S ribosomal,0.1234700633179984,-0.5295960387050174,3,1.0,II_conserved_high_het,True,0.0,0.0,1.0,0.049214683690848415,1.0,1.0,0.0,0.0,1.0,1.0,4.6230367092271205,Tier 3 (single-stream)
RPL12,60S ribosomal,0.131670461309781,-0.3266064950713536,4,1.0,II_conserved_high_het,True,0.0,0.0,1.0,0.047700885265708357,1.0,1.0,0.0,0.0,1.0,1.0,4.619252213164271,Tier 3 (single-stream)
RPLP2,60S ribosomal,0.1600300168518978,-0.2841865195538856,4,1.0,II_conserved_high_het,True,0.0,0.0,1.0,0.04310891374308065,1.0,1.0,0.0,0.0,1.0,1.0,4.607772284357702,Tier 3 (single-stream)
RPL9,60S ribosomal,0.1722577391374231,-0.2891818276559874,4,1.0,II_conserved_high_het,True,0.0,0.0,1.0,0.041375547541615515,1.0,1.0,0.0,0.0,1.0,1.0,4.603438868854039,Tier 3 (single-stream)
RPL27,60S ribosomal,0.1733471904840632,-0.2177276227473734,4,1.0,II_conserved_high_het,True,0.0,0.0,1.0,0.04122712758509829,1.0,1.0,0.0,0.0,1.0,1.0,4.603067818962746,Tier 3 (single-stream)
RPS24,40S ribosomal,0.1873962338513902,-0.2994465519453871,4,1.0,II_conserved_high_het,True,0.0,0.0,1.0,0.03939257152537871,1.0,1.0,0.0,0.0,1.0,1.0,4.598481428813447,Tier 3 (single-stream)
RPS5,40S ribosomal,0.1982992689662542,-0.5719264112383978,4,1.0,II_conserved_high_het,True,0.0,0.0,1.0,0.03806125443069501,1.0,1.0,0.0,0.0,1.0,1.0,4.595153136076737,Tier 3 (single-stream)
RPS7,40S ribosomal,0.2223720980465786,-0.2051923172456606,4,1.0,II_conserved_high_het,True,0.0,0.0,1.0,0.03536400033347936,1.0,1.0,0.0,0.0,1.0,1.0,4.588410000833698,Tier 3 (single-stream)
DDX18,DHX/DDX helicase,0.2795012683071175,0.488213769714042,4,0.75,II_conserved_high_het,True,0.4627308308664274,0.0,0.0,0.029981139496732343,0.75,1.0,0.6940962462996412,0.0,1.0,0.0,4.5881453413411135,Tier 2 (corroborated)
RPS20,40S ribosomal,0.2239760462903487,-0.1150144472302967,4,1.0,II_conserved_high_het,True,0.0,0.0,1.0,0.035194807705501346,1.0,1.0,0.0,0.0,1.0,1.0,4.587987019263753,Tier 3 (single-stream)
RPL23P8,60S ribosomal,0.2307365672769706,-0.9750542526685462,2,1.0,II_conserved_high_het,True,0.0,0.0,1.0,0.034494743106468474,1.0,1.0,0.0,0.0,1.0,1.0,4.586236857766171,Tier 3 (single-stream)
RPL32,60S ribosomal,0.2356080847840998,-0.2984123567191152,4,1.0,II_conserved_high_het,True,0.0,0.0,1.0,0.03400288932494331,1.0,1.0,0.0,0.0,1.0,1.0,4.585007223312358,Tier 3 (single-stream)
RPS27A,40S ribosomal,0.2390504246726131,-0.3119718608403626,4,1.0,II_conserved_high_het,True,0.0,0.0,1.0,0.033661426804033424,1.0,1.0,0.0,0.0,1.0,1.0,4.584153567010084,Tier 3 (single-stream)
RPL24,60S ribosomal,0.2527393116010148,-0.276509435795869,4,1.0,II_conserved_high_het,True,0.0,0.0,1.0,0.03235054412902868,1.0,1.0,0.0,0.0,1.0,1.0,4.580876360322572,Tier 3 (single-stream)
RPS8,40S ribosomal,0.2530387592389526,-0.3221203134196231,4,1.0,II_conserved_high_het,True,0.0,0.0,1.0,0.03232266855002975,1.0,1.0,0.0,0.0,1.0,1.0,4.580806671375075,Tier 3 (single-stream)
RPS6KA6,40S ribosomal,0.2696482791054562,-0.5772368206866375,2,1.0,II_conserved_high_het,True,0.0,0.0,1.0,0.03082600375286878,1.0,1.0,0.0,0.0,1.0,1.0,4.577065009382172,Tier 3 (single-stream)
RPL7P32,60S ribosomal,0.8111194897347387,-0.3232003745556044,2,1.0,II_conserved_high_het,True,0.3537770865574066,0.0,,0.004899892118086177,1.0,1.0,0.5306656298361099,0.0,1.0,0.0,4.573580989967435,Tier 2 (corroborated)
EIF5A2,other eIF,0.0010273613775739,1.2958054064350246,4,1.0,II_conserved_high_het,True,0.0,0.0,0.6666666666666666,0.1619547388107493,1.0,1.0,0.0,0.0,1.0,0.6666666666666666,4.57155351369354,Tier 2 (corroborated)
RPL35A,60S ribosomal,0.3104481970512034,-0.2533542537772062,4,1.0,II_conserved_high_het,True,0.0,0.0,1.0,0.027509048105426346,1.0,1.0,0.0,0.0,1.0,1.0,4.568772620263566,Tier 3 (single-stream)
RPL41,60S ribosomal,0.3198431031831186,-0.1319669199843637,3,1.0,II_conserved_high_het,True,0.0,0.0,1.0,0.026807194962136023,1.0,1.0,0.0,0.0,1.0,1.0,4.56701798740534,Tier 3 (single-stream)
RPL21,60S ribosomal,0.4765801725811394,-0.1689270876409497,4,1.0,II_conserved_high_het,True,0.0,0.0,1.0,0.01741874334440134,1.0,1.0,0.0,0.0,1.0,1.0,4.543546858361003,Tier 3 (single-stream)
RPSAP58,40S ribosomal,0.562220373858739,-0.9430566835759786,2,1.0,II_conserved_high_het,True,0.0,0.0,1.0,0.0135283342045008,1.0,1.0,0.0,0.0,1.0,1.0,4.533820835511252,Tier 3 (single-stream)
DDX19A,DHX/DDX helicase,0.0032017595043015,0.4973858993622135,3,1.0,II_conserved_high_het,True,0.1186610116469125,0.0,0.3333333333333333,0.13519502920285262,1.0,1.0,0.17799151747036876,0.0,1.0,0.3333333333333333,4.527303941281202,Tier 1 (triangulated)
RPL14P3,60S ribosomal,0.4850828102399864,-1.1896390765070135,2,1.0,II_conserved_high_het,True,0.3083004387930172,0.0,,0.017002444658488224,1.0,1.0,0.46245065818952585,0.0,1.0,0.0,4.467407428025272,Tier 2 (corroborated)
EIF1AX,other eIF,0.4474945837363804,0.5251896054350786,4,0.75,II_conserved_high_het,True,0.4254643497338075,0.0,0.0,0.0189011835465111,0.75,1.0,0.6381965246007113,0.0,1.0,0.0,4.4486460080677,Tier 2 (corroborated)
DDX24,DHX/DDX helicase,0.004351030783424,0.7211741610431475,4,0.75,II_conserved_high_het,True,0.3238458843750209,0.0,0.0,0.12797458175313475,0.75,1.0,0.48576882656253134,0.0,1.0,0.0,4.4164741075078995,Tier 1 (triangulated)
RPS15P4,40S ribosomal,0.1925768069066349,-1.0099714845294447,3,1.0,II_conserved_high_het,True,0.2713629303158014,0.0,,0.0387506013085342,1.0,1.0,0.4070443954737021,0.0,1.0,0.0,4.41096529421874,Tier 2 (corroborated)
RPL7P48,60S ribosomal,0.5726276523789624,-1.038587956289278,2,1.0,II_conserved_high_het,True,0.2795788214819198,0.0,,0.013096542200341786,1.0,1.0,0.4193682322228797,0.0,1.0,0.0,4.371477819946614,Tier 2 (corroborated)
DHX58,DHX/DDX helicase,0.0001716703851709,-0.4791767446857303,3,1.0,I_conserved_low_het,True,0.0,0.0,0.3333333333333333,0.20407443498668937,1.0,1.0,0.0,0.0,1.0,0.3333333333333333,4.343519420800057,Tier 2 (corroborated)
EIF4E3,eIF4/initiation,0.0307468030778495,-0.5836319266862955,4,0.75,II_conserved_high_het,True,0.0,0.0,1.0,0.08194228727198682,0.75,1.0,0.0,0.0,1.0,1.0,4.329855718179967,Tier 2 (corroborated)
DDX39A,DHX/DDX helicase,0.000248045414329,0.6484964286399547,4,1.0,II_conserved_high_het,True,0.1120155428430451,0.0,0.0,0.1954103488935734,1.0,1.0,0.16802331426456765,0.0,1.0,0.0,4.324572500763069,Tier 1 (triangulated)
EIF3FP3,eIF3 complex,0.253599744613098,-0.6124295274175995,3,1.0,II_conserved_high_het,True,0.2465853206666277,0.0,,0.032270535099111604,1.0,1.0,0.36987798099994157,0.0,1.0,0.0,4.320432299747662,Tier 2 (corroborated)
RPS24P19,40S ribosomal,0.5699485523775782,-0.5803454484502282,3,0.6666666666666666,III_context_dependent,True,0.4281075856979559,0.0,,0.013206941799173312,0.6666666666666666,1.0,0.6421613785469339,0.0,1.0,0.0,4.317340111591801,Tier 2 (corroborated)
DDX58,DHX/DDX helicase,0.1747793227354261,-0.4265912938097804,4,0.75,II_conserved_high_het,True,0.1377244872123194,0.0,0.6666666666666666,0.041033435700543366,0.75,1.0,0.2065867308184791,0.0,1.0,0.6666666666666666,4.307423717554983,Tier 2 (corroborated)
DDX28,DHX/DDX helicase,0.0225404399661703,0.4973152069616363,4,1.0,II_conserved_high_het,True,0.190886349221859,0.0,0.0,0.08925131458231496,1.0,1.0,0.2863295238327885,0.0,1.0,0.0,4.295787334121364,Tier 1 (triangulated)
DDX11-AS1,DHX/DDX helicase,0.009481140501812,1.2533204790502206,3,0.6666666666666666,III_context_dependent,True,0.0,0.0,1.0,0.10963834928678762,0.6666666666666666,1.0,0.0,0.0,1.0,1.0,4.274095873216969,Tier 2 (corroborated)
EIF5,other eIF,0.0186128001816865,0.7871021168853152,4,1.0,II_conserved_high_het,True,0.0,0.11538461538461539,0.3333333333333333,0.09375859331309405,1.0,1.0,0.0,0.13636363636363635,1.0,0.3333333333333333,4.272275271161523,Tier 1 (triangulated)
RPS27P29,40S ribosomal,0.1520922177062149,-0.9136399538499153,2,1.0,I_conserved_low_het,True,0.217558295862681,0.0,,0.04430656949341205,1.0,1.0,0.3263374437940215,0.0,1.0,0.0,4.263441311321573,Tier 2 (corroborated)
EIF3H,eIF3 complex,0.1362197160632433,-0.36753337072138,4,0.75,II_conserved_high_het,True,0.0,0.0,1.0,0.04690125693926752,0.75,1.0,0.0,0.0,1.0,1.0,4.242253142348169,Tier 3 (single-stream)
DHX37,DHX/DDX helicase,0.1854932448659111,0.3995887096476254,4,0.75,II_conserved_high_het,True,0.113336640831956,0.0,0.6666666666666666,0.039632854425580295,0.75,1.0,0.17000496124793402,0.0,1.0,0.6666666666666666,4.230758725226485,Tier 2 (corroborated)
RPSAP47,40S ribosomal,0.0519048115644124,-0.9692814153279932,3,1.0,I_conserved_low_het,True,0.1802990740193118,0.0,,0.06961539167373125,1.0,1.0,0.2704486110289677,0.0,1.0,0.0,4.214935701242263,Tier 2 (corroborated)
RPL8,60S ribosomal,0.2452996770997371,-0.3850772652346185,4,0.75,II_conserved_high_het,True,0.0,0.0,1.0,0.033053913597999696,0.75,1.0,0.0,0.0,1.0,1.0,4.207634783994999,Tier 3 (single-stream)
RPL5,60S ribosomal,0.2564280736939399,-0.2964370690161125,4,0.75,II_conserved_high_het,True,0.0,0.0,1.0,0.0320094371404329,0.75,1.0,0.0,0.0,1.0,1.0,4.205023592851083,Tier 3 (single-stream)
RPS21,40S ribosomal,0.3160963454151966,-0.2674472403674605,4,0.75,II_conserved_high_het,True,0.0,0.0,1.0,0.02708459583642773,0.75,1.0,0.0,0.0,1.0,1.0,4.192711489591069,Tier 3 (single-stream)
RPL36,60S ribosomal,0.3348037354836579,-0.3694333382897581,4,0.75,II_conserved_high_het,True,0.0,0.0,1.0,0.025731023562938365,0.75,1.0,0.0,0.0,1.0,1.0,4.189327558907346,Tier 3 (single-stream)
RPS6KA5,40S ribosomal,0.3509355899837995,-0.759006306428231,4,0.75,II_conserved_high_het,True,0.0,0.0,1.0,0.024623205799801453,0.75,1.0,0.0,0.0,1.0,1.0,4.186558014499504,Tier 3 (single-stream)
RPL39L,60S ribosomal,0.4276608254650871,-0.3957360376973486,4,0.75,II_conserved_high_het,True,0.0,0.0,1.0,0.0199684114081738,0.75,1.0,0.0,0.0,1.0,1.0,4.174921028520434,Tier 3 (single-stream)
RPL37,60S ribosomal,0.5796392305714857,-0.2223827584892231,4,0.75,II_conserved_high_het,True,0.0,0.0,1.0,0.012810037987824308,0.75,1.0,0.0,0.0,1.0,1.0,4.157025094969561,Tier 3 (single-stream)
RPS29,40S ribosomal,0.6429301028419638,-0.1056007279480391,4,0.75,II_conserved_high_het,True,0.0,0.0,1.0,0.010370436134566095,0.75,1.0,0.0,0.0,1.0,1.0,4.150926090336415,Tier 3 (single-stream)
EIF3G,eIF3 complex,0.6973836714671691,-0.0442947832551422,4,0.75,II_conserved_high_het,True,0.0,0.0,1.0,0.008456524270919353,0.75,1.0,0.0,0.0,1.0,1.0,4.146141310677298,Tier 3 (single-stream)
DHX9,DHX/DDX helicase,0.027723605126829,0.5936549589434545,4,1.0,II_conserved_high_het,True,0.1432772053444387,0.0,0.0,0.08437886836191356,1.0,1.0,0.21491580801665805,0.0,1.0,0.0,4.1407787869381,Tier 1 (triangulated)
DDX31,DHX/DDX helicase,0.0061491388346807,0.5449714264101101,4,1.0,II_conserved_high_het,True,0.0,0.0,0.3333333333333333,0.11983161624465692,1.0,1.0,0.0,0.0,1.0,0.3333333333333333,4.132912373944976,Tier 2 (corroborated)
DHX57,DHX/DDX helicase,0.0113332825675888,0.4541885525395066,4,1.0,II_conserved_high_het,True,0.1161418999562955,0.0,0.0,0.1054376356236435,1.0,1.0,0.17421284993444325,0.0,1.0,0.0,4.112019788927995,Tier 1 (triangulated)
DDX20,DHX/DDX helicase,0.012978636782867,0.598950519580907,4,1.0,II_conserved_high_het,True,0.1184909695928671,0.0,0.0,0.10224633676430679,1.0,1.0,0.17773645438930066,0.0,1.0,0.0,4.111088750689369,Tier 1 (triangulated)
EIF3A,eIF3 complex,0.2328104354482625,0.3282465715625528,4,0.75,II_conserved_high_het,True,0.1853675266687074,0.0,0.3333333333333333,0.03428409710648211,0.75,1.0,0.2780512900030611,0.0,1.0,0.3333333333333333,4.1001461561056605,Tier 2 (corroborated)
RPL32P1,60S ribosomal,3.802300647106131e-05,-2.743906294966832,2,1.0,I_conserved_low_het,True,0.0,0.0,,0.23956043955414186,1.0,1.0,0.0,0.0,1.0,0.0,4.098901098885355,Tier 2 (corroborated)
DHX38,DHX/DDX helicase,0.0054356114976236,0.3788811427779368,4,0.75,II_conserved_high_het,True,0.0,0.0,0.6666666666666666,0.12273521745122115,0.75,1.0,0.0,0.0,1.0,0.6666666666666666,4.09850471029472,Tier 2 (corroborated)
RPL23AP53,60S ribosomal,0.0127323323969495,0.6059820961373216,2,1.0,I_conserved_low_het,True,0.0,0.0,0.3333333333333333,0.10269739221293224,1.0,1.0,0.0,0.0,1.0,0.3333333333333333,4.090076813865664,Tier 2 (corroborated)
RPL7L1P8,60S ribosomal,0.7155687375904102,0.7407816707735748,2,1.0,II_conserved_high_het,True,0.1869884335128611,0.0,,0.007850521958505285,1.0,1.0,0.28048265026929164,0.0,1.0,0.0,4.080591605434847,Tier 2 (corroborated)
DDX5,DHX/DDX helicase,0.0160969888077482,0.7756969937000852,4,1.0,II_conserved_high_het,True,0.0,0.0,0.3333333333333333,0.09717721716007469,1.0,1.0,0.0,0.0,1.0,0.3333333333333333,4.07627637623352,Tier 2 (corroborated)
RPS4XP16,40S ribosomal,0.0276493355306928,-1.1303069195547533,2,1.0,I_conserved_low_het,True,0.1162391778361868,0.0,,0.08444201884610626,1.0,1.0,0.17435876675428022,0.0,1.0,0.0,4.059822580623826,Tier 1 (triangulated)
EIF3J,eIF3 complex,0.563801209475052,0.3478876002896078,4,0.75,II_conserved_high_het,True,0.1884706647994458,0.0,0.3333333333333333,0.013462233934681548,0.75,1.0,0.2827059971991687,0.0,1.0,0.3333333333333333,4.057400912568375,Tier 2 (corroborated)
RPS6KA4,40S ribosomal,0.4822367704693441,-0.1091658539148267,3,0.6666666666666666,III_context_dependent,True,0.0,0.0,1.0,0.017140971900825717,0.6666666666666666,1.0,0.0,0.0,1.0,1.0,4.042852429752064,Tier 3 (single-stream)
RPL21P75,60S ribosomal,0.2883852625243037,-0.4832910010535868,3,1.0,II_conserved_high_het,True,0.1552632975092516,0.0,,0.02924451682481939,1.0,1.0,0.2328949462638774,0.0,1.0,0.0,4.038901184589803,Tier 2 (corroborated)
RPL12P42,60S ribosomal,0.4043589995998477,-1.229416230664935,2,1.0,II_conserved_high_het,True,0.1535859388456081,0.0,,0.021287375017533472,1.0,1.0,0.23037890826841215,0.0,1.0,0.0,4.013976254080658,Tier 2 (corroborated)
DHX30,DHX/DDX helicase,0.0467201321765984,0.4252258493685058,4,1.0,II_conserved_high_het,True,0.0,0.0,0.3333333333333333,0.0720928059415426,1.0,1.0,0.0,0.0,1.0,0.3333333333333333,4.01356534818719,Tier 2 (corroborated)
RPL14P1,60S ribosomal,0.3634408877387104,-0.7817960799820097,3,1.0,II_conserved_high_het,True,0.1481316614749921,0.0,,0.02379892685366261,1.0,1.0,0.22219749221248816,0.0,1.0,0.0,4.003892301559133,Tier 2 (corroborated)
RPL7P1,60S ribosomal,0.1679540789031115,-1.127476859487112,3,1.0,II_conserved_high_het,True,0.1234215991473016,0.0,,0.04197117498360479,1.0,1.0,0.1851323987209524,0.0,1.0,0.0,3.9751927349009164,Tier 2 (corroborated)
RPS6KL1,40S ribosomal,0.0958995761224463,0.892849157542688,4,1.0,II_conserved_high_het,True,0.0,0.0,0.3333333333333333,0.055163537817939326,1.0,1.0,0.0,0.0,1.0,0.3333333333333333,3.9712421778781817,Tier 3 (single-stream)
RPL29P11,60S ribosomal,0.3526320132722269,-0.3726184275973169,3,1.0,II_conserved_high_het,True,0.1335092494854817,0.0,,0.024509680623808296,1.0,1.0,0.20026387422822256,0.0,1.0,0.0,3.961801950015966,Tier 2 (corroborated)
EIF4BP3,eIF4/initiation,0.1532051056923198,-0.509544349959934,3,1.0,I_conserved_low_het,True,0.1133321382272282,0.0,,0.04413493944264379,1.0,1.0,0.1699982073408423,0.0,1.0,0.0,3.9503337632882944,Tier 2 (corroborated)
RPS4XP11,40S ribosomal,0.7763825831857716,-0.3135952556693935,2,1.0,II_conserved_high_het,True,0.1408384521840439,0.0,,0.005930299869091073,1.0,1.0,0.21125767827606584,0.0,1.0,0.0,3.937341106224859,Tier 2 (corroborated)
RPS28P4,40S ribosomal,0.4901512706093152,-0.4071661249405862,3,1.0,II_conserved_high_het,True,0.1312705372414039,0.0,,0.016757744615648183,1.0,1.0,0.19690580586210585,0.0,1.0,0.0,3.935705973263332,Tier 2 (corroborated)
DHX34,DHX/DDX helicase,0.1848772440303006,0.3770533754013028,4,1.0,II_conserved_high_het,True,0.0,0.0,0.3333333333333333,0.03971116281229935,1.0,1.0,0.0,0.0,1.0,0.3333333333333333,3.9326112403640816,Tier 3 (single-stream)
RPL15P20,60S ribosomal,0.5066905020287974,-0.5610058989960328,2,1.0,II_conserved_high_het,True,0.128511526021217,0.0,,0.01597649125043455,1.0,1.0,0.1927672890318255,0.0,1.0,0.0,3.9254758061897377,Tier 2 (corroborated)
EIF5B,other eIF,0.388256178312533,0.5333413938033774,4,0.75,II_conserved_high_het,True,0.1370433843163031,0.0,0.3333333333333333,0.022244045336113138,0.75,1.0,0.20556507647445468,0.0,1.0,0.3333333333333333,3.9250735996225257,Tier 2 (corroborated)
RPL7P8,60S ribosomal,0.5547591544226552,-0.9310687551180968,2,1.0,II_conserved_high_het,True,0.1282250339352628,0.0,,0.013842843878765413,1.0,1.0,0.1923375509028942,0.0,1.0,0.0,3.919282211502702,Tier 2 (corroborated)
RPL23AP97,60S ribosomal,0.4276081915115864,-1.1076189531340883,2,1.0,II_conserved_high_het,True,0.1219698967190571,0.0,,0.019971308926579823,1.0,1.0,0.18295484507858567,0.0,1.0,0.0,3.915837962473621,Tier 2 (corroborated)
DDX51,DHX/DDX helicase,0.1319528337687642,0.289603541005414,4,0.75,II_conserved_high_het,True,0.0,0.0,0.6666666666666666,0.04765045379101218,0.75,1.0,0.0,0.0,1.0,0.6666666666666666,3.910792801144197,Tier 3 (single-stream)
RPS2P7,40S ribosomal,0.6051424241240947,-0.4702654369083606,3,0.6666666666666666,III_context_dependent,True,0.2926083067589849,0.0,,0.011796392044235163,0.6666666666666666,1.0,0.4389124601384774,0.0,1.0,0.0,3.907315900387543,Tier 2 (corroborated)
RPL7AP11,60S ribosomal,0.3006117710099147,-0.8219561848489438,2,1.0,II_conserved_high_het,True,0.1119589298384525,0.0,,0.028267021503831275,1.0,1.0,0.16793839475767877,0.0,1.0,0.0,3.9065443432749354,Tier 2 (corroborated)
RPL19P5,60S ribosomal,0.7031740133125939,-0.6238216052256687,2,1.0,II_conserved_high_het,True,0.1282676745156011,0.0,,0.008261867897656554,1.0,1.0,0.19240151177340165,0.0,1.0,0.0,3.905457693290945,Tier 2 (corroborated)
RPL15P18,60S ribosomal,0.5474760779647756,-0.8105051566409649,3,1.0,II_conserved_high_het,True,0.1203280743756714,0.0,,0.014153950927334279,1.0,1.0,0.1804921115635071,0.0,1.0,0.0,3.8963691004453502,Tier 2 (corroborated)
EIF4G1,eIF4/initiation,0.0658305180988595,0.7339553947892384,4,0.75,II_conserved_high_het,True,0.2004165997147983,0.0,0.0,0.06402025056945036,0.75,1.0,0.30062489957219746,0.0,1.0,0.0,3.8863004255680207,Tier 2 (corroborated)
RPL21P28,60S ribosomal,0.4482670832049839,-0.5680597394458939,3,1.0,II_conserved_high_het,True,0.0,0.0,0.3333333333333333,0.01886057955076654,1.0,1.0,0.0,0.0,1.0,0.3333333333333333,3.88048478221025,Tier 3 (single-stream)
RPL37A-DT,60S ribosomal,0.6222661327349194,-0.8084799560187188,3,0.6666666666666666,III_context_dependent,True,0.2728595468336723,0.0,,0.011139491214034068,0.6666666666666666,1.0,0.40928932025050846,0.0,1.0,0.0,3.8464273685361023,Tier 2 (corroborated)
DDX10,DHX/DDX helicase,0.6960244204392613,0.3603247811574711,4,0.75,II_conserved_high_het,True,0.1168950114957357,0.0,0.3333333333333333,0.008502453000165305,0.75,1.0,0.17534251724360356,0.0,1.0,0.3333333333333333,3.830274500320954,Tier 2 (corroborated)
RPS6KB1,40S ribosomal,0.6246390945928917,0.2353227892543503,4,0.75,II_conserved_high_het,True,0.0,0.0,0.6666666666666666,0.011049888578036496,0.75,1.0,0.0,0.0,1.0,0.6666666666666666,3.819291388111758,Tier 3 (single-stream)
DDX42,DHX/DDX helicase,0.0024899214943719,0.2343982841789226,4,0.75,II_conserved_high_het,True,0.0,0.0,0.3333333333333333,0.14111450737618905,0.75,1.0,0.0,0.0,1.0,0.3333333333333333,3.811119601773806,Tier 2 (corroborated)
RPL10P16,60S ribosomal,0.0051727291760756,-0.4952572860496885,3,1.0,I_conserved_low_het,True,0.0,0.0,,0.1239022038509028,1.0,1.0,0.0,0.0,1.0,0.0,3.809755509627257,Tier 2 (corroborated)
RPL10A,60S ribosomal,0.4306820300535808,-0.2652426906456742,4,0.5,III_context_dependent,True,0.0,0.0,1.0,0.01980268791364319,0.5,1.0,0.0,0.0,1.0,1.0,3.799506719784108,Tier 3 (single-stream)
RPL7P21,60S ribosomal,0.0062773871908859,1.0443022084066544,2,1.0,I_conserved_low_het,True,0.0,0.0,,0.11934567871260923,1.0,1.0,0.0,0.0,1.0,0.0,3.798364196781523,Tier 2 (corroborated)
EIF2AK4,other eIF,0.4507423455798796,-0.4487756737415871,4,0.5,III_context_dependent,True,0.0,0.0,1.0,0.01873094491816459,0.5,1.0,0.0,0.0,1.0,1.0,3.7968273622954114,Tier 3 (single-stream)
DDX46,DHX/DDX helicase,0.0105880262878214,0.3272297820121658,4,1.0,II_conserved_high_het,True,0.0,0.0,0.0,0.10703892386505875,1.0,1.0,0.0,0.0,1.0,0.0,3.767597309662647,Tier 2 (corroborated)
EIF2B2,other eIF,1.8814178911150997e-05,0.5099977717559405,4,0.75,II_conserved_high_het,True,0.0,0.0,0.0,0.25612373799010146,0.75,1.0,0.0,0.0,1.0,0.0,3.765309344975254,Tier 2 (corroborated)
RPL39P38,60S ribosomal,0.012371760301122,2.3143475283920334,2,1.0,I_conserved_low_het,True,0.0,0.0,,0.1033736937923697,1.0,1.0,0.0,0.0,1.0,0.0,3.7584342344809243,Tier 2 (corroborated)
RPL15P3,60S ribosomal,0.0130826025324902,-0.4812028738134505,3,1.0,I_conserved_low_het,True,0.0,0.0,,0.10205850870173003,1.0,1.0,0.0,0.0,1.0,0.0,3.755146271754325,Tier 2 (corroborated)
RPS2P36,40S ribosomal,0.0131078727060335,1.4247303334523886,2,1.0,I_conserved_low_het,True,0.0,0.0,,0.10201308025056968,1.0,1.0,0.0,0.0,1.0,0.0,3.7550327006264244,Tier 2 (corroborated)
RPS7P3,40S ribosomal,0.0238963061445013,2.4838101686565213,2,1.0,I_conserved_low_het,True,0.0,0.0,,0.08787619185764989,1.0,1.0,0.0,0.0,1.0,0.0,3.719690479644125,Tier 2 (corroborated)
EIF1B-AS1,other eIF,0.417976953871252,-0.4632723627083112,3,0.6666666666666666,III_context_dependent,True,0.0,0.0,0.6666666666666666,0.020507607307073905,0.6666666666666666,1.0,0.0,0.0,1.0,0.6666666666666666,3.7179356849343512,Tier 3 (single-stream)
RPL4P6,60S ribosomal,0.0318418342934969,1.6383807208272851,2,1.0,II_conserved_high_het,True,0.0,0.0,,0.08111845600401811,1.0,1.0,0.0,0.0,1.0,0.0,3.7027961400100455,Tier 2 (corroborated)
RPL18AP3,60S ribosomal,0.04552226694411,-0.2768100557082119,3,1.0,I_conserved_low_het,True,0.0,0.0,,0.07270426127076939,1.0,1.0,0.0,0.0,1.0,0.0,3.6817606531769234,Tier 2 (corroborated)
DHX29,DHX/DDX helicase,0.0554656826547588,0.5101462325128285,4,1.0,II_conserved_high_het,True,0.0,0.0,0.0,0.06805334664707559,1.0,1.0,0.0,0.0,1.0,0.0,3.670133366617689,Tier 3 (single-stream)
RPS2P16,40S ribosomal,0.0554726559488691,2.4429208326870135,2,1.0,I_conserved_low_het,True,0.0,0.0,,0.06805038714072957,1.0,1.0,0.0,0.0,1.0,0.0,3.670125967851824,Tier 3 (single-stream)
RPL13P12,60S ribosomal,0.0639635926205302,-0.4625093951948996,3,1.0,II_conserved_high_het,True,0.0,0.0,,0.06469752534150093,1.0,1.0,0.0,0.0,1.0,0.0,3.6617438133537523,Tier 3 (single-stream)
RPL13AP25,60S ribosomal,0.0658577688029844,-0.3301588439830732,3,1.0,I_conserved_low_het,True,0.0,0.0,,0.06401050755074196,1.0,1.0,0.0,0.0,1.0,0.0,3.660026268876855,Tier 3 (single-stream)
RPS12P20,40S ribosomal,0.0802434123709157,1.5792188271343088,2,1.0,I_conserved_low_het,True,0.0,0.0,,0.059359490239761996,1.0,1.0,0.0,0.0,1.0,0.0,3.648398725599405,Tier 3 (single-stream)
RPL7AP66,60S ribosomal,0.0862979352092056,-0.6319179688350149,3,1.0,I_conserved_low_het,True,0.0,0.0,,0.05764706257645041,1.0,1.0,0.0,0.0,1.0,0.0,3.644117656441126,Tier 3 (single-stream)
RPL36A,60S ribosomal,0.0977250811721402,0.8143230698630871,3,1.0,II_conserved_high_het,True,0.0,0.0,0.0,0.05471962447923255,1.0,1.0,0.0,0.0,1.0,0.0,3.636799061198081,Tier 3 (single-stream)
RPL10P9,60S ribosomal,0.1159349299401002,-0.3545608383489463,3,1.0,I_conserved_low_het,True,0.0,0.0,,0.05069707944058267,1.0,1.0,0.0,0.0,1.0,0.0,3.626742698601457,Tier 3 (single-stream)
RPL41P2,60S ribosomal,0.1164695208401769,-0.5405665558087873,3,1.0,I_conserved_low_het,True,0.0,0.0,,0.050588776353296144,1.0,1.0,0.0,0.0,1.0,0.0,3.62647194088324,Tier 3 (single-stream)
RPS3AP26,40S ribosomal,0.1366371705185384,-0.2686062309525671,3,1.0,I_conserved_low_het,True,0.0,0.0,,0.046829222949486354,1.0,1.0,0.0,0.0,1.0,0.0,3.617073057373716,Tier 3 (single-stream)
RPL12P14,60S ribosomal,0.1412717836290019,1.7591529937551036,2,1.0,II_conserved_high_het,True,0.0,0.0,,0.04604396170883302,1.0,1.0,0.0,0.0,1.0,0.0,3.6151099042720825,Tier 3 (single-stream)
RPL41P1,60S ribosomal,0.1432207962668926,-0.5940499595585306,3,1.0,II_conserved_high_het,True,0.0,0.0,,0.04572139952106022,1.0,1.0,0.0,0.0,1.0,0.0,3.6143034988026503,Tier 3 (single-stream)
RPL34-DT,60S ribosomal,0.1484551767160033,-1.3101258458236609,2,1.0,I_conserved_low_het,True,0.0,0.0,,0.044876365471753325,1.0,1.0,0.0,0.0,1.0,0.0,3.6121909136793833,Tier 3 (single-stream)
RPS2P55,40S ribosomal,0.1545886280532631,-0.3219028521138748,3,1.0,I_conserved_low_het,True,0.0,0.0,,0.04392330210784652,1.0,1.0,0.0,0.0,1.0,0.0,3.6098082552696162,Tier 3 (single-stream)
EIF2S2P3,other eIF,0.1684103653476231,-1.4709839663221178,2,1.0,I_conserved_low_het,True,0.0,0.0,,0.04190730589761315,1.0,1.0,0.0,0.0,1.0,0.0,3.604768264744033,Tier 3 (single-stream)
RPS3AP6,40S ribosomal,0.1708322750364659,-0.2227469947479985,3,1.0,I_conserved_low_het,True,0.0,0.0,,0.04157116772222901,1.0,1.0,0.0,0.0,1.0,0.0,3.6039279193055727,Tier 3 (single-stream)
RPS2P5,40S ribosomal,0.1813648344069493,-0.4567706895690567,3,1.0,II_conserved_high_het,True,0.0,0.0,,0.040162720441028456,1.0,1.0,0.0,0.0,1.0,0.0,3.6004068011025714,Tier 3 (single-stream)
RPL3P7,60S ribosomal,0.1838849157924172,-0.8305401610888398,3,1.0,II_conserved_high_het,True,0.0,0.0,,0.03983786175718131,1.0,1.0,0.0,0.0,1.0,0.0,3.5995946543929533,Tier 3 (single-stream)
RPSAP19,40S ribosomal,0.1863767829482862,-1.0815450339817572,2,1.0,II_conserved_high_het,True,0.0,0.0,,0.03952098848871103,1.0,1.0,0.0,0.0,1.0,0.0,3.5988024712217777,Tier 3 (single-stream)
RPL23AP7,60S ribosomal,0.2026872355929592,0.7061420531231637,2,1.0,II_conserved_high_het,True,0.0,0.0,0.0,0.03754600936011449,1.0,1.0,0.0,0.0,1.0,0.0,3.5938650234002862,Tier 3 (single-stream)
RPL22P1,60S ribosomal,0.2039483446699397,-0.5305956148398051,2,1.0,II_conserved_high_het,True,0.0,0.0,,0.037399989604390095,1.0,1.0,0.0,0.0,1.0,0.0,3.5934999740109754,Tier 3 (single-stream)
RPL23AP42,60S ribosomal,0.2049336799089895,-0.4269954940609046,3,1.0,II_conserved_high_het,True,0.0,0.0,,0.03728652777351914,1.0,1.0,0.0,0.0,1.0,0.0,3.5932163194337976,Tier 3 (single-stream)
RPL7P57,60S ribosomal,0.2198443472059642,1.6429707696666818,3,1.0,II_conserved_high_het,True,0.0,0.0,,0.035633133396608695,1.0,1.0,0.0,0.0,1.0,0.0,3.5890828334915215,Tier 3 (single-stream)
RPL7AP6,60S ribosomal,0.2395954702556199,-0.9813081628383608,3,1.0,II_conserved_high_het,True,0.0,0.0,,0.03360781238261802,1.0,1.0,0.0,0.0,1.0,0.0,3.584019530956545,Tier 3 (single-stream)
RPL7P46,60S ribosomal,0.2464414426762124,0.6312643454622676,2,1.0,II_conserved_high_het,True,0.0,0.0,,0.03294459245853965,1.0,1.0,0.0,0.0,1.0,0.0,3.582361481146349,Tier 3 (single-stream)
RPL29P33,60S ribosomal,0.2480316957539495,-1.351688249605784,2,1.0,II_conserved_high_het,True,0.0,0.0,,0.032793170803777576,1.0,1.0,0.0,0.0,1.0,0.0,3.581982927009444,Tier 3 (single-stream)
RPL23AP87,60S ribosomal,0.2656475609717873,0.8610699576399504,2,1.0,II_conserved_high_het,True,0.0,0.0,,0.031177900395060774,1.0,1.0,0.0,0.0,1.0,0.0,3.577944750987652,Tier 3 (single-stream)
RPS2P46,40S ribosomal,0.2693126702944038,-0.3148660502149815,3,1.0,II_conserved_high_het,True,0.0,0.0,,0.030855322071535782,1.0,1.0,0.0,0.0,1.0,0.0,3.5771383051788392,Tier 3 (single-stream)
EIF1AX-AS1,other eIF,0.2713135571802366,1.5344587374310448,2,1.0,II_conserved_high_het,True,0.0,0.0,,0.030681065020622077,1.0,1.0,0.0,0.0,1.0,0.0,3.576702662551555,Tier 3 (single-stream)
RPS12P3,40S ribosomal,0.2715379823510973,0.8577216327113141,3,1.0,II_conserved_high_het,True,0.0,0.0,,0.03066160006287288,1.0,1.0,0.0,0.0,1.0,0.0,3.5766540001571823,Tier 3 (single-stream)
EIF4E,eIF4/initiation,0.1357295169845621,0.7225266145262644,4,0.75,II_conserved_high_het,True,0.0,0.0,0.3333333333333333,0.04698612574143962,0.75,1.0,0.0,0.0,1.0,0.3333333333333333,3.575798647686933,Tier 3 (single-stream)
RPL15P2,60S ribosomal,0.2876402547684454,-0.9968688758102768,3,1.0,II_conserved_high_het,True,0.0,0.0,,0.029305411912968773,1.0,1.0,0.0,0.0,1.0,0.0,3.5732635297824222,Tier 3 (single-stream)
RPL7P9,60S ribosomal,0.2929028141411514,-0.6456544085745813,3,1.0,II_conserved_high_het,True,0.0,0.0,,0.02887859913759328,1.0,1.0,0.0,0.0,1.0,0.0,3.5721964978439833,Tier 3 (single-stream)
DDX19B,DHX/DDX helicase,0.2937345594208627,0.4124256087407487,3,1.0,II_conserved_high_het,True,0.0,0.0,0.0,0.02881184412868162,1.0,1.0,0.0,0.0,1.0,0.0,3.572029610321704,Tier 3 (single-stream)
RPLP0P6,60S ribosomal,0.2956310726877216,-0.5358015025140593,3,1.0,II_conserved_high_het,True,0.0,0.0,,0.028660336142030236,1.0,1.0,0.0,0.0,1.0,0.0,3.5716508403550753,Tier 3 (single-stream)
RPS3AP47,40S ribosomal,0.3016107974039874,-0.6799273584483234,3,1.0,II_conserved_high_het,True,0.0,0.0,,0.02818891570402595,1.0,1.0,0.0,0.0,1.0,0.0,3.570472289260065,Tier 3 (single-stream)
RPL4P3,60S ribosomal,0.3192601668839814,-1.4513187165833956,2,1.0,II_conserved_high_het,True,0.0,0.0,,0.026850140013861275,1.0,1.0,0.0,0.0,1.0,0.0,3.567125350034653,Tier 3 (single-stream)
RPL29P14,60S ribosomal,0.3395954794168939,4.895740947543347,2,1.0,II_conserved_high_het,True,0.0,0.0,,0.025396484524677077,1.0,1.0,0.0,0.0,1.0,0.0,3.5634912113116926,Tier 3 (single-stream)
RPL17P36,60S ribosomal,0.3488426360681105,-1.1815045938903446,2,1.0,II_conserved_high_het,True,0.0,0.0,,0.024764025522794275,1.0,1.0,0.0,0.0,1.0,0.0,3.5619100638069856,Tier 3 (single-stream)
RPL3P2,60S ribosomal,0.3661883306104145,-0.6669755153279416,3,1.0,II_conserved_high_het,True,0.0,0.0,,0.023621633907799436,1.0,1.0,0.0,0.0,1.0,0.0,3.5590540847694987,Tier 3 (single-stream)
RPS23P8,40S ribosomal,0.3869194819610685,-0.4415879290457524,3,1.0,II_conserved_high_het,True,0.0,0.0,,0.02232523411606956,1.0,1.0,0.0,0.0,1.0,0.0,3.5558130852901737,Tier 3 (single-stream)
RPL26P19,60S ribosomal,0.3965900396507161,-0.3022509821612224,3,1.0,II_conserved_high_het,True,0.0,0.0,,0.021744078757798442,1.0,1.0,0.0,0.0,1.0,0.0,3.5543601968944962,Tier 3 (single-stream)
RPSAP18,40S ribosomal,0.4077578097612602,-0.8299130240412995,3,1.0,II_conserved_high_het,True,0.0,0.0,,0.021090326172409794,1.0,1.0,0.0,0.0,1.0,0.0,3.5527258154310246,Tier 3 (single-stream)
RPL29P24,60S ribosomal,0.4103232791202653,-1.2471395247621928,2,1.0,II_conserved_high_het,True,0.0,0.0,,0.02094267569615053,1.0,1.0,0.0,0.0,1.0,0.0,3.5523566892403764,Tier 3 (single-stream)
RPL7P16,60S ribosomal,0.4293353679447052,-1.057329122636688,2,1.0,II_conserved_high_het,True,0.0,0.0,,0.019876412901280588,1.0,1.0,0.0,0.0,1.0,0.0,3.549691032253201,Tier 3 (single-stream)
RPL7L1,60S ribosomal,0.5834205895673309,0.309930653835003,4,0.75,II_conserved_high_het,True,0.1309631156209062,0.0,0.0,0.012656960848313591,0.75,1.0,0.19644467343135932,0.0,1.0,0.0,3.5495317489835028,Tier 2 (corroborated)
RPL26P36,60S ribosomal,0.4378169647410643,-0.7150754160890569,3,1.0,II_conserved_high_het,True,0.0,0.0,,0.019415881735306204,1.0,1.0,0.0,0.0,1.0,0.0,3.548539704338266,Tier 3 (single-stream)
RPL7P23,60S ribosomal,0.4401060197554558,-0.5649408729337647,3,1.0,II_conserved_high_het,True,0.0,0.0,,0.019293119794620457,1.0,1.0,0.0,0.0,1.0,0.0,3.5482327994865512,Tier 3 (single-stream)
RPL12P4,60S ribosomal,0.4438458094336183,-0.4647439624727819,3,1.0,II_conserved_high_het,True,0.0,0.0,,0.019093922185741876,1.0,1.0,0.0,0.0,1.0,0.0,3.547734805464355,Tier 3 (single-stream)
RPS7P4,40S ribosomal,0.4487642424007765,-0.9178701783001753,2,1.0,II_conserved_high_het,True,0.0,0.0,,0.01883448493768242,1.0,1.0,0.0,0.0,1.0,0.0,3.547086212344206,Tier 3 (single-stream)
RPL4P2,60S ribosomal,0.4586229829759823,-1.2937855085068102,2,1.0,II_conserved_high_het,True,0.0,0.0,,0.018322910520818893,1.0,1.0,0.0,0.0,1.0,0.0,3.545807276302047,Tier 3 (single-stream)
EIF4BP7,eIF4/initiation,0.4682909036927354,-0.7948841979900255,3,1.0,II_conserved_high_het,True,0.0,0.0,,0.017831807742331764,1.0,1.0,0.0,0.0,1.0,0.0,3.544579519355829,Tier 3 (single-stream)
EIF2AK2,other eIF,0.2311871460596841,0.3326664179504769,4,0.75,II_conserved_high_het,True,0.0,0.0,0.3333333333333333,0.034448816583450254,0.75,1.0,0.0,0.0,1.0,0.3333333333333333,3.544455374791959,Tier 3 (single-stream)
RPL5P23,60S ribosomal,0.47123071600756,-0.5799748923452778,3,1.0,II_conserved_high_het,True,0.0,0.0,,0.017684482489898835,1.0,1.0,0.0,0.0,1.0,0.0,3.5442112062247473,Tier 3 (single-stream)
RPL41P5,60S ribosomal,0.4830894197854469,-0.2756180836108307,3,1.0,II_conserved_high_het,True,0.0,0.0,,0.017099384725648533,1.0,1.0,0.0,0.0,1.0,0.0,3.5427484618141216,Tier 3 (single-stream)
RPL22P16,60S ribosomal,0.4867035710642842,-0.9170006930862872,2,1.0,II_conserved_high_het,True,0.0,0.0,,0.016923919020265434,1.0,1.0,0.0,0.0,1.0,0.0,3.5423097975506637,Tier 3 (single-stream)
DDX39B-AS1,DHX/DDX helicase,0.4899480014209323,1.8057515559689865,2,1.0,II_conserved_high_het,True,0.0,0.0,,0.016767509440157573,1.0,1.0,0.0,0.0,1.0,0.0,3.541918773600394,Tier 3 (single-stream)
RPS27AP11,40S ribosomal,0.4969608699066554,-1.0324274352247815,2,1.0,II_conserved_high_het,True,0.0,0.0,,0.016432937972468024,1.0,1.0,0.0,0.0,1.0,0.0,3.54108234493117,Tier 3 (single-stream)
RPL23AP18,60S ribosomal,0.5081973327741345,-1.0765308446829147,2,1.0,II_conserved_high_het,True,0.0,0.0,,0.015906586016197495,1.0,1.0,0.0,0.0,1.0,0.0,3.5397664650404934,Tier 3 (single-stream)
RPL5P1,60S ribosomal,0.5081973327741345,-0.3910711118003414,2,1.0,II_conserved_high_het,True,0.0,0.0,,0.015906586016197495,1.0,1.0,0.0,0.0,1.0,0.0,3.5397664650404934,Tier 3 (single-stream)
RPL26P6,60S ribosomal,0.5081973327741345,0.5622201973015452,3,1.0,II_conserved_high_het,True,0.0,0.0,,0.015906586016197495,1.0,1.0,0.0,0.0,1.0,0.0,3.5397664650404934,Tier 3 (single-stream)
RPL7AP50,60S ribosomal,0.5171588843236248,-0.505963153069632,3,1.0,II_conserved_high_het,True,0.0,0.0,,0.015495074070581281,1.0,1.0,0.0,0.0,1.0,0.0,3.538737685176453,Tier 3 (single-stream)
RPL21P16,60S ribosomal,0.5238376981949493,-0.4585477289148572,3,1.0,II_conserved_high_het,True,0.0,0.0,,0.015192996176029674,1.0,1.0,0.0,0.0,1.0,0.0,3.5379824904400743,Tier 3 (single-stream)
RPL9P3,60S ribosomal,0.5331962645947521,-0.7292767123137065,2,1.0,II_conserved_high_het,True,0.0,0.0,,0.014776131896710528,1.0,1.0,0.0,0.0,1.0,0.0,3.5369403297417765,Tier 3 (single-stream)
RPS26P13,40S ribosomal,0.5347474423827786,1.005840562935395,2,1.0,II_conserved_high_het,True,0.0,0.0,,0.014707744437034752,1.0,1.0,0.0,0.0,1.0,0.0,3.536769361092587,Tier 3 (single-stream)
RPL6P27,60S ribosomal,0.5571504761731906,-1.0719183296733468,2,1.0,II_conserved_high_het,True,0.0,0.0,,0.01374158522671736,1.0,1.0,0.0,0.0,1.0,0.0,3.5343539630667937,Tier 3 (single-stream)
RPL10AP6,60S ribosomal,0.5588340070917115,-0.4757288679822635,3,1.0,II_conserved_high_het,True,0.0,0.0,,0.013670557777225733,1.0,1.0,0.0,0.0,1.0,0.0,3.5341763944430644,Tier 3 (single-stream)
RPS6KC1,40S ribosomal,0.2766609354545327,0.3319544402321949,4,0.75,II_conserved_high_het,True,0.0,0.0,0.3333333333333333,0.03022159487284229,0.75,1.0,0.0,0.0,1.0,0.3333333333333333,3.5338873205154395,Tier 3 (single-stream)
RPL7P44,60S ribosomal,0.5673163872235939,-0.8986989720051819,2,1.0,II_conserved_high_het,True,0.0,0.0,,0.013315913871562172,1.0,1.0,0.0,0.0,1.0,0.0,3.5332897846789058,Tier 3 (single-stream)
RPL32P11,60S ribosomal,0.5774556459326267,-1.101939255299688,2,1.0,II_conserved_high_het,True,0.0,0.0,,0.012898889439005263,1.0,1.0,0.0,0.0,1.0,0.0,3.532247223597513,Tier 3 (single-stream)
RPS4XP6,40S ribosomal,0.5778060138012997,-0.5016609458832753,2,1.0,II_conserved_high_het,True,0.0,0.0,,0.012884610140445965,1.0,1.0,0.0,0.0,1.0,0.0,3.532211525351115,Tier 3 (single-stream)
RPL9P32,60S ribosomal,0.5809179929112656,-0.3753182918668096,2,1.0,II_conserved_high_het,True,0.0,0.0,,0.012758159608026311,1.0,1.0,0.0,0.0,1.0,0.0,3.531895399020066,Tier 3 (single-stream)
RPSAP17,40S ribosomal,0.583294427130615,-0.9062637703953684,2,1.0,II_conserved_high_het,True,0.0,0.0,,0.01266205214297039,1.0,1.0,0.0,0.0,1.0,0.0,3.531655130357426,Tier 3 (single-stream)
RPLP1P6,60S ribosomal,0.5993251970530581,0.9961610470540824,2,1.0,II_conserved_high_het,True,0.0,0.0,,0.012023790344220327,1.0,1.0,0.0,0.0,1.0,0.0,3.5300594758605506,Tier 3 (single-stream)
RPL13AP7,60S ribosomal,0.6028708573923046,-0.7707236052441508,2,1.0,II_conserved_high_het,True,0.0,0.0,,0.011884927505092522,1.0,1.0,0.0,0.0,1.0,0.0,3.5297123187627313,Tier 3 (single-stream)
RPS12P26,40S ribosomal,0.6102732809069698,-1.0283026118191618,2,1.0,II_conserved_high_het,True,0.0,0.0,,0.011597631316387923,1.0,1.0,0.0,0.0,1.0,0.0,3.52899407829097,Tier 3 (single-stream)
RPL36AP54,60S ribosomal,0.6117343786312649,1.721923037806479,2,1.0,II_conserved_high_het,True,0.0,0.0,,0.011541336488825908,1.0,1.0,0.0,0.0,1.0,0.0,3.5288533412220646,Tier 3 (single-stream)
RPS7P11,40S ribosomal,0.6143340297715993,-0.4447728833478373,3,1.0,II_conserved_high_het,True,0.0,0.0,,0.011441505822391857,1.0,1.0,0.0,0.0,1.0,0.0,3.52860376455598,Tier 3 (single-stream)
RPS15AP36,40S ribosomal,0.6172838560418173,-0.5271828431053446,2,1.0,II_conserved_high_het,True,0.0,0.0,,0.01132873824975257,1.0,1.0,0.0,0.0,1.0,0.0,3.5283218456243812,Tier 3 (single-stream)
RPS27AP16,40S ribosomal,0.6266857989726808,-0.8113929153778023,2,1.0,II_conserved_high_het,True,0.0,0.0,,0.010972878356671566,1.0,1.0,0.0,0.0,1.0,0.0,3.527432195891679,Tier 3 (single-stream)
EIF4A1P7,eIF4/initiation,0.6279475992639448,-0.6995106113399094,2,1.0,II_conserved_high_het,True,0.0,0.0,,0.010925526514930933,1.0,1.0,0.0,0.0,1.0,0.0,3.5273138162873274,Tier 3 (single-stream)
RPL23AP2,60S ribosomal,0.641283456997883,-0.6453388653996188,2,1.0,II_conserved_high_het,True,0.0,0.0,,0.010430806824495563,1.0,1.0,0.0,0.0,1.0,0.0,3.526077017061239,Tier 3 (single-stream)
RPS20P10,40S ribosomal,0.6478232755527196,0.5301430360027715,2,1.0,II_conserved_high_het,True,0.0,0.0,,0.010191946785794666,1.0,1.0,0.0,0.0,1.0,0.0,3.5254798669644867,Tier 3 (single-stream)
RPL21P120,60S ribosomal,0.6522704792331656,-0.7323965759832893,2,1.0,II_conserved_high_het,True,0.0,0.0,,0.010030890754825045,1.0,1.0,0.0,0.0,1.0,0.0,3.5250772268870625,Tier 3 (single-stream)
RPL23AP65,60S ribosomal,0.6529731026755279,-0.2810776465075698,3,1.0,II_conserved_high_het,True,0.0,0.0,,0.010005545651793188,1.0,1.0,0.0,0.0,1.0,0.0,3.525013864129483,Tier 3 (single-stream)
RPS2P48,40S ribosomal,0.6775391447664945,-0.7638452393736666,2,1.0,II_conserved_high_het,True,0.0,0.0,,0.009136127660060956,1.0,1.0,0.0,0.0,1.0,0.0,3.5228403191501525,Tier 3 (single-stream)
RPL23AP3,60S ribosomal,0.680489165396339,-0.6077827541620081,2,1.0,II_conserved_high_het,True,0.0,0.0,,0.009033850216891487,1.0,1.0,0.0,0.0,1.0,0.0,3.522584625542229,Tier 3 (single-stream)
RPL13AP3,60S ribosomal,0.688597307599245,-0.9053378878062972,2,1.0,II_conserved_high_het,True,0.0,0.0,,0.008755008014153487,1.0,1.0,0.0,0.0,1.0,0.0,3.5218875200353836,Tier 3 (single-stream)
RPL10P6,60S ribosomal,0.6908283560309666,-0.6410628414746529,2,1.0,II_conserved_high_het,True,0.0,0.0,,0.00867885729218648,1.0,1.0,0.0,0.0,1.0,0.0,3.5216971432304662,Tier 3 (single-stream)
RPL12P17,60S ribosomal,0.6920752462157477,-0.4977402043598281,2,1.0,II_conserved_high_het,True,0.0,0.0,,0.008636405173861874,1.0,1.0,0.0,0.0,1.0,0.0,3.5215910129346546,Tier 3 (single-stream)
EIF3LP3,eIF3 complex,0.6992701946409619,0.658021617755633,2,1.0,II_conserved_high_het,True,0.0,0.0,,0.008392927279557786,1.0,1.0,0.0,0.0,1.0,0.0,3.5209823181988944,Tier 3 (single-stream)
RPSAP61,40S ribosomal,0.6998014304944676,-0.6758172372553577,2,1.0,II_conserved_high_het,True,0.0,0.0,,0.00837504963080247,1.0,1.0,0.0,0.0,1.0,0.0,3.520937624077006,Tier 3 (single-stream)
RPL7AP31,60S ribosomal,0.701518490829774,-0.6040199845227284,2,1.0,II_conserved_high_het,True,0.0,0.0,,0.008317358184423957,1.0,1.0,0.0,0.0,1.0,0.0,3.5207933954610597,Tier 3 (single-stream)
RPL24P8,60S ribosomal,0.7032677864739624,-0.2520022944233196,3,1.0,II_conserved_high_het,True,0.0,0.0,,0.008258728692182974,1.0,1.0,0.0,0.0,1.0,0.0,3.520646821730457,Tier 3 (single-stream)
EIF2B1,other eIF,0.3575066090039255,0.1289673928633439,4,0.75,II_conserved_high_het,True,0.0,0.0,0.3333333333333333,0.024186485171016382,0.75,1.0,0.0,0.0,1.0,0.3333333333333333,3.5187995462608743,Tier 3 (single-stream)
RPS15AP11,40S ribosomal,0.7295685320808607,-0.5984328177176053,2,1.0,II_conserved_high_het,True,0.0,0.0,,0.007394391477088744,1.0,1.0,0.0,0.0,1.0,0.0,3.5184859786927216,Tier 3 (single-stream)
RPL36AP16,60S ribosomal,0.738956031876723,-0.6431688383848925,2,1.0,II_conserved_high_het,True,0.0,0.0,,0.007093411509625255,1.0,1.0,0.0,0.0,1.0,0.0,3.5177335287740634,Tier 3 (single-stream)
RPS3AP25,40S ribosomal,0.7426939738497988,-0.3438225488612291,2,1.0,II_conserved_high_het,True,0.0,0.0,,0.006974629464209395,1.0,1.0,0.0,0.0,1.0,0.0,3.5174365736605235,Tier 3 (single-stream)
RPS3AP20,40S ribosomal,0.7431709136552087,-0.3790506774527216,2,1.0,II_conserved_high_het,True,0.0,0.0,,0.006959516584867324,1.0,1.0,0.0,0.0,1.0,0.0,3.5173987914621683,Tier 3 (single-stream)
RPL7P59,60S ribosomal,0.7441083196707963,-0.5665225909493382,2,1.0,II_conserved_high_het,True,0.0,0.0,,0.006929841072254773,1.0,1.0,0.0,0.0,1.0,0.0,3.517324602680637,Tier 3 (single-stream)
RPL12P38,60S ribosomal,0.7719165765782305,-0.4757375648295552,2,1.0,II_conserved_high_het,True,0.0,0.0,,0.006066108896049754,1.0,1.0,0.0,0.0,1.0,0.0,3.5151652722401243,Tier 3 (single-stream)
RPL10P3,60S ribosomal,0.7745168658542196,-0.3988681829493253,2,1.0,II_conserved_high_het,True,0.0,0.0,,0.005986940145450066,1.0,1.0,0.0,0.0,1.0,0.0,3.514967350363625,Tier 3 (single-stream)
RPSAP56,40S ribosomal,0.7786915277902612,-0.7325583684996518,2,1.0,II_conserved_high_het,True,0.0,0.0,,0.005860392060021337,1.0,1.0,0.0,0.0,1.0,0.0,3.514650980150053,Tier 3 (single-stream)
RPL7P26,60S ribosomal,0.7799599856783254,-0.4091626723924703,2,1.0,II_conserved_high_het,True,0.0,0.0,,0.005822075185764938,1.0,1.0,0.0,0.0,1.0,0.0,3.5145551879644126,Tier 3 (single-stream)
RPL37AP1,60S ribosomal,0.7844270200143941,-0.179627217952541,2,1.0,II_conserved_high_het,True,0.0,0.0,,0.005687631868071809,1.0,1.0,0.0,0.0,1.0,0.0,3.5142190796701795,Tier 3 (single-stream)
RPL12P6,60S ribosomal,0.7904258166429008,-0.2383264569486028,3,1.0,II_conserved_high_het,True,0.0,0.0,,0.00550828689338126,1.0,1.0,0.0,0.0,1.0,0.0,3.513770717233453,Tier 3 (single-stream)
RPL10P12,60S ribosomal,0.7917009326598818,-0.383037748602269,2,1.0,II_conserved_high_het,True,0.0,0.0,,0.005470340415498952,1.0,1.0,0.0,0.0,1.0,0.0,3.513675851038747,Tier 3 (single-stream)
EIF4EBP3,eIF4/initiation,0.7967497019921669,0.1661099074695425,2,1.0,II_conserved_high_het,True,0.0,0.0,,0.005320690588516132,1.0,1.0,0.0,0.0,1.0,0.0,3.5133017264712905,Tier 3 (single-stream)
RPSAP5,40S ribosomal,0.8279448210803735,-0.5237085773617047,2,1.0,II_conserved_high_het,True,0.0,0.0,,0.004416559798286709,1.0,1.0,0.0,0.0,1.0,0.0,3.511041399495717,Tier 3 (single-stream)
RPL10P1,60S ribosomal,0.8299308478848713,-0.5816039514843989,2,1.0,II_conserved_high_het,True,0.0,0.0,,0.004360157564353024,1.0,1.0,0.0,0.0,1.0,0.0,3.5109003939108825,Tier 3 (single-stream)
RPL39P15,60S ribosomal,0.8354047096958255,0.1353381066531523,2,1.0,II_conserved_high_het,True,0.0,0.0,,0.004205398324348244,1.0,1.0,0.0,0.0,1.0,0.0,3.5105134958108706,Tier 3 (single-stream)
RPL29P12,60S ribosomal,0.8489013212312739,-0.3413653634842994,2,1.0,II_conserved_high_het,True,0.0,0.0,,0.0038281077201036693,1.0,1.0,0.0,0.0,1.0,0.0,3.5095702693002595,Tier 3 (single-stream)
RPL12P8,60S ribosomal,0.8766695113505878,-0.2575956674467091,2,1.0,II_conserved_high_het,True,0.0,0.0,,0.0030703764238740675,1.0,1.0,0.0,0.0,1.0,0.0,3.507675941059685,Tier 3 (single-stream)
RPL34P33,60S ribosomal,0.8788384805884142,-0.3783930635164929,2,1.0,II_conserved_high_het,True,0.0,0.0,,0.0030122044564102448,1.0,1.0,0.0,0.0,1.0,0.0,3.5075305111410255,Tier 3 (single-stream)
RPSAP11,40S ribosomal,0.9109410238745036,0.2934424204611865,2,1.0,II_conserved_high_het,True,0.0,0.0,,0.0021676076398819484,1.0,1.0,0.0,0.0,1.0,0.0,3.5054190190997048,Tier 3 (single-stream)
DDX43,DHX/DDX helicase,0.9170099921834308,0.2392244511929009,2,1.0,II_conserved_high_het,True,0.0,0.0,,0.0020112875263766402,1.0,1.0,0.0,0.0,1.0,0.0,3.5050282188159416,Tier 3 (single-stream)
RPL17P50,60S ribosomal,0.9281419888759024,0.059167473360194,3,1.0,II_conserved_high_het,True,0.0,0.0,,0.0017272281403380655,1.0,1.0,0.0,0.0,1.0,0.0,3.504318070350845,Tier 3 (single-stream)
RPS18P9,40S ribosomal,0.9304781486098184,-0.0412682692727608,2,1.0,II_conserved_high_het,True,0.0,0.0,,0.0016680481248393946,1.0,1.0,0.0,0.0,1.0,0.0,3.5041701203120983,Tier 3 (single-stream)
RPS4XP1,40S ribosomal,0.9454809283564988,0.1290338747886022,2,1.0,II_conserved_high_het,True,0.0,0.0,,0.0012914999192123872,1.0,1.0,0.0,0.0,1.0,0.0,3.503228749798031,Tier 3 (single-stream)
DDX47,DHX/DDX helicase,0.4682678841572418,0.5737163148530928,4,0.5,III_context_dependent,True,0.1146739888399614,0.0,0.3333333333333333,0.01783296498506573,0.5,1.0,0.1720109832599421,0.0,1.0,0.3333333333333333,3.471937712315882,Tier 2 (corroborated)
RPS2P32,40S ribosomal,0.1354905459232773,0.6251046721622674,3,0.6666666666666666,III_context_dependent,True,0.0,0.0,0.3333333333333333,0.04702761030851988,0.6666666666666666,1.0,0.0,0.0,1.0,0.3333333333333333,3.4509023591046333,Tier 3 (single-stream)
RPS27L,40S ribosomal,0.8798298605693328,-0.0256432723934402,4,0.75,III_context_dependent,False,0.2531001622238233,0.0,1.0,0.002985663339488983,0.75,0.0,0.379650243335735,0.0,1.0,1.0,3.3917646450201926,Tier 3 (single-stream)
DDX25,DHX/DDX helicase,0.5641489821004079,-0.8009669783512221,3,0.6666666666666666,III_context_dependent,True,0.0,0.0,0.3333333333333333,0.013447717216852222,0.6666666666666666,1.0,0.0,0.0,1.0,0.3333333333333333,3.3669526263754643,Tier 3 (single-stream)
DHX32,DHX/DDX helicase,0.4594172690969691,0.2937489240767794,4,0.5,III_context_dependent,True,0.1836543771945357,0.0,0.0,0.018282174527689328,0.5,1.0,0.27548156579180355,0.0,1.0,0.0,3.3466685679028303,Tier 2 (corroborated)
DDX27,DHX/DDX helicase,0.0944364809891066,0.2248482743453371,4,0.75,II_conserved_high_het,True,0.0,0.0,0.0,0.05552546650000054,0.75,1.0,0.0,0.0,1.0,0.0,3.2638136662500012,Tier 3 (single-stream)
DDX3X,DHX/DDX helicase,0.2394813099518573,0.1986170144389198,4,0.75,II_conserved_high_het,True,0.0,0.0,0.0,0.03361903186838107,0.75,1.0,0.0,0.0,1.0,0.0,3.2090475796709526,Tier 3 (single-stream)
DDX50,DHX/DDX helicase,0.3164730631244871,0.308767809747105,4,0.75,II_conserved_high_het,True,0.0,0.0,0.0,0.02705655629849212,0.75,1.0,0.0,0.0,1.0,0.0,3.19264139074623,Tier 3 (single-stream)
EIF2S2,other eIF,0.3288107303289356,0.4509812470830289,4,0.75,II_conserved_high_het,True,0.0,0.0,0.0,0.026156233655029924,0.75,1.0,0.0,0.0,1.0,0.0,3.1903905841375746,Tier 3 (single-stream)
DDX49,DHX/DDX helicase,0.3415530693262144,0.4001584350042394,4,0.75,II_conserved_high_het,True,0.0,0.0,0.0,0.025261170121072676,0.75,1.0,0.0,0.0,1.0,0.0,3.1881529253026817,Tier 3 (single-stream)
DDX39B,DHX/DDX helicase,0.4267951763111773,0.8227889738730279,4,0.75,II_conserved_high_het,True,0.0,0.0,0.0,0.02001611107029906,0.75,1.0,0.0,0.0,1.0,0.0,3.1750402776757474,Tier 3 (single-stream)
RPS10,40S ribosomal,0.4810886984493966,1.033857279552162,4,0.75,II_conserved_high_het,True,0.0,0.0,0.0,0.01719708435267835,0.75,1.0,0.0,0.0,1.0,0.0,3.1679927108816957,Tier 3 (single-stream)
DDX59-AS1,DHX/DDX helicase,0.3572615855209604,-0.9359283402524392,3,0.6666666666666666,III_context_dependent,True,0.0,0.0,,0.024202625242608033,0.6666666666666666,1.0,0.0,0.0,1.0,0.0,3.06050656310652,Tier 3 (single-stream)
RPS28P7,40S ribosomal,0.3607697308551491,-0.3491814829029911,3,0.6666666666666666,III_context_dependent,True,0.0,0.0,,0.02397258670584786,0.6666666666666666,1.0,0.0,0.0,1.0,0.0,3.0599314667646196,Tier 3 (single-stream)
EIF4EBP1,eIF4/initiation,0.8330242316158064,-0.2154469311174761,4,0.75,III_context_dependent,False,0.1407505222977383,0.0,1.0,0.004272575186921978,0.75,0.0,0.21112578344660746,0.0,1.0,1.0,3.05793300486052,Tier 3 (single-stream)
RPL4P4,60S ribosomal,0.4308935461628326,-0.3821190366137484,3,0.6666666666666666,III_context_dependent,True,0.0,0.0,,0.019791129106205122,0.6666666666666666,1.0,0.0,0.0,1.0,0.0,3.049477822765513,Tier 3 (single-stream)
EIF1P3,other eIF,0.4323287996882363,0.9833536190266152,3,0.6666666666666666,III_context_dependent,True,0.0,0.0,,0.01971284577495383,0.6666666666666666,1.0,0.0,0.0,1.0,0.0,3.0492821144373847,Tier 3 (single-stream)
RPS7P10,40S ribosomal,0.4839826936389,-0.3275319191388809,3,0.6666666666666666,III_context_dependent,True,0.0,0.0,,0.017055894782941807,0.6666666666666666,1.0,0.0,0.0,1.0,0.0,3.0426397369573546,Tier 3 (single-stream)
RPL24P4,60S ribosomal,0.5699485523775782,-0.2147381690507318,3,0.6666666666666666,III_context_dependent,True,0.0,0.0,,0.013206941799173312,0.6666666666666666,1.0,0.0,0.0,1.0,0.0,3.0330173544979333,Tier 3 (single-stream)
EIF3J-DT,eIF3 complex,0.583294427130615,-0.3964042481871792,3,0.6666666666666666,III_context_dependent,True,0.0,0.0,,0.01266205214297039,0.6666666666666666,1.0,0.0,0.0,1.0,0.0,3.031655130357426,Tier 3 (single-stream)
RPL24P2,60S ribosomal,0.5915196063504632,-0.493171851291928,3,0.6666666666666666,III_context_dependent,True,0.0,0.0,,0.012332407296817048,0.6666666666666666,1.0,0.0,0.0,1.0,0.0,3.0308310182420426,Tier 3 (single-stream)
RPL34P18,60S ribosomal,0.6074321383707874,-0.3709349648165255,3,0.6666666666666666,III_context_dependent,True,0.0,0.0,,0.011707484973990125,0.6666666666666666,1.0,0.0,0.0,1.0,0.0,3.029268712434975,Tier 3 (single-stream)
RPL32P18,60S ribosomal,0.6238285507386863,-0.2920315146170267,3,0.6666666666666666,III_context_dependent,True,0.0,0.0,,0.011080456241005253,0.6666666666666666,1.0,0.0,0.0,1.0,0.0,3.027701140602513,Tier 3 (single-stream)
RPL39P3,60S ribosomal,0.6291653837879609,-0.2234005780528245,3,0.6666666666666666,III_context_dependent,True,0.0,0.0,,0.010879916603934994,0.6666666666666666,1.0,0.0,0.0,1.0,0.0,3.0271997915098376,Tier 3 (single-stream)
RPSAP15,40S ribosomal,0.6434763360506683,-0.5124274463659386,3,0.6666666666666666,III_context_dependent,True,0.0,0.0,,0.010350443829471319,0.6666666666666666,1.0,0.0,0.0,1.0,0.0,3.0258761095736784,Tier 3 (single-stream)
RPS2P17,40S ribosomal,0.6459666931183535,-0.4091974263767731,3,0.6666666666666666,III_context_dependent,True,0.0,0.0,,0.010259510529479881,0.6666666666666666,1.0,0.0,0.0,1.0,0.0,3.0256487763237,Tier 3 (single-stream)
RPS7P1,40S ribosomal,0.6463129004667081,-0.2042342132105667,3,0.6666666666666666,III_context_dependent,True,0.0,0.0,,0.010246896821988581,0.6666666666666666,1.0,0.0,0.0,1.0,0.0,3.025617242054971,Tier 3 (single-stream)
RPL36AP26,60S ribosomal,0.6767574479594259,-0.3822644737931197,3,0.6666666666666666,III_context_dependent,True,0.0,0.0,,0.009163303786246291,0.6666666666666666,1.0,0.0,0.0,1.0,0.0,3.022908259465616,Tier 3 (single-stream)
RPL31P49,60S ribosomal,0.7085547253742474,-0.3905880922619851,3,0.6666666666666666,III_context_dependent,True,0.0,0.0,,0.008082413729762268,0.6666666666666666,1.0,0.0,0.0,1.0,0.0,3.0202060343244055,Tier 3 (single-stream)
EIF4A1P2,eIF4/initiation,0.7102858117159743,0.4533426308641576,3,0.6666666666666666,III_context_dependent,True,0.0,0.0,,0.008024969249130414,0.6666666666666666,1.0,0.0,0.0,1.0,0.0,3.020062423122826,Tier 3 (single-stream)
EIF2S2P4,other eIF,0.7121454550830065,0.4221336133948833,3,0.6666666666666666,III_context_dependent,True,0.0,0.0,,0.007963414498995514,0.6666666666666666,1.0,0.0,0.0,1.0,0.0,3.0199085362474887,Tier 3 (single-stream)
RPS6P25,40S ribosomal,0.7131713093308554,0.2788729656287871,3,0.6666666666666666,III_context_dependent,True,0.0,0.0,,0.00792952717360885,0.6666666666666666,1.0,0.0,0.0,1.0,0.0,3.0198238179340224,Tier 3 (single-stream)
RPL7AP30,60S ribosomal,0.7729341780169395,-0.362372730473932,3,0.6666666666666666,III_context_dependent,True,0.0,0.0,,0.006035095152190015,0.6666666666666666,1.0,0.0,0.0,1.0,0.0,3.0150877378804752,Tier 3 (single-stream)
RPS26P3,40S ribosomal,0.8663724092926306,0.3172430586522105,3,0.6666666666666666,III_context_dependent,True,0.0,0.0,,0.0033485239407966406,0.6666666666666666,1.0,0.0,0.0,1.0,0.0,3.0083713098519915,Tier 3 (single-stream)
RPL9P7,60S ribosomal,0.8724874274990257,-0.1189007515143023,3,0.6666666666666666,III_context_dependent,True,0.0,0.0,,0.003182947738147679,0.6666666666666666,1.0,0.0,0.0,1.0,0.0,3.007957369345369,Tier 3 (single-stream)
EIF3B,eIF3 complex,0.7590935665054901,0.2064178949850065,4,0.75,III_context_dependent,False,0.1825633361277382,0.38461538461538464,0.0,0.006460461779707899,0.75,0.0,0.27384500419160734,0.45454545454545453,1.0,0.0,2.870659344650666,Tier 2 (corroborated)
EIF4E2,eIF4/initiation,0.1757982408207832,0.3519519508017112,4,0.5,III_context_dependent,True,0.0,0.0,0.0,0.040896593728184216,0.5,1.0,0.0,0.0,1.0,0.0,2.8522414843204604,Tier 3 (single-stream)
DHX8,DHX/DDX helicase,0.2003150188294468,0.1865434828094073,4,0.5,III_context_dependent,True,0.0,0.0,0.0,0.03782315934610536,0.5,1.0,0.0,0.0,1.0,0.0,2.8445578983652635,Tier 3 (single-stream)
EIF4A1,eIF4/initiation,0.287172503516674,0.7161342549157353,4,0.5,III_context_dependent,True,0.0,0.0,0.0,0.0293437253933806,0.5,1.0,0.0,0.0,1.0,0.0,2.8233593134834516,Tier 3 (single-stream)
DDX52,DHX/DDX helicase,0.4334530655766736,0.2434099728737171,4,0.5,III_context_dependent,True,0.0,0.0,0.0,0.01965170601305057,0.5,1.0,0.0,0.0,1.0,0.0,2.7991292650326263,Tier 3 (single-stream)
EIF2B4,other eIF,0.439634922902716,0.1950495520616589,4,0.5,III_context_dependent,True,0.0,0.0,0.0,0.01931833243852729,0.5,1.0,0.0,0.0,1.0,0.0,2.7982958310963184,Tier 3 (single-stream)
RPSA,40S ribosomal,0.3554346247021911,-0.3722024829695834,4,0.75,III_context_dependent,False,0.0,0.0,1.0,0.02432332007760516,0.75,0.0,0.0,0.0,1.0,1.0,2.685808300194013,Tier 3 (single-stream)
RPL35,60S ribosomal,0.4843539702078027,-0.221114234442368,4,0.75,III_context_dependent,False,0.0,0.0,1.0,0.01703784241663003,0.75,0.0,0.0,0.0,1.0,1.0,2.6675946060415754,Tier 3 (single-stream)
EIF2S3,other eIF,0.6953957072144745,-0.1485799107098792,4,0.75,III_context_dependent,False,0.0,0.0,1.0,0.008523727398856337,0.75,0.0,0.0,0.0,1.0,1.0,2.646309318497141,Tier 3 (single-stream)
RPS6KA2,40S ribosomal,0.7768978330744255,-0.4860489707707464,4,0.75,III_context_dependent,False,0.0,0.0,1.0,0.005914681668160662,0.75,0.0,0.0,0.0,1.0,1.0,2.639786704170402,Tier 3 (single-stream)
DDX54,DHX/DDX helicase,0.8566802334865244,-0.1540687480171645,4,0.75,III_context_dependent,False,0.0,0.0,1.0,0.003613368019420607,0.75,0.0,0.0,0.0,1.0,1.0,2.6340334200485516,Tier 3 (single-stream)
EIF3D,eIF3 complex,0.8755362496175342,-0.0822035557351546,4,0.75,III_context_dependent,False,0.0,0.0,1.0,0.00310082788464528,0.75,0.0,0.0,0.0,1.0,1.0,2.6327520697116134,Tier 3 (single-stream)
RPL7P42,60S ribosomal,,-0.3587319133466952,1,1.0,,False,0.1836978236877866,0.0,,0.0,1.0,0.0,0.2755467355316799,0.0,1.0,0.0,2.5510934710633597,Tier 3 (single-stream)
DDX12P,DHX/DDX helicase,0.954863134470153,0.1555686151518273,3,0.6666666666666666,III_context_dependent,False,0.0,0.0,1.0,0.0010590447491387598,0.6666666666666666,0.0,0.0,0.0,1.0,1.0,2.502647611872847,Tier 3 (single-stream)
RPLP0P2,60S ribosomal,,4.863879338743115,1,1.0,,False,0.0,0.0,0.3333333333333333,0.0,1.0,0.0,0.0,0.0,1.0,0.3333333333333333,2.3333333333333335,Tier 3 (single-stream)
RPL21P44,60S ribosomal,,-2.4334432640534893,1,1.0,,False,0.0,0.0,0.3333333333333333,0.0,1.0,0.0,0.0,0.0,1.0,0.3333333333333333,2.3333333333333335,Tier 3 (single-stream)
DHX33,DHX/DDX helicase,0.8457990240683446,0.1801559410836382,4,0.75,III_context_dependent,False,0.0,0.0,0.6666666666666666,0.0039142971310975,0.75,0.0,0.0,0.0,1.0,0.6666666666666666,2.30145240949441,Tier 3 (single-stream)
EIF3K,eIF3 complex,0.5730790279065817,-0.4305224437180699,4,0.5,III_context_dependent,False,0.0,0.0,1.0,0.013077992899871839,0.5,0.0,0.0,0.0,1.0,1.0,2.2826949822496796,Tier 3 (single-stream)
EIF2AK1,other eIF,0.6129610415736593,-0.2361856989839205,4,0.5,III_context_dependent,False,0.0,0.0,1.0,0.011494177960155144,0.5,0.0,0.0,0.0,1.0,1.0,2.278735444900388,Tier 3 (single-stream)
DHX40,DHX/DDX helicase,0.8157768260202298,-0.1925300950724951,4,0.5,III_context_dependent,False,0.0,0.0,1.0,0.004765107026459412,0.5,0.0,0.0,0.0,1.0,1.0,2.2619127675661486,Tier 3 (single-stream)
RPL36AL,60S ribosomal,0.8659795666944483,-0.0953703424660665,4,0.5,III_context_dependent,False,0.0,0.0,1.0,0.003359200846235073,0.5,0.0,0.0,0.0,1.0,1.0,2.258398002115588,Tier 3 (single-stream)
RPS6KA1,40S ribosomal,0.892488762024064,-0.1142932563498047,4,0.5,III_context_dependent,False,0.0,0.0,1.0,0.0026493651310679463,0.5,0.0,0.0,0.0,1.0,1.0,2.25662341282767,Tier 3 (single-stream)
RPS10P7,40S ribosomal,0.9729371269875848,-0.087553476586352,2,0.5,III_context_dependent,False,0.0,0.0,1.0,0.0006176087587099206,0.5,0.0,0.0,0.0,1.0,1.0,2.251544021896775,Tier 3 (single-stream)
RPS26,40S ribosomal,0.992762228291532,-0.0093669540498486,4,0.5,III_context_dependent,False,0.0,0.0,1.0,0.00014273737889548163,0.5,0.0,0.0,0.0,1.0,1.0,2.2503568434472387,Tier 3 (single-stream)
DDX1,DHX/DDX helicase,0.6051424241240947,0.3101207700413421,4,0.75,III_context_dependent,False,0.1274981504937009,0.0,0.0,0.011796392044235163,0.75,0.0,0.19124722574055134,0.0,1.0,0.0,2.0369854315916904,Tier 3 (single-stream)
DDX50P1,DHX/DDX helicase,0.9875047401969832,0.0391356128245233,3,0.6666666666666666,III_context_dependent,False,0.1672449682297474,0.0,,0.0002677398288460255,0.6666666666666666,0.0,0.25086745234462116,0.0,1.0,0.0,2.002404254261357,Tier 3 (single-stream)
RPL21P119,60S ribosomal,,0.0924829204828596,1,1.0,,False,0.0,0.0,,0.0,1.0,0.0,0.0,0.0,1.0,0.0,2.0,Tier 3 (single-stream)
RPS3AP7,40S ribosomal,,-1.0228468473597687,1,1.0,,False,0.0,0.0,,0.0,1.0,0.0,0.0,0.0,1.0,0.0,2.0,Tier 3 (single-stream)
RPL21P132,60S ribosomal,,2.8703630161651597,1,1.0,,False,0.0,0.0,,0.0,1.0,0.0,0.0,0.0,1.0,0.0,2.0,Tier 3 (single-stream)
RPS10P9,40S ribosomal,,0.3433902902255744,1,1.0,,False,0.0,0.0,,0.0,1.0,0.0,0.0,0.0,1.0,0.0,2.0,Tier 3 (single-stream)
RPL21P134,60S ribosomal,,-0.4028021380271308,1,1.0,,False,0.0,0.0,,0.0,1.0,0.0,0.0,0.0,1.0,0.0,2.0,Tier 3 (single-stream)
RPS3P2,40S ribosomal,,0.1231458957453491,1,1.0,,False,0.0,0.0,,0.0,1.0,0.0,0.0,0.0,1.0,0.0,2.0,Tier 3 (single-stream)
RPL21P3,60S ribosomal,,-0.5575415374144342,1,1.0,,False,0.0,0.0,,0.0,1.0,0.0,0.0,0.0,1.0,0.0,2.0,Tier 3 (single-stream)
RPL21P37,60S ribosomal,,-0.8724034455833253,1,1.0,,False,0.0,0.0,,0.0,1.0,0.0,0.0,0.0,1.0,0.0,2.0,Tier 3 (single-stream)
RPL21P39,60S ribosomal,,-0.5043533255794914,1,1.0,,False,0.0,0.0,,0.0,1.0,0.0,0.0,0.0,1.0,0.0,2.0,Tier 3 (single-stream)
RPL21P4,60S ribosomal,,-0.1290880419721913,1,1.0,,False,0.0,0.0,,0.0,1.0,0.0,0.0,0.0,1.0,0.0,2.0,Tier 3 (single-stream)
RPL21P7,60S ribosomal,,-0.6726403925202215,1,1.0,,False,0.0,0.0,,0.0,1.0,0.0,0.0,0.0,1.0,0.0,2.0,Tier 3 (single-stream)
RPL10P15,60S ribosomal,,-0.1298196947354336,1,1.0,,False,0.0,0.0,,0.0,1.0,0.0,0.0,0.0,1.0,0.0,2.0,Tier 3 (single-stream)
RPS4XP7,40S ribosomal,,0.621071898236259,1,1.0,,False,0.0,0.0,,0.0,1.0,0.0,0.0,0.0,1.0,0.0,2.0,Tier 3 (single-stream)
RPL9P33,60S ribosomal,,0.8352007099149993,1,1.0,,False,0.0,0.0,,0.0,1.0,0.0,0.0,0.0,1.0,0.0,2.0,Tier 3 (single-stream)
RPL22P12,60S ribosomal,,1.3248048587312211,1,1.0,,False,0.0,0.0,,0.0,1.0,0.0,0.0,0.0,1.0,0.0,2.0,Tier 3 (single-stream)
RPS4XP13,40S ribosomal,,-0.7978201245484235,1,1.0,,False,0.0,0.0,,0.0,1.0,0.0,0.0,0.0,1.0,0.0,2.0,Tier 3 (single-stream)
RPS26P15,40S ribosomal,,-0.5519833774562415,1,1.0,,False,0.0,0.0,,0.0,1.0,0.0,0.0,0.0,1.0,0.0,2.0,Tier 3 (single-stream)
RPL9P29,60S ribosomal,,0.8396224261753104,1,1.0,,False,0.0,0.0,,0.0,1.0,0.0,0.0,0.0,1.0,0.0,2.0,Tier 3 (single-stream)
EIF1P6,other eIF,,0.1832373634162564,1,1.0,,False,0.0,0.0,,0.0,1.0,0.0,0.0,0.0,1.0,0.0,2.0,Tier 3 (single-stream)
RPL9P21,60S ribosomal,,0.1171813645207094,1,1.0,,False,0.0,0.0,,0.0,1.0,0.0,0.0,0.0,1.0,0.0,2.0,Tier 3 (single-stream)
RPS6KA2-IT1,40S ribosomal,,0.6001173760203681,1,1.0,,False,0.0,0.0,,0.0,1.0,0.0,0.0,0.0,1.0,0.0,2.0,Tier 3 (single-stream)
RPL22P3,60S ribosomal,,-0.8622468743574431,1,1.0,,False,0.0,0.0,,0.0,1.0,0.0,0.0,0.0,1.0,0.0,2.0,Tier 3 (single-stream)
RPL23AP10,60S ribosomal,,-0.3537653713192421,1,1.0,,False,0.0,0.0,,0.0,1.0,0.0,0.0,0.0,1.0,0.0,2.0,Tier 3 (single-stream)
RPL23AP20,60S ribosomal,,3.36456806687768,1,1.0,,False,0.0,0.0,,0.0,1.0,0.0,0.0,0.0,1.0,0.0,2.0,Tier 3 (single-stream)
RPL23AP25,60S ribosomal,,0.1131342171791896,1,1.0,,False,0.0,0.0,,0.0,1.0,0.0,0.0,0.0,1.0,0.0,2.0,Tier 3 (single-stream)
RPS26P21,40S ribosomal,,2.4660679238240446,1,1.0,,False,0.0,0.0,,0.0,1.0,0.0,0.0,0.0,1.0,0.0,2.0,Tier 3 (single-stream)
RPL23AP37,60S ribosomal,,-1.1826078869810732,1,1.0,,False,0.0,0.0,,0.0,1.0,0.0,0.0,0.0,1.0,0.0,2.0,Tier 3 (single-stream)
DHX9P1,DHX/DDX helicase,,1.579041813520317,1,1.0,,False,0.0,0.0,,0.0,1.0,0.0,0.0,0.0,1.0,0.0,2.0,Tier 3 (single-stream)
RPL7P56,60S ribosomal,,1.00674046109031,1,1.0,,False,0.0,0.0,,0.0,1.0,0.0,0.0,0.0,1.0,0.0,2.0,Tier 3 (single-stream)
RPS20P4,40S ribosomal,,3.3535467218386,1,1.0,,False,0.0,0.0,,0.0,1.0,0.0,0.0,0.0,1.0,0.0,2.0,Tier 3 (single-stream)
RPL21P121,60S ribosomal,,7.571864946394183,1,1.0,,False,0.0,0.0,,0.0,1.0,0.0,0.0,0.0,1.0,0.0,2.0,Tier 3 (single-stream)
RPL21P116,60S ribosomal,,-0.3617361096284297,1,1.0,,False,0.0,0.0,,0.0,1.0,0.0,0.0,0.0,1.0,0.0,2.0,Tier 3 (single-stream)
RPS6KB2-AS1,40S ribosomal,,-0.6447477890762687,1,1.0,,False,0.0,0.0,,0.0,1.0,0.0,0.0,0.0,1.0,0.0,2.0,Tier 3 (single-stream)
RPS12P31,40S ribosomal,,2.0360975200138647,1,1.0,,False,0.0,0.0,,0.0,1.0,0.0,0.0,0.0,1.0,0.0,2.0,Tier 3 (single-stream)
RPS2P45,40S ribosomal,,1.498798030123147,1,1.0,,False,0.0,0.0,,0.0,1.0,0.0,0.0,0.0,1.0,0.0,2.0,Tier 3 (single-stream)
RPS20P2,40S ribosomal,,0.5967761918199855,1,1.0,,False,0.0,0.0,,0.0,1.0,0.0,0.0,0.0,1.0,0.0,2.0,Tier 3 (single-stream)
RPL12P25,60S ribosomal,,2.578313838457002,1,1.0,,False,0.0,0.0,,0.0,1.0,0.0,0.0,0.0,1.0,0.0,2.0,Tier 3 (single-stream)
RPL12P33,60S ribosomal,,-0.315959982145622,1,1.0,,False,0.0,0.0,,0.0,1.0,0.0,0.0,0.0,1.0,0.0,2.0,Tier 3 (single-stream)
RPL12P35,60S ribosomal,,0.667697593802735,1,1.0,,False,0.0,0.0,,0.0,1.0,0.0,0.0,0.0,1.0,0.0,2.0,Tier 3 (single-stream)
RPL12P7,60S ribosomal,,0.6124707662752313,1,1.0,,False,0.0,0.0,,0.0,1.0,0.0,0.0,0.0,1.0,0.0,2.0,Tier 3 (single-stream)
RPL13AP19,60S ribosomal,,2.546056260811388,1,1.0,,False,0.0,0.0,,0.0,1.0,0.0,0.0,0.0,1.0,0.0,2.0,Tier 3 (single-stream)
EIF4A2P4,eIF4/initiation,,0.3133046187017445,1,1.0,,False,0.0,0.0,,0.0,1.0,0.0,0.0,0.0,1.0,0.0,2.0,Tier 3 (single-stream)
EIF4A2P1,eIF4/initiation,,2.7902446934356355,1,1.0,,False,0.0,0.0,,0.0,1.0,0.0,0.0,0.0,1.0,0.0,2.0,Tier 3 (single-stream)
RPS21P4,40S ribosomal,,-0.8127784988080861,1,1.0,,False,0.0,0.0,,0.0,1.0,0.0,0.0,0.0,1.0,0.0,2.0,Tier 3 (single-stream)
EIF4BP5,eIF4/initiation,,-0.5340169277631049,1,1.0,,False,0.0,0.0,,0.0,1.0,0.0,0.0,0.0,1.0,0.0,2.0,Tier 3 (single-stream)
RPL12P10,60S ribosomal,,-0.3676648405110926,1,1.0,,False,0.0,0.0,,0.0,1.0,0.0,0.0,0.0,1.0,0.0,2.0,Tier 3 (single-stream)
RPL12P1,60S ribosomal,,-0.1116018311249317,1,1.0,,False,0.0,0.0,,0.0,1.0,0.0,0.0,0.0,1.0,0.0,2.0,Tier 3 (single-stream)
RPS3AP18,40S ribosomal,,-1.314349690437706,1,1.0,,False,0.0,0.0,,0.0,1.0,0.0,0.0,0.0,1.0,0.0,2.0,Tier 3 (single-stream)
RPL17-C18ORF32,60S ribosomal,,0.8933768009424413,1,1.0,,False,0.0,0.0,0.0,0.0,1.0,0.0,0.0,0.0,1.0,0.0,2.0,Tier 3 (single-stream)
RPL17P43,60S ribosomal,,-1.3507510677045336,1,1.0,,False,0.0,0.0,,0.0,1.0,0.0,0.0,0.0,1.0,0.0,2.0,Tier 3 (single-stream)
RPS3AP24,40S ribosomal,,0.6886087348955745,1,1.0,,False,0.0,0.0,,0.0,1.0,0.0,0.0,0.0,1.0,0.0,2.0,Tier 3 (single-stream)
EIF3LP1,eIF3 complex,,1.9414440293522113,1,1.0,,False,0.0,0.0,,0.0,1.0,0.0,0.0,0.0,1.0,0.0,2.0,Tier 3 (single-stream)
EIF4BP9,eIF4/initiation,,-0.10910254565368,1,1.0,,False,0.0,0.0,,0.0,1.0,0.0,0.0,0.0,1.0,0.0,2.0,Tier 3 (single-stream)
RPS15AP17,40S ribosomal,,-1.8698919058125096,1,1.0,,False,0.0,0.0,,0.0,1.0,0.0,0.0,0.0,1.0,0.0,2.0,Tier 3 (single-stream)
RPS15AP16,40S ribosomal,,-0.1270868999843974,1,1.0,,False,0.0,0.0,,0.0,1.0,0.0,0.0,0.0,1.0,0.0,2.0,Tier 3 (single-stream)
RPL18P11,60S ribosomal,,-4.164797000758837,1,1.0,,False,0.0,0.0,,0.0,1.0,0.0,0.0,0.0,1.0,0.0,2.0,Tier 3 (single-stream)
RPS3AP34,40S ribosomal,,-0.346372522115778,1,1.0,,False,0.0,0.0,,0.0,1.0,0.0,0.0,0.0,1.0,0.0,2.0,Tier 3 (single-stream)
RPS3AP44,40S ribosomal,,0.5326378989630497,1,1.0,,False,0.0,0.0,,0.0,1.0,0.0,0.0,0.0,1.0,0.0,2.0,Tier 3 (single-stream)
EIF4E1B,eIF4/initiation,,0.403204403393366,1,1.0,,False,0.0,0.0,,0.0,1.0,0.0,0.0,0.0,1.0,0.0,2.0,Tier 3 (single-stream)
RPL10P7,60S ribosomal,,1.239658076265873,1,1.0,,False,0.0,0.0,,0.0,1.0,0.0,0.0,0.0,1.0,0.0,2.0,Tier 3 (single-stream)
RPL19P21,60S ribosomal,,0.0310172315687192,1,1.0,,False,0.0,0.0,,0.0,1.0,0.0,0.0,0.0,1.0,0.0,2.0,Tier 3 (single-stream)
RPS25P3,40S ribosomal,,-0.764220638986668,1,1.0,,False,0.0,0.0,,0.0,1.0,0.0,0.0,0.0,1.0,0.0,2.0,Tier 3 (single-stream)
RPL10P19,60S ribosomal,,0.3908666462926828,1,1.0,,False,0.0,0.0,,0.0,1.0,0.0,0.0,0.0,1.0,0.0,2.0,Tier 3 (single-stream)
EIF4EBP2P2,eIF4/initiation,,7.369811563782932,1,1.0,,False,0.0,0.0,,0.0,1.0,0.0,0.0,0.0,1.0,0.0,2.0,Tier 3 (single-stream)
RPS26P28,40S ribosomal,,-1.3385204932697856,1,1.0,,False,0.0,0.0,,0.0,1.0,0.0,0.0,0.0,1.0,0.0,2.0,Tier 3 (single-stream)
RPL32P32,60S ribosomal,,-0.18399631141748,1,1.0,,False,0.0,0.0,,0.0,1.0,0.0,0.0,0.0,1.0,0.0,2.0,Tier 3 (single-stream)
RPL6P24,60S ribosomal,,2.2415430374598886,1,1.0,,False,0.0,0.0,,0.0,1.0,0.0,0.0,0.0,1.0,0.0,2.0,Tier 3 (single-stream)
RPL5P9,60S ribosomal,,-0.2056411230899471,1,1.0,,False,0.0,0.0,,0.0,1.0,0.0,0.0,0.0,1.0,0.0,2.0,Tier 3 (single-stream)
RPS27AP1,40S ribosomal,,-0.288280655361658,1,1.0,,False,0.0,0.0,,0.0,1.0,0.0,0.0,0.0,1.0,0.0,2.0,Tier 3 (single-stream)
RPS27AP12,40S ribosomal,,-0.6985083905965305,1,1.0,,False,0.0,0.0,,0.0,1.0,0.0,0.0,0.0,1.0,0.0,2.0,Tier 3 (single-stream)
DDX18P4,DHX/DDX helicase,,6.099145298435437,1,1.0,,False,0.0,0.0,,0.0,1.0,0.0,0.0,0.0,1.0,0.0,2.0,Tier 3 (single-stream)
DDX18P3,DHX/DDX helicase,,3.81563552568007,1,1.0,,False,0.0,0.0,,0.0,1.0,0.0,0.0,0.0,1.0,0.0,2.0,Tier 3 (single-stream)
DDX18P1,DHX/DDX helicase,,0.3686715960014738,1,1.0,,False,0.0,0.0,,0.0,1.0,0.0,0.0,0.0,1.0,0.0,2.0,Tier 3 (single-stream)
RPSAP22,40S ribosomal,,-2.993771203892856,1,1.0,,False,0.0,0.0,,0.0,1.0,0.0,0.0,0.0,1.0,0.0,2.0,Tier 3 (single-stream)
RPL5P18,60S ribosomal,,-0.3345213069386694,1,1.0,,False,0.0,0.0,,0.0,1.0,0.0,0.0,0.0,1.0,0.0,2.0,Tier 3 (single-stream)
RPL5P12,60S ribosomal,,-1.229118187377583,1,1.0,,False,0.0,0.0,,0.0,1.0,0.0,0.0,0.0,1.0,0.0,2.0,Tier 3 (single-stream)
RPL35AP32,60S ribosomal,,-2.954711671362241,1,1.0,,False,0.0,0.0,,0.0,1.0,0.0,0.0,0.0,1.0,0.0,2.0,Tier 3 (single-stream)
RPL35AP36,60S ribosomal,,2.243415678130168,1,1.0,,False,0.0,0.0,,0.0,1.0,0.0,0.0,0.0,1.0,0.0,2.0,Tier 3 (single-stream)
RPL4P7,60S ribosomal,,-1.6393141945841492,1,1.0,,False,0.0,0.0,,0.0,1.0,0.0,0.0,0.0,1.0,0.0,2.0,Tier 3 (single-stream)
RPSAP36,40S ribosomal,,-0.6815257557879142,1,1.0,,False,0.0,0.0,,0.0,1.0,0.0,0.0,0.0,1.0,0.0,2.0,Tier 3 (single-stream)
RPSAP44,40S ribosomal,,-4.353141226205571,1,1.0,,False,0.0,0.0,,0.0,1.0,0.0,0.0,0.0,1.0,0.0,2.0,Tier 3 (single-stream)
RPL35P2,60S ribosomal,,-1.2684510145248105,1,1.0,,False,0.0,0.0,,0.0,1.0,0.0,0.0,0.0,1.0,0.0,2.0,Tier 3 (single-stream)
RPS28P5,40S ribosomal,,-2.076095492326826,1,1.0,,False,0.0,0.0,,0.0,1.0,0.0,0.0,0.0,1.0,0.0,2.0,Tier 3 (single-stream)
RPL35P6,60S ribosomal,,0.7894364735714766,1,1.0,,False,0.0,0.0,,0.0,1.0,0.0,0.0,0.0,1.0,0.0,2.0,Tier 3 (single-stream)
RPL36AP15,60S ribosomal,,0.5373128471487938,1,1.0,,False,0.0,0.0,,0.0,1.0,0.0,0.0,0.0,1.0,0.0,2.0,Tier 3 (single-stream)
RPL36AP21,60S ribosomal,,-1.1560579345081503,1,1.0,,False,0.0,0.0,,0.0,1.0,0.0,0.0,0.0,1.0,0.0,2.0,Tier 3 (single-stream)
DDX11L2,DHX/DDX helicase,,0.8859532333727735,1,1.0,,False,0.0,0.0,0.0,0.0,1.0,0.0,0.0,0.0,1.0,0.0,2.0,Tier 3 (single-stream)
RPSAP52,40S ribosomal,,2.0763931767489225,1,1.0,,False,0.0,0.0,,0.0,1.0,0.0,0.0,0.0,1.0,0.0,2.0,Tier 3 (single-stream)
DDX11L10,DHX/DDX helicase,,-0.4281588774378291,1,1.0,,False,0.0,0.0,,0.0,1.0,0.0,0.0,0.0,1.0,0.0,2.0,Tier 3 (single-stream)
DDX10P2,DHX/DDX helicase,,0.1480502727590671,1,1.0,,False,0.0,0.0,,0.0,1.0,0.0,0.0,0.0,1.0,0.0,2.0,Tier 3 (single-stream)
EIF4HP2,eIF4/initiation,,-1.3786061506497278,1,1.0,,False,0.0,0.0,,0.0,1.0,0.0,0.0,0.0,1.0,0.0,2.0,Tier 3 (single-stream)
RPSAP70,40S ribosomal,,0.871246872595729,1,1.0,,False,0.0,0.0,,0.0,1.0,0.0,0.0,0.0,1.0,0.0,2.0,Tier 3 (single-stream)
RPL39P14,60S ribosomal,,5.433173215543023,1,1.0,,False,0.0,0.0,,0.0,1.0,0.0,0.0,0.0,1.0,0.0,2.0,Tier 3 (single-stream)
RPL3P1,60S ribosomal,,-1.5944313965991006,1,1.0,,False,0.0,0.0,,0.0,1.0,0.0,0.0,0.0,1.0,0.0,2.0,Tier 3 (single-stream)
RPS27P16,40S ribosomal,,2.55537545418689,1,1.0,,False,0.0,0.0,,0.0,1.0,0.0,0.0,0.0,1.0,0.0,2.0,Tier 3 (single-stream)
RPL39P40,60S ribosomal,,-0.5983862242106924,1,1.0,,False,0.0,0.0,,0.0,1.0,0.0,0.0,0.0,1.0,0.0,2.0,Tier 3 (single-stream)
RPS26P39,40S ribosomal,,0.5568102134419212,1,1.0,,False,0.0,0.0,,0.0,1.0,0.0,0.0,0.0,1.0,0.0,2.0,Tier 3 (single-stream)
RPS20P24,40S ribosomal,,-2.2341250357260214,1,1.0,,False,0.0,0.0,,0.0,1.0,0.0,0.0,0.0,1.0,0.0,2.0,Tier 3 (single-stream)
RPS26P8,40S ribosomal,,-0.9586129931544042,1,1.0,,False,0.0,0.0,,0.0,1.0,0.0,0.0,0.0,1.0,0.0,2.0,Tier 3 (single-stream)
RPS9P1,40S ribosomal,,-0.3722745652310654,1,1.0,,False,0.0,0.0,,0.0,1.0,0.0,0.0,0.0,1.0,0.0,2.0,Tier 3 (single-stream)
RPL7P18,60S ribosomal,,-0.0338292482297145,1,1.0,,False,0.0,0.0,,0.0,1.0,0.0,0.0,0.0,1.0,0.0,2.0,Tier 3 (single-stream)
EIF4EP1,eIF4/initiation,,-1.530806004434604,1,1.0,,False,0.0,0.0,,0.0,1.0,0.0,0.0,0.0,1.0,0.0,2.0,Tier 3 (single-stream)
RPS7P14,40S ribosomal,,-1.34046706539093,1,1.0,,False,0.0,0.0,,0.0,1.0,0.0,0.0,0.0,1.0,0.0,2.0,Tier 3 (single-stream)
RPL7P10,60S ribosomal,,-0.3356110529370376,1,1.0,,False,0.0,0.0,,0.0,1.0,0.0,0.0,0.0,1.0,0.0,2.0,Tier 3 (single-stream)
DDX50P2,DHX/DDX helicase,,1.2170038058558246,1,1.0,,False,0.0,0.0,,0.0,1.0,0.0,0.0,0.0,1.0,0.0,2.0,Tier 3 (single-stream)
RPS8P10,40S ribosomal,,0.9682555835163192,1,1.0,,False,0.0,0.0,,0.0,1.0,0.0,0.0,0.0,1.0,0.0,2.0,Tier 3 (single-stream)
DDX4,DHX/DDX helicase,,0.373837787162382,1,1.0,,False,0.0,0.0,,0.0,1.0,0.0,0.0,0.0,1.0,0.0,2.0,Tier 3 (single-stream)
RPL7AP65,60S ribosomal,,7.516041001424902,1,1.0,,False,0.0,0.0,,0.0,1.0,0.0,0.0,0.0,1.0,0.0,2.0,Tier 3 (single-stream)
RPL6P8,60S ribosomal,,-3.273893588704428,1,1.0,,False,0.0,0.0,,0.0,1.0,0.0,0.0,0.0,1.0,0.0,2.0,Tier 3 (single-stream)
RPL7AP64,60S ribosomal,,-1.5152817572485413,1,1.0,,False,0.0,0.0,,0.0,1.0,0.0,0.0,0.0,1.0,0.0,2.0,Tier 3 (single-stream)
RPL7AP60,60S ribosomal,,-0.3740896495273743,1,1.0,,False,0.0,0.0,,0.0,1.0,0.0,0.0,0.0,1.0,0.0,2.0,Tier 3 (single-stream)
RPL31P44,60S ribosomal,,-0.0381093384836693,1,1.0,,False,0.0,0.0,,0.0,1.0,0.0,0.0,0.0,1.0,0.0,2.0,Tier 3 (single-stream)
RPS26P55,40S ribosomal,,7.934741018018632,1,1.0,,False,0.0,0.0,,0.0,1.0,0.0,0.0,0.0,1.0,0.0,2.0,Tier 3 (single-stream)
RPL23AP94,60S ribosomal,,-1.4294270529411808,1,1.0,,False,0.0,0.0,,0.0,1.0,0.0,0.0,0.0,1.0,0.0,2.0,Tier 3 (single-stream)
RPS26P41,40S ribosomal,,8.20526615051673,1,1.0,,False,0.0,0.0,,0.0,1.0,0.0,0.0,0.0,1.0,0.0,2.0,Tier 3 (single-stream)
DDX39BP2,DHX/DDX helicase,,-2.6682320211010313,1,1.0,,False,0.0,0.0,,0.0,1.0,0.0,0.0,0.0,1.0,0.0,2.0,Tier 3 (single-stream)
RPL31P63,60S ribosomal,,-2.3825524812544288,1,1.0,,False,0.0,0.0,,0.0,1.0,0.0,0.0,0.0,1.0,0.0,2.0,Tier 3 (single-stream)
RPL23AP88,60S ribosomal,,-1.272663146659601,1,1.0,,False,0.0,0.0,,0.0,1.0,0.0,0.0,0.0,1.0,0.0,2.0,Tier 3 (single-stream)
DHX33-DT,DHX/DDX helicase,,-2.795268303734772,1,1.0,,False,0.0,0.0,,0.0,1.0,0.0,0.0,0.0,1.0,0.0,2.0,Tier 3 (single-stream)
RPSAP1,40S ribosomal,,3.575120611587457,1,1.0,,False,0.0,0.0,,0.0,1.0,0.0,0.0,0.0,1.0,0.0,2.0,Tier 3 (single-stream)
RPS26P6,40S ribosomal,,1.0568449004133753,1,1.0,,False,0.0,0.0,,0.0,1.0,0.0,0.0,0.0,1.0,0.0,2.0,Tier 3 (single-stream)
RPL32P2,60S ribosomal,,-0.8115972313881039,1,1.0,,False,0.0,0.0,,0.0,1.0,0.0,0.0,0.0,1.0,0.0,2.0,Tier 3 (single-stream)
RPL32P27,60S ribosomal,,1.9659579840866408,1,1.0,,False,0.0,0.0,,0.0,1.0,0.0,0.0,0.0,1.0,0.0,2.0,Tier 3 (single-stream)
RPL23AP74,60S ribosomal,,-0.8196100892737959,1,1.0,,False,0.0,0.0,,0.0,1.0,0.0,0.0,0.0,1.0,0.0,2.0,Tier 3 (single-stream)
RPS29P14,40S ribosomal,,0.335267153259514,1,1.0,,False,0.0,0.0,,0.0,1.0,0.0,0.0,0.0,1.0,0.0,2.0,Tier 3 (single-stream)
EIF2AK3,other eIF,0.6926193076520971,0.2428585441261654,4,0.75,III_context_dependent,False,0.0,0.0,0.3333333333333333,0.008617905804147055,0.75,0.0,0.0,0.0,1.0,0.3333333333333333,1.979878097843701,Tier 3 (single-stream)
RPL5P17,60S ribosomal,0.9454634030471234,-0.0920054013620698,3,0.6666666666666666,III_context_dependent,False,0.1583451127949882,0.0,,0.0012919362842026758,0.6666666666666666,0.0,0.2375176691924823,0.0,1.0,0.0,1.9782651790954713,Tier 3 (single-stream)
EIF3C,eIF3 complex,0.9987998693371656,0.0015610198712472,3,0.6666666666666666,III_context_dependent,False,0.1584872107394348,0.0,0.0,0.0,0.6666666666666666,0.0,0.23773081610915223,0.0,1.0,0.0,1.9754616322183045,Tier 3 (single-stream)
EIF2B3,other eIF,0.7722415506895292,0.3331169045905214,4,0.75,III_context_dependent,False,0.0,0.0,0.3333333333333333,0.006056200121445903,0.75,0.0,0.0,0.0,1.0,0.3333333333333333,1.973473833636948,Tier 3 (single-stream)
EIF3I,eIF3 complex,0.7938208417677096,-0.2625545016250112,4,0.5,III_context_dependent,False,0.0,0.0,0.6666666666666666,0.005407388602995741,0.5,0.0,0.0,0.0,1.0,0.6666666666666666,1.930185138174156,Tier 3 (single-stream)
DDX59,DHX/DDX helicase,0.9109410238745036,-0.0390132965715269,4,0.5,III_context_dependent,False,0.0,0.0,0.6666666666666666,0.0021676076398819484,0.5,0.0,0.0,0.0,1.0,0.6666666666666666,1.9220856857663713,Tier 3 (single-stream)
DHX35,DHX/DDX helicase,0.948996752820736,-0.0178084251585258,4,0.5,III_context_dependent,False,0.0,0.0,0.6666666666666666,0.0012041221125198638,0.5,0.0,0.0,0.0,1.0,0.6666666666666666,1.919676971947966,Tier 3 (single-stream)
RPS3P6,40S ribosomal,0.7526694730910088,0.6461139417637164,2,0.5,III_context_dependent,False,0.2107938744629748,0.0,,0.006660537177164489,0.5,0.0,0.3161908116944622,0.0,1.0,0.0,1.8990329663318357,Tier 3 (single-stream)
EIF4HP1,eIF4/initiation,0.8685802486852408,0.1884998584118234,3,0.6666666666666666,III_context_dependent,False,0.1275651385700905,0.0,,0.0032886079102356987,0.6666666666666666,0.0,0.19134770785513575,0.0,1.0,0.0,1.8909169354858608,Tier 3 (single-stream)
RPSAP12,40S ribosomal,0.6262399569323701,-0.5994716811897173,3,0.6666666666666666,III_context_dependent,False,0.1136384989678425,0.0,,0.010989632361985763,0.6666666666666666,0.0,0.17045774845176376,0.0,1.0,0.0,1.868389577808492,Tier 3 (single-stream)
EIF5AL1,other eIF,0.9354663521088318,0.2025208530260547,3,0.6666666666666666,III_context_dependent,False,0.1195390238251363,0.0,0.0,0.0015421818366705236,0.6666666666666666,0.0,0.17930853573770447,0.0,1.0,0.0,1.8624725260670851,Tier 3 (single-stream)
EIF3CL,eIF3 complex,0.7873957827792895,-0.270014719998066,3,0.6666666666666666,III_context_dependent,False,0.0,0.0,0.3333333333333333,0.005598704512929078,0.6666666666666666,0.0,0.0,0.0,1.0,0.3333333333333333,1.847330094615656,Tier 3 (single-stream)
RPL3L,60S ribosomal,0.7747450086575827,1.3650058026645195,2,0.5,III_context_dependent,False,0.0,0.0,0.5,0.005980006767207107,0.5,0.0,0.0,0.0,1.0,0.5,1.764950016918018,Tier 3 (single-stream)
EIF4H,eIF4/initiation,0.8507481635652026,0.1072723808540628,4,0.5,III_context_dependent,False,0.1335895983148959,0.038461538461538464,0.0,0.0037769473620889987,0.5,0.0,0.20038439747234385,0.04545454545454545,1.0,0.0,1.7283929815317283,Tier 2 (corroborated)
RPS15AP24,40S ribosomal,0.8559915544057198,0.2924990893708704,2,0.5,III_context_dependent,False,0.1507533428739811,0.0,,0.0036323004215602908,0.5,0.0,0.22613001431097166,0.0,1.0,0.0,1.711340779675844,Tier 3 (single-stream)
EIF1,other eIF,0.3757713267683201,0.2515273303195413,4,0.75,III_context_dependent,False,0.0,0.0,0.0,0.02301348753182384,0.75,0.0,0.0,0.0,1.0,0.0,1.6825337188295597,Tier 3 (single-stream)
RPL3P6,60S ribosomal,0.5189863458134872,1.5039090399067163,2,0.5,III_context_dependent,False,0.12839027059727,0.0,,0.015412033370469681,0.5,0.0,0.19258540589590503,0.0,1.0,0.0,1.6737008952179842,Tier 3 (single-stream)
EIF4A3,eIF4/initiation,0.92324484798637,0.0713961811987712,4,0.5,III_context_dependent,False,0.0,0.038461538461538464,0.3333333333333333,0.0018517682919131663,0.5,0.0,0.0,0.04545454545454545,1.0,0.3333333333333333,1.6561445722449344,Tier 3 (single-stream)
EIF2A,other eIF,0.6352699590967787,0.1828314161153281,4,0.75,III_context_dependent,False,0.0,0.0,0.0,0.010652603143426698,0.75,0.0,0.0,0.0,1.0,0.0,1.6516315078585668,Tier 3 (single-stream)
DDX17,DHX/DDX helicase,0.6589603951739562,0.2445886816531284,4,0.75,III_context_dependent,False,0.0,0.0,0.0,0.009790671280347434,0.75,0.0,0.0,0.0,1.0,0.0,1.6494766782008685,Tier 3 (single-stream)
EIF6,other eIF,0.7493744131162342,0.2512243471311726,4,0.75,III_context_dependent,False,0.0,0.0,0.0,0.006763823864442399,0.75,0.0,0.0,0.0,1.0,0.0,1.641909559661106,Tier 3 (single-stream)
RPL26,60S ribosomal,0.7782972598105349,0.1428916711659957,4,0.75,III_context_dependent,False,0.0,0.0,0.0,0.005872314605333537,0.75,0.0,0.0,0.0,1.0,0.0,1.6396807865133338,Tier 3 (single-stream)
RPS15A,40S ribosomal,0.8177129486541131,0.140500123746279,4,0.75,III_context_dependent,False,0.0,0.0,0.0,0.004709301193457199,0.75,0.0,0.0,0.0,1.0,0.0,1.636773252983643,Tier 3 (single-stream)
EIF3M,eIF3 complex,0.838398713548824,0.0922895231320651,4,0.75,III_context_dependent,False,0.0,0.0,0.0,0.004121179084674369,0.75,0.0,0.0,0.0,1.0,0.0,1.6353029477116858,Tier 3 (single-stream)
EIF4G3,eIF4/initiation,0.8840756795996336,0.0601054646199348,4,0.75,III_context_dependent,False,0.0,0.0,0.0,0.0028723320203846445,0.75,0.0,0.0,0.0,1.0,0.0,1.6321808300509617,Tier 3 (single-stream)
DDX6,DHX/DDX helicase,0.9009622529437772,0.0369511859067607,4,0.75,III_context_dependent,False,0.0,0.0,0.0,0.0024269117398659735,0.75,0.0,0.0,0.0,1.0,0.0,1.631067279349665,Tier 3 (single-stream)
DDX60,DHX/DDX helicase,0.9304781486098184,0.0342552906232423,4,0.75,III_context_dependent,False,0.0,0.0,0.0,0.0016680481248393946,0.75,0.0,0.0,0.0,1.0,0.0,1.6291701203120985,Tier 3 (single-stream)
EIF4A2,eIF4/initiation,0.979742127954906,0.0050217405143052,4,0.75,III_context_dependent,False,0.0,0.0,0.0,0.00045352636351926563,0.75,0.0,0.0,0.0,1.0,0.0,1.6261338159087981,Tier 3 (single-stream)
RPL32P3,60S ribosomal,0.7238618899388981,0.6236787363429676,2,0.5,III_context_dependent,False,0.0,0.0,0.3333333333333333,0.007579255148807515,0.5,0.0,0.0,0.0,1.0,0.3333333333333333,1.602281471205352,Tier 3 (single-stream)
RPS6KB2,40S ribosomal,0.7369738971184923,0.1620336134002064,4,0.5,III_context_dependent,False,0.0,0.0,0.3333333333333333,0.007156642596778867,0.5,0.0,0.0,0.0,1.0,0.3333333333333333,1.6012249398252805,Tier 3 (single-stream)
DHX16,DHX/DDX helicase,0.7575884354251612,0.1200446302732733,4,0.5,III_context_dependent,False,0.0,0.0,0.3333333333333333,0.0065071860882626766,0.5,0.0,0.0,0.0,1.0,0.3333333333333333,1.59960129855399,Tier 3 (single-stream)
RPL13P5,60S ribosomal,0.8190721159373135,-0.5626843945069545,2,0.5,III_context_dependent,False,0.0,0.0,0.3333333333333333,0.004670204114778611,0.5,0.0,0.0,0.0,1.0,0.3333333333333333,1.5950088436202798,Tier 3 (single-stream)
RPSAP9,40S ribosomal,0.8299255257704786,0.2164889615023294,2,0.5,III_context_dependent,False,0.0,0.0,0.3333333333333333,0.004360308529482737,0.5,0.0,0.0,0.0,1.0,0.3333333333333333,1.59423410465704,Tier 3 (single-stream)
RPL13AP20,60S ribosomal,0.8989103322470836,-0.090699810352708,2,0.5,III_context_dependent,False,0.0,0.0,0.3333333333333333,0.0024805879628112854,0.5,0.0,0.0,0.0,1.0,0.3333333333333333,1.5895348032403616,Tier 3 (single-stream)
RPS24P8,40S ribosomal,0.572374016049517,-0.6174872552206644,3,0.6666666666666666,III_context_dependent,False,0.0,0.0,,0.013106971815822238,0.6666666666666666,0.0,0.0,0.0,1.0,0.0,1.5327674295395557,Tier 3 (single-stream)
RPS3AP5,40S ribosomal,0.5925548166634357,-0.6995490874364464,3,0.6666666666666666,III_context_dependent,False,0.0,0.0,,0.012291243763067844,0.6666666666666666,0.0,0.0,0.0,1.0,0.0,1.5307281094076697,Tier 3 (single-stream)
DDX19A-DT,DHX/DDX helicase,0.5980331054754932,1.0077429565996427,3,0.6666666666666666,III_context_dependent,False,0.0,0.0,,0.012074598365794833,0.6666666666666666,0.0,0.0,0.0,1.0,0.0,1.530186495914487,Tier 3 (single-stream)
RPL23AP64,60S ribosomal,0.6172838560418173,0.8308347729328274,3,0.6666666666666666,III_context_dependent,False,0.0,0.0,,0.01132873824975257,0.6666666666666666,0.0,0.0,0.0,1.0,0.0,1.5283218456243814,Tier 3 (single-stream)
RPS27AP5,40S ribosomal,0.6224446998175028,-0.3030396302788392,3,0.6666666666666666,III_context_dependent,False,0.0,0.0,,0.011132736672337473,0.6666666666666666,0.0,0.0,0.0,1.0,0.0,1.5278318416808436,Tier 3 (single-stream)
RPS13P2,40S ribosomal,0.6243952589355989,-0.5287208751143887,3,0.6666666666666666,III_context_dependent,False,0.0,0.0,,0.011059080065242628,0.6666666666666666,0.0,0.0,0.0,1.0,0.0,1.5276477001631066,Tier 3 (single-stream)
RPS20P33,40S ribosomal,0.6980757280512725,-0.4273284911515227,3,0.6666666666666666,III_context_dependent,False,0.0,0.0,,0.008433174244029677,0.6666666666666666,0.0,0.0,0.0,1.0,0.0,1.5210829356100741,Tier 3 (single-stream)
EIF4EP2,eIF4/initiation,0.7212935189250631,0.4564988682922525,3,0.6666666666666666,III_context_dependent,False,0.0,0.0,,0.007662932247651569,0.6666666666666666,0.0,0.0,0.0,1.0,0.0,1.5191573306191288,Tier 3 (single-stream)
RPL7AP10,60S ribosomal,0.7428685501473985,-0.3418987183590377,3,0.6666666666666666,III_context_dependent,False,0.0,0.0,,0.006969096507200879,0.6666666666666666,0.0,0.0,0.0,1.0,0.0,1.5174227412680021,Tier 3 (single-stream)
RPL7P50,60S ribosomal,0.7738109488053219,-0.4448957016345946,3,0.6666666666666666,III_context_dependent,False,0.0,0.0,,0.006008406274466253,0.6666666666666666,0.0,0.0,0.0,1.0,0.0,1.5150210156861657,Tier 3 (single-stream)
RPL39P36,60S ribosomal,0.7797015891191299,0.4463067613190588,3,0.6666666666666666,III_context_dependent,False,0.0,0.0,,0.005829875629482084,0.6666666666666666,0.0,0.0,0.0,1.0,0.0,1.5145746890737053,Tier 3 (single-stream)
RPL28P2,60S ribosomal,0.7959827982309612,0.6940319462783537,3,0.6666666666666666,III_context_dependent,False,0.0,0.0,,0.005343361083846621,0.6666666666666666,0.0,0.0,0.0,1.0,0.0,1.5133584027096165,Tier 3 (single-stream)
RPL21P10,60S ribosomal,0.807161361938548,0.7131524895842067,3,0.6666666666666666,III_context_dependent,False,0.0,0.0,,0.0050150516080685065,0.6666666666666666,0.0,0.0,0.0,1.0,0.0,1.5125376290201713,Tier 3 (single-stream)
EIF2B5-DT,other eIF,0.8176387143897911,0.6239664332316189,3,0.6666666666666666,III_context_dependent,False,0.0,0.0,,0.004711438447770675,0.6666666666666666,0.0,0.0,0.0,1.0,0.0,1.5117785961194268,Tier 3 (single-stream)
EIF5AP4,other eIF,0.8243227399325602,0.4411107328065786,3,0.6666666666666666,III_context_dependent,False,0.0,0.0,,0.004519774472260043,0.6666666666666666,0.0,0.0,0.0,1.0,0.0,1.5112994361806502,Tier 3 (single-stream)
RPSAP54,40S ribosomal,0.8432946235283435,-0.1538789752845364,3,0.6666666666666666,III_context_dependent,False,0.0,0.0,,0.003984106438351659,0.6666666666666666,0.0,0.0,0.0,1.0,0.0,1.509960266095879,Tier 3 (single-stream)
RPL10AP2,60S ribosomal,0.84774723461615,-0.19649085236733,3,0.6666666666666666,III_context_dependent,False,0.0,0.0,,0.003860134223772674,0.6666666666666666,0.0,0.0,0.0,1.0,0.0,1.5096503355594317,Tier 3 (single-stream)
RPL4P5,60S ribosomal,0.872999229157911,-0.2329335219550655,3,0.6666666666666666,III_context_dependent,False,0.0,0.0,,0.0031691423659959356,0.6666666666666666,0.0,0.0,0.0,1.0,0.0,1.5079228559149898,Tier 3 (single-stream)
EIF2AK3-DT,other eIF,0.8755362496175342,0.3716374805542603,3,0.6666666666666666,III_context_dependent,False,0.0,0.0,,0.00310082788464528,0.6666666666666666,0.0,0.0,0.0,1.0,0.0,1.5077520697116131,Tier 3 (single-stream)
RPL18AP7,60S ribosomal,0.8811689740659373,-0.2219612185815389,3,0.6666666666666666,III_context_dependent,False,0.0,0.0,,0.002949860180066545,0.6666666666666666,0.0,0.0,0.0,1.0,0.0,1.5073746504501664,Tier 3 (single-stream)
RPL5P4,60S ribosomal,0.8845242710993718,-0.1385821908285913,3,0.6666666666666666,III_context_dependent,False,0.0,0.0,,0.0028603898189961063,0.6666666666666666,0.0,0.0,0.0,1.0,0.0,1.5071509745474903,Tier 3 (single-stream)
RPS10P3,40S ribosomal,0.8935709583198583,0.1029931217094254,3,0.6666666666666666,III_context_dependent,False,0.0,0.0,,0.0026208370165022154,0.6666666666666666,0.0,0.0,0.0,1.0,0.0,1.5065520925412554,Tier 3 (single-stream)
RPL5P30,60S ribosomal,0.8994050048494878,0.5325074289572966,3,0.6666666666666666,III_context_dependent,False,0.0,0.0,,0.002467636614892968,0.6666666666666666,0.0,0.0,0.0,1.0,0.0,1.5061690915372323,Tier 3 (single-stream)
RPL35P5,60S ribosomal,0.9076484967127308,-0.1999252438205126,3,0.6666666666666666,III_context_dependent,False,0.0,0.0,,0.0022528505183867418,0.6666666666666666,0.0,0.0,0.0,1.0,0.0,1.5056321262959669,Tier 3 (single-stream)
RPS3AP21,40S ribosomal,0.9082050817762808,0.1186042914665101,3,0.6666666666666666,III_context_dependent,False,0.0,0.0,,0.002238418944911724,0.6666666666666666,0.0,0.0,0.0,1.0,0.0,1.5055960473622794,Tier 3 (single-stream)
EIF2S3B,other eIF,0.925415423954351,-0.0713062432954568,3,0.6666666666666666,III_context_dependent,False,0.0,0.0,,0.001796486637511368,0.6666666666666666,0.0,0.0,0.0,1.0,0.0,1.5044912165937785,Tier 3 (single-stream)
RPS15AP1,40S ribosomal,0.9273275270156228,0.066908334112312,3,0.6666666666666666,III_context_dependent,False,0.0,0.0,,0.00174789525772397,0.6666666666666666,0.0,0.0,0.0,1.0,0.0,1.50436973814431,Tier 3 (single-stream)
RPL5P34,60S ribosomal,0.9296455420171134,-0.0874634365216191,3,0.6666666666666666,III_context_dependent,False,0.0,0.0,,0.0016891228053914382,0.6666666666666666,0.0,0.0,0.0,1.0,0.0,1.5042228070134787,Tier 3 (single-stream)
RPL11P3,60S ribosomal,0.9376378027681688,-0.1417006059329025,3,0.6666666666666666,III_context_dependent,False,0.0,0.0,,0.0014875996182644332,0.6666666666666666,0.0,0.0,0.0,1.0,0.0,1.503718999045661,Tier 3 (single-stream)
EIF4A1P4,eIF4/initiation,0.945744694983563,0.1792123695437541,3,0.6666666666666666,III_context_dependent,False,0.0,0.0,,0.0012849333359511955,0.6666666666666666,0.0,0.0,0.0,1.0,0.0,1.503212333339878,Tier 3 (single-stream)
RPL32P16,60S ribosomal,0.95218121521988,-0.0510256524837536,3,0.6666666666666666,III_context_dependent,False,0.0,0.0,,0.001125258492445968,0.6666666666666666,0.0,0.0,0.0,1.0,0.0,1.502813146231115,Tier 3 (single-stream)
EIF3LP2,eIF3 complex,0.9548125363256212,0.0750378276778775,3,0.6666666666666666,III_context_dependent,False,0.0,0.0,,0.001060292241589323,0.6666666666666666,0.0,0.0,0.0,1.0,0.0,1.5026507306039734,Tier 3 (single-stream)
RPL35P1,60S ribosomal,0.9578724867355686,-0.0668379303095577,3,0.6666666666666666,III_context_dependent,False,0.0,0.0,,0.0009849680895074827,0.6666666666666666,0.0,0.0,0.0,1.0,0.0,1.5024624202237686,Tier 3 (single-stream)
RPS3AP38,40S ribosomal,0.9594554177925756,0.0848303428538682,3,0.6666666666666666,III_context_dependent,False,0.0,0.0,,0.0009460968261703799,0.6666666666666666,0.0,0.0,0.0,1.0,0.0,1.5023652420654259,Tier 3 (single-stream)
RPL12P12,60S ribosomal,0.9706354157570416,-0.0483018065349568,3,0.6666666666666666,III_context_dependent,False,0.0,0.0,,0.0006733675350915696,0.6666666666666666,0.0,0.0,0.0,1.0,0.0,1.5016834188377288,Tier 3 (single-stream)
RPS18P12,40S ribosomal,0.9706755077306608,-0.0268804241238459,3,0.6666666666666666,III_context_dependent,False,0.0,0.0,,0.0006723951791155598,0.6666666666666666,0.0,0.0,0.0,1.0,0.0,1.5016809879477888,Tier 3 (single-stream)
RPS29P16,40S ribosomal,0.9719716845539076,-0.0737068554649036,3,0.6666666666666666,III_context_dependent,False,0.0,0.0,,0.0006409804491261179,0.6666666666666666,0.0,0.0,0.0,1.0,0.0,1.5016024511228152,Tier 3 (single-stream)
EIF4A1P10,eIF4/initiation,0.9776435862252072,0.0553179962707325,3,0.6666666666666666,III_context_dependent,False,0.0,0.0,,0.0005040046160117203,0.6666666666666666,0.0,0.0,0.0,1.0,0.0,1.5012600115400292,Tier 3 (single-stream)
RPS20P14,40S ribosomal,0.9796209145714674,-0.0173488291004134,3,0.6666666666666666,III_context_dependent,False,0.0,0.0,,0.0004564390826769263,0.6666666666666666,0.0,0.0,0.0,1.0,0.0,1.5011410977066924,Tier 3 (single-stream)
RPS2P35,40S ribosomal,0.4688064818945669,-0.8043772705040696,2,0.5,III_context_dependent,False,0.0,0.0,,0.017805903385428427,0.5,0.0,0.0,0.0,1.0,0.0,1.294514758463571,Tier 3 (single-stream)
RPL21P93,60S ribosomal,0.4947230467525426,1.218358127498187,2,0.5,III_context_dependent,False,0.0,0.0,,0.016539184851189742,0.5,0.0,0.0,0.0,1.0,0.0,1.2913479621279742,Tier 3 (single-stream)
DDX23,DHX/DDX helicase,0.6084788110666449,0.1668079279099458,4,0.5,III_context_dependent,False,0.0,0.0,0.0,0.011666955386555765,0.5,0.0,0.0,0.0,1.0,0.0,1.2791673884663894,Tier 3 (single-stream)
RPL3P4,60S ribosomal,0.6341859980082128,-0.9248346412047332,2,0.5,III_context_dependent,False,0.0,0.0,,0.010692806203421461,0.5,0.0,0.0,0.0,1.0,0.0,1.2767320155085535,Tier 3 (single-stream)
EIF1P7,other eIF,0.6444556515177433,-0.6694194008005903,2,0.5,III_context_dependent,False,0.0,0.0,,0.010314643030601525,0.5,0.0,0.0,0.0,1.0,0.0,1.2757866075765039,Tier 3 (single-stream)
RPL30P4,60S ribosomal,0.6541059006324068,-0.7293983974028189,2,0.5,III_context_dependent,False,0.0,0.0,,0.009964740624050044,0.5,0.0,0.0,0.0,1.0,0.0,1.274911851560125,Tier 3 (single-stream)
EIF1B,other eIF,0.6586522867497477,0.198397129968931,4,0.5,III_context_dependent,False,0.0,0.0,0.0,0.009801681063480538,0.5,0.0,0.0,0.0,1.0,0.0,1.2745042026587012,Tier 3 (single-stream)
RPSAP8,40S ribosomal,0.6646707659520821,-0.4365918757602438,2,0.5,III_context_dependent,False,0.0,0.0,,0.009587546471460973,0.5,0.0,0.0,0.0,1.0,0.0,1.2739688661786523,Tier 3 (single-stream)
RPL37P2,60S ribosomal,0.6647958993662391,-0.2977395817419153,2,0.5,III_context_dependent,False,0.0,0.0,,0.009583114889428389,0.5,0.0,0.0,0.0,1.0,0.0,1.273957787223571,Tier 3 (single-stream)
DDX41,DHX/DDX helicase,0.6652729678102639,0.2412183640088842,4,0.5,III_context_dependent,False,0.0,0.0,0.0,0.009566227227304028,0.5,0.0,0.0,0.0,1.0,0.0,1.2739155680682601,Tier 3 (single-stream)
EIF1AXP1,other eIF,0.6764853438058759,0.6566217049217441,2,0.5,III_context_dependent,False,0.0,0.0,,0.009172771004831886,0.5,0.0,0.0,0.0,1.0,0.0,1.2729319275120798,Tier 3 (single-stream)
RPL5P29,60S ribosomal,0.7044543720162126,-1.674005744463211,2,0.5,III_context_dependent,False,0.0,0.0,,0.00821904197662537,0.5,0.0,0.0,0.0,1.0,0.0,1.2705476049415634,Tier 3 (single-stream)
RPS4XP3,40S ribosomal,0.706603406704839,-0.7344593109544651,2,0.5,III_context_dependent,False,0.0,0.0,,0.008147334917036553,0.5,0.0,0.0,0.0,1.0,0.0,1.2703683372925914,Tier 3 (single-stream)
EIF5A,other eIF,0.7670173011270939,0.3380299797266178,4,0.5,III_context_dependent,False,0.0,0.0,0.0,0.006216000157439351,0.5,0.0,0.0,0.0,1.0,0.0,1.2655400003935984,Tier 3 (single-stream)
RPL34P34,60S ribosomal,0.7676709060059033,-0.6881000693473882,2,0.5,III_context_dependent,False,0.0,0.0,,0.006195948138524277,0.5,0.0,0.0,0.0,1.0,0.0,1.2654898703463107,Tier 3 (single-stream)
EIF1P5,other eIF,0.7736487433645931,0.4984449604365344,2,0.5,III_context_dependent,False,0.0,0.0,,0.006013341522946199,0.5,0.0,0.0,0.0,1.0,0.0,1.2650333538073655,Tier 3 (single-stream)
RPL7P19,60S ribosomal,0.7754180732798498,1.9984279664015996,2,0.5,III_context_dependent,False,0.0,0.0,,0.00595956387440695,0.5,0.0,0.0,0.0,1.0,0.0,1.2648989096860173,Tier 3 (single-stream)
RPL23AP49,60S ribosomal,0.777279202285721,-0.3503571177435446,2,0.5,III_context_dependent,False,0.0,0.0,,0.005903128313647033,0.5,0.0,0.0,0.0,1.0,0.0,1.2647578207841175,Tier 3 (single-stream)
RPL21P89,60S ribosomal,0.7850595800726694,-0.414642760814854,2,0.5,III_context_dependent,False,0.0,0.0,,0.0056686557607835775,0.5,0.0,0.0,0.0,1.0,0.0,1.264171639401959,Tier 3 (single-stream)
DDX60L,DHX/DDX helicase,0.7857247734217986,0.2487981006999628,4,0.5,III_context_dependent,False,0.0,0.0,,0.005648717176999432,0.5,0.0,0.0,0.0,1.0,0.0,1.2641217929424986,Tier 3 (single-stream)
RPL39P16,60S ribosomal,0.7909427259199366,-0.4269655493528828,2,0.5,III_context_dependent,False,0.0,0.0,,0.005492896695754466,0.5,0.0,0.0,0.0,1.0,0.0,1.2637322417393861,Tier 3 (single-stream)
RPL23AP82,60S ribosomal,0.7940496723918532,0.2313025837468082,2,0.5,III_context_dependent,False,0.0,0.0,0.0,0.00540060341298668,0.5,0.0,0.0,0.0,1.0,0.0,1.2635015085324666,Tier 3 (single-stream)
RPS29P5,40S ribosomal,0.7955484952173273,0.2972232881938618,2,0.5,III_context_dependent,False,0.0,0.0,,0.005356209234528938,0.5,0.0,0.0,0.0,1.0,0.0,1.2633905230863225,Tier 3 (single-stream)
RPS19BP1,40S ribosomal,0.7957890525169246,0.1655675021557597,4,0.5,III_context_dependent,False,0.0,0.0,0.0,0.0053490918704347966,0.5,0.0,0.0,0.0,1.0,0.0,1.263372729676087,Tier 3 (single-stream)
RPS4XP2,40S ribosomal,0.8021107529485413,0.6332884122555846,2,0.5,III_context_dependent,False,0.0,0.0,,0.0051628190099199415,0.5,0.0,0.0,0.0,1.0,0.0,1.2629070475247999,Tier 3 (single-stream)
RPS4XP14,40S ribosomal,0.804257915037929,-0.5326185423098045,2,0.5,III_context_dependent,False,0.0,0.0,,0.005099885375281195,0.5,0.0,0.0,0.0,1.0,0.0,1.262749713438203,Tier 3 (single-stream)
RPL7P24,60S ribosomal,0.8057058265085847,0.4865781667732554,2,0.5,III_context_dependent,False,0.0,0.0,,0.005057541658081564,0.5,0.0,0.0,0.0,1.0,0.0,1.2626438541452039,Tier 3 (single-stream)
RPS10P5,40S ribosomal,0.8082983287784966,0.5542495325629399,2,0.5,III_context_dependent,False,0.0,0.0,,0.004981914493119184,0.5,0.0,0.0,0.0,1.0,0.0,1.262454786232798,Tier 3 (single-stream)
RPL7P6,60S ribosomal,0.8229895103580441,-0.5009191094777611,2,0.5,III_context_dependent,False,0.0,0.0,,0.0045578803575336635,0.5,0.0,0.0,0.0,1.0,0.0,1.2613947008938342,Tier 3 (single-stream)
RPS15AP10,40S ribosomal,0.8390617185036862,-0.661711895196091,2,0.5,III_context_dependent,False,0.0,0.0,0.0,0.00410256989502804,0.5,0.0,0.0,0.0,1.0,0.0,1.26025642473757,Tier 3 (single-stream)
RPL22L1,60S ribosomal,0.839485283930037,0.1592021439017683,4,0.5,III_context_dependent,False,0.0,0.0,0.0,0.0040906889781940695,0.5,0.0,0.0,0.0,1.0,0.0,1.260226722445485,Tier 3 (single-stream)
RPL37P6,60S ribosomal,0.8467463895603615,0.2993612267954613,2,0.5,III_context_dependent,False,0.0,0.0,,0.0038879435143146027,0.5,0.0,0.0,0.0,1.0,0.0,1.2597198587857865,Tier 3 (single-stream)
RPS19P1,40S ribosomal,0.8814764450128187,0.287158957236396,2,0.5,III_context_dependent,False,0.0,0.0,,0.002941647175145929,0.5,0.0,0.0,0.0,1.0,0.0,1.2573541179378647,Tier 3 (single-stream)
RPL21P11,60S ribosomal,0.8852067402719124,-0.1789273940361674,2,0.5,III_context_dependent,False,0.0,0.0,,0.0028422330424339374,0.5,0.0,0.0,0.0,1.0,0.0,1.2571055826060848,Tier 3 (single-stream)
RPL9P18,60S ribosomal,0.8990366561081651,-0.2143594505688449,2,0.5,III_context_dependent,False,0.0,0.0,,0.002477279917424809,0.5,0.0,0.0,0.0,1.0,0.0,1.256193199793562,Tier 3 (single-stream)
RPL31P52,60S ribosomal,0.9004020855907042,-0.3147731236194614,2,0.5,III_context_dependent,False,0.0,0.0,,0.002441553024965027,0.5,0.0,0.0,0.0,1.0,0.0,1.2561038825624125,Tier 3 (single-stream)
RPS15AP38,40S ribosomal,0.9029310826603282,0.2658381201709287,2,0.5,III_context_dependent,False,0.0,0.0,,0.0023755238926657274,0.5,0.0,0.0,0.0,1.0,0.0,1.2559388097316644,Tier 3 (single-stream)
RPL22P24,60S ribosomal,0.9046351648341008,-0.124824421252997,2,0.5,III_context_dependent,False,0.0,0.0,,0.002331136525177475,0.5,0.0,0.0,0.0,1.0,0.0,1.2558278413129438,Tier 3 (single-stream)
DDX11,DHX/DDX helicase,0.9050242123884844,0.0793053568915739,4,0.5,III_context_dependent,False,0.0,0.0,0.0,0.0023210144674761517,0.5,0.0,0.0,0.0,1.0,0.0,1.2558025361686904,Tier 3 (single-stream)
RPS20P22,40S ribosomal,0.91383620908565,-0.1648628716643149,2,0.5,III_context_dependent,False,0.0,0.0,,0.0020929060556345606,0.5,0.0,0.0,0.0,1.0,0.0,1.2552322651390864,Tier 3 (single-stream)
RPS26P47,40S ribosomal,0.9198430368613796,-0.2213405461858836,2,0.5,III_context_dependent,False,0.0,0.0,,0.0019386698565442468,0.5,0.0,0.0,0.0,1.0,0.0,1.2548466746413607,Tier 3 (single-stream)
RPL5P3,60S ribosomal,0.924047804782398,-0.2017579235544276,2,0.5,III_context_dependent,False,0.0,0.0,,0.0018313029288964508,0.5,0.0,0.0,0.0,1.0,0.0,1.2545782573222413,Tier 3 (single-stream)
RPS11P5,40S ribosomal,0.926425315200431,0.1005565734331405,2,0.5,III_context_dependent,False,0.0,0.0,,0.001770810247329559,0.5,0.0,0.0,0.0,1.0,0.0,1.2544270256183239,Tier 3 (single-stream)
RPL9P28,60S ribosomal,0.9285753001172088,0.1989681976947054,2,0.5,III_context_dependent,False,0.0,0.0,,0.0017162401787524856,0.5,0.0,0.0,0.0,1.0,0.0,1.2542906004468812,Tier 3 (single-stream)
RPL31P17,60S ribosomal,0.9285753001172088,0.2113670574535278,2,0.5,III_context_dependent,False,0.0,0.0,,0.0017162401787524856,0.5,0.0,0.0,0.0,1.0,0.0,1.2542906004468812,Tier 3 (single-stream)
RPL37P23,60S ribosomal,0.9317025442472696,0.2744516418534676,2,0.5,III_context_dependent,False,0.0,0.0,,0.0016370908326322703,0.5,0.0,0.0,0.0,1.0,0.0,1.2540927270815807,Tier 3 (single-stream)
RPS26P58,40S ribosomal,0.9336182063955688,0.1687274197268799,2,0.5,III_context_dependent,False,0.0,0.0,,0.0015887372676300882,0.5,0.0,0.0,0.0,1.0,0.0,1.2539718431690752,Tier 3 (single-stream)
RPL23AP57,60S ribosomal,0.9403847973862272,0.0917221968113754,2,0.5,III_context_dependent,False,0.0,0.0,,0.0014187311769230675,0.5,0.0,0.0,0.0,1.0,0.0,1.2535468279423077,Tier 3 (single-stream)
RPL15P5,60S ribosomal,0.9482755859008578,-0.1235009688281625,2,0.5,III_context_dependent,False,0.0,0.0,,0.00122201865325228,0.5,0.0,0.0,0.0,1.0,0.0,1.2530550466331307,Tier 3 (single-stream)
RPL37P12,60S ribosomal,0.9505558359907454,-0.2463874419001248,2,0.5,III_context_dependent,False,0.0,0.0,,0.0011654782071901985,0.5,0.0,0.0,0.0,1.0,0.0,1.2529136955179756,Tier 3 (single-stream)
RPL19P16,60S ribosomal,0.9508559102573568,-0.1613838059795638,2,0.5,III_context_dependent,False,0.0,0.0,,0.0011580477500336543,0.5,0.0,0.0,0.0,1.0,0.0,1.2528951193750841,Tier 3 (single-stream)
RPS10P2,40S ribosomal,0.9508559102573568,0.1221090841824137,2,0.5,III_context_dependent,False,0.0,0.0,,0.0011580477500336543,0.5,0.0,0.0,0.0,1.0,0.0,1.2528951193750841,Tier 3 (single-stream)
RPL7P22,60S ribosomal,0.9550639701340986,0.1102851370900804,2,0.5,III_context_dependent,False,0.0,0.0,,0.0010540938167458574,0.5,0.0,0.0,0.0,1.0,0.0,1.2526352345418648,Tier 3 (single-stream)
RPS24P17,40S ribosomal,0.9584996982046275,-0.1374665538918882,2,0.5,III_context_dependent,False,0.0,0.0,,0.000969558286108596,0.5,0.0,0.0,0.0,1.0,0.0,1.2524238957152716,Tier 3 (single-stream)
RPL26L1,60S ribosomal,0.9605147316240495,0.0274126142141295,4,0.5,III_context_dependent,False,0.0,0.0,0.0,0.0009201195769842895,0.5,0.0,0.0,0.0,1.0,0.0,1.2523002989424608,Tier 3 (single-stream)
RPS3AP49,40S ribosomal,0.9616005246222222,0.0563643375871426,2,0.5,III_context_dependent,False,0.0,0.0,,0.0008935227022971373,0.5,0.0,0.0,0.0,1.0,0.0,1.2522338067557428,Tier 3 (single-stream)
RPL23P2,60S ribosomal,0.96251827454675,0.1932059574803054,2,0.5,III_context_dependent,False,0.0,0.0,,0.0008710655100119675,0.5,0.0,0.0,0.0,1.0,0.0,1.25217766377503,Tier 3 (single-stream)
RPL7P47,60S ribosomal,0.965931239679958,-0.1105131828665072,2,0.5,III_context_dependent,False,0.0,0.0,,0.0007877382730787458,0.5,0.0,0.0,0.0,1.0,0.0,1.251969345682697,Tier 3 (single-stream)
RPS27AP7,40S ribosomal,0.9710519141078542,-0.076716457731226,2,0.5,III_context_dependent,False,0.0,0.0,,0.0006632681031706846,0.5,0.0,0.0,0.0,1.0,0.0,1.2516581702579268,Tier 3 (single-stream)
RPL7P15,60S ribosomal,0.9752023873105744,-0.0627209535592829,2,0.5,III_context_dependent,False,0.0,0.0,,0.0005628616474348682,0.5,0.0,0.0,0.0,1.0,0.0,1.2514071541185872,Tier 3 (single-stream)
RPL13AP6,60S ribosomal,0.9823599062019146,-0.0320094914044511,2,0.5,III_context_dependent,False,0.0,0.0,,0.0003907097565770941,0.5,0.0,0.0,0.0,1.0,0.0,1.2509767743914426,Tier 3 (single-stream)
RPL23AP43,60S ribosomal,0.9829370147874252,0.0561330383246156,2,0.5,III_context_dependent,False,0.0,0.0,,0.00037688389119599564,0.5,0.0,0.0,0.0,1.0,0.0,1.2509422097279899,Tier 3 (single-stream)
RPS15AP12,40S ribosomal,0.9835564824005908,0.0291939345253836,2,0.5,III_context_dependent,False,0.0,0.0,,0.00036205225530080927,0.5,0.0,0.0,0.0,1.0,0.0,1.2509051306382521,Tier 3 (single-stream)
EIF1P4,other eIF,0.98828546560138,0.025619050708048,2,0.5,III_context_dependent,False,0.0,0.0,,0.0002491352237688612,0.5,0.0,0.0,0.0,1.0,0.0,1.2506228380594222,Tier 3 (single-stream)
RPL26P30,60S ribosomal,0.9959381261591372,0.0088669471124925,2,0.5,III_context_dependent,False,0.0,0.0,,6.754730776047143e-05,0.5,0.0,0.0,0.0,1.0,0.0,1.2501688682694012,Tier 3 (single-stream)
